row_index,column,error_family,error_type,valeur_originale,valeur_bruitee_vue_par_llm,valeur_produite_par_llm,statut
50,sched_dep_time,missing_values,real_missing_value,7:10 a.m.,,7:10 a.m.,Corrigé
52,sched_dep_time,missing_values,real_missing_value,6:40 a.m.,,6:40 a.m.,Corrigé
53,sched_dep_time,missing_values,real_missing_value,8:00 a.m.,,8:00 a.m.,Corrigé
54,sched_dep_time,missing_values,real_missing_value,8:41 a.m.,,8:41 a.m.,Corrigé
55,sched_dep_time,missing_values,real_missing_value,7:45 p.m.,,7:45 p.m.,Corrigé
56,sched_dep_time,missing_values,real_missing_value,3:27 p.m.,,3:27 p.m.,Corrigé
58,sched_dep_time,missing_values,real_missing_value,11:25 a.m.,,11:25 a.m.,Corrigé
59,sched_dep_time,missing_values,real_missing_value,10:39 a.m.,,10:39 a.m.,Corrigé
60,sched_dep_time,missing_values,real_missing_value,11:25 p.m.,,11:25 p.m.,Corrigé
61,sched_dep_time,missing_values,real_missing_value,6:00 a.m.,,6:00 a.m.,Corrigé
63,sched_dep_time,missing_values,real_missing_value,4:00 p.m.,,4:00 p.m.,Corrigé
66,sched_dep_time,missing_values,real_missing_value,9:05 a.m.,,9:05 a.m.,Corrigé
67,sched_dep_time,missing_values,real_missing_value,8:15 a.m.,,8:15 a.m.,Corrigé
68,sched_dep_time,missing_values,real_missing_value,7:00 a.m.,,7:00 a.m.,Corrigé
69,sched_dep_time,missing_values,real_missing_value,4:15 p.m.,,4:15 p.m.,Corrigé
70,sched_dep_time,missing_values,real_missing_value,10:45 a.m.,,10:45 a.m.,Corrigé
73,sched_dep_time,missing_values,real_missing_value,2:55 p.m.,,2:55 p.m.,Corrigé
74,sched_dep_time,missing_values,real_missing_value,11:50 a.m.,,11:50 a.m.,Corrigé
76,sched_dep_time,missing_values,real_missing_value,6:00 a.m.,,6:00 a.m.,Corrigé
77,sched_dep_time,missing_values,real_missing_value,11:05 a.m.,,11:05 a.m.,Corrigé
80,sched_dep_time,missing_values,real_missing_value,10:15 a.m.,,10:15 a.m.,Corrigé
81,sched_dep_time,missing_values,real_missing_value,1:00 p.m.,,1:00 p.m.,Corrigé
82,sched_dep_time,missing_values,real_missing_value,7:53 a.m.,,7:53 a.m.,Corrigé
83,sched_dep_time,missing_values,real_missing_value,12:30 p.m.,,12:30 p.m.,Corrigé
84,sched_dep_time,missing_values,real_missing_value,11:45 a.m.,,11:45 a.m.,Corrigé
85,sched_dep_time,missing_values,real_missing_value,2:30 p.m.,,2:30 p.m.,Corrigé
86,sched_dep_time,missing_values,real_missing_value,12:00 a.m.,,12:00 p.m.,Mal corrigé (valeur différente mais fausse)
89,sched_dep_time,missing_values,real_missing_value,10:40 a.m.,,10:40 a.m.,Corrigé
90,sched_dep_time,missing_values,real_missing_value,12:57 p.m.,,12:57 p.m.,Corrigé
92,sched_dep_time,missing_values,real_missing_value,7:15 a.m.,,7:15 a.m.,Corrigé
93,sched_dep_time,missing_values,real_missing_value,6:30 p.m.,,6:30 p.m.,Corrigé
94,sched_dep_time,missing_values,real_missing_value,6:45 p.m.,,6:45 p.m.,Corrigé
95,sched_dep_time,missing_values,real_missing_value,12:00 p.m.,,12:00 p.m.,Corrigé
97,sched_dep_time,missing_values,real_missing_value,1:55 p.m.,,1:55 p.m.,Corrigé
99,sched_dep_time,missing_values,real_missing_value,6:00 a.m.,,6:00 a.m.,Corrigé
100,sched_dep_time,missing_values,real_missing_value,7:10 a.m.,,7:10 a.m.,Corrigé
101,sched_dep_time,missing_values,real_missing_value,4:55 p.m.,,4:55 p.m.,Corrigé
102,sched_dep_time,missing_values,real_missing_value,7:25 a.m.,,7:25 a.m.,Corrigé
103,sched_dep_time,missing_values,real_missing_value,3:50 p.m.,,3:50 p.m.,Corrigé
104,sched_dep_time,missing_values,real_missing_value,4:16 p.m.,,4:16 p.m.,Corrigé
105,sched_dep_time,missing_values,real_missing_value,8:00 p.m.,,8:00 p.m.,Corrigé
107,sched_dep_time,missing_values,real_missing_value,7:05 a.m.,,7:05 a.m.,Corrigé
108,sched_dep_time,missing_values,real_missing_value,10:40 a.m.,,10:40 a.m.,Corrigé
109,sched_dep_time,missing_values,real_missing_value,1:33 p.m.,,1:33 p.m.,Corrigé
110,sched_dep_time,missing_values,real_missing_value,12:15 p.m.,,12:15 p.m.,Corrigé
112,sched_dep_time,missing_values,real_missing_value,11:55 p.m.,,11:55 p.m.,Corrigé
113,sched_dep_time,missing_values,real_missing_value,4:25 p.m.,,4:25 p.m.,Corrigé
114,sched_dep_time,missing_values,real_missing_value,9:00 p.m.,,9:00 p.m.,Corrigé
115,sched_dep_time,missing_values,real_missing_value,8:25 p.m.,,8:25 p.m.,Corrigé
116,sched_dep_time,missing_values,real_missing_value,6:59 a.m.,,6:59 a.m.,Corrigé
117,sched_dep_time,missing_values,real_missing_value,8:35 a.m.,,8:35 a.m.,Corrigé
118,sched_dep_time,missing_values,real_missing_value,8:29 a.m.,,8:29 a.m.,Corrigé
119,sched_dep_time,missing_values,real_missing_value,1:30 p.m.,,1:30 p.m.,Corrigé
121,sched_dep_time,missing_values,real_missing_value,7:35 a.m.,,7:35 a.m.,Corrigé
123,sched_dep_time,missing_values,real_missing_value,5:30 p.m.,,5:30 p.m.,Corrigé
124,sched_dep_time,missing_values,real_missing_value,1:45 p.m.,,1:45 p.m.,Corrigé
125,sched_dep_time,missing_values,real_missing_value,11:15 a.m.,,11:15 a.m.,Corrigé
126,sched_dep_time,missing_values,real_missing_value,8:20 p.m.,,8:20 p.m.,Corrigé
127,sched_dep_time,missing_values,real_missing_value,2:55 p.m.,,2:55 p.m.,Corrigé
130,sched_dep_time,missing_values,real_missing_value,2:35 p.m.,,2:35 p.m.,Corrigé
131,sched_dep_time,missing_values,real_missing_value,2:55 p.m.,,2:55 p.m.,Corrigé
132,sched_dep_time,missing_values,real_missing_value,7:15 a.m.,,7:15 a.m.,Corrigé
133,sched_dep_time,missing_values,real_missing_value,12:10 p.m.,,12:10 p.m.,Corrigé
134,sched_dep_time,missing_values,real_missing_value,7:55 a.m.,,7:55 a.m.,Corrigé
135,sched_dep_time,real_world_error,real_dirty_value,9:05 a.m.,9:05 a.m. (-00:00),9:05 a.m.,Corrigé
136,sched_dep_time,missing_values,real_missing_value,1:05 p.m.,,1:05 p.m.,Corrigé
137,sched_dep_time,missing_values,real_missing_value,8:35 a.m.,,8:35 a.m.,Corrigé
138,sched_dep_time,missing_values,real_missing_value,3:05 p.m.,,3:05 p.m.,Corrigé
139,sched_dep_time,missing_values,real_missing_value,7:30 a.m.,,7:30 a.m.,Corrigé
140,sched_dep_time,missing_values,real_missing_value,4:00 p.m.,,4:00 p.m.,Corrigé
141,sched_dep_time,missing_values,real_missing_value,11:35 a.m.,,11:35 a.m.,Corrigé
143,sched_dep_time,missing_values,real_missing_value,11:55 a.m.,,11:55 a.m.,Corrigé
144,sched_dep_time,missing_values,real_missing_value,10:40 a.m.,,10:40 a.m.,Corrigé
145,sched_dep_time,missing_values,real_missing_value,6:45 a.m.,,6:45 a.m.,Corrigé
147,sched_dep_time,missing_values,real_missing_value,6:00 a.m.,,6:00 a.m.,Corrigé
148,sched_dep_time,missing_values,real_missing_value,7:10 a.m.,,7:10 a.m.,Corrigé
149,sched_dep_time,missing_values,real_missing_value,7:10 a.m.,,7:10 a.m.,Corrigé
151,sched_dep_time,missing_values,real_missing_value,7:00 p.m.,,7:00 p.m.,Corrigé
154,sched_dep_time,missing_values,real_missing_value,8:41 a.m.,,8:41 a.m.,Corrigé
158,sched_dep_time,missing_values,real_missing_value,11:25 a.m.,,11:25 a.m.,Corrigé
159,sched_dep_time,missing_values,real_missing_value,10:39 a.m.,,10:39 a.m.,Corrigé
161,sched_dep_time,missing_values,real_missing_value,6:00 a.m.,,6:00 a.m.,Corrigé
162,sched_dep_time,missing_values,real_missing_value,12:30 a.m.,,12:30 a.m.,Corrigé
164,sched_dep_time,missing_values,real_missing_value,7:35 a.m.,,7:35 a.m.,Corrigé
165,sched_dep_time,missing_values,real_missing_value,9:45 a.m.,,9:45 a.m.,Corrigé
167,sched_dep_time,missing_values,real_missing_value,8:15 a.m.,,8:15 a.m.,Corrigé
170,sched_dep_time,missing_values,real_missing_value,10:45 a.m.,,10:45 a.m.,Corrigé
171,sched_dep_time,missing_values,real_missing_value,2:30 p.m.,,2:30 p.m.,Corrigé
172,sched_dep_time,missing_values,real_missing_value,8:05 a.m.,,8:05 a.m.,Corrigé
173,sched_dep_time,missing_values,real_missing_value,2:55 p.m.,,2:55 p.m.,Corrigé
175,sched_dep_time,missing_values,real_missing_value,11:40 a.m.,,11:40 a.m.,Corrigé
178,sched_dep_time,missing_values,real_missing_value,6:00 a.m.,,6:00 a.m.,Corrigé
179,sched_dep_time,missing_values,real_missing_value,8:40 a.m.,,8:40 a.m.,Corrigé
182,sched_dep_time,missing_values,real_missing_value,7:53 a.m.,,7:53 a.m.,Corrigé
183,sched_dep_time,missing_values,real_missing_value,12:30 p.m.,,12:30 p.m.,Corrigé
184,sched_dep_time,missing_values,real_missing_value,11:45 a.m.,,11:45 a.m.,Corrigé
186,sched_dep_time,real_world_error,real_dirty_value,12:00 a.m.,12:00 p.m.,12:00 p.m.,Non corrigé (regression)
187,sched_dep_time,missing_values,real_missing_value,5:25 p.m.,,5:25 p.m.,Corrigé
188,sched_dep_time,missing_values,real_missing_value,7:10 p.m.,,7:10 p.m.,Corrigé
191,sched_dep_time,missing_values,real_missing_value,3:35 p.m.,,3:35 p.m.,Corrigé
196,sched_dep_time,missing_values,real_missing_value,1:55 p.m.,,1:55 p.m.,Corrigé
200,sched_dep_time,missing_values,real_missing_value,4:55 p.m.,,4:55 p.m.,Corrigé
202,sched_dep_time,missing_values,real_missing_value,4:16 p.m.,,4:16 p.m.,Corrigé
204,sched_dep_time,missing_values,real_missing_value,10:25 a.m.,,10:25 a.m.,Corrigé
205,sched_dep_time,missing_values,real_missing_value,7:05 a.m.,,7:05 a.m.,Corrigé
209,sched_dep_time,missing_values,real_missing_value,1:29 p.m.,,1:29 p.m.,Corrigé
216,sched_dep_time,missing_values,real_missing_value,8:29 a.m.,,8:29 a.m.,Corrigé
218,sched_dep_time,missing_values,real_missing_value,2:53 p.m.,,2:53 p.m.,Corrigé
219,sched_dep_time,missing_values,real_missing_value,7:35 a.m.,,7:35 a.m.,Corrigé
222,sched_dep_time,missing_values,real_missing_value,1:45 p.m.,,1:45 p.m.,Corrigé
223,sched_dep_time,missing_values,real_missing_value,11:15 a.m.,,11:15 a.m.,Corrigé
224,sched_dep_time,missing_values,real_missing_value,8:20 p.m.,,8:20 p.m.,Corrigé
225,sched_dep_time,missing_values,real_missing_value,2:55 p.m.,,2:55 p.m.,Corrigé
226,sched_dep_time,missing_values,real_missing_value,2:30 p.m.,,2:30 p.m.,Corrigé
227,sched_dep_time,missing_values,real_missing_value,8:55 a.m.,,8:55 a.m.,Corrigé
233,sched_dep_time,missing_values,real_missing_value,9:05 a.m.,,9:05 a.m.,Corrigé
235,sched_dep_time,missing_values,real_missing_value,8:35 a.m.,,8:35 a.m.,Corrigé
238,sched_dep_time,missing_values,real_missing_value,11:25 a.m.,,11:25 a.m.,Corrigé
242,sched_dep_time,missing_values,real_missing_value,2:55 p.m.,,2:55 p.m.,Corrigé
281,sched_dep_time,real_world_error,real_dirty_value,12:00 a.m.,12:00 p.m.,12:00 p.m.,Non corrigé (regression)
337,sched_dep_time,missing_values,real_missing_value,7:10 a.m.,,7:10 a.m.,Corrigé
339,sched_dep_time,missing_values,real_missing_value,6:40 a.m.,,6:40 a.m.,Corrigé
340,sched_dep_time,missing_values,real_missing_value,8:00 a.m.,,8:00 a.m.,Corrigé
341,sched_dep_time,missing_values,real_missing_value,8:41 a.m.,,8:41 a.m.,Corrigé
342,sched_dep_time,missing_values,real_missing_value,7:45 p.m.,,7:45 p.m.,Corrigé
343,sched_dep_time,missing_values,real_missing_value,3:27 p.m.,,3:27 p.m.,Corrigé
345,sched_dep_time,missing_values,real_missing_value,11:25 a.m.,,11:25 a.m.,Corrigé
346,sched_dep_time,missing_values,real_missing_value,10:39 a.m.,,10:39 a.m.,Corrigé
347,sched_dep_time,missing_values,real_missing_value,11:25 p.m.,,11:25 p.m.,Corrigé
348,sched_dep_time,missing_values,real_missing_value,6:00 a.m.,,6:00 a.m.,Corrigé
350,sched_dep_time,missing_values,real_missing_value,4:00 p.m.,,4:00 p.m.,Corrigé
353,sched_dep_time,missing_values,real_missing_value,9:05 a.m.,,9:05 a.m.,Corrigé
354,sched_dep_time,missing_values,real_missing_value,8:15 a.m.,,8:15 a.m.,Corrigé
355,sched_dep_time,missing_values,real_missing_value,7:00 a.m.,,7:00 a.m.,Corrigé
356,sched_dep_time,missing_values,real_missing_value,4:15 p.m.,,4:15 p.m.,Corrigé
357,sched_dep_time,missing_values,real_missing_value,10:45 a.m.,,10:45 a.m.,Corrigé
360,sched_dep_time,missing_values,real_missing_value,2:55 p.m.,,2:55 p.m.,Corrigé
361,sched_dep_time,missing_values,real_missing_value,11:50 a.m.,,11:50 a.m.,Corrigé
363,sched_dep_time,missing_values,real_missing_value,6:00 a.m.,,6:00 a.m.,Corrigé
364,sched_dep_time,missing_values,real_missing_value,11:05 a.m.,,11:05 a.m.,Corrigé
367,sched_dep_time,missing_values,real_missing_value,10:15 a.m.,,10:15 a.m.,Corrigé
368,sched_dep_time,missing_values,real_missing_value,1:00 p.m.,,1:00 p.m.,Corrigé
369,sched_dep_time,missing_values,real_missing_value,7:53 a.m.,,7:53 a.m.,Corrigé
370,sched_dep_time,missing_values,real_missing_value,12:30 p.m.,,12:30 p.m.,Corrigé
371,sched_dep_time,missing_values,real_missing_value,11:45 a.m.,,11:45 a.m.,Corrigé
372,sched_dep_time,missing_values,real_missing_value,2:30 p.m.,,2:30 p.m.,Corrigé
373,sched_dep_time,missing_values,real_missing_value,12:00 a.m.,,12:00 p.m.,Mal corrigé (valeur différente mais fausse)
376,sched_dep_time,missing_values,real_missing_value,10:40 a.m.,,10:40 a.m.,Corrigé
377,sched_dep_time,missing_values,real_missing_value,12:57 p.m.,,12:57 p.m.,Corrigé
379,sched_dep_time,missing_values,real_missing_value,7:15 a.m.,,7:15 a.m.,Corrigé
380,sched_dep_time,missing_values,real_missing_value,6:30 p.m.,,6:30 p.m.,Corrigé
381,sched_dep_time,missing_values,real_missing_value,6:45 p.m.,,6:45 p.m.,Corrigé
382,sched_dep_time,missing_values,real_missing_value,12:00 p.m.,,12:00 p.m.,Corrigé
384,sched_dep_time,missing_values,real_missing_value,1:55 p.m.,,1:55 p.m.,Corrigé
386,sched_dep_time,missing_values,real_missing_value,6:00 a.m.,,6:00 a.m.,Corrigé
387,sched_dep_time,missing_values,real_missing_value,7:10 a.m.,,7:10 a.m.,Corrigé
388,sched_dep_time,missing_values,real_missing_value,4:55 p.m.,,4:55 p.m.,Corrigé
389,sched_dep_time,missing_values,real_missing_value,7:25 a.m.,,7:25 a.m.,Corrigé
390,sched_dep_time,missing_values,real_missing_value,3:50 p.m.,,3:50 p.m.,Corrigé
391,sched_dep_time,missing_values,real_missing_value,4:16 p.m.,,4:16 p.m.,Corrigé
392,sched_dep_time,missing_values,real_missing_value,8:00 p.m.,,8:00 p.m.,Corrigé
394,sched_dep_time,missing_values,real_missing_value,7:05 a.m.,,7:05 a.m.,Corrigé
395,sched_dep_time,missing_values,real_missing_value,10:40 a.m.,,10:40 a.m.,Corrigé
396,sched_dep_time,missing_values,real_missing_value,1:33 p.m.,,1:33 p.m.,Corrigé
397,sched_dep_time,missing_values,real_missing_value,12:15 p.m.,,12:15 p.m.,Corrigé
399,sched_dep_time,missing_values,real_missing_value,11:55 p.m.,,11:55 p.m.,Corrigé
400,sched_dep_time,missing_values,real_missing_value,4:25 p.m.,,4:25 p.m.,Corrigé
401,sched_dep_time,missing_values,real_missing_value,9:00 p.m.,,9:00 p.m.,Corrigé
402,sched_dep_time,missing_values,real_missing_value,8:25 p.m.,,8:25 p.m.,Corrigé
403,sched_dep_time,missing_values,real_missing_value,6:59 a.m.,,6:59 a.m.,Corrigé
404,sched_dep_time,missing_values,real_missing_value,8:35 a.m.,,8:35 a.m.,Corrigé
405,sched_dep_time,missing_values,real_missing_value,8:29 a.m.,,8:29 a.m.,Corrigé
406,sched_dep_time,missing_values,real_missing_value,1:30 p.m.,,1:30 p.m.,Corrigé
408,sched_dep_time,missing_values,real_missing_value,7:35 a.m.,,7:35 a.m.,Corrigé
410,sched_dep_time,missing_values,real_missing_value,5:30 p.m.,,5:30 p.m.,Corrigé
411,sched_dep_time,missing_values,real_missing_value,1:45 p.m.,,1:45 p.m.,Corrigé
412,sched_dep_time,missing_values,real_missing_value,11:15 a.m.,,11:15 a.m.,Corrigé
413,sched_dep_time,missing_values,real_missing_value,8:20 p.m.,,8:20 p.m.,Corrigé
414,sched_dep_time,missing_values,real_missing_value,2:55 p.m.,,2:55 p.m.,Corrigé
417,sched_dep_time,missing_values,real_missing_value,2:35 p.m.,,2:35 p.m.,Corrigé
418,sched_dep_time,missing_values,real_missing_value,2:55 p.m.,,2:55 p.m.,Corrigé
419,sched_dep_time,missing_values,real_missing_value,7:15 a.m.,,7:15 a.m.,Corrigé
420,sched_dep_time,missing_values,real_missing_value,12:10 p.m.,,12:10 p.m.,Corrigé
421,sched_dep_time,missing_values,real_missing_value,7:55 a.m.,,7:55 a.m.,Corrigé
422,sched_dep_time,real_world_error,real_dirty_value,9:05 a.m.,9:05 a.m. (-00:00),9:05 a.m.,Corrigé
423,sched_dep_time,missing_values,real_missing_value,1:05 p.m.,,1:05 p.m.,Corrigé
424,sched_dep_time,missing_values,real_missing_value,8:35 a.m.,,8:35 a.m.,Corrigé
425,sched_dep_time,missing_values,real_missing_value,3:05 p.m.,,3:05 p.m.,Corrigé
426,sched_dep_time,missing_values,real_missing_value,7:30 a.m.,,7:30 a.m.,Corrigé
427,sched_dep_time,missing_values,real_missing_value,4:00 p.m.,,4:00 p.m.,Corrigé
428,sched_dep_time,missing_values,real_missing_value,11:35 a.m.,,11:35 a.m.,Corrigé
430,sched_dep_time,missing_values,real_missing_value,11:55 a.m.,,11:55 a.m.,Corrigé
431,sched_dep_time,missing_values,real_missing_value,10:40 a.m.,,10:40 a.m.,Corrigé
432,sched_dep_time,missing_values,real_missing_value,6:45 a.m.,,6:45 a.m.,Corrigé
434,sched_dep_time,missing_values,real_missing_value,6:00 a.m.,,6:00 a.m.,Corrigé
435,sched_dep_time,missing_values,real_missing_value,7:10 a.m.,,7:10 a.m.,Corrigé
436,sched_dep_time,missing_values,real_missing_value,7:10 a.m.,,7:10 a.m.,Corrigé
438,sched_dep_time,missing_values,real_missing_value,7:00 p.m.,,7:00 p.m.,Corrigé
441,sched_dep_time,missing_values,real_missing_value,8:41 a.m.,,8:41 a.m.,Corrigé
445,sched_dep_time,missing_values,real_missing_value,11:25 a.m.,,11:25 a.m.,Corrigé
446,sched_dep_time,missing_values,real_missing_value,10:39 a.m.,,10:39 a.m.,Corrigé
448,sched_dep_time,missing_values,real_missing_value,6:00 a.m.,,6:00 a.m.,Corrigé
449,sched_dep_time,missing_values,real_missing_value,12:30 a.m.,,12:30 a.m.,Corrigé
451,sched_dep_time,missing_values,real_missing_value,7:35 a.m.,,7:35 a.m.,Corrigé
452,sched_dep_time,missing_values,real_missing_value,9:45 a.m.,,9:45 a.m.,Corrigé
454,sched_dep_time,missing_values,real_missing_value,8:15 a.m.,,8:15 a.m.,Corrigé
457,sched_dep_time,missing_values,real_missing_value,10:45 a.m.,,10:45 a.m.,Corrigé
458,sched_dep_time,missing_values,real_missing_value,2:30 p.m.,,2:30 p.m.,Corrigé
459,sched_dep_time,missing_values,real_missing_value,8:05 a.m.,,8:05 a.m.,Corrigé
460,sched_dep_time,missing_values,real_missing_value,2:55 p.m.,,2:55 p.m.,Corrigé
462,sched_dep_time,missing_values,real_missing_value,11:40 a.m.,,11:40 a.m.,Corrigé
465,sched_dep_time,missing_values,real_missing_value,6:00 a.m.,,6:00 a.m.,Corrigé
466,sched_dep_time,missing_values,real_missing_value,8:40 a.m.,,8:40 a.m.,Corrigé
469,sched_dep_time,missing_values,real_missing_value,7:53 a.m.,,7:53 a.m.,Corrigé
470,sched_dep_time,missing_values,real_missing_value,12:30 p.m.,,12:30 p.m.,Corrigé
471,sched_dep_time,missing_values,real_missing_value,11:45 a.m.,,11:45 a.m.,Corrigé
473,sched_dep_time,real_world_error,real_dirty_value,12:00 a.m.,12:00 p.m.,12:00 p.m.,Non corrigé (regression)
474,sched_dep_time,missing_values,real_missing_value,5:25 p.m.,,5:25 p.m.,Corrigé
475,sched_dep_time,missing_values,real_missing_value,7:10 p.m.,,7:10 p.m.,Corrigé
477,sched_dep_time,missing_values,real_missing_value,12:57 p.m.,,12:57 p.m.,Corrigé
478,sched_dep_time,missing_values,real_missing_value,3:35 p.m.,,3:35 p.m.,Corrigé
483,sched_dep_time,missing_values,real_missing_value,1:55 p.m.,,1:55 p.m.,Corrigé
487,sched_dep_time,missing_values,real_missing_value,4:55 p.m.,,4:55 p.m.,Corrigé
489,sched_dep_time,missing_values,real_missing_value,4:16 p.m.,,4:16 p.m.,Corrigé
491,sched_dep_time,missing_values,real_missing_value,10:25 a.m.,,10:25 a.m.,Corrigé
492,sched_dep_time,missing_values,real_missing_value,7:05 a.m.,,7:05 a.m.,Corrigé
496,sched_dep_time,missing_values,real_missing_value,1:29 p.m.,,1:29 p.m.,Corrigé
503,sched_dep_time,missing_values,real_missing_value,8:29 a.m.,,8:29 a.m.,Corrigé
505,sched_dep_time,missing_values,real_missing_value,2:53 p.m.,,2:53 p.m.,Corrigé
506,sched_dep_time,missing_values,real_missing_value,7:35 a.m.,,7:35 a.m.,Corrigé
509,sched_dep_time,missing_values,real_missing_value,1:45 p.m.,,1:45 p.m.,Corrigé
510,sched_dep_time,missing_values,real_missing_value,11:15 a.m.,,11:15 a.m.,Corrigé
511,sched_dep_time,missing_values,real_missing_value,8:20 p.m.,,8:20 p.m.,Corrigé
512,sched_dep_time,missing_values,real_missing_value,2:55 p.m.,,2:55 p.m.,Corrigé
513,sched_dep_time,missing_values,real_missing_value,2:30 p.m.,,2:30 p.m.,Corrigé
514,sched_dep_time,missing_values,real_missing_value,8:55 a.m.,,8:55 a.m.,Corrigé
520,sched_dep_time,missing_values,real_missing_value,9:05 a.m.,,9:05 a.m.,Corrigé
522,sched_dep_time,missing_values,real_missing_value,8:35 a.m.,,8:35 a.m.,Corrigé
525,sched_dep_time,missing_values,real_missing_value,11:25 a.m.,,11:25 a.m.,Corrigé
529,sched_dep_time,missing_values,real_missing_value,2:55 p.m.,,2:55 p.m.,Corrigé
572,sched_dep_time,real_world_error,real_dirty_value,12:00 a.m.,12:00 p.m.,12:00 p.m.,Non corrigé (regression)
630,sched_dep_time,missing_values,real_missing_value,7:00 p.m.,,7:00 p.m.,Corrigé
633,sched_dep_time,missing_values,real_missing_value,8:41 a.m.,,8:41 a.m.,Corrigé
637,sched_dep_time,missing_values,real_missing_value,11:25 a.m.,,11:25 a.m.,Corrigé
638,sched_dep_time,missing_values,real_missing_value,10:39 a.m.,,10:39 a.m.,Corrigé
640,sched_dep_time,missing_values,real_missing_value,6:00 a.m.,,6:00 a.m.,Corrigé
641,sched_dep_time,missing_values,real_missing_value,12:30 a.m.,,12:30 a.m.,Corrigé
643,sched_dep_time,missing_values,real_missing_value,7:35 a.m.,,7:35 a.m.,Corrigé
644,sched_dep_time,missing_values,real_missing_value,9:45 a.m.,,9:45 a.m.,Corrigé
646,sched_dep_time,missing_values,real_missing_value,8:15 a.m.,,8:15 a.m.,Corrigé
649,sched_dep_time,missing_values,real_missing_value,10:45 a.m.,,10:45 a.m.,Corrigé
650,sched_dep_time,missing_values,real_missing_value,2:30 p.m.,,2:30 p.m.,Corrigé
651,sched_dep_time,missing_values,real_missing_value,8:05 a.m.,,8:05 a.m.,Corrigé
652,sched_dep_time,missing_values,real_missing_value,2:55 p.m.,,2:55 p.m.,Corrigé
654,sched_dep_time,missing_values,real_missing_value,11:40 a.m.,,11:40 a.m.,Corrigé
657,sched_dep_time,missing_values,real_missing_value,6:00 a.m.,,6:00 a.m.,Corrigé
658,sched_dep_time,missing_values,real_missing_value,8:40 a.m.,,8:40 a.m.,Corrigé
661,sched_dep_time,missing_values,real_missing_value,7:53 a.m.,,7:53 a.m.,Corrigé
662,sched_dep_time,missing_values,real_missing_value,12:30 p.m.,,12:30 p.m.,Corrigé
663,sched_dep_time,missing_values,real_missing_value,11:45 a.m.,,11:45 a.m.,Corrigé
665,sched_dep_time,real_world_error,real_dirty_value,12:00 a.m.,12:00 p.m.,12:00 p.m.,Non corrigé (regression)
666,sched_dep_time,missing_values,real_missing_value,5:25 p.m.,,5:25 p.m.,Corrigé
667,sched_dep_time,missing_values,real_missing_value,7:10 p.m.,,7:10 p.m.,Corrigé
669,sched_dep_time,missing_values,real_missing_value,12:57 p.m.,,12:57 p.m.,Corrigé
670,sched_dep_time,missing_values,real_missing_value,3:35 p.m.,,3:35 p.m.,Corrigé
675,sched_dep_time,missing_values,real_missing_value,1:55 p.m.,,1:55 p.m.,Corrigé
679,sched_dep_time,missing_values,real_missing_value,4:55 p.m.,,4:55 p.m.,Corrigé
681,sched_dep_time,missing_values,real_missing_value,4:16 p.m.,,4:16 p.m.,Corrigé
683,sched_dep_time,missing_values,real_missing_value,10:25 a.m.,,10:25 a.m.,Corrigé
684,sched_dep_time,missing_values,real_missing_value,7:05 a.m.,,7:05 a.m.,Corrigé
688,sched_dep_time,missing_values,real_missing_value,1:29 p.m.,,1:29 p.m.,Corrigé
695,sched_dep_time,missing_values,real_missing_value,8:29 a.m.,,8:29 a.m.,Corrigé
697,sched_dep_time,missing_values,real_missing_value,2:53 p.m.,,2:53 p.m.,Corrigé
698,sched_dep_time,missing_values,real_missing_value,7:35 a.m.,,7:35 a.m.,Corrigé
701,sched_dep_time,missing_values,real_missing_value,1:45 p.m.,,1:45 p.m.,Corrigé
702,sched_dep_time,missing_values,real_missing_value,11:15 a.m.,,11:15 a.m.,Corrigé
703,sched_dep_time,missing_values,real_missing_value,8:20 p.m.,,8:20 p.m.,Corrigé
704,sched_dep_time,missing_values,real_missing_value,2:55 p.m.,,2:55 p.m.,Corrigé
705,sched_dep_time,missing_values,real_missing_value,2:30 p.m.,,2:30 p.m.,Corrigé
706,sched_dep_time,missing_values,real_missing_value,8:55 a.m.,,8:55 a.m.,Corrigé
712,sched_dep_time,missing_values,real_missing_value,9:05 a.m.,,9:05 a.m.,Corrigé
714,sched_dep_time,missing_values,real_missing_value,8:35 a.m.,,8:35 a.m.,Corrigé
717,sched_dep_time,missing_values,real_missing_value,11:25 a.m.,,11:25 a.m.,Corrigé
721,sched_dep_time,missing_values,real_missing_value,2:55 p.m.,,2:55 p.m.,Corrigé
729,sched_dep_time,missing_values,real_missing_value,7:10 a.m.,,7:10 a.m.,Corrigé
730,sched_dep_time,missing_values,real_missing_value,7:45 p.m.,,7:45 p.m.,Corrigé
731,sched_dep_time,missing_values,real_missing_value,7:00 p.m.,,7:00 p.m.,Corrigé
732,sched_dep_time,missing_values,real_missing_value,8:00 a.m.,,8:00 a.m.,Corrigé
733,sched_dep_time,missing_values,real_missing_value,8:41 a.m.,,8:41 a.m.,Corrigé
735,sched_dep_time,missing_values,real_missing_value,11:25 a.m.,,11:25 a.m.,Corrigé
736,sched_dep_time,missing_values,real_missing_value,10:39 a.m.,,10:39 a.m.,Corrigé
738,sched_dep_time,missing_values,real_missing_value,6:00 a.m.,,6:00 a.m.,Corrigé
739,sched_dep_time,missing_values,real_missing_value,12:30 a.m.,,12:30 a.m.,Corrigé
740,sched_dep_time,missing_values,real_missing_value,12:15 p.m.,,12:15 p.m.,Corrigé
741,sched_dep_time,missing_values,real_missing_value,7:00 a.m.,,7:00 a.m.,Corrigé
742,sched_dep_time,missing_values,real_missing_value,4:15 p.m.,,4:15 p.m.,Corrigé
743,sched_dep_time,missing_values,real_missing_value,9:05 a.m.,,9:05 a.m.,Corrigé
744,sched_dep_time,missing_values,real_missing_value,11:50 a.m.,,11:50 a.m.,Corrigé
745,sched_dep_time,missing_values,real_missing_value,11:40 a.m.,,11:40 a.m.,Corrigé
746,sched_dep_time,missing_values,real_missing_value,6:00 a.m.,,6:00 a.m.,Corrigé
747,sched_dep_time,missing_values,real_missing_value,7:55 a.m.,,7:55 a.m.,Corrigé
748,sched_dep_time,missing_values,real_missing_value,10:15 a.m.,,10:15 a.m.,Corrigé
749,sched_dep_time,missing_values,real_missing_value,7:30 a.m.,,7:30 a.m.,Corrigé
750,sched_dep_time,missing_values,real_missing_value,1:00 p.m.,,1:00 p.m.,Corrigé
751,sched_dep_time,missing_values,real_missing_value,12:30 p.m.,,12:30 p.m.,Corrigé
752,sched_dep_time,missing_values,real_missing_value,11:45 a.m.,,11:45 a.m.,Corrigé
753,sched_dep_time,missing_values,real_missing_value,2:30 p.m.,,2:30 p.m.,Corrigé
754,sched_dep_time,missing_values,real_missing_value,11:35 a.m.,,11:35 a.m.,Corrigé
755,sched_dep_time,missing_values,real_missing_value,10:40 a.m.,,10:40 a.m.,Corrigé
756,sched_dep_time,real_world_error,real_dirty_value,12:57 p.m.,1:09 p.m.,12:57 p.m.,Corrigé
757,sched_dep_time,missing_values,real_missing_value,3:35 p.m.,,3:35 p.m.,Corrigé
758,sched_dep_time,missing_values,real_missing_value,7:15 a.m.,,7:15 a.m.,Corrigé
759,sched_dep_time,missing_values,real_missing_value,6:45 p.m.,,6:45 p.m.,Corrigé
760,sched_dep_time,missing_values,real_missing_value,12:00 p.m.,,12:00 p.m.,Corrigé
761,sched_dep_time,missing_values,real_missing_value,9:15 a.m.,,9:15 a.m.,Corrigé
762,sched_dep_time,missing_values,real_missing_value,6:00 a.m.,,6:00 a.m.,Corrigé
763,sched_dep_time,missing_values,real_missing_value,7:10 a.m.,,7:10 a.m.,Corrigé
764,sched_dep_time,missing_values,real_missing_value,4:55 p.m.,,4:55 p.m.,Corrigé
765,sched_dep_time,missing_values,real_missing_value,7:25 a.m.,,7:25 a.m.,Corrigé
766,sched_dep_time,missing_values,real_missing_value,4:16 p.m.,,4:16 p.m.,Corrigé
767,sched_dep_time,missing_values,real_missing_value,8:00 p.m.,,8:00 p.m.,Corrigé
768,sched_dep_time,missing_values,real_missing_value,10:45 a.m.,,10:45 a.m.,Corrigé
769,sched_dep_time,missing_values,real_missing_value,1:33 p.m.,,1:33 p.m.,Corrigé
770,sched_dep_time,missing_values,real_missing_value,1:29 p.m.,,1:29 p.m.,Corrigé
774,sched_dep_time,missing_values,real_missing_value,6:59 a.m.,,6:59 a.m.,Corrigé
775,sched_dep_time,missing_values,real_missing_value,8:35 a.m.,,8:35 a.m.,Corrigé
776,sched_dep_time,missing_values,real_missing_value,8:29 a.m.,,8:29 a.m.,Corrigé
778,sched_dep_time,missing_values,real_missing_value,11:08 p.m.,,11:08 p.m.,Corrigé
780,sched_dep_time,missing_values,real_missing_value,8:05 a.m.,,8:05 a.m.,Corrigé
781,sched_dep_time,missing_values,real_missing_value,2:35 p.m.,,2:35 p.m.,Corrigé
782,sched_dep_time,missing_values,real_missing_value,7:15 a.m.,,7:15 a.m.,Corrigé
784,sched_dep_time,missing_values,real_missing_value,7:35 a.m.,,7:35 a.m.,Corrigé
785,sched_dep_time,missing_values,real_missing_value,12:10 p.m.,,12:10 p.m.,Corrigé
786,sched_dep_time,missing_values,real_missing_value,1:05 p.m.,,1:05 p.m.,Corrigé
787,sched_dep_time,missing_values,real_missing_value,7:10 a.m.,,7:10 a.m.,Corrigé
788,sched_dep_time,missing_values,real_missing_value,10:40 a.m.,,10:40 a.m.,Corrigé
789,sched_dep_time,missing_values,real_missing_value,6:45 a.m.,,6:45 a.m.,Corrigé
790,sched_dep_time,missing_values,real_missing_value,6:00 a.m.,,6:00 a.m.,Corrigé
791,sched_dep_time,missing_values,real_missing_value,7:10 a.m.,,7:10 a.m.,Corrigé
792,sched_dep_time,missing_values,real_missing_value,10:40 a.m.,,10:40 a.m.,Corrigé
793,sched_dep_time,missing_values,real_missing_value,6:59 a.m.,,6:59 a.m.,Corrigé
794,sched_dep_time,missing_values,real_missing_value,4:15 p.m.,,4:15 p.m.,Corrigé
795,sched_dep_time,missing_values,real_missing_value,6:00 a.m.,,6:00 a.m.,Corrigé
796,sched_dep_time,missing_values,real_missing_value,7:25 a.m.,,7:25 a.m.,Corrigé
797,sched_dep_time,real_world_error,real_dirty_value,12:30 p.m.,12:30,12:30 p.m.,Corrigé
803,sched_dep_time,missing_values,real_missing_value,7:00 p.m.,,7:00 p.m.,Corrigé
804,sched_dep_time,missing_values,real_missing_value,2:55 p.m.,,2:55 p.m.,Corrigé
805,sched_dep_time,missing_values,real_missing_value,6:30 p.m.,,6:30 p.m.,Corrigé
806,sched_dep_time,missing_values,real_missing_value,6:45 a.m.,,6:45 a.m.,Corrigé
807,sched_dep_time,missing_values,real_missing_value,11:25 p.m.,,11:25 p.m.,Corrigé
808,sched_dep_time,real_world_error,real_dirty_value,8:00 p.m.,Thu  20:00,8:00 p.m.,Corrigé
809,sched_dep_time,missing_values,real_missing_value,7:15 a.m.,,7:15 a.m.,Corrigé
810,sched_dep_time,missing_values,real_missing_value,9:15 a.m.,,9:15 a.m.,Corrigé
812,sched_dep_time,missing_values,real_missing_value,7:00 p.m.,,7:00 p.m.,Corrigé
815,sched_dep_time,missing_values,real_missing_value,8:41 a.m.,,8:41 a.m.,Corrigé
819,sched_dep_time,missing_values,real_missing_value,11:25 a.m.,,11:25 a.m.,Corrigé
820,sched_dep_time,missing_values,real_missing_value,10:39 a.m.,,10:39 a.m.,Corrigé
822,sched_dep_time,missing_values,real_missing_value,6:00 a.m.,,6:00 a.m.,Corrigé
823,sched_dep_time,missing_values,real_missing_value,12:30 a.m.,,12:30 a.m.,Corrigé
825,sched_dep_time,missing_values,real_missing_value,7:35 a.m.,,7:35 a.m.,Corrigé
826,sched_dep_time,missing_values,real_missing_value,9:45 a.m.,,9:45 a.m.,Corrigé
828,sched_dep_time,missing_values,real_missing_value,8:15 a.m.,,8:15 a.m.,Corrigé
831,sched_dep_time,missing_values,real_missing_value,10:45 a.m.,,10:45 a.m.,Corrigé
832,sched_dep_time,missing_values,real_missing_value,2:30 p.m.,,2:30 p.m.,Corrigé
833,sched_dep_time,missing_values,real_missing_value,8:05 a.m.,,8:05 a.m.,Corrigé
834,sched_dep_time,missing_values,real_missing_value,2:55 p.m.,,2:55 p.m.,Corrigé
836,sched_dep_time,missing_values,real_missing_value,11:40 a.m.,,11:40 a.m.,Corrigé
839,sched_dep_time,missing_values,real_missing_value,6:00 a.m.,,6:00 a.m.,Corrigé
840,sched_dep_time,missing_values,real_missing_value,8:40 a.m.,,8:40 a.m.,Corrigé
843,sched_dep_time,missing_values,real_missing_value,7:53 a.m.,,7:53 a.m.,Corrigé
844,sched_dep_time,missing_values,real_missing_value,12:30 p.m.,,12:30 p.m.,Corrigé
845,sched_dep_time,missing_values,real_missing_value,11:45 a.m.,,11:45 a.m.,Corrigé
847,sched_dep_time,real_world_error,real_dirty_value,12:00 a.m.,12:00 p.m.,12:00 p.m.,Non corrigé (regression)
848,sched_dep_time,missing_values,real_missing_value,5:25 p.m.,,5:25 p.m.,Corrigé
849,sched_dep_time,missing_values,real_missing_value,7:10 p.m.,,7:10 p.m.,Corrigé
851,sched_dep_time,missing_values,real_missing_value,12:57 p.m.,,12:57 p.m.,Corrigé
852,sched_dep_time,missing_values,real_missing_value,3:35 p.m.,,3:35 p.m.,Corrigé
857,sched_dep_time,missing_values,real_missing_value,1:55 p.m.,,1:55 p.m.,Corrigé
861,sched_dep_time,missing_values,real_missing_value,4:55 p.m.,,4:55 p.m.,Corrigé
863,sched_dep_time,missing_values,real_missing_value,4:16 p.m.,,4:16 p.m.,Corrigé
865,sched_dep_time,missing_values,real_missing_value,10:25 a.m.,,10:25 a.m.,Corrigé
866,sched_dep_time,missing_values,real_missing_value,7:05 a.m.,,7:05 a.m.,Corrigé
867,sched_dep_time,missing_values,real_missing_value,10:40 a.m.,,10:40 a.m.,Corrigé
870,sched_dep_time,missing_values,real_missing_value,1:29 p.m.,,1:29 p.m.,Corrigé
877,sched_dep_time,missing_values,real_missing_value,8:29 a.m.,,8:29 a.m.,Corrigé
879,sched_dep_time,missing_values,real_missing_value,2:53 p.m.,,2:53 p.m.,Corrigé
880,sched_dep_time,missing_values,real_missing_value,7:35 a.m.,,7:35 a.m.,Corrigé
883,sched_dep_time,missing_values,real_missing_value,1:45 p.m.,,1:45 p.m.,Corrigé
884,sched_dep_time,missing_values,real_missing_value,11:15 a.m.,,11:15 a.m.,Corrigé
885,sched_dep_time,missing_values,real_missing_value,8:20 p.m.,,8:20 p.m.,Corrigé
886,sched_dep_time,missing_values,real_missing_value,2:55 p.m.,,2:55 p.m.,Corrigé
887,sched_dep_time,missing_values,real_missing_value,2:30 p.m.,,2:30 p.m.,Corrigé
888,sched_dep_time,missing_values,real_missing_value,8:55 a.m.,,8:55 a.m.,Corrigé
894,sched_dep_time,missing_values,real_missing_value,9:05 a.m.,,9:05 a.m.,Corrigé
896,sched_dep_time,missing_values,real_missing_value,8:35 a.m.,,8:35 a.m.,Corrigé
899,sched_dep_time,missing_values,real_missing_value,11:25 a.m.,,11:25 a.m.,Corrigé
903,sched_dep_time,missing_values,real_missing_value,2:55 p.m.,,2:55 p.m.,Corrigé
914,sched_dep_time,missing_values,real_missing_value,11:45 a.m.,,11:45 a.m.,Corrigé
917,sched_dep_time,missing_values,real_missing_value,7:35 a.m.,,7:35 a.m.,Corrigé
925,sched_dep_time,missing_values,real_missing_value,12:30 p.m.,,12:30 p.m.,Corrigé
926,sched_dep_time,missing_values,real_missing_value,2:55 p.m.,,2:55 p.m.,Corrigé
935,sched_dep_time,missing_values,real_missing_value,4:16 p.m.,,4:16 p.m.,Corrigé
938,sched_dep_time,missing_values,real_missing_value,7:05 a.m.,,7:05 a.m.,Corrigé
950,sched_dep_time,missing_values,real_missing_value,11:15 a.m.,,11:15 a.m.,Corrigé
952,sched_dep_time,missing_values,real_missing_value,8:55 a.m.,,8:55 a.m.,Corrigé
953,sched_dep_time,missing_values,real_missing_value,8:05 a.m.,,8:05 a.m.,Corrigé
960,sched_dep_time,missing_values,real_missing_value,7:53 a.m.,,7:53 a.m.,Corrigé
964,sched_dep_time,missing_values,real_missing_value,8:40 a.m.,,8:40 a.m.,Corrigé
982,sched_dep_time,real_world_error,real_dirty_value,7:10 p.m.,7:27 p.m.,7:10 p.m.,Corrigé
991,sched_dep_time,real_world_error,real_dirty_value,8:00 a.m.,Not Available,8:00 a.m.,Corrigé
992,sched_dep_time,real_world_error,real_dirty_value,8:41 a.m.,Not Available,8:41 a.m.,Corrigé
995,sched_dep_time,real_world_error,real_dirty_value,12:00 p.m.,12:00noon,12:00 p.m.,Corrigé
999,sched_dep_time,real_world_error,real_dirty_value,6:00 a.m.,Not Available,6:00 a.m.,Corrigé
1003,sched_dep_time,real_world_error,real_dirty_value,8:15 a.m.,Not Available,8:15 a.m.,Corrigé
1018,sched_dep_time,real_world_error,real_dirty_value,12:00 a.m.,12:00noon,12:00 p.m.,Mal corrigé (valeur différente mais fausse)
1026,sched_dep_time,real_world_error,real_dirty_value,1:55 p.m.,Not Available,1:55 p.m.,Corrigé
1034,sched_dep_time,real_world_error,real_dirty_value,1:33 p.m.,Not Available,1:33 p.m.,Corrigé
1041,sched_dep_time,real_world_error,real_dirty_value,2:30 p.m.,Not Available,2:30 p.m.,Corrigé
1042,sched_dep_time,real_world_error,real_dirty_value,8:29 a.m.,Not Available,8:29 a.m.,Corrigé
1045,sched_dep_time,real_world_error,real_dirty_value,7:35 a.m.,Not Available,7:35 a.m.,Corrigé
1046,sched_dep_time,real_world_error,real_dirty_value,1:45 p.m.,Not Available,1:45 p.m.,Corrigé
1058,sched_dep_time,real_world_error,real_dirty_value,7:53 a.m.,Not Available,7:53 a.m.,Corrigé
1071,sched_dep_time,missing_values,real_missing_value,7:00 p.m.,,7:00 p.m.,Corrigé
1074,sched_dep_time,missing_values,real_missing_value,8:41 a.m.,,8:41 a.m.,Corrigé
1078,sched_dep_time,missing_values,real_missing_value,11:25 a.m.,,11:25 a.m.,Corrigé
1079,sched_dep_time,missing_values,real_missing_value,10:39 a.m.,,10:39 a.m.,Corrigé
1081,sched_dep_time,missing_values,real_missing_value,6:00 a.m.,,6:00 a.m.,Corrigé
1082,sched_dep_time,missing_values,real_missing_value,12:30 a.m.,,12:30 a.m.,Corrigé
1084,sched_dep_time,missing_values,real_missing_value,7:35 a.m.,,7:35 a.m.,Corrigé
1085,sched_dep_time,missing_values,real_missing_value,9:45 a.m.,,9:45 a.m.,Corrigé
1087,sched_dep_time,missing_values,real_missing_value,8:15 a.m.,,8:15 a.m.,Corrigé
1090,sched_dep_time,missing_values,real_missing_value,10:45 a.m.,,10:45 a.m.,Corrigé
1091,sched_dep_time,missing_values,real_missing_value,2:30 p.m.,,2:30 p.m.,Corrigé
1092,sched_dep_time,missing_values,real_missing_value,8:05 a.m.,,8:05 a.m.,Corrigé
1093,sched_dep_time,missing_values,real_missing_value,2:55 p.m.,,2:55 p.m.,Corrigé
1095,sched_dep_time,missing_values,real_missing_value,11:40 a.m.,,11:40 a.m.,Corrigé
1098,sched_dep_time,missing_values,real_missing_value,6:00 a.m.,,6:00 a.m.,Corrigé
1099,sched_dep_time,missing_values,real_missing_value,8:40 a.m.,,8:40 a.m.,Corrigé
1102,sched_dep_time,missing_values,real_missing_value,7:53 a.m.,,7:53 a.m.,Corrigé
1103,sched_dep_time,missing_values,real_missing_value,12:30 p.m.,,12:30 p.m.,Corrigé
1104,sched_dep_time,missing_values,real_missing_value,11:45 a.m.,,11:45 a.m.,Corrigé
1106,sched_dep_time,real_world_error,real_dirty_value,12:00 a.m.,12:00 p.m.,12:00 p.m.,Non corrigé (regression)
1107,sched_dep_time,missing_values,real_missing_value,5:25 p.m.,,5:25 p.m.,Corrigé
1108,sched_dep_time,missing_values,real_missing_value,7:10 p.m.,,7:10 p.m.,Corrigé
1110,sched_dep_time,missing_values,real_missing_value,12:57 p.m.,,12:57 p.m.,Corrigé
1111,sched_dep_time,missing_values,real_missing_value,3:35 p.m.,,3:35 p.m.,Corrigé
1116,sched_dep_time,missing_values,real_missing_value,1:55 p.m.,,1:55 p.m.,Corrigé
1120,sched_dep_time,missing_values,real_missing_value,4:55 p.m.,,4:55 p.m.,Corrigé
1122,sched_dep_time,missing_values,real_missing_value,4:16 p.m.,,4:16 p.m.,Corrigé
1124,sched_dep_time,missing_values,real_missing_value,10:25 a.m.,,10:25 a.m.,Corrigé
1125,sched_dep_time,missing_values,real_missing_value,7:05 a.m.,,7:05 a.m.,Corrigé
1129,sched_dep_time,missing_values,real_missing_value,1:29 p.m.,,1:29 p.m.,Corrigé
1136,sched_dep_time,missing_values,real_missing_value,8:29 a.m.,,8:29 a.m.,Corrigé
1138,sched_dep_time,missing_values,real_missing_value,2:53 p.m.,,2:53 p.m.,Corrigé
1139,sched_dep_time,missing_values,real_missing_value,7:35 a.m.,,7:35 a.m.,Corrigé
1142,sched_dep_time,missing_values,real_missing_value,1:45 p.m.,,1:45 p.m.,Corrigé
1143,sched_dep_time,missing_values,real_missing_value,11:15 a.m.,,11:15 a.m.,Corrigé
1144,sched_dep_time,missing_values,real_missing_value,8:20 p.m.,,8:20 p.m.,Corrigé
1145,sched_dep_time,missing_values,real_missing_value,2:55 p.m.,,2:55 p.m.,Corrigé
1146,sched_dep_time,missing_values,real_missing_value,2:30 p.m.,,2:30 p.m.,Corrigé
1147,sched_dep_time,missing_values,real_missing_value,8:55 a.m.,,8:55 a.m.,Corrigé
1153,sched_dep_time,missing_values,real_missing_value,9:05 a.m.,,9:05 a.m.,Corrigé
1155,sched_dep_time,missing_values,real_missing_value,8:35 a.m.,,8:35 a.m.,Corrigé
1158,sched_dep_time,missing_values,real_missing_value,11:25 a.m.,,11:25 a.m.,Corrigé
1162,sched_dep_time,missing_values,real_missing_value,2:55 p.m.,,2:55 p.m.,Corrigé
1172,sched_dep_time,missing_values,real_missing_value,7:00 p.m.,,7:00 p.m.,Corrigé
1175,sched_dep_time,missing_values,real_missing_value,6:00 a.m.,,6:00 a.m.,Corrigé
1176,sched_dep_time,missing_values,real_missing_value,8:15 a.m.,,8:15 a.m.,Corrigé
1179,sched_dep_time,missing_values,real_missing_value,5:25 p.m.,,5:25 p.m.,Corrigé
1186,sched_dep_time,missing_values,real_missing_value,12:30 p.m.,,12:30 p.m.,Corrigé
1187,sched_dep_time,real_world_error,real_dirty_value,12:00 a.m.,12:00 p.m.,12:00 p.m.,Non corrigé (regression)
1193,sched_dep_time,missing_values,real_missing_value,1:55 p.m.,,1:55 p.m.,Corrigé
1202,sched_dep_time,missing_values,real_missing_value,2:53 p.m.,,2:53 p.m.,Corrigé
1203,sched_dep_time,missing_values,real_missing_value,7:35 a.m.,,7:35 a.m.,Corrigé
1206,sched_dep_time,missing_values,real_missing_value,11:15 a.m.,,11:15 a.m.,Corrigé
1207,sched_dep_time,missing_values,real_missing_value,2:55 p.m.,,2:55 p.m.,Corrigé
1208,sched_dep_time,missing_values,real_missing_value,8:55 a.m.,,8:55 a.m.,Corrigé
1223,sched_dep_time,missing_values,real_missing_value,7:10 a.m.,,7:10 a.m.,Corrigé
1225,sched_dep_time,missing_values,real_missing_value,6:40 a.m.,,6:40 a.m.,Corrigé
1226,sched_dep_time,missing_values,real_missing_value,8:00 a.m.,,8:00 a.m.,Corrigé
1227,sched_dep_time,missing_values,real_missing_value,8:41 a.m.,,8:41 a.m.,Corrigé
1228,sched_dep_time,missing_values,real_missing_value,7:45 p.m.,,7:45 p.m.,Corrigé
1229,sched_dep_time,missing_values,real_missing_value,3:27 p.m.,,3:27 p.m.,Corrigé
1231,sched_dep_time,missing_values,real_missing_value,11:25 a.m.,,11:25 a.m.,Corrigé
1232,sched_dep_time,missing_values,real_missing_value,10:39 a.m.,,10:39 a.m.,Corrigé
1233,sched_dep_time,missing_values,real_missing_value,11:25 p.m.,,11:25 p.m.,Corrigé
1234,sched_dep_time,missing_values,real_missing_value,6:00 a.m.,,6:00 a.m.,Corrigé
1236,sched_dep_time,missing_values,real_missing_value,4:00 p.m.,,4:00 p.m.,Corrigé
1239,sched_dep_time,missing_values,real_missing_value,9:05 a.m.,,9:05 a.m.,Corrigé
1240,sched_dep_time,missing_values,real_missing_value,8:15 a.m.,,8:15 a.m.,Corrigé
1241,sched_dep_time,missing_values,real_missing_value,7:00 a.m.,,7:00 a.m.,Corrigé
1242,sched_dep_time,missing_values,real_missing_value,4:15 p.m.,,4:15 p.m.,Corrigé
1243,sched_dep_time,missing_values,real_missing_value,10:45 a.m.,,10:45 a.m.,Corrigé
1246,sched_dep_time,missing_values,real_missing_value,2:55 p.m.,,2:55 p.m.,Corrigé
1247,sched_dep_time,missing_values,real_missing_value,11:50 a.m.,,11:50 a.m.,Corrigé
1249,sched_dep_time,missing_values,real_missing_value,6:00 a.m.,,6:00 a.m.,Corrigé
1250,sched_dep_time,missing_values,real_missing_value,11:05 a.m.,,11:05 a.m.,Corrigé
1253,sched_dep_time,missing_values,real_missing_value,10:15 a.m.,,10:15 a.m.,Corrigé
1254,sched_dep_time,missing_values,real_missing_value,1:00 p.m.,,1:00 p.m.,Corrigé
1255,sched_dep_time,missing_values,real_missing_value,7:53 a.m.,,7:53 a.m.,Corrigé
1256,sched_dep_time,missing_values,real_missing_value,12:30 p.m.,,12:30 p.m.,Corrigé
1257,sched_dep_time,missing_values,real_missing_value,11:45 a.m.,,11:45 a.m.,Corrigé
1258,sched_dep_time,missing_values,real_missing_value,2:30 p.m.,,2:30 p.m.,Corrigé
1259,sched_dep_time,missing_values,real_missing_value,12:00 a.m.,,12:00 p.m.,Mal corrigé (valeur différente mais fausse)
1262,sched_dep_time,missing_values,real_missing_value,10:40 a.m.,,10:40 a.m.,Corrigé
1263,sched_dep_time,missing_values,real_missing_value,12:57 p.m.,,12:57 p.m.,Corrigé
1265,sched_dep_time,missing_values,real_missing_value,7:15 a.m.,,7:15 a.m.,Corrigé
1266,sched_dep_time,missing_values,real_missing_value,6:30 p.m.,,6:30 p.m.,Corrigé
1267,sched_dep_time,missing_values,real_missing_value,6:45 p.m.,,6:45 p.m.,Corrigé
1268,sched_dep_time,missing_values,real_missing_value,12:00 p.m.,,12:00 p.m.,Corrigé
1270,sched_dep_time,missing_values,real_missing_value,1:55 p.m.,,1:55 p.m.,Corrigé
1272,sched_dep_time,missing_values,real_missing_value,6:00 a.m.,,6:00 a.m.,Corrigé
1273,sched_dep_time,missing_values,real_missing_value,7:10 a.m.,,7:10 a.m.,Corrigé
1274,sched_dep_time,missing_values,real_missing_value,4:55 p.m.,,4:55 p.m.,Corrigé
1275,sched_dep_time,missing_values,real_missing_value,7:25 a.m.,,7:25 a.m.,Corrigé
1276,sched_dep_time,missing_values,real_missing_value,3:50 p.m.,,3:50 p.m.,Corrigé
1277,sched_dep_time,missing_values,real_missing_value,4:16 p.m.,,4:16 p.m.,Corrigé
1278,sched_dep_time,missing_values,real_missing_value,8:00 p.m.,,8:00 p.m.,Corrigé
1280,sched_dep_time,missing_values,real_missing_value,7:05 a.m.,,7:05 a.m.,Corrigé
1281,sched_dep_time,missing_values,real_missing_value,10:40 a.m.,,10:40 a.m.,Corrigé
1282,sched_dep_time,missing_values,real_missing_value,1:33 p.m.,,1:33 p.m.,Corrigé
1283,sched_dep_time,missing_values,real_missing_value,12:15 p.m.,,12:15 p.m.,Corrigé
1285,sched_dep_time,missing_values,real_missing_value,11:55 p.m.,,11:55 p.m.,Corrigé
1286,sched_dep_time,missing_values,real_missing_value,4:25 p.m.,,4:25 p.m.,Corrigé
1287,sched_dep_time,missing_values,real_missing_value,9:00 p.m.,,9:00 p.m.,Corrigé
1288,sched_dep_time,missing_values,real_missing_value,8:25 p.m.,,8:25 p.m.,Corrigé
1289,sched_dep_time,missing_values,real_missing_value,6:59 a.m.,,6:59 a.m.,Corrigé
1290,sched_dep_time,missing_values,real_missing_value,8:35 a.m.,,8:35 a.m.,Corrigé
1291,sched_dep_time,missing_values,real_missing_value,8:29 a.m.,,8:29 a.m.,Corrigé
1292,sched_dep_time,missing_values,real_missing_value,1:30 p.m.,,1:30 p.m.,Corrigé
1294,sched_dep_time,missing_values,real_missing_value,7:35 a.m.,,7:35 a.m.,Corrigé
1296,sched_dep_time,missing_values,real_missing_value,5:30 p.m.,,5:30 p.m.,Corrigé
1297,sched_dep_time,missing_values,real_missing_value,1:45 p.m.,,1:45 p.m.,Corrigé
1298,sched_dep_time,missing_values,real_missing_value,11:15 a.m.,,11:15 a.m.,Corrigé
1299,sched_dep_time,missing_values,real_missing_value,8:20 p.m.,,8:20 p.m.,Corrigé
1300,sched_dep_time,missing_values,real_missing_value,2:55 p.m.,,2:55 p.m.,Corrigé
1303,sched_dep_time,missing_values,real_missing_value,2:35 p.m.,,2:35 p.m.,Corrigé
1304,sched_dep_time,missing_values,real_missing_value,2:55 p.m.,,2:55 p.m.,Corrigé
1305,sched_dep_time,missing_values,real_missing_value,7:15 a.m.,,7:15 a.m.,Corrigé
1306,sched_dep_time,missing_values,real_missing_value,12:10 p.m.,,12:10 p.m.,Corrigé
1307,sched_dep_time,missing_values,real_missing_value,7:55 a.m.,,7:55 a.m.,Corrigé
1308,sched_dep_time,real_world_error,real_dirty_value,9:05 a.m.,9:05 a.m. (-00:00),9:05 a.m.,Corrigé
1309,sched_dep_time,missing_values,real_missing_value,1:05 p.m.,,1:05 p.m.,Corrigé
1310,sched_dep_time,missing_values,real_missing_value,8:35 a.m.,,8:35 a.m.,Corrigé
1311,sched_dep_time,missing_values,real_missing_value,3:05 p.m.,,3:05 p.m.,Corrigé
1312,sched_dep_time,missing_values,real_missing_value,7:30 a.m.,,7:30 a.m.,Corrigé
1313,sched_dep_time,missing_values,real_missing_value,4:00 p.m.,,4:00 p.m.,Corrigé
1314,sched_dep_time,missing_values,real_missing_value,11:35 a.m.,,11:35 a.m.,Corrigé
1316,sched_dep_time,missing_values,real_missing_value,11:55 a.m.,,11:55 a.m.,Corrigé
1317,sched_dep_time,missing_values,real_missing_value,10:40 a.m.,,10:40 a.m.,Corrigé
1318,sched_dep_time,missing_values,real_missing_value,6:45 a.m.,,6:45 a.m.,Corrigé
1320,sched_dep_time,missing_values,real_missing_value,6:00 a.m.,,6:00 a.m.,Corrigé
1321,sched_dep_time,missing_values,real_missing_value,7:10 a.m.,,7:10 a.m.,Corrigé
1322,sched_dep_time,missing_values,real_missing_value,7:10 a.m.,,7:10 a.m.,Corrigé
1323,sched_dep_time,real_world_error,real_dirty_value,7:10 a.m.,7:10aDec 1,7:10 a.m.,Corrigé
1325,sched_dep_time,real_world_error,real_dirty_value,6:40 a.m.,6:40aDec 1,6:40 a.m.,Corrigé
1326,sched_dep_time,real_world_error,real_dirty_value,8:00 a.m.,8:19aDec 1,8:00 a.m.,Corrigé
1327,sched_dep_time,real_world_error,real_dirty_value,8:41 a.m.,8:41aDec 1,8:41 a.m.,Corrigé
1331,sched_dep_time,real_world_error,real_dirty_value,11:25 a.m.,11:25aDec 1,11:25 a.m.,Corrigé
1332,sched_dep_time,real_world_error,real_dirty_value,10:39 a.m.,10:39aDec 1,10:39 a.m.,Corrigé
1334,sched_dep_time,real_world_error,real_dirty_value,6:00 a.m.,6:14aDec 1,6:00 a.m.,Corrigé
1335,sched_dep_time,real_world_error,real_dirty_value,12:30 a.m.,12:30aDec 1,12:30 a.m.,Corrigé
1337,sched_dep_time,real_world_error,real_dirty_value,7:35 a.m.,7:35aDec 1,7:35 a.m.,Corrigé
1338,sched_dep_time,real_world_error,real_dirty_value,9:45 a.m.,9:45aDec 1,9:45 a.m.,Corrigé
1339,sched_dep_time,real_world_error,real_dirty_value,9:05 a.m.,10:00aDec 1,9:05 a.m.,Corrigé
1340,sched_dep_time,real_world_error,real_dirty_value,8:15 a.m.,8:15aDec 1,8:15 a.m.,Corrigé
1341,sched_dep_time,real_world_error,real_dirty_value,7:00 a.m.,7:00aDec 1,7:00 a.m.,Corrigé
1343,sched_dep_time,real_world_error,real_dirty_value,10:45 a.m.,10:45aDec 1,10:45 a.m.,Corrigé
1345,sched_dep_time,real_world_error,real_dirty_value,8:05 a.m.,8:05aDec 1,8:05 a.m.,Corrigé
1347,sched_dep_time,real_world_error,real_dirty_value,11:50 a.m.,11:50aDec 1,11:50 a.m.,Corrigé
1348,sched_dep_time,real_world_error,real_dirty_value,11:40 a.m.,11:40aDec 1,11:40 a.m.,Corrigé
1349,sched_dep_time,real_world_error,real_dirty_value,6:00 a.m.,6:00aDec 1,6:00 a.m.,Corrigé
1350,sched_dep_time,real_world_error,real_dirty_value,11:05 a.m.,11:05aDec 1,11:05 a.m.,Corrigé
1351,sched_dep_time,real_world_error,real_dirty_value,6:00 a.m.,6:00aDec 1,6:00 a.m.,Corrigé
1352,sched_dep_time,real_world_error,real_dirty_value,8:40 a.m.,8:40aDec 1,8:40 a.m.,Corrigé
1353,sched_dep_time,real_world_error,real_dirty_value,10:15 a.m.,10:15aDec 1,10:15 a.m.,Corrigé
1355,sched_dep_time,real_world_error,real_dirty_value,7:53 a.m.,7:53aDec 1,7:53 a.m.,Corrigé
1357,sched_dep_time,real_world_error,real_dirty_value,11:45 a.m.,11:45aDec 1,11:45 a.m.,Corrigé
1358,sched_dep_time,real_world_error,real_dirty_value,2:30 p.m.,2:46 p.m.,2:30 p.m.,Corrigé
1359,sched_dep_time,real_world_error,real_dirty_value,12:00 a.m.,12:00 p.m.,12:00 p.m.,Non corrigé (regression)
1362,sched_dep_time,real_world_error,real_dirty_value,10:40 a.m.,10:40aDec 1,10:40 a.m.,Corrigé
1365,sched_dep_time,real_world_error,real_dirty_value,7:15 a.m.,7:15aDec 1,7:15 a.m.,Corrigé
1369,sched_dep_time,real_world_error,real_dirty_value,1:55 p.m.,2:22 p.m.,1:55 p.m.,Corrigé
1370,sched_dep_time,real_world_error,real_dirty_value,9:15 a.m.,9:15aDec 1,9:15 a.m.,Corrigé
1371,sched_dep_time,real_world_error,real_dirty_value,6:00 a.m.,6:00aDec 1,6:00 a.m.,Corrigé
1372,sched_dep_time,real_world_error,real_dirty_value,7:10 a.m.,7:10aDec 1,7:10 a.m.,Corrigé
1377,sched_dep_time,real_world_error,real_dirty_value,10:25 a.m.,10:25aDec 1,10:25 a.m.,Corrigé
1378,sched_dep_time,real_world_error,real_dirty_value,7:05 a.m.,7:05aDec 1,7:05 a.m.,Corrigé
1379,sched_dep_time,real_world_error,real_dirty_value,10:40 a.m.,10:40aDec 1,10:40 a.m.,Corrigé
1387,sched_dep_time,real_world_error,real_dirty_value,6:59 a.m.,6:59aDec 1,6:59 a.m.,Corrigé
1388,sched_dep_time,real_world_error,real_dirty_value,8:35 a.m.,8:35aDec 1,8:35 a.m.,Corrigé
1391,sched_dep_time,real_world_error,real_dirty_value,7:35 a.m.,7:35aDec 1,7:35 a.m.,Corrigé
1395,sched_dep_time,real_world_error,real_dirty_value,11:15 a.m.,11:15aDec 1,11:15 a.m.,Corrigé
1399,sched_dep_time,real_world_error,real_dirty_value,8:55 a.m.,8:55aDec 1,8:55 a.m.,Corrigé
1402,sched_dep_time,real_world_error,real_dirty_value,7:15 a.m.,7:15aDec 1,7:15 a.m.,Corrigé
1404,sched_dep_time,real_world_error,real_dirty_value,7:55 a.m.,7:55aDec 1,7:55 a.m.,Corrigé
1405,sched_dep_time,real_world_error,real_dirty_value,9:05 a.m.,9:05aDec 1,9:05 a.m.,Corrigé
1407,sched_dep_time,real_world_error,real_dirty_value,8:35 a.m.,8:35aDec 1,8:35 a.m.,Corrigé
1409,sched_dep_time,real_world_error,real_dirty_value,7:30 a.m.,7:30aDec 1,7:30 a.m.,Corrigé
1410,sched_dep_time,real_world_error,real_dirty_value,11:25 a.m.,11:25aDec 1,11:25 a.m.,Corrigé
1412,sched_dep_time,real_world_error,real_dirty_value,11:35 a.m.,11:35aDec 1,11:35 a.m.,Corrigé
1413,sched_dep_time,real_world_error,real_dirty_value,7:25 a.m.,7:25aDec 1,7:25 a.m.,Corrigé
1415,sched_dep_time,real_world_error,real_dirty_value,11:55 a.m.,11:55aDec 1,11:55 a.m.,Corrigé
1416,sched_dep_time,real_world_error,real_dirty_value,10:40 a.m.,10:40aDec 1,10:40 a.m.,Corrigé
1417,sched_dep_time,real_world_error,real_dirty_value,6:45 a.m.,6:45aDec 1,6:45 a.m.,Corrigé
1419,sched_dep_time,real_world_error,real_dirty_value,6:00 a.m.,6:00aDec 1,6:00 a.m.,Corrigé
1420,sched_dep_time,real_world_error,real_dirty_value,7:10 a.m.,7:10aDec 1,7:10 a.m.,Corrigé
1421,sched_dep_time,real_world_error,real_dirty_value,7:10 a.m.,7:10aDec 1,7:10 a.m.,Corrigé
1422,sched_dep_time,missing_values,real_missing_value,11:50 a.m.,,11:50 a.m.,Corrigé
1423,sched_dep_time,missing_values,real_missing_value,8:29 a.m.,,8:29 a.m.,Corrigé
1425,sched_dep_time,missing_values,real_missing_value,1:33 p.m.,,1:33 p.m.,Corrigé
1481,sched_dep_time,missing_values,real_missing_value,8:00 a.m.,,8:00 a.m.,Corrigé
1482,sched_dep_time,missing_values,real_missing_value,3:05 p.m.,,3:05 p.m.,Corrigé
1483,sched_dep_time,missing_values,real_missing_value,8:35 a.m.,,8:35 a.m.,Corrigé
1484,sched_dep_time,missing_values,real_missing_value,7:10 a.m.,,7:10 a.m.,Corrigé
1485,sched_dep_time,missing_values,real_missing_value,2:30 p.m.,,2:30 p.m.,Corrigé
1486,sched_dep_time,missing_values,real_missing_value,6:00 a.m.,,6:00 a.m.,Corrigé
1487,sched_dep_time,missing_values,real_missing_value,7:10 a.m.,,7:10 a.m.,Corrigé
1489,sched_dep_time,missing_values,real_missing_value,6:40 a.m.,,6:40 a.m.,Corrigé
1490,sched_dep_time,missing_values,real_missing_value,8:00 a.m.,,8:00 a.m.,Corrigé
1491,sched_dep_time,missing_values,real_missing_value,8:41 a.m.,,8:41 a.m.,Corrigé
1492,sched_dep_time,missing_values,real_missing_value,7:45 p.m.,,7:45 p.m.,Corrigé
1493,sched_dep_time,missing_values,real_missing_value,3:27 p.m.,,3:27 p.m.,Corrigé
1495,sched_dep_time,missing_values,real_missing_value,11:25 a.m.,,11:25 a.m.,Corrigé
1496,sched_dep_time,missing_values,real_missing_value,10:39 a.m.,,10:39 a.m.,Corrigé
1497,sched_dep_time,missing_values,real_missing_value,11:25 p.m.,,11:25 p.m.,Corrigé
1498,sched_dep_time,missing_values,real_missing_value,6:00 a.m.,,6:00 a.m.,Corrigé
1500,sched_dep_time,missing_values,real_missing_value,4:00 p.m.,,4:00 p.m.,Corrigé
1503,sched_dep_time,missing_values,real_missing_value,9:05 a.m.,,9:05 a.m.,Corrigé
1504,sched_dep_time,missing_values,real_missing_value,8:15 a.m.,,8:15 a.m.,Corrigé
1505,sched_dep_time,missing_values,real_missing_value,7:00 a.m.,,7:00 a.m.,Corrigé
1506,sched_dep_time,missing_values,real_missing_value,4:15 p.m.,,4:15 p.m.,Corrigé
1507,sched_dep_time,missing_values,real_missing_value,10:45 a.m.,,10:45 a.m.,Corrigé
1510,sched_dep_time,missing_values,real_missing_value,2:55 p.m.,,2:55 p.m.,Corrigé
1511,sched_dep_time,missing_values,real_missing_value,11:50 a.m.,,11:50 a.m.,Corrigé
1513,sched_dep_time,missing_values,real_missing_value,6:00 a.m.,,6:00 a.m.,Corrigé
1514,sched_dep_time,missing_values,real_missing_value,11:05 a.m.,,11:05 a.m.,Corrigé
1517,sched_dep_time,missing_values,real_missing_value,10:15 a.m.,,10:15 a.m.,Corrigé
1518,sched_dep_time,missing_values,real_missing_value,1:00 p.m.,,1:00 p.m.,Corrigé
1519,sched_dep_time,missing_values,real_missing_value,7:53 a.m.,,7:53 a.m.,Corrigé
1520,sched_dep_time,missing_values,real_missing_value,12:30 p.m.,,12:30 p.m.,Corrigé
1521,sched_dep_time,missing_values,real_missing_value,11:45 a.m.,,11:45 a.m.,Corrigé
1522,sched_dep_time,missing_values,real_missing_value,2:30 p.m.,,2:30 p.m.,Corrigé
1523,sched_dep_time,missing_values,real_missing_value,12:00 a.m.,,12:00 p.m.,Mal corrigé (valeur différente mais fausse)
1526,sched_dep_time,missing_values,real_missing_value,10:40 a.m.,,10:40 a.m.,Corrigé
1527,sched_dep_time,missing_values,real_missing_value,12:57 p.m.,,12:57 p.m.,Corrigé
1529,sched_dep_time,missing_values,real_missing_value,7:15 a.m.,,7:15 a.m.,Corrigé
1530,sched_dep_time,missing_values,real_missing_value,6:30 p.m.,,6:30 p.m.,Corrigé
1531,sched_dep_time,missing_values,real_missing_value,6:45 p.m.,,6:45 p.m.,Corrigé
1532,sched_dep_time,missing_values,real_missing_value,12:00 p.m.,,12:00 p.m.,Corrigé
1534,sched_dep_time,missing_values,real_missing_value,1:55 p.m.,,1:55 p.m.,Corrigé
1536,sched_dep_time,missing_values,real_missing_value,6:00 a.m.,,6:00 a.m.,Corrigé
1537,sched_dep_time,missing_values,real_missing_value,7:10 a.m.,,7:10 a.m.,Corrigé
1538,sched_dep_time,missing_values,real_missing_value,4:55 p.m.,,4:55 p.m.,Corrigé
1539,sched_dep_time,missing_values,real_missing_value,7:25 a.m.,,7:25 a.m.,Corrigé
1540,sched_dep_time,missing_values,real_missing_value,3:50 p.m.,,3:50 p.m.,Corrigé
1541,sched_dep_time,missing_values,real_missing_value,4:16 p.m.,,4:16 p.m.,Corrigé
1542,sched_dep_time,missing_values,real_missing_value,8:00 p.m.,,8:00 p.m.,Corrigé
1544,sched_dep_time,missing_values,real_missing_value,7:05 a.m.,,7:05 a.m.,Corrigé
1545,sched_dep_time,missing_values,real_missing_value,10:40 a.m.,,10:40 a.m.,Corrigé
1546,sched_dep_time,missing_values,real_missing_value,1:33 p.m.,,1:33 p.m.,Corrigé
1547,sched_dep_time,missing_values,real_missing_value,12:15 p.m.,,12:15 p.m.,Corrigé
1549,sched_dep_time,missing_values,real_missing_value,11:55 p.m.,,11:55 p.m.,Corrigé
1550,sched_dep_time,missing_values,real_missing_value,4:25 p.m.,,4:25 p.m.,Corrigé
1551,sched_dep_time,missing_values,real_missing_value,9:00 p.m.,,9:00 p.m.,Corrigé
1552,sched_dep_time,missing_values,real_missing_value,8:25 p.m.,,8:25 p.m.,Corrigé
1553,sched_dep_time,missing_values,real_missing_value,6:59 a.m.,,6:59 a.m.,Corrigé
1554,sched_dep_time,missing_values,real_missing_value,8:35 a.m.,,8:35 a.m.,Corrigé
1555,sched_dep_time,missing_values,real_missing_value,8:29 a.m.,,8:29 a.m.,Corrigé
1556,sched_dep_time,missing_values,real_missing_value,1:30 p.m.,,1:30 p.m.,Corrigé
1558,sched_dep_time,missing_values,real_missing_value,7:35 a.m.,,7:35 a.m.,Corrigé
1560,sched_dep_time,missing_values,real_missing_value,5:30 p.m.,,5:30 p.m.,Corrigé
1561,sched_dep_time,missing_values,real_missing_value,1:45 p.m.,,1:45 p.m.,Corrigé
1562,sched_dep_time,missing_values,real_missing_value,11:15 a.m.,,11:15 a.m.,Corrigé
1563,sched_dep_time,missing_values,real_missing_value,8:20 p.m.,,8:20 p.m.,Corrigé
1564,sched_dep_time,missing_values,real_missing_value,2:55 p.m.,,2:55 p.m.,Corrigé
1567,sched_dep_time,missing_values,real_missing_value,2:35 p.m.,,2:35 p.m.,Corrigé
1568,sched_dep_time,missing_values,real_missing_value,2:55 p.m.,,2:55 p.m.,Corrigé
1569,sched_dep_time,missing_values,real_missing_value,7:15 a.m.,,7:15 a.m.,Corrigé
1570,sched_dep_time,missing_values,real_missing_value,12:10 p.m.,,12:10 p.m.,Corrigé
1571,sched_dep_time,missing_values,real_missing_value,7:55 a.m.,,7:55 a.m.,Corrigé
1572,sched_dep_time,real_world_error,real_dirty_value,9:05 a.m.,9:05 a.m. (-00:00),9:05 a.m.,Corrigé
1573,sched_dep_time,missing_values,real_missing_value,1:05 p.m.,,1:05 p.m.,Corrigé
1574,sched_dep_time,missing_values,real_missing_value,8:35 a.m.,,8:35 a.m.,Corrigé
1575,sched_dep_time,missing_values,real_missing_value,3:05 p.m.,,3:05 p.m.,Corrigé
1576,sched_dep_time,missing_values,real_missing_value,7:30 a.m.,,7:30 a.m.,Corrigé
1577,sched_dep_time,missing_values,real_missing_value,4:00 p.m.,,4:00 p.m.,Corrigé
1578,sched_dep_time,missing_values,real_missing_value,11:35 a.m.,,11:35 a.m.,Corrigé
1580,sched_dep_time,missing_values,real_missing_value,11:55 a.m.,,11:55 a.m.,Corrigé
1581,sched_dep_time,missing_values,real_missing_value,10:40 a.m.,,10:40 a.m.,Corrigé
1582,sched_dep_time,missing_values,real_missing_value,6:45 a.m.,,6:45 a.m.,Corrigé
1584,sched_dep_time,missing_values,real_missing_value,6:00 a.m.,,6:00 a.m.,Corrigé
1585,sched_dep_time,missing_values,real_missing_value,7:10 a.m.,,7:10 a.m.,Corrigé
1586,sched_dep_time,missing_values,real_missing_value,7:10 a.m.,,7:10 a.m.,Corrigé
1589,sched_dep_time,real_world_error,real_dirty_value,8:41 a.m.,8:41aDec 1,8:41 a.m.,Corrigé
1592,sched_dep_time,real_world_error,real_dirty_value,10:39 a.m.,10:39aDec 1,10:39 a.m.,Corrigé
1594,sched_dep_time,real_world_error,real_dirty_value,12:30 a.m.,12:30aDec 1,12:30 a.m.,Corrigé
1596,sched_dep_time,real_world_error,real_dirty_value,9:45 a.m.,9:45aDec 1,9:45 a.m.,Corrigé
1597,sched_dep_time,real_world_error,real_dirty_value,7:00 a.m.,7:00aDec 1,7:00 a.m.,Corrigé
1599,sched_dep_time,real_world_error,real_dirty_value,11:40 a.m.,11:40aDec 1,11:40 a.m.,Corrigé
1600,sched_dep_time,real_world_error,real_dirty_value,6:00 a.m.,6:00aDec 1,6:00 a.m.,Corrigé
1601,sched_dep_time,real_world_error,real_dirty_value,11:05 a.m.,11:05aDec 1,11:05 a.m.,Corrigé
1603,sched_dep_time,real_world_error,real_dirty_value,7:30 a.m.,7:30aDec 1,7:30 a.m.,Corrigé
1606,sched_dep_time,real_world_error,real_dirty_value,11:45 a.m.,11:45aDec 1,11:45 a.m.,Corrigé
1607,sched_dep_time,real_world_error,real_dirty_value,12:00 a.m.,12:00 p.m.,12:00 p.m.,Non corrigé (regression)
1610,sched_dep_time,real_world_error,real_dirty_value,6:00 a.m.,6:00aDec 1,6:00 a.m.,Corrigé
1611,sched_dep_time,real_world_error,real_dirty_value,7:10 a.m.,7:10aDec 1,7:10 a.m.,Corrigé
1613,sched_dep_time,real_world_error,real_dirty_value,7:25 a.m.,7:25aDec 1,7:25 a.m.,Corrigé
1615,sched_dep_time,real_world_error,real_dirty_value,7:05 a.m.,7:05aDec 1,7:05 a.m.,Corrigé
1620,sched_dep_time,real_world_error,real_dirty_value,6:59 a.m.,6:59aDec 1,6:59 a.m.,Corrigé
1621,sched_dep_time,real_world_error,real_dirty_value,8:35 a.m.,8:35aDec 1,8:35 a.m.,Corrigé
1622,sched_dep_time,real_world_error,real_dirty_value,2:30 p.m.,Not Available,2:30 p.m.,Corrigé
1628,sched_dep_time,real_world_error,real_dirty_value,7:35 a.m.,Not Available,7:35 a.m.,Corrigé
1630,sched_dep_time,real_world_error,real_dirty_value,9:05 a.m.,9:05aDec 1,9:05 a.m.,Corrigé
1631,sched_dep_time,real_world_error,real_dirty_value,7:10 a.m.,7:10aDec 1,7:10 a.m.,Corrigé
1632,sched_dep_time,real_world_error,real_dirty_value,8:35 a.m.,8:35aDec 1,8:35 a.m.,Corrigé
1633,sched_dep_time,real_world_error,real_dirty_value,11:25 a.m.,11:25aDec 1,11:25 a.m.,Corrigé
1636,sched_dep_time,real_world_error,real_dirty_value,6:45 a.m.,6:45aDec 1,6:45 a.m.,Corrigé
1642,sched_dep_time,real_world_error,real_dirty_value,8:00 p.m.,11/30 8:00 p.m.,8:00 p.m.,Corrigé
1643,sched_dep_time,real_world_error,real_dirty_value,4:16 p.m.,11/30 4:16 p.m.,4:16 p.m.,Corrigé
1645,sched_dep_time,real_world_error,real_dirty_value,6:45 p.m.,11/30 6:45 p.m.,6:45 p.m.,Corrigé
1649,sched_dep_time,real_world_error,real_dirty_value,4:00 p.m.,11/30 4:00 p.m.,4:00 p.m.,Corrigé
1650,sched_dep_time,real_world_error,real_dirty_value,11:55 p.m.,11/30 11:55 p.m.,11:55 p.m.,Corrigé
1651,sched_dep_time,real_world_error,real_dirty_value,11:25 a.m.,11/30 11:25 a.m.,11:25 a.m.,Corrigé
1653,sched_dep_time,real_world_error,real_dirty_value,7:45 p.m.,11/30 7:45 p.m.,7:45 p.m.,Corrigé
1655,sched_dep_time,real_world_error,real_dirty_value,11:08 p.m.,11/30 11:08 p.m.,11:08 p.m.,Corrigé
1657,sched_dep_time,real_world_error,real_dirty_value,12:57 p.m.,11/30 12:57 p.m.,12:57 p.m.,Corrigé
1660,sched_dep_time,real_world_error,real_dirty_value,1:55 p.m.,11/30 1:55 p.m.,1:55 p.m.,Corrigé
1684,sched_dep_time,real_world_error,real_dirty_value,12:00 a.m.,12:00 p.m.,12:00 p.m.,Non corrigé (regression)
1687,sched_dep_time,real_world_error,real_dirty_value,7:10 p.m.,7:27 p.m.,7:10 p.m.,Corrigé
1759,sched_dep_time,missing_values,real_missing_value,7:00 p.m.,,7:00 p.m.,Corrigé
1762,sched_dep_time,missing_values,real_missing_value,8:41 a.m.,,8:41 a.m.,Corrigé
1766,sched_dep_time,missing_values,real_missing_value,11:25 a.m.,,11:25 a.m.,Corrigé
1767,sched_dep_time,missing_values,real_missing_value,10:39 a.m.,,10:39 a.m.,Corrigé
1769,sched_dep_time,missing_values,real_missing_value,6:00 a.m.,,6:00 a.m.,Corrigé
1770,sched_dep_time,missing_values,real_missing_value,12:30 a.m.,,12:30 a.m.,Corrigé
1772,sched_dep_time,missing_values,real_missing_value,7:35 a.m.,,7:35 a.m.,Corrigé
1773,sched_dep_time,missing_values,real_missing_value,9:45 a.m.,,9:45 a.m.,Corrigé
1775,sched_dep_time,missing_values,real_missing_value,8:15 a.m.,,8:15 a.m.,Corrigé
1778,sched_dep_time,missing_values,real_missing_value,10:45 a.m.,,10:45 a.m.,Corrigé
1779,sched_dep_time,missing_values,real_missing_value,2:30 p.m.,,2:30 p.m.,Corrigé
1780,sched_dep_time,missing_values,real_missing_value,8:05 a.m.,,8:05 a.m.,Corrigé
1781,sched_dep_time,missing_values,real_missing_value,2:55 p.m.,,2:55 p.m.,Corrigé
1783,sched_dep_time,missing_values,real_missing_value,11:40 a.m.,,11:40 a.m.,Corrigé
1786,sched_dep_time,missing_values,real_missing_value,6:00 a.m.,,6:00 a.m.,Corrigé
1787,sched_dep_time,missing_values,real_missing_value,8:40 a.m.,,8:40 a.m.,Corrigé
1790,sched_dep_time,missing_values,real_missing_value,7:53 a.m.,,7:53 a.m.,Corrigé
1791,sched_dep_time,missing_values,real_missing_value,12:30 p.m.,,12:30 p.m.,Corrigé
1792,sched_dep_time,missing_values,real_missing_value,11:45 a.m.,,11:45 a.m.,Corrigé
1794,sched_dep_time,real_world_error,real_dirty_value,12:00 a.m.,12:00 p.m.,12:00 p.m.,Non corrigé (regression)
1795,sched_dep_time,missing_values,real_missing_value,5:25 p.m.,,5:25 p.m.,Corrigé
1796,sched_dep_time,missing_values,real_missing_value,7:10 p.m.,,7:10 p.m.,Corrigé
1798,sched_dep_time,missing_values,real_missing_value,12:57 p.m.,,12:57 p.m.,Corrigé
1799,sched_dep_time,missing_values,real_missing_value,3:35 p.m.,,3:35 p.m.,Corrigé
1804,sched_dep_time,missing_values,real_missing_value,1:55 p.m.,,1:55 p.m.,Corrigé
1808,sched_dep_time,missing_values,real_missing_value,4:55 p.m.,,4:55 p.m.,Corrigé
1810,sched_dep_time,missing_values,real_missing_value,4:16 p.m.,,4:16 p.m.,Corrigé
1812,sched_dep_time,missing_values,real_missing_value,10:25 a.m.,,10:25 a.m.,Corrigé
1813,sched_dep_time,missing_values,real_missing_value,7:05 a.m.,,7:05 a.m.,Corrigé
1814,sched_dep_time,missing_values,real_missing_value,10:40 a.m.,,10:40 a.m.,Corrigé
1817,sched_dep_time,missing_values,real_missing_value,1:29 p.m.,,1:29 p.m.,Corrigé
1824,sched_dep_time,missing_values,real_missing_value,8:29 a.m.,,8:29 a.m.,Corrigé
1826,sched_dep_time,missing_values,real_missing_value,2:53 p.m.,,2:53 p.m.,Corrigé
1827,sched_dep_time,missing_values,real_missing_value,7:35 a.m.,,7:35 a.m.,Corrigé
1830,sched_dep_time,missing_values,real_missing_value,1:45 p.m.,,1:45 p.m.,Corrigé
1831,sched_dep_time,missing_values,real_missing_value,11:15 a.m.,,11:15 a.m.,Corrigé
1832,sched_dep_time,missing_values,real_missing_value,8:20 p.m.,,8:20 p.m.,Corrigé
1833,sched_dep_time,missing_values,real_missing_value,2:55 p.m.,,2:55 p.m.,Corrigé
1834,sched_dep_time,missing_values,real_missing_value,2:30 p.m.,,2:30 p.m.,Corrigé
1835,sched_dep_time,missing_values,real_missing_value,8:55 a.m.,,8:55 a.m.,Corrigé
1841,sched_dep_time,missing_values,real_missing_value,9:05 a.m.,,9:05 a.m.,Corrigé
1843,sched_dep_time,missing_values,real_missing_value,8:35 a.m.,,8:35 a.m.,Corrigé
1846,sched_dep_time,missing_values,real_missing_value,11:25 a.m.,,11:25 a.m.,Corrigé
1850,sched_dep_time,missing_values,real_missing_value,2:55 p.m.,,2:55 p.m.,Corrigé
1893,sched_dep_time,real_world_error,real_dirty_value,12:00 a.m.,12:00 p.m.,12:00 p.m.,Non corrigé (regression)
1951,sched_dep_time,missing_values,real_missing_value,7:00 p.m.,,7:00 p.m.,Corrigé
1954,sched_dep_time,missing_values,real_missing_value,8:41 a.m.,,8:41 a.m.,Corrigé
1958,sched_dep_time,missing_values,real_missing_value,11:25 a.m.,,11:25 a.m.,Corrigé
1959,sched_dep_time,missing_values,real_missing_value,10:39 a.m.,,10:39 a.m.,Corrigé
1961,sched_dep_time,missing_values,real_missing_value,6:00 a.m.,,6:00 a.m.,Corrigé
1962,sched_dep_time,missing_values,real_missing_value,12:30 a.m.,,12:30 a.m.,Corrigé
1964,sched_dep_time,missing_values,real_missing_value,7:35 a.m.,,7:35 a.m.,Corrigé
1965,sched_dep_time,missing_values,real_missing_value,9:45 a.m.,,9:45 a.m.,Corrigé
1967,sched_dep_time,missing_values,real_missing_value,8:15 a.m.,,8:15 a.m.,Corrigé
1970,sched_dep_time,missing_values,real_missing_value,10:45 a.m.,,10:45 a.m.,Corrigé
1971,sched_dep_time,missing_values,real_missing_value,2:30 p.m.,,2:30 p.m.,Corrigé
1972,sched_dep_time,missing_values,real_missing_value,8:05 a.m.,,8:05 a.m.,Corrigé
1973,sched_dep_time,missing_values,real_missing_value,2:55 p.m.,,2:55 p.m.,Corrigé
1975,sched_dep_time,missing_values,real_missing_value,11:40 a.m.,,11:40 a.m.,Corrigé
1978,sched_dep_time,missing_values,real_missing_value,6:00 a.m.,,6:00 a.m.,Corrigé
1979,sched_dep_time,missing_values,real_missing_value,8:40 a.m.,,8:40 a.m.,Corrigé
1982,sched_dep_time,missing_values,real_missing_value,7:53 a.m.,,7:53 a.m.,Corrigé
1983,sched_dep_time,missing_values,real_missing_value,12:30 p.m.,,12:30 p.m.,Corrigé
1984,sched_dep_time,missing_values,real_missing_value,11:45 a.m.,,11:45 a.m.,Corrigé
1986,sched_dep_time,real_world_error,real_dirty_value,12:00 a.m.,12:00 p.m.,12:00 p.m.,Non corrigé (regression)
1987,sched_dep_time,missing_values,real_missing_value,5:25 p.m.,,5:25 p.m.,Corrigé
1988,sched_dep_time,missing_values,real_missing_value,7:10 p.m.,,7:10 p.m.,Corrigé
1990,sched_dep_time,missing_values,real_missing_value,12:57 p.m.,,12:57 p.m.,Corrigé
1991,sched_dep_time,missing_values,real_missing_value,3:35 p.m.,,3:35 p.m.,Corrigé
1996,sched_dep_time,missing_values,real_missing_value,1:55 p.m.,,1:55 p.m.,Corrigé
2000,sched_dep_time,missing_values,real_missing_value,4:55 p.m.,,4:55 p.m.,Corrigé
2002,sched_dep_time,missing_values,real_missing_value,4:16 p.m.,,4:16 p.m.,Corrigé
2004,sched_dep_time,missing_values,real_missing_value,10:25 a.m.,,10:25 a.m.,Corrigé
2005,sched_dep_time,missing_values,real_missing_value,7:05 a.m.,,7:05 a.m.,Corrigé
2009,sched_dep_time,missing_values,real_missing_value,1:29 p.m.,,1:29 p.m.,Corrigé
2016,sched_dep_time,missing_values,real_missing_value,8:29 a.m.,,8:29 a.m.,Corrigé
2018,sched_dep_time,missing_values,real_missing_value,2:53 p.m.,,2:53 p.m.,Corrigé
2019,sched_dep_time,missing_values,real_missing_value,7:35 a.m.,,7:35 a.m.,Corrigé
2022,sched_dep_time,missing_values,real_missing_value,1:45 p.m.,,1:45 p.m.,Corrigé
2023,sched_dep_time,missing_values,real_missing_value,11:15 a.m.,,11:15 a.m.,Corrigé
2024,sched_dep_time,missing_values,real_missing_value,8:20 p.m.,,8:20 p.m.,Corrigé
2025,sched_dep_time,missing_values,real_missing_value,2:55 p.m.,,2:55 p.m.,Corrigé
2026,sched_dep_time,missing_values,real_missing_value,2:30 p.m.,,2:30 p.m.,Corrigé
2027,sched_dep_time,missing_values,real_missing_value,8:55 a.m.,,8:55 a.m.,Corrigé
2033,sched_dep_time,missing_values,real_missing_value,9:05 a.m.,,9:05 a.m.,Corrigé
2035,sched_dep_time,missing_values,real_missing_value,8:35 a.m.,,8:35 a.m.,Corrigé
2038,sched_dep_time,missing_values,real_missing_value,11:25 a.m.,,11:25 a.m.,Corrigé
2042,sched_dep_time,missing_values,real_missing_value,2:55 p.m.,,2:55 p.m.,Corrigé
2051,sched_dep_time,missing_values,real_missing_value,7:00 p.m.,,7:00 p.m.,Corrigé
2054,sched_dep_time,missing_values,real_missing_value,8:41 a.m.,,8:41 a.m.,Corrigé
2058,sched_dep_time,missing_values,real_missing_value,11:25 a.m.,,11:25 a.m.,Corrigé
2059,sched_dep_time,missing_values,real_missing_value,10:39 a.m.,,10:39 a.m.,Corrigé
2061,sched_dep_time,missing_values,real_missing_value,6:00 a.m.,,6:00 a.m.,Corrigé
2062,sched_dep_time,missing_values,real_missing_value,12:30 a.m.,,12:30 a.m.,Corrigé
2064,sched_dep_time,missing_values,real_missing_value,7:35 a.m.,,7:35 a.m.,Corrigé
2065,sched_dep_time,missing_values,real_missing_value,9:45 a.m.,,9:45 a.m.,Corrigé
2067,sched_dep_time,missing_values,real_missing_value,8:15 a.m.,,8:15 a.m.,Corrigé
2070,sched_dep_time,missing_values,real_missing_value,10:45 a.m.,,10:45 a.m.,Corrigé
2071,sched_dep_time,missing_values,real_missing_value,2:30 p.m.,,2:30 p.m.,Corrigé
2072,sched_dep_time,missing_values,real_missing_value,8:05 a.m.,,8:05 a.m.,Corrigé
2073,sched_dep_time,missing_values,real_missing_value,2:55 p.m.,,2:55 p.m.,Corrigé
2075,sched_dep_time,missing_values,real_missing_value,11:40 a.m.,,11:40 a.m.,Corrigé
2078,sched_dep_time,missing_values,real_missing_value,6:00 a.m.,,6:00 a.m.,Corrigé
2079,sched_dep_time,missing_values,real_missing_value,8:40 a.m.,,8:40 a.m.,Corrigé
2082,sched_dep_time,missing_values,real_missing_value,7:53 a.m.,,7:53 a.m.,Corrigé
2083,sched_dep_time,missing_values,real_missing_value,12:30 p.m.,,12:30 p.m.,Corrigé
2084,sched_dep_time,missing_values,real_missing_value,11:45 a.m.,,11:45 a.m.,Corrigé
2086,sched_dep_time,real_world_error,real_dirty_value,12:00 a.m.,12:00 p.m.,12:00 p.m.,Non corrigé (regression)
2087,sched_dep_time,missing_values,real_missing_value,5:25 p.m.,,5:25 p.m.,Corrigé
2088,sched_dep_time,missing_values,real_missing_value,7:10 p.m.,,7:10 p.m.,Corrigé
2090,sched_dep_time,missing_values,real_missing_value,12:57 p.m.,,12:57 p.m.,Corrigé
2091,sched_dep_time,missing_values,real_missing_value,3:35 p.m.,,3:35 p.m.,Corrigé
2096,sched_dep_time,missing_values,real_missing_value,1:55 p.m.,,1:55 p.m.,Corrigé
2100,sched_dep_time,missing_values,real_missing_value,4:55 p.m.,,4:55 p.m.,Corrigé
2102,sched_dep_time,missing_values,real_missing_value,4:16 p.m.,,4:16 p.m.,Corrigé
2104,sched_dep_time,missing_values,real_missing_value,10:25 a.m.,,10:25 a.m.,Corrigé
2105,sched_dep_time,missing_values,real_missing_value,7:05 a.m.,,7:05 a.m.,Corrigé
2106,sched_dep_time,missing_values,real_missing_value,10:40 a.m.,,10:40 a.m.,Corrigé
2109,sched_dep_time,missing_values,real_missing_value,1:29 p.m.,,1:29 p.m.,Corrigé
2116,sched_dep_time,missing_values,real_missing_value,8:29 a.m.,,8:29 a.m.,Corrigé
2118,sched_dep_time,missing_values,real_missing_value,2:53 p.m.,,2:53 p.m.,Corrigé
2119,sched_dep_time,missing_values,real_missing_value,7:35 a.m.,,7:35 a.m.,Corrigé
2122,sched_dep_time,missing_values,real_missing_value,1:45 p.m.,,1:45 p.m.,Corrigé
2123,sched_dep_time,missing_values,real_missing_value,11:15 a.m.,,11:15 a.m.,Corrigé
2124,sched_dep_time,missing_values,real_missing_value,8:20 p.m.,,8:20 p.m.,Corrigé
2125,sched_dep_time,missing_values,real_missing_value,2:55 p.m.,,2:55 p.m.,Corrigé
2126,sched_dep_time,missing_values,real_missing_value,2:30 p.m.,,2:30 p.m.,Corrigé
2127,sched_dep_time,missing_values,real_missing_value,8:55 a.m.,,8:55 a.m.,Corrigé
2133,sched_dep_time,missing_values,real_missing_value,9:05 a.m.,,9:05 a.m.,Corrigé
2135,sched_dep_time,missing_values,real_missing_value,8:35 a.m.,,8:35 a.m.,Corrigé
2138,sched_dep_time,missing_values,real_missing_value,11:25 a.m.,,11:25 a.m.,Corrigé
2142,sched_dep_time,missing_values,real_missing_value,2:55 p.m.,,2:55 p.m.,Corrigé
2151,sched_dep_time,missing_values,real_missing_value,11:40 a.m.,,11:40 a.m.,Corrigé
2152,sched_dep_time,missing_values,real_missing_value,9:00 p.m.,,9:00 p.m.,Corrigé
2154,sched_dep_time,missing_values,real_missing_value,1:05 p.m.,,1:05 p.m.,Corrigé
2156,sched_dep_time,missing_values,real_missing_value,7:00 p.m.,,7:00 p.m.,Corrigé
2159,sched_dep_time,missing_values,real_missing_value,8:41 a.m.,,8:41 a.m.,Corrigé
2163,sched_dep_time,missing_values,real_missing_value,11:25 a.m.,,11:25 a.m.,Corrigé
2164,sched_dep_time,missing_values,real_missing_value,10:39 a.m.,,10:39 a.m.,Corrigé
2166,sched_dep_time,missing_values,real_missing_value,6:00 a.m.,,6:00 a.m.,Corrigé
2167,sched_dep_time,missing_values,real_missing_value,12:30 a.m.,,12:30 a.m.,Corrigé
2169,sched_dep_time,missing_values,real_missing_value,7:35 a.m.,,7:35 a.m.,Corrigé
2170,sched_dep_time,missing_values,real_missing_value,9:45 a.m.,,9:45 a.m.,Corrigé
2172,sched_dep_time,missing_values,real_missing_value,8:15 a.m.,,8:15 a.m.,Corrigé
2175,sched_dep_time,missing_values,real_missing_value,10:45 a.m.,,10:45 a.m.,Corrigé
2176,sched_dep_time,missing_values,real_missing_value,2:30 p.m.,,2:30 p.m.,Corrigé
2177,sched_dep_time,missing_values,real_missing_value,8:05 a.m.,,8:05 a.m.,Corrigé
2178,sched_dep_time,missing_values,real_missing_value,2:55 p.m.,,2:55 p.m.,Corrigé
2180,sched_dep_time,missing_values,real_missing_value,11:40 a.m.,,11:40 a.m.,Corrigé
2183,sched_dep_time,missing_values,real_missing_value,6:00 a.m.,,6:00 a.m.,Corrigé
2184,sched_dep_time,missing_values,real_missing_value,8:40 a.m.,,8:40 a.m.,Corrigé
2187,sched_dep_time,missing_values,real_missing_value,7:53 a.m.,,7:53 a.m.,Corrigé
2188,sched_dep_time,missing_values,real_missing_value,12:30 p.m.,,12:30 p.m.,Corrigé
2189,sched_dep_time,missing_values,real_missing_value,11:45 a.m.,,11:45 a.m.,Corrigé
2191,sched_dep_time,real_world_error,real_dirty_value,12:00 a.m.,12:00 p.m.,12:00 p.m.,Non corrigé (regression)
2192,sched_dep_time,missing_values,real_missing_value,5:25 p.m.,,5:25 p.m.,Corrigé
2193,sched_dep_time,missing_values,real_missing_value,7:10 p.m.,,7:10 p.m.,Corrigé
2195,sched_dep_time,missing_values,real_missing_value,12:57 p.m.,,12:57 p.m.,Corrigé
2196,sched_dep_time,missing_values,real_missing_value,3:35 p.m.,,3:35 p.m.,Corrigé
2201,sched_dep_time,missing_values,real_missing_value,1:55 p.m.,,1:55 p.m.,Corrigé
2205,sched_dep_time,missing_values,real_missing_value,4:55 p.m.,,4:55 p.m.,Corrigé
2207,sched_dep_time,missing_values,real_missing_value,4:16 p.m.,,4:16 p.m.,Corrigé
2209,sched_dep_time,missing_values,real_missing_value,10:25 a.m.,,10:25 a.m.,Corrigé
2210,sched_dep_time,missing_values,real_missing_value,7:05 a.m.,,7:05 a.m.,Corrigé
2214,sched_dep_time,missing_values,real_missing_value,1:29 p.m.,,1:29 p.m.,Corrigé
2221,sched_dep_time,missing_values,real_missing_value,8:29 a.m.,,8:29 a.m.,Corrigé
2223,sched_dep_time,missing_values,real_missing_value,2:53 p.m.,,2:53 p.m.,Corrigé
2224,sched_dep_time,missing_values,real_missing_value,7:35 a.m.,,7:35 a.m.,Corrigé
2227,sched_dep_time,missing_values,real_missing_value,1:45 p.m.,,1:45 p.m.,Corrigé
2228,sched_dep_time,missing_values,real_missing_value,11:15 a.m.,,11:15 a.m.,Corrigé
2229,sched_dep_time,missing_values,real_missing_value,8:20 p.m.,,8:20 p.m.,Corrigé
2230,sched_dep_time,missing_values,real_missing_value,2:55 p.m.,,2:55 p.m.,Corrigé
2231,sched_dep_time,missing_values,real_missing_value,2:30 p.m.,,2:30 p.m.,Corrigé
2232,sched_dep_time,missing_values,real_missing_value,8:55 a.m.,,8:55 a.m.,Corrigé
2238,sched_dep_time,missing_values,real_missing_value,9:05 a.m.,,9:05 a.m.,Corrigé
2240,sched_dep_time,missing_values,real_missing_value,8:35 a.m.,,8:35 a.m.,Corrigé
2243,sched_dep_time,missing_values,real_missing_value,11:25 a.m.,,11:25 a.m.,Corrigé
2247,sched_dep_time,missing_values,real_missing_value,2:55 p.m.,,2:55 p.m.,Corrigé
2278,sched_dep_time,real_world_error,real_dirty_value,12:00 a.m.,12:00 p.m.,12:00 p.m.,Non corrigé (regression)
2281,sched_dep_time,real_world_error,real_dirty_value,7:10 p.m.,7:27 p.m.,7:10 p.m.,Corrigé
2342,sched_dep_time,real_world_error,real_dirty_value,12:00 a.m.,12:00 p.m.,12:00 p.m.,Non corrigé (regression)
2,act_dep_time,missing_values,real_missing_value,6:30 p.m.,,6:47 p.m.,Mal corrigé (valeur différente mais fausse)
5,act_dep_time,missing_values,real_missing_value,11:25 p.m.,,11:29 p.m.,Mal corrigé (valeur différente mais fausse)
31,act_dep_time,missing_values,real_missing_value,11:55 p.m.,,12:11 a.m.,Mal corrigé (valeur différente mais fausse)
32,act_dep_time,missing_values,real_missing_value,9:00 p.m.,,9:06 p.m.,Mal corrigé (valeur différente mais fausse)
33,act_dep_time,missing_values,real_missing_value,8:25 p.m.,,8:29 p.m.,Mal corrigé (valeur différente mais fausse)
36,act_dep_time,missing_values,real_missing_value,1:30 p.m.,,1:41 p.m.,Mal corrigé (valeur différente mais fausse)
51,act_dep_time,missing_values,real_missing_value,7:14 p.m.,,7:42 p.m.,Mal corrigé (valeur différente mais fausse)
53,act_dep_time,real_world_error,real_dirty_value,8:29 a.m.,8:48 a.m.,8:29 a.m.,Corrigé
54,act_dep_time,real_world_error,real_dirty_value,8:42 a.m.,9:00 a.m.,8:42 a.m.,Corrigé
55,act_dep_time,real_world_error,real_dirty_value,7:58 p.m.,7:59 p.m.,7:59 p.m.,Non corrigé (regression)
56,act_dep_time,real_world_error,real_dirty_value,3:27 p.m.,3:50 p.m.,3:50 p.m.,Non corrigé (regression)
57,act_dep_time,missing_values,real_missing_value,11:32 a.m.,,11:32 a.m.,Corrigé
58,act_dep_time,real_world_error,real_dirty_value,11:40 a.m.,11:41 a.m.,11:41 a.m.,Non corrigé (regression)
59,act_dep_time,real_world_error,real_dirty_value,10:33 a.m.,10:53 a.m.,10:53 a.m.,Non corrigé (regression)
60,act_dep_time,real_world_error,real_dirty_value,11:25 p.m.,11:29 p.m.,11:29 p.m.,Non corrigé (regression)
61,act_dep_time,real_world_error,real_dirty_value,5:56 a.m.,6:10 a.m.,6:10 a.m.,Non corrigé (regression)
62,act_dep_time,missing_values,real_missing_value,12:41 a.m.,,12:41 a.m.,Corrigé
63,act_dep_time,real_world_error,real_dirty_value,4:00 p.m.,4:10 p.m.,4:10 p.m.,Non corrigé (regression)
64,act_dep_time,missing_values,real_missing_value,7:29 a.m.,,7:56 a.m.,Mal corrigé (valeur différente mais fausse)
65,act_dep_time,missing_values,real_missing_value,10:19 a.m.,,10:19 a.m.,Corrigé
66,act_dep_time,real_world_error,real_dirty_value,10:10 a.m.,10:11 a.m.,10:11 a.m.,Non corrigé (regression)
67,act_dep_time,real_world_error,real_dirty_value,8:12 a.m.,8:26 a.m.,8:26 a.m.,Non corrigé (regression)
70,act_dep_time,real_world_error,real_dirty_value,10:55 a.m.,10:54 a.m.,10:55 a.m.,Corrigé
71,act_dep_time,missing_values,real_missing_value,2:48 p.m.,,2:48 p.m.,Corrigé
72,act_dep_time,missing_values,real_missing_value,8:00 a.m.,,8:00 a.m.,Corrigé
73,act_dep_time,real_world_error,real_dirty_value,2:55 p.m.,3:04 p.m.,3:04 p.m.,Non corrigé (regression)
74,act_dep_time,real_world_error,real_dirty_value,12:12 p.m.,12:13 p.m.,12:13 p.m.,Non corrigé (regression)
75,act_dep_time,missing_values,real_missing_value,11:56 a.m.,,12:06 p.m.,Mal corrigé (valeur différente mais fausse)
76,act_dep_time,real_world_error,real_dirty_value,6:08 a.m.,6:09 a.m.,6:09 a.m.,Non corrigé (regression)
77,act_dep_time,real_world_error,real_dirty_value,11:30 a.m.,11:45 a.m.,11:45 a.m.,Non corrigé (regression)
78,act_dep_time,missing_values,real_missing_value,6:02 a.m.,,6:02 a.m.,Corrigé
79,act_dep_time,missing_values,real_missing_value,8:40 a.m.,,8:40 a.m.,Corrigé
80,act_dep_time,real_world_error,real_dirty_value,10:18 a.m.,10:19 a.m.,10:19 a.m.,Non corrigé (regression)
81,act_dep_time,real_world_error,real_dirty_value,2:04 p.m.,2:03 p.m.,2:04 p.m.,Corrigé
82,act_dep_time,real_world_error,real_dirty_value,7:49 a.m.,8:07 a.m.,8:07 a.m.,Non corrigé (regression)
83,act_dep_time,real_world_error,real_dirty_value,12:35 p.m.,12:56 p.m.,12:56 p.m.,Non corrigé (regression)
84,act_dep_time,real_world_error,real_dirty_value,12:13 p.m.,12:14 p.m.,12:14 p.m.,Non corrigé (regression)
85,act_dep_time,real_world_error,real_dirty_value,2:26 p.m.,2:43 p.m.,2:43 p.m.,Non corrigé (regression)
86,act_dep_time,real_world_error,real_dirty_value,3:11 a.m.,12:07 p.m.,12:08 p.m.,Mal corrigé (valeur différente mais fausse)
87,act_dep_time,missing_values,real_missing_value,5:22 p.m.,,5:38 p.m.,Mal corrigé (valeur différente mais fausse)
88,act_dep_time,missing_values,real_missing_value,8:25 p.m.,,8:25 p.m.,Corrigé
89,act_dep_time,real_world_error,real_dirty_value,11:05 a.m.,11:06 a.m.,11:06 a.m.,Non corrigé (regression)
90,act_dep_time,real_world_error,real_dirty_value,1:32 p.m.,1:43 p.m.,1:43 p.m.,Non corrigé (regression)
91,act_dep_time,missing_values,real_missing_value,3:36 p.m.,,3:36 p.m.,Corrigé
92,act_dep_time,real_world_error,real_dirty_value,7:21 a.m.,7:22 a.m.,7:22 a.m.,Non corrigé (regression)
93,act_dep_time,real_world_error,real_dirty_value,6:30 p.m.,6:47 p.m.,6:47 p.m.,Non corrigé (regression)
94,act_dep_time,real_world_error,real_dirty_value,6:55 p.m.,6:56 p.m.,6:56 p.m.,Non corrigé (regression)
95,act_dep_time,real_world_error,real_dirty_value,12:11 p.m.,12:12 p.m.,12:12 p.m.,Non corrigé (regression)
96,act_dep_time,missing_values,real_missing_value,7:15 p.m.,,7:23 a.m.,Mal corrigé (valeur différente mais fausse)
97,act_dep_time,real_world_error,real_dirty_value,2:10 p.m.,2:04 p.m.,2:38 p.m.,Mal corrigé (valeur différente mais fausse)
98,act_dep_time,missing_values,real_missing_value,9:14 a.m.,,9:14 a.m.,Corrigé
99,act_dep_time,real_world_error,real_dirty_value,6:56 a.m.,6:57 a.m.,6:56 a.m.,Corrigé
100,act_dep_time,real_world_error,real_dirty_value,7:30 a.m.,7:31 a.m.,7:31 a.m.,Non corrigé (regression)
101,act_dep_time,real_world_error,real_dirty_value,5:08 p.m.,5:09 p.m.,5:09 p.m.,Non corrigé (regression)
103,act_dep_time,real_world_error,real_dirty_value,4:28 p.m.,4:44 p.m.,4:28 p.m.,Corrigé
104,act_dep_time,real_world_error,real_dirty_value,4:15 p.m.,4:37 p.m.,4:37 p.m.,Non corrigé (regression)
106,act_dep_time,missing_values,real_missing_value,10:20 a.m.,,10:20 a.m.,Corrigé
107,act_dep_time,real_world_error,real_dirty_value,7:05 a.m.,7:30 a.m.,7:31 a.m.,Mal corrigé (valeur différente mais fausse)
108,act_dep_time,real_world_error,real_dirty_value,11:01 a.m.,11:02 a.m.,11:02 a.m.,Non corrigé (regression)
109,act_dep_time,real_world_error,real_dirty_value,1:31 p.m.,1:48 p.m.,1:48 p.m.,Non corrigé (regression)
110,act_dep_time,real_world_error,real_dirty_value,12:41 p.m.,12:42 p.m.,12:42 p.m.,Non corrigé (regression)
111,act_dep_time,missing_values,real_missing_value,1:48 p.m.,,2:01 p.m.,Mal corrigé (valeur différente mais fausse)
112,act_dep_time,real_world_error,real_dirty_value,11:55 p.m.,12:11 a.m.,12:11 a.m.,Non corrigé (regression)
113,act_dep_time,real_world_error,real_dirty_value,4:25 p.m.,4:28 p.m.,7:23 a.m.,Mal corrigé (valeur différente mais fausse)
114,act_dep_time,real_world_error,real_dirty_value,9:00 p.m.,9:06 p.m.,9:06 p.m.,Non corrigé (regression)
115,act_dep_time,real_world_error,real_dirty_value,8:25 p.m.,8:29 p.m.,8:29 p.m.,Non corrigé (regression)
116,act_dep_time,real_world_error,real_dirty_value,7:22 a.m.,7:23 a.m.,7:23 a.m.,Non corrigé (regression)
117,act_dep_time,real_world_error,real_dirty_value,8:51 a.m.,8:52 a.m.,8:52 a.m.,Non corrigé (regression)
118,act_dep_time,real_world_error,real_dirty_value,8:26 a.m.,8:37 a.m.,8:37 a.m.,Non corrigé (regression)
119,act_dep_time,real_world_error,real_dirty_value,1:30 p.m.,1:41 p.m.,1:41 p.m.,Non corrigé (regression)
120,act_dep_time,missing_values,real_missing_value,3:01 p.m.,,3:01 p.m.,Corrigé
121,act_dep_time,real_world_error,real_dirty_value,7:27 a.m.,7:41 a.m.,7:41 a.m.,Non corrigé (regression)
122,act_dep_time,missing_values,real_missing_value,11:08 p.m.,,11:35 p.m.,Mal corrigé (valeur différente mais fausse)
123,act_dep_time,real_world_error,real_dirty_value,5:30 p.m.,5:38 p.m.,5:38 p.m.,Non corrigé (regression)
124,act_dep_time,real_world_error,real_dirty_value,1:32 p.m.,1:50 p.m. (+8:00),1:32 p.m.,Corrigé
125,act_dep_time,real_world_error,real_dirty_value,11:15 a.m.,11:47 a.m.,11:47 a.m.,Non corrigé (regression)
126,act_dep_time,real_world_error,real_dirty_value,8:39 p.m.,8:40 p.m.,8:40 p.m.,Non corrigé (regression)
127,act_dep_time,real_world_error,real_dirty_value,2:55 p.m.,3:04 p.m.,3:04 p.m.,Non corrigé (regression)
128,act_dep_time,missing_values,real_missing_value,2:48 p.m.,,2:48 p.m.,Corrigé
129,act_dep_time,missing_values,real_missing_value,9:16 a.m.,,9:43 a.m.,Mal corrigé (valeur différente mais fausse)
131,act_dep_time,real_world_error,real_dirty_value,3:27 p.m.,3:28 p.m.,3:27 p.m.,Corrigé
133,act_dep_time,real_world_error,real_dirty_value,12:10 p.m.,12:11 p.m.,12:11 p.m.,Non corrigé (regression)
135,act_dep_time,missing_values,real_missing_value,8:52 a.m.,,9:05 a.m.,Mal corrigé (valeur différente mais fausse)
136,act_dep_time,real_world_error,real_dirty_value,1:19 p.m.,1:20 p.m.,1:19 p.m.,Corrigé
137,act_dep_time,real_world_error,real_dirty_value,8:56 a.m.,8:55 a.m.,8:56 a.m.,Corrigé
138,act_dep_time,real_world_error,real_dirty_value,3:36 p.m.,3:38 p.m.,3:38 p.m.,Non corrigé (regression)
142,act_dep_time,missing_values,real_missing_value,3:31 p.m.,,3:31 p.m.,Corrigé
144,act_dep_time,real_world_error,real_dirty_value,10:54 a.m.,10:55 a.m.,10:55 a.m.,Non corrigé (regression)
145,act_dep_time,real_world_error,real_dirty_value,6:57 a.m.,6:58 a.m.,6:58 a.m.,Non corrigé (regression)
146,act_dep_time,missing_values,real_missing_value,3:58 p.m.,,3:58 p.m.,Corrigé
147,act_dep_time,real_world_error,real_dirty_value,6:10 a.m.,6:11 a.m.,6:10 a.m.,Corrigé
148,act_dep_time,real_world_error,real_dirty_value,7:39 a.m.,7:40 a.m.,7:40 a.m.,Non corrigé (regression)
149,act_dep_time,real_world_error,real_dirty_value,7:31 a.m.,7:32 a.m.,7:32 a.m.,Non corrigé (regression)
151,act_dep_time,real_world_error,real_dirty_value,7:14 p.m.,7:42 p.m.,7:42 p.m.,Non corrigé (regression)
153,act_dep_time,real_world_error,real_dirty_value,8:29 a.m.,8:49 a.m.,8:29 a.m.,Corrigé
154,act_dep_time,real_world_error,real_dirty_value,8:42 a.m.,9:01 a.m.,8:42 a.m.,Corrigé
155,act_dep_time,real_world_error,real_dirty_value,7:58 p.m.,7:59 p.m.,7:59 p.m.,Non corrigé (regression)
156,act_dep_time,real_world_error,real_dirty_value,12:11 p.m.,12:12 p.m.,12:12 p.m.,Non corrigé (regression)
157,act_dep_time,real_world_error,real_dirty_value,3:27 p.m.,3:50 p.m.,3:50 p.m.,Non corrigé (regression)
158,act_dep_time,real_world_error,real_dirty_value,11:32 a.m.,12:37 p.m.,11:32 a.m.,Corrigé
159,act_dep_time,real_world_error,real_dirty_value,10:33 a.m.,10:53 a.m.,10:53 a.m.,Non corrigé (regression)
160,act_dep_time,real_world_error,real_dirty_value,11:25 p.m.,Not Available,11:29 p.m.,Mal corrigé (valeur différente mais fausse)
161,act_dep_time,real_world_error,real_dirty_value,5:56 a.m.,6:10 a.m.,6:10 a.m.,Non corrigé (regression)
162,act_dep_time,real_world_error,real_dirty_value,12:41 a.m.,12:58 a.m.,12:41 a.m.,Corrigé
163,act_dep_time,real_world_error,real_dirty_value,4:00 p.m.,4:10 p.m.,4:10 p.m.,Non corrigé (regression)
164,act_dep_time,real_world_error,real_dirty_value,7:29 a.m.,7:56 a.m.,7:56 a.m.,Non corrigé (regression)
165,act_dep_time,real_world_error,real_dirty_value,10:19 a.m.,10:35 a.m.,10:19 a.m.,Corrigé
166,act_dep_time,real_world_error,real_dirty_value,10:10 a.m.,10:11 a.m.,10:11 a.m.,Non corrigé (regression)
167,act_dep_time,real_world_error,real_dirty_value,8:12 a.m.,8:26 a.m.,8:26 a.m.,Non corrigé (regression)
169,act_dep_time,real_world_error,real_dirty_value,4:29 p.m.,4:30 p.m.,4:29 p.m.,Corrigé
171,act_dep_time,real_world_error,real_dirty_value,2:48 p.m.,2:59 p.m.,2:48 p.m.,Corrigé
172,act_dep_time,real_world_error,real_dirty_value,8:00 a.m.,8:18 a.m.,8:00 a.m.,Corrigé
173,act_dep_time,real_world_error,real_dirty_value,2:55 p.m.,3:04 p.m.,3:04 p.m.,Non corrigé (regression)
174,act_dep_time,real_world_error,real_dirty_value,12:12 p.m.,12:13 p.m.,12:13 p.m.,Non corrigé (regression)
175,act_dep_time,real_world_error,real_dirty_value,11:56 a.m.,12:06 p.m.,12:06 p.m.,Non corrigé (regression)
176,act_dep_time,real_world_error,real_dirty_value,6:08 a.m.,6:09 a.m.,6:09 a.m.,Non corrigé (regression)
177,act_dep_time,real_world_error,real_dirty_value,11:30 a.m.,11:45 a.m.,11:45 a.m.,Non corrigé (regression)
178,act_dep_time,real_world_error,real_dirty_value,6:02 a.m.,6:17 a.m.,6:02 a.m.,Corrigé
179,act_dep_time,real_world_error,real_dirty_value,8:40 a.m.,9:01 a.m.,8:40 a.m.,Corrigé
180,act_dep_time,real_world_error,real_dirty_value,10:18 a.m.,10:19 a.m.,10:19 a.m.,Non corrigé (regression)
182,act_dep_time,real_world_error,real_dirty_value,7:49 a.m.,8:07 a.m.,8:07 a.m.,Non corrigé (regression)
183,act_dep_time,real_world_error,real_dirty_value,12:35 p.m.,12:56 p.m.,12:56 p.m.,Non corrigé (regression)
184,act_dep_time,real_world_error,real_dirty_value,12:13 p.m.,12:14 p.m.,12:14 p.m.,Non corrigé (regression)
185,act_dep_time,real_world_error,real_dirty_value,2:26 p.m.,2:43 p.m.,2:43 p.m.,Non corrigé (regression)
186,act_dep_time,real_world_error,real_dirty_value,3:11 a.m.,12:08 p.m.,12:08 p.m.,Non corrigé (regression)
187,act_dep_time,real_world_error,real_dirty_value,5:22 p.m.,5:38 p.m.,5:38 p.m.,Non corrigé (regression)
188,act_dep_time,real_world_error,real_dirty_value,8:25 p.m.,8:36 p.m.,8:25 p.m.,Corrigé
189,act_dep_time,real_world_error,real_dirty_value,11:05 a.m.,11:06 a.m.,11:06 a.m.,Non corrigé (regression)
190,act_dep_time,missing_values,real_missing_value,1:32 p.m.,,1:43 p.m.,Mal corrigé (valeur différente mais fausse)
192,act_dep_time,real_world_error,real_dirty_value,7:21 a.m.,7:22 a.m.,7:22 a.m.,Non corrigé (regression)
193,act_dep_time,real_world_error,real_dirty_value,6:30 p.m.,Not Available,6:47 p.m.,Mal corrigé (valeur différente mais fausse)
194,act_dep_time,real_world_error,real_dirty_value,6:55 p.m.,6:56 p.m.,6:56 p.m.,Non corrigé (regression)
195,act_dep_time,real_world_error,real_dirty_value,7:15 p.m.,Not Available,7:23 a.m.,Mal corrigé (valeur différente mais fausse)
196,act_dep_time,real_world_error,real_dirty_value,2:10 p.m.,2:38 p.m.,2:38 p.m.,Non corrigé (regression)
197,act_dep_time,real_world_error,real_dirty_value,9:14 a.m.,9:58 a.m.,9:14 a.m.,Corrigé
198,act_dep_time,real_world_error,real_dirty_value,6:56 a.m.,6:57 a.m.,6:56 a.m.,Corrigé
199,act_dep_time,real_world_error,real_dirty_value,7:30 a.m.,7:31 a.m.,7:31 a.m.,Non corrigé (regression)
200,act_dep_time,real_world_error,real_dirty_value,5:08 p.m.,5:09 p.m.,5:09 p.m.,Non corrigé (regression)
201,act_dep_time,real_world_error,real_dirty_value,4:28 p.m.,4:46 p.m.,4:28 p.m.,Corrigé
202,act_dep_time,real_world_error,real_dirty_value,4:15 p.m.,4:37 p.m.,4:37 p.m.,Non corrigé (regression)
204,act_dep_time,real_world_error,real_dirty_value,10:20 a.m.,10:37 a.m.,10:20 a.m.,Corrigé
205,act_dep_time,real_world_error,real_dirty_value,7:05 a.m.,7:31 a.m.,7:31 a.m.,Non corrigé (regression)
206,act_dep_time,real_world_error,real_dirty_value,11:01 a.m.,11:02 a.m.,11:02 a.m.,Non corrigé (regression)
207,act_dep_time,real_world_error,real_dirty_value,1:31 p.m.,1:48 p.m.,1:48 p.m.,Non corrigé (regression)
208,act_dep_time,real_world_error,real_dirty_value,12:41 p.m.,12:42 p.m.,12:42 p.m.,Non corrigé (regression)
209,act_dep_time,real_world_error,real_dirty_value,1:48 p.m.,2:01 p.m.,2:01 p.m.,Non corrigé (regression)
210,act_dep_time,missing_values,real_missing_value,11:55 p.m.,,12:11 a.m.,Mal corrigé (valeur différente mais fausse)
211,act_dep_time,real_world_error,real_dirty_value,4:25 p.m.,Not Available,7:23 a.m.,Mal corrigé (valeur différente mais fausse)
212,act_dep_time,real_world_error,real_dirty_value,9:00 p.m.,Not Available,9:06 p.m.,Mal corrigé (valeur différente mais fausse)
213,act_dep_time,real_world_error,real_dirty_value,8:25 p.m.,Not Available,8:29 p.m.,Mal corrigé (valeur différente mais fausse)
214,act_dep_time,real_world_error,real_dirty_value,7:22 a.m.,7:23 a.m.,7:23 a.m.,Non corrigé (regression)
215,act_dep_time,real_world_error,real_dirty_value,8:51 a.m.,8:52 a.m.,8:52 a.m.,Non corrigé (regression)
216,act_dep_time,real_world_error,real_dirty_value,8:26 a.m.,8:37 a.m.,8:37 a.m.,Non corrigé (regression)
217,act_dep_time,real_world_error,real_dirty_value,1:30 p.m.,Not Available,1:41 p.m.,Mal corrigé (valeur différente mais fausse)
218,act_dep_time,real_world_error,real_dirty_value,3:01 p.m.,3:17 p.m.,3:01 p.m.,Corrigé
219,act_dep_time,real_world_error,real_dirty_value,7:27 a.m.,7:41 a.m.,7:41 a.m.,Non corrigé (regression)
220,act_dep_time,missing_values,real_missing_value,11:08 p.m.,,11:35 p.m.,Mal corrigé (valeur différente mais fausse)
221,act_dep_time,missing_values,real_missing_value,5:30 p.m.,,5:38 p.m.,Mal corrigé (valeur différente mais fausse)
222,act_dep_time,real_world_error,real_dirty_value,1:32 p.m.,12:45 a.m.,1:32 p.m.,Corrigé
223,act_dep_time,real_world_error,real_dirty_value,11:15 a.m.,11:47 a.m.,11:47 a.m.,Non corrigé (regression)
224,act_dep_time,real_world_error,real_dirty_value,8:39 p.m.,8:40 p.m.,8:40 p.m.,Non corrigé (regression)
225,act_dep_time,real_world_error,real_dirty_value,2:55 p.m.,3:04 p.m.,3:04 p.m.,Non corrigé (regression)
226,act_dep_time,real_world_error,real_dirty_value,2:48 p.m.,2:59 p.m.,2:48 p.m.,Corrigé
227,act_dep_time,real_world_error,real_dirty_value,9:16 a.m.,9:43 a.m.,9:43 a.m.,Non corrigé (regression)
229,act_dep_time,real_world_error,real_dirty_value,3:27 p.m.,3:28 p.m.,3:27 p.m.,Corrigé
230,act_dep_time,real_world_error,real_dirty_value,7:22 a.m.,7:23 a.m.,7:23 a.m.,Non corrigé (regression)
231,act_dep_time,real_world_error,real_dirty_value,12:10 p.m.,12:11 p.m.,12:11 p.m.,Non corrigé (regression)
232,act_dep_time,real_world_error,real_dirty_value,8:04 a.m.,8:05 a.m.,8:04 a.m.,Corrigé
233,act_dep_time,real_world_error,real_dirty_value,8:52 a.m.,9:05 a.m.,9:05 a.m.,Non corrigé (regression)
234,act_dep_time,real_world_error,real_dirty_value,1:19 p.m.,1:20 p.m.,1:19 p.m.,Corrigé
236,act_dep_time,real_world_error,real_dirty_value,3:36 p.m.,3:38 p.m.,3:38 p.m.,Non corrigé (regression)
238,act_dep_time,real_world_error,real_dirty_value,11:40 a.m.,11:41 a.m.,11:41 a.m.,Non corrigé (regression)
241,act_dep_time,real_world_error,real_dirty_value,7:39 a.m.,7:40 a.m.,7:39 a.m.,Corrigé
242,act_dep_time,real_world_error,real_dirty_value,3:31 p.m.,4:02 p.m.,3:31 p.m.,Corrigé
244,act_dep_time,real_world_error,real_dirty_value,10:54 a.m.,10:55 a.m.,10:55 a.m.,Non corrigé (regression)
245,act_dep_time,real_world_error,real_dirty_value,6:57 a.m.,6:58 a.m.,6:58 a.m.,Non corrigé (regression)
246,act_dep_time,real_world_error,real_dirty_value,3:58 p.m.,4:15 p.m.,3:58 p.m.,Corrigé
247,act_dep_time,real_world_error,real_dirty_value,6:10 a.m.,6:11 a.m.,6:10 a.m.,Corrigé
248,act_dep_time,real_world_error,real_dirty_value,7:39 a.m.,7:40 a.m.,7:40 a.m.,Non corrigé (regression)
249,act_dep_time,real_world_error,real_dirty_value,7:31 a.m.,7:32 a.m.,7:32 a.m.,Non corrigé (regression)
250,act_dep_time,missing_values,real_missing_value,7:16 a.m.,,7:16 a.m.,Corrigé
252,act_dep_time,real_world_error,real_dirty_value,8:29 a.m.,8:49 a.m.,8:29 a.m.,Corrigé
253,act_dep_time,missing_values,real_missing_value,8:42 a.m.,,8:42 a.m.,Corrigé
254,act_dep_time,missing_values,real_missing_value,7:58 p.m.,,7:59 p.m.,Mal corrigé (valeur différente mais fausse)
255,act_dep_time,real_world_error,real_dirty_value,6:30 p.m.,6:56 p.m.,6:47 p.m.,Mal corrigé (valeur différente mais fausse)
256,act_dep_time,missing_values,real_missing_value,3:27 p.m.,,3:50 p.m.,Mal corrigé (valeur différente mais fausse)
257,act_dep_time,missing_values,real_missing_value,11:32 a.m.,,11:32 a.m.,Corrigé
258,act_dep_time,missing_values,real_missing_value,11:40 a.m.,,11:41 a.m.,Mal corrigé (valeur différente mais fausse)
259,act_dep_time,missing_values,real_missing_value,10:33 a.m.,,10:53 a.m.,Mal corrigé (valeur différente mais fausse)
260,act_dep_time,real_world_error,real_dirty_value,11:25 p.m.,11:58 p.m.,11:29 p.m.,Mal corrigé (valeur différente mais fausse)
261,act_dep_time,missing_values,real_missing_value,5:56 a.m.,,6:10 a.m.,Mal corrigé (valeur différente mais fausse)
262,act_dep_time,missing_values,real_missing_value,12:41 p.m.,,12:42 p.m.,Mal corrigé (valeur différente mais fausse)
263,act_dep_time,missing_values,real_missing_value,4:00 p.m.,,4:10 p.m.,Mal corrigé (valeur différente mais fausse)
264,act_dep_time,missing_values,real_missing_value,10:19 a.m.,,10:19 a.m.,Corrigé
265,act_dep_time,missing_values,real_missing_value,7:25 a.m.,,7:25 a.m.,Corrigé
266,act_dep_time,missing_values,real_missing_value,8:12 a.m.,,8:26 a.m.,Mal corrigé (valeur différente mais fausse)
267,act_dep_time,missing_values,real_missing_value,4:29 p.m.,,4:29 p.m.,Corrigé
268,act_dep_time,missing_values,real_missing_value,2:48 p.m.,,2:48 p.m.,Corrigé
269,act_dep_time,missing_values,real_missing_value,12:12 p.m.,,12:13 p.m.,Mal corrigé (valeur différente mais fausse)
270,act_dep_time,real_world_error,real_dirty_value,6:08 a.m.,6:09 a.m.,6:09 a.m.,Non corrigé (regression)
271,act_dep_time,missing_values,real_missing_value,11:30 a.m.,,11:45 a.m.,Mal corrigé (valeur différente mais fausse)
272,act_dep_time,missing_values,real_missing_value,6:02 a.m.,,6:02 a.m.,Corrigé
273,act_dep_time,missing_values,real_missing_value,8:40 a.m.,,8:40 a.m.,Corrigé
274,act_dep_time,missing_values,real_missing_value,10:55 a.m.,,10:55 a.m.,Corrigé
275,act_dep_time,real_world_error,real_dirty_value,10:18 a.m.,10:19 a.m.,10:19 a.m.,Non corrigé (regression)
276,act_dep_time,missing_values,real_missing_value,8:04 a.m.,,8:04 a.m.,Corrigé
278,act_dep_time,missing_values,real_missing_value,12:41 a.m.,,12:41 a.m.,Corrigé
279,act_dep_time,real_world_error,real_dirty_value,10:10 a.m.,10:11 a.m.,10:11 a.m.,Non corrigé (regression)
280,act_dep_time,missing_values,real_missing_value,12:13 p.m.,,12:14 p.m.,Mal corrigé (valeur différente mais fausse)
281,act_dep_time,missing_values,real_missing_value,3:11 a.m.,,12:08 p.m.,Mal corrigé (valeur différente mais fausse)
282,act_dep_time,real_world_error,real_dirty_value,7:39 a.m.,7:40 a.m.,7:39 a.m.,Corrigé
284,act_dep_time,real_world_error,real_dirty_value,11:05 a.m.,11:06 a.m.,11:06 a.m.,Non corrigé (regression)
285,act_dep_time,real_world_error,real_dirty_value,7:21 a.m.,7:22 a.m.,7:22 a.m.,Non corrigé (regression)
286,act_dep_time,missing_values,real_missing_value,8:00 a.m.,,8:00 a.m.,Corrigé
287,act_dep_time,missing_values,real_missing_value,6:55 p.m.,,6:56 p.m.,Mal corrigé (valeur différente mais fausse)
288,act_dep_time,real_world_error,real_dirty_value,12:11 p.m.,12:12 p.m.,12:12 p.m.,Non corrigé (regression)
289,act_dep_time,missing_values,real_missing_value,7:15 p.m.,,7:23 a.m.,Mal corrigé (valeur différente mais fausse)
290,act_dep_time,missing_values,real_missing_value,2:10 p.m.,,2:38 p.m.,Mal corrigé (valeur différente mais fausse)
291,act_dep_time,missing_values,real_missing_value,9:14 a.m.,,9:14 a.m.,Corrigé
292,act_dep_time,missing_values,real_missing_value,6:56 a.m.,,6:56 a.m.,Corrigé
293,act_dep_time,real_world_error,real_dirty_value,7:30 a.m.,7:31 a.m.,7:31 a.m.,Non corrigé (regression)
294,act_dep_time,missing_values,real_missing_value,4:28 p.m.,,4:28 p.m.,Corrigé
295,act_dep_time,missing_values,real_missing_value,4:15 p.m.,,4:37 p.m.,Mal corrigé (valeur différente mais fausse)
296,act_dep_time,missing_values,real_missing_value,8:23 p.m.,,8:23 p.m.,Corrigé
297,act_dep_time,missing_values,real_missing_value,10:20 a.m.,,10:20 a.m.,Corrigé
298,act_dep_time,missing_values,real_missing_value,7:05 a.m.,,7:31 a.m.,Mal corrigé (valeur différente mais fausse)
299,act_dep_time,real_world_error,real_dirty_value,11:01 a.m.,11:02 a.m.,11:02 a.m.,Non corrigé (regression)
300,act_dep_time,missing_values,real_missing_value,1:31 p.m.,,1:48 p.m.,Mal corrigé (valeur différente mais fausse)
301,act_dep_time,real_world_error,real_dirty_value,11:55 p.m.,12:11 a.m.,12:11 a.m.,Non corrigé (regression)
302,act_dep_time,real_world_error,real_dirty_value,4:25 p.m.,4:30 p.m.,7:23 a.m.,Mal corrigé (valeur différente mais fausse)
303,act_dep_time,missing_values,real_missing_value,9:00 p.m.,,9:06 p.m.,Mal corrigé (valeur différente mais fausse)
304,act_dep_time,real_world_error,real_dirty_value,8:25 p.m.,8:44 p.m.,8:29 p.m.,Mal corrigé (valeur différente mais fausse)
305,act_dep_time,real_world_error,real_dirty_value,7:22 a.m.,7:23 a.m.,7:23 a.m.,Non corrigé (regression)
306,act_dep_time,real_world_error,real_dirty_value,8:51 a.m.,8:52 a.m.,8:52 a.m.,Non corrigé (regression)
307,act_dep_time,missing_values,real_missing_value,2:26 p.m.,,2:43 p.m.,Mal corrigé (valeur différente mais fausse)
308,act_dep_time,missing_values,real_missing_value,8:26 a.m.,,8:37 a.m.,Mal corrigé (valeur différente mais fausse)
309,act_dep_time,missing_values,real_missing_value,1:30 p.m.,,1:41 p.m.,Mal corrigé (valeur différente mais fausse)
310,act_dep_time,missing_values,real_missing_value,3:01 p.m.,,3:01 p.m.,Corrigé
311,act_dep_time,missing_values,real_missing_value,7:27 a.m.,,7:41 a.m.,Mal corrigé (valeur différente mais fausse)
312,act_dep_time,missing_values,real_missing_value,1:32 p.m.,,1:32 p.m.,Corrigé
313,act_dep_time,missing_values,real_missing_value,11:15 a.m.,,11:47 a.m.,Mal corrigé (valeur différente mais fausse)
314,act_dep_time,missing_values,real_missing_value,8:39 p.m.,,8:40 p.m.,Mal corrigé (valeur différente mais fausse)
315,act_dep_time,missing_values,real_missing_value,2:55 p.m.,,3:04 p.m.,Mal corrigé (valeur différente mais fausse)
316,act_dep_time,missing_values,real_missing_value,2:48 p.m.,,2:48 p.m.,Corrigé
317,act_dep_time,missing_values,real_missing_value,2:44 p.m.,,2:44 p.m.,Corrigé
318,act_dep_time,missing_values,real_missing_value,3:27 p.m.,,3:27 p.m.,Corrigé
319,act_dep_time,real_world_error,real_dirty_value,7:22 a.m.,7:23 a.m.,7:23 a.m.,Non corrigé (regression)
320,act_dep_time,missing_values,real_missing_value,2:55 p.m.,,3:04 p.m.,Mal corrigé (valeur différente mais fausse)
321,act_dep_time,missing_values,real_missing_value,12:10 p.m.,,12:11 p.m.,Mal corrigé (valeur différente mais fausse)
322,act_dep_time,missing_values,real_missing_value,8:04 a.m.,,8:04 a.m.,Corrigé
323,act_dep_time,missing_values,real_missing_value,8:52 a.m.,,9:05 a.m.,Mal corrigé (valeur différente mais fausse)
324,act_dep_time,real_world_error,real_dirty_value,1:19 p.m.,1:20 p.m.,1:19 p.m.,Corrigé
325,act_dep_time,real_world_error,real_dirty_value,7:49 a.m.,8:07 a.m.,8:07 a.m.,Non corrigé (regression)
326,act_dep_time,missing_values,real_missing_value,8:56 a.m.,,8:56 a.m.,Corrigé
327,act_dep_time,missing_values,real_missing_value,3:36 p.m.,,3:38 p.m.,Mal corrigé (valeur différente mais fausse)
328,act_dep_time,missing_values,real_missing_value,4:12 p.m.,,4:12 p.m.,Corrigé
329,act_dep_time,missing_values,real_missing_value,3:31 p.m.,,3:31 p.m.,Corrigé
330,act_dep_time,missing_values,real_missing_value,11:55 a.m.,,11:55 a.m.,Corrigé
331,act_dep_time,missing_values,real_missing_value,10:54 a.m.,,10:55 a.m.,Mal corrigé (valeur différente mais fausse)
332,act_dep_time,real_world_error,real_dirty_value,6:57 a.m.,6:58 a.m.,6:58 a.m.,Non corrigé (regression)
333,act_dep_time,missing_values,real_missing_value,3:58 p.m.,,3:58 p.m.,Corrigé
334,act_dep_time,missing_values,real_missing_value,6:10 a.m.,,6:10 a.m.,Corrigé
335,act_dep_time,real_world_error,real_dirty_value,7:39 a.m.,7:40 a.m.,7:40 a.m.,Non corrigé (regression)
336,act_dep_time,missing_values,real_missing_value,7:31 a.m.,,7:32 a.m.,Mal corrigé (valeur différente mais fausse)
338,act_dep_time,missing_values,real_missing_value,7:14 p.m.,,7:42 p.m.,Mal corrigé (valeur différente mais fausse)
340,act_dep_time,real_world_error,real_dirty_value,8:29 a.m.,8:48 a.m.,8:29 a.m.,Corrigé
341,act_dep_time,real_world_error,real_dirty_value,8:42 a.m.,9:00 a.m.,8:42 a.m.,Corrigé
342,act_dep_time,real_world_error,real_dirty_value,7:58 p.m.,7:59 p.m.,7:59 p.m.,Non corrigé (regression)
343,act_dep_time,real_world_error,real_dirty_value,3:27 p.m.,3:50 p.m.,3:50 p.m.,Non corrigé (regression)
344,act_dep_time,missing_values,real_missing_value,11:32 a.m.,,11:32 a.m.,Corrigé
345,act_dep_time,real_world_error,real_dirty_value,11:40 a.m.,11:41 a.m.,11:41 a.m.,Non corrigé (regression)
346,act_dep_time,real_world_error,real_dirty_value,10:33 a.m.,10:53 a.m.,10:53 a.m.,Non corrigé (regression)
347,act_dep_time,real_world_error,real_dirty_value,11:25 p.m.,11:29 p.m.,11:29 p.m.,Non corrigé (regression)
348,act_dep_time,real_world_error,real_dirty_value,5:56 a.m.,6:10 a.m.,6:10 a.m.,Non corrigé (regression)
349,act_dep_time,missing_values,real_missing_value,12:41 a.m.,,12:41 a.m.,Corrigé
350,act_dep_time,real_world_error,real_dirty_value,4:00 p.m.,4:10 p.m.,4:10 p.m.,Non corrigé (regression)
351,act_dep_time,missing_values,real_missing_value,7:29 a.m.,,7:56 a.m.,Mal corrigé (valeur différente mais fausse)
352,act_dep_time,missing_values,real_missing_value,10:19 a.m.,,10:19 a.m.,Corrigé
353,act_dep_time,real_world_error,real_dirty_value,10:10 a.m.,10:11 a.m.,10:11 a.m.,Non corrigé (regression)
354,act_dep_time,real_world_error,real_dirty_value,8:12 a.m.,8:26 a.m.,8:26 a.m.,Non corrigé (regression)
357,act_dep_time,real_world_error,real_dirty_value,10:55 a.m.,10:54 a.m.,10:55 a.m.,Corrigé
358,act_dep_time,missing_values,real_missing_value,2:48 p.m.,,2:48 p.m.,Corrigé
359,act_dep_time,missing_values,real_missing_value,8:00 a.m.,,8:00 a.m.,Corrigé
360,act_dep_time,real_world_error,real_dirty_value,2:55 p.m.,3:04 p.m.,3:04 p.m.,Non corrigé (regression)
361,act_dep_time,real_world_error,real_dirty_value,12:12 p.m.,12:13 p.m.,12:13 p.m.,Non corrigé (regression)
362,act_dep_time,missing_values,real_missing_value,11:56 a.m.,,12:06 p.m.,Mal corrigé (valeur différente mais fausse)
363,act_dep_time,real_world_error,real_dirty_value,6:08 a.m.,6:09 a.m.,6:09 a.m.,Non corrigé (regression)
364,act_dep_time,real_world_error,real_dirty_value,11:30 a.m.,11:45 a.m.,11:45 a.m.,Non corrigé (regression)
365,act_dep_time,missing_values,real_missing_value,6:02 a.m.,,6:02 a.m.,Corrigé
366,act_dep_time,missing_values,real_missing_value,8:40 a.m.,,8:40 a.m.,Corrigé
367,act_dep_time,real_world_error,real_dirty_value,10:18 a.m.,10:19 a.m.,10:19 a.m.,Non corrigé (regression)
368,act_dep_time,real_world_error,real_dirty_value,2:04 p.m.,2:03 p.m.,2:04 p.m.,Corrigé
369,act_dep_time,real_world_error,real_dirty_value,7:49 a.m.,8:07 a.m.,8:07 a.m.,Non corrigé (regression)
370,act_dep_time,real_world_error,real_dirty_value,12:35 p.m.,12:56 p.m.,12:56 p.m.,Non corrigé (regression)
371,act_dep_time,real_world_error,real_dirty_value,12:13 p.m.,12:14 p.m.,12:14 p.m.,Non corrigé (regression)
372,act_dep_time,real_world_error,real_dirty_value,2:26 p.m.,2:43 p.m.,2:43 p.m.,Non corrigé (regression)
373,act_dep_time,real_world_error,real_dirty_value,3:11 a.m.,12:07 p.m.,12:08 p.m.,Mal corrigé (valeur différente mais fausse)
374,act_dep_time,missing_values,real_missing_value,5:22 p.m.,,5:38 p.m.,Mal corrigé (valeur différente mais fausse)
375,act_dep_time,missing_values,real_missing_value,8:25 p.m.,,8:25 p.m.,Corrigé
376,act_dep_time,real_world_error,real_dirty_value,11:05 a.m.,11:06 a.m.,11:06 a.m.,Non corrigé (regression)
377,act_dep_time,real_world_error,real_dirty_value,1:32 p.m.,1:43 p.m.,1:43 p.m.,Non corrigé (regression)
378,act_dep_time,missing_values,real_missing_value,3:36 p.m.,,3:36 p.m.,Corrigé
379,act_dep_time,real_world_error,real_dirty_value,7:21 a.m.,7:22 a.m.,7:22 a.m.,Non corrigé (regression)
380,act_dep_time,real_world_error,real_dirty_value,6:30 p.m.,6:47 p.m.,6:47 p.m.,Non corrigé (regression)
381,act_dep_time,real_world_error,real_dirty_value,6:55 p.m.,6:56 p.m.,6:56 p.m.,Non corrigé (regression)
382,act_dep_time,real_world_error,real_dirty_value,12:11 p.m.,12:12 p.m.,12:12 p.m.,Non corrigé (regression)
383,act_dep_time,missing_values,real_missing_value,7:15 p.m.,,7:23 a.m.,Mal corrigé (valeur différente mais fausse)
384,act_dep_time,real_world_error,real_dirty_value,2:10 p.m.,2:04 p.m.,2:38 p.m.,Mal corrigé (valeur différente mais fausse)
385,act_dep_time,missing_values,real_missing_value,9:14 a.m.,,9:14 a.m.,Corrigé
386,act_dep_time,real_world_error,real_dirty_value,6:56 a.m.,6:57 a.m.,6:56 a.m.,Corrigé
387,act_dep_time,real_world_error,real_dirty_value,7:30 a.m.,7:31 a.m.,7:31 a.m.,Non corrigé (regression)
388,act_dep_time,real_world_error,real_dirty_value,5:08 p.m.,5:09 p.m.,5:09 p.m.,Non corrigé (regression)
390,act_dep_time,real_world_error,real_dirty_value,4:28 p.m.,4:44 p.m.,4:28 p.m.,Corrigé
391,act_dep_time,real_world_error,real_dirty_value,4:15 p.m.,4:37 p.m.,4:37 p.m.,Non corrigé (regression)
393,act_dep_time,missing_values,real_missing_value,10:20 a.m.,,10:20 a.m.,Corrigé
394,act_dep_time,real_world_error,real_dirty_value,7:05 a.m.,7:30 a.m.,7:31 a.m.,Mal corrigé (valeur différente mais fausse)
395,act_dep_time,real_world_error,real_dirty_value,11:01 a.m.,11:02 a.m.,11:02 a.m.,Non corrigé (regression)
396,act_dep_time,real_world_error,real_dirty_value,1:31 p.m.,1:48 p.m.,1:48 p.m.,Non corrigé (regression)
397,act_dep_time,real_world_error,real_dirty_value,12:41 p.m.,12:42 p.m.,12:42 p.m.,Non corrigé (regression)
398,act_dep_time,missing_values,real_missing_value,1:48 p.m.,,2:01 p.m.,Mal corrigé (valeur différente mais fausse)
399,act_dep_time,real_world_error,real_dirty_value,11:55 p.m.,12:11 a.m.,12:11 a.m.,Non corrigé (regression)
400,act_dep_time,real_world_error,real_dirty_value,4:25 p.m.,4:28 p.m.,7:23 a.m.,Mal corrigé (valeur différente mais fausse)
401,act_dep_time,real_world_error,real_dirty_value,9:00 p.m.,9:06 p.m.,9:06 p.m.,Non corrigé (regression)
402,act_dep_time,real_world_error,real_dirty_value,8:25 p.m.,8:29 p.m.,8:29 p.m.,Non corrigé (regression)
403,act_dep_time,real_world_error,real_dirty_value,7:22 a.m.,7:23 a.m.,7:23 a.m.,Non corrigé (regression)
404,act_dep_time,real_world_error,real_dirty_value,8:51 a.m.,8:52 a.m.,8:52 a.m.,Non corrigé (regression)
405,act_dep_time,real_world_error,real_dirty_value,8:26 a.m.,8:37 a.m.,8:37 a.m.,Non corrigé (regression)
406,act_dep_time,real_world_error,real_dirty_value,1:30 p.m.,1:41 p.m.,1:41 p.m.,Non corrigé (regression)
407,act_dep_time,missing_values,real_missing_value,3:01 p.m.,,3:01 p.m.,Corrigé
408,act_dep_time,real_world_error,real_dirty_value,7:27 a.m.,7:41 a.m.,7:41 a.m.,Non corrigé (regression)
409,act_dep_time,missing_values,real_missing_value,11:08 p.m.,,11:35 p.m.,Mal corrigé (valeur différente mais fausse)
410,act_dep_time,real_world_error,real_dirty_value,5:30 p.m.,5:38 p.m.,5:38 p.m.,Non corrigé (regression)
411,act_dep_time,real_world_error,real_dirty_value,1:32 p.m.,1:50 p.m. (+8:00),1:32 p.m.,Corrigé
412,act_dep_time,real_world_error,real_dirty_value,11:15 a.m.,11:47 a.m.,11:47 a.m.,Non corrigé (regression)
413,act_dep_time,real_world_error,real_dirty_value,8:39 p.m.,8:40 p.m.,8:40 p.m.,Non corrigé (regression)
414,act_dep_time,real_world_error,real_dirty_value,2:55 p.m.,3:04 p.m.,3:04 p.m.,Non corrigé (regression)
415,act_dep_time,missing_values,real_missing_value,2:48 p.m.,,2:48 p.m.,Corrigé
416,act_dep_time,missing_values,real_missing_value,9:16 a.m.,,9:43 a.m.,Mal corrigé (valeur différente mais fausse)
418,act_dep_time,real_world_error,real_dirty_value,3:27 p.m.,3:28 p.m.,3:27 p.m.,Corrigé
420,act_dep_time,real_world_error,real_dirty_value,12:10 p.m.,12:11 p.m.,12:11 p.m.,Non corrigé (regression)
422,act_dep_time,missing_values,real_missing_value,8:52 a.m.,,9:05 a.m.,Mal corrigé (valeur différente mais fausse)
423,act_dep_time,real_world_error,real_dirty_value,1:19 p.m.,1:20 p.m.,1:19 p.m.,Corrigé
424,act_dep_time,real_world_error,real_dirty_value,8:56 a.m.,8:55 a.m.,8:56 a.m.,Corrigé
425,act_dep_time,real_world_error,real_dirty_value,3:36 p.m.,3:38 p.m.,3:38 p.m.,Non corrigé (regression)
429,act_dep_time,missing_values,real_missing_value,3:31 p.m.,,3:31 p.m.,Corrigé
431,act_dep_time,real_world_error,real_dirty_value,10:54 a.m.,10:55 a.m.,10:55 a.m.,Non corrigé (regression)
432,act_dep_time,real_world_error,real_dirty_value,6:57 a.m.,6:58 a.m.,6:58 a.m.,Non corrigé (regression)
433,act_dep_time,missing_values,real_missing_value,3:58 p.m.,,3:58 p.m.,Corrigé
434,act_dep_time,real_world_error,real_dirty_value,6:10 a.m.,6:11 a.m.,6:10 a.m.,Corrigé
435,act_dep_time,real_world_error,real_dirty_value,7:39 a.m.,7:40 a.m.,7:40 a.m.,Non corrigé (regression)
436,act_dep_time,real_world_error,real_dirty_value,7:31 a.m.,7:32 a.m.,7:32 a.m.,Non corrigé (regression)
438,act_dep_time,real_world_error,real_dirty_value,7:14 p.m.,7:42 p.m.,7:42 p.m.,Non corrigé (regression)
440,act_dep_time,real_world_error,real_dirty_value,8:29 a.m.,8:49 a.m.,8:29 a.m.,Corrigé
441,act_dep_time,real_world_error,real_dirty_value,8:42 a.m.,9:01 a.m.,8:42 a.m.,Corrigé
442,act_dep_time,real_world_error,real_dirty_value,7:58 p.m.,7:59 p.m.,7:59 p.m.,Non corrigé (regression)
443,act_dep_time,real_world_error,real_dirty_value,12:11 p.m.,12:12 p.m.,12:12 p.m.,Non corrigé (regression)
444,act_dep_time,real_world_error,real_dirty_value,3:27 p.m.,3:50 p.m.,3:50 p.m.,Non corrigé (regression)
445,act_dep_time,real_world_error,real_dirty_value,11:32 a.m.,12:37 p.m.,11:32 a.m.,Corrigé
446,act_dep_time,real_world_error,real_dirty_value,10:33 a.m.,10:53 a.m.,10:53 a.m.,Non corrigé (regression)
447,act_dep_time,missing_values,real_missing_value,11:25 p.m.,,11:29 p.m.,Mal corrigé (valeur différente mais fausse)
448,act_dep_time,real_world_error,real_dirty_value,5:56 a.m.,6:10 a.m.,6:10 a.m.,Non corrigé (regression)
449,act_dep_time,real_world_error,real_dirty_value,12:41 a.m.,12:58 a.m.,12:41 a.m.,Corrigé
450,act_dep_time,real_world_error,real_dirty_value,4:00 p.m.,4:10 p.m.,4:10 p.m.,Non corrigé (regression)
451,act_dep_time,real_world_error,real_dirty_value,7:29 a.m.,7:56 a.m.,7:56 a.m.,Non corrigé (regression)
452,act_dep_time,real_world_error,real_dirty_value,10:19 a.m.,10:35 a.m.,10:19 a.m.,Corrigé
453,act_dep_time,real_world_error,real_dirty_value,10:10 a.m.,10:11 a.m.,10:11 a.m.,Non corrigé (regression)
454,act_dep_time,real_world_error,real_dirty_value,8:12 a.m.,8:26 a.m.,8:26 a.m.,Non corrigé (regression)
456,act_dep_time,real_world_error,real_dirty_value,4:29 p.m.,4:30 p.m.,4:29 p.m.,Corrigé
458,act_dep_time,real_world_error,real_dirty_value,2:48 p.m.,2:59 p.m.,2:48 p.m.,Corrigé
459,act_dep_time,real_world_error,real_dirty_value,8:00 a.m.,8:18 a.m.,8:00 a.m.,Corrigé
460,act_dep_time,real_world_error,real_dirty_value,2:55 p.m.,3:04 p.m.,3:04 p.m.,Non corrigé (regression)
461,act_dep_time,real_world_error,real_dirty_value,12:12 p.m.,12:13 p.m.,12:13 p.m.,Non corrigé (regression)
462,act_dep_time,real_world_error,real_dirty_value,11:56 a.m.,12:06 p.m.,12:06 p.m.,Non corrigé (regression)
463,act_dep_time,real_world_error,real_dirty_value,6:08 a.m.,6:09 a.m.,6:09 a.m.,Non corrigé (regression)
464,act_dep_time,real_world_error,real_dirty_value,11:30 a.m.,11:45 a.m.,11:45 a.m.,Non corrigé (regression)
465,act_dep_time,real_world_error,real_dirty_value,6:02 a.m.,6:17 a.m.,6:02 a.m.,Corrigé
466,act_dep_time,real_world_error,real_dirty_value,8:40 a.m.,9:01 a.m.,8:40 a.m.,Corrigé
467,act_dep_time,real_world_error,real_dirty_value,10:18 a.m.,10:19 a.m.,10:19 a.m.,Non corrigé (regression)
469,act_dep_time,real_world_error,real_dirty_value,7:49 a.m.,8:07 a.m.,8:07 a.m.,Non corrigé (regression)
470,act_dep_time,real_world_error,real_dirty_value,12:35 p.m.,12:56 p.m.,12:56 p.m.,Non corrigé (regression)
471,act_dep_time,real_world_error,real_dirty_value,12:13 p.m.,12:14 p.m.,12:14 p.m.,Non corrigé (regression)
472,act_dep_time,real_world_error,real_dirty_value,2:26 p.m.,2:43 p.m.,2:43 p.m.,Non corrigé (regression)
473,act_dep_time,real_world_error,real_dirty_value,3:11 a.m.,12:08 p.m.,12:08 p.m.,Non corrigé (regression)
474,act_dep_time,real_world_error,real_dirty_value,5:22 p.m.,5:38 p.m.,5:38 p.m.,Non corrigé (regression)
475,act_dep_time,real_world_error,real_dirty_value,8:25 p.m.,8:36 p.m.,8:25 p.m.,Corrigé
476,act_dep_time,real_world_error,real_dirty_value,11:05 a.m.,11:06 a.m.,11:06 a.m.,Non corrigé (regression)
477,act_dep_time,real_world_error,real_dirty_value,1:32 p.m.,1:43 p.m.,1:43 p.m.,Non corrigé (regression)
479,act_dep_time,real_world_error,real_dirty_value,7:21 a.m.,7:22 a.m.,7:22 a.m.,Non corrigé (regression)
480,act_dep_time,missing_values,real_missing_value,6:30 p.m.,,6:47 p.m.,Mal corrigé (valeur différente mais fausse)
481,act_dep_time,real_world_error,real_dirty_value,6:55 p.m.,6:56 p.m.,6:56 p.m.,Non corrigé (regression)
482,act_dep_time,missing_values,real_missing_value,7:15 p.m.,,7:23 a.m.,Mal corrigé (valeur différente mais fausse)
483,act_dep_time,real_world_error,real_dirty_value,2:10 p.m.,2:38 p.m.,2:38 p.m.,Non corrigé (regression)
484,act_dep_time,real_world_error,real_dirty_value,9:14 a.m.,9:58 a.m.,9:14 a.m.,Corrigé
485,act_dep_time,real_world_error,real_dirty_value,6:56 a.m.,6:57 a.m.,6:56 a.m.,Corrigé
486,act_dep_time,real_world_error,real_dirty_value,7:30 a.m.,7:31 a.m.,7:31 a.m.,Non corrigé (regression)
487,act_dep_time,real_world_error,real_dirty_value,5:08 p.m.,5:09 p.m.,5:09 p.m.,Non corrigé (regression)
488,act_dep_time,real_world_error,real_dirty_value,4:28 p.m.,4:46 p.m.,4:28 p.m.,Corrigé
489,act_dep_time,real_world_error,real_dirty_value,4:15 p.m.,4:37 p.m.,4:37 p.m.,Non corrigé (regression)
491,act_dep_time,real_world_error,real_dirty_value,10:20 a.m.,10:37 a.m.,10:20 a.m.,Corrigé
492,act_dep_time,real_world_error,real_dirty_value,7:05 a.m.,7:31 a.m.,7:31 a.m.,Non corrigé (regression)
493,act_dep_time,real_world_error,real_dirty_value,11:01 a.m.,11:02 a.m.,11:02 a.m.,Non corrigé (regression)
494,act_dep_time,real_world_error,real_dirty_value,1:31 p.m.,1:48 p.m.,1:48 p.m.,Non corrigé (regression)
495,act_dep_time,real_world_error,real_dirty_value,12:41 p.m.,12:42 p.m.,12:42 p.m.,Non corrigé (regression)
496,act_dep_time,real_world_error,real_dirty_value,1:48 p.m.,2:01 p.m.,2:01 p.m.,Non corrigé (regression)
497,act_dep_time,missing_values,real_missing_value,11:55 p.m.,,12:11 a.m.,Mal corrigé (valeur différente mais fausse)
498,act_dep_time,missing_values,real_missing_value,4:25 p.m.,,7:23 a.m.,Mal corrigé (valeur différente mais fausse)
499,act_dep_time,missing_values,real_missing_value,9:00 p.m.,,9:06 p.m.,Mal corrigé (valeur différente mais fausse)
500,act_dep_time,missing_values,real_missing_value,8:25 p.m.,,8:29 p.m.,Mal corrigé (valeur différente mais fausse)
501,act_dep_time,real_world_error,real_dirty_value,7:22 a.m.,7:23 a.m.,7:23 a.m.,Non corrigé (regression)
502,act_dep_time,real_world_error,real_dirty_value,8:51 a.m.,8:52 a.m.,8:52 a.m.,Non corrigé (regression)
503,act_dep_time,real_world_error,real_dirty_value,8:26 a.m.,8:37 a.m.,8:37 a.m.,Non corrigé (regression)
504,act_dep_time,missing_values,real_missing_value,1:30 p.m.,,1:41 p.m.,Mal corrigé (valeur différente mais fausse)
505,act_dep_time,real_world_error,real_dirty_value,3:01 p.m.,3:17 p.m.,3:01 p.m.,Corrigé
506,act_dep_time,real_world_error,real_dirty_value,7:27 a.m.,7:41 a.m.,7:41 a.m.,Non corrigé (regression)
507,act_dep_time,missing_values,real_missing_value,11:08 p.m.,,11:35 p.m.,Mal corrigé (valeur différente mais fausse)
508,act_dep_time,missing_values,real_missing_value,5:30 p.m.,,5:38 p.m.,Mal corrigé (valeur différente mais fausse)
509,act_dep_time,real_world_error,real_dirty_value,1:32 p.m.,1:45 p.m.,1:32 p.m.,Corrigé
510,act_dep_time,real_world_error,real_dirty_value,11:15 a.m.,11:47 a.m.,11:47 a.m.,Non corrigé (regression)
511,act_dep_time,real_world_error,real_dirty_value,8:39 p.m.,8:40 p.m.,8:40 p.m.,Non corrigé (regression)
512,act_dep_time,real_world_error,real_dirty_value,2:55 p.m.,3:04 p.m.,3:04 p.m.,Non corrigé (regression)
513,act_dep_time,real_world_error,real_dirty_value,2:48 p.m.,2:59 p.m.,2:48 p.m.,Corrigé
514,act_dep_time,real_world_error,real_dirty_value,9:16 a.m.,9:43 a.m.,9:43 a.m.,Non corrigé (regression)
516,act_dep_time,real_world_error,real_dirty_value,3:27 p.m.,3:28 p.m.,3:27 p.m.,Corrigé
517,act_dep_time,real_world_error,real_dirty_value,7:22 a.m.,7:23 a.m.,7:23 a.m.,Non corrigé (regression)
518,act_dep_time,real_world_error,real_dirty_value,12:10 p.m.,12:11 p.m.,12:11 p.m.,Non corrigé (regression)
519,act_dep_time,real_world_error,real_dirty_value,8:04 a.m.,8:05 a.m.,8:04 a.m.,Corrigé
520,act_dep_time,real_world_error,real_dirty_value,8:52 a.m.,9:05 a.m.,9:05 a.m.,Non corrigé (regression)
521,act_dep_time,real_world_error,real_dirty_value,1:19 p.m.,1:20 p.m.,1:19 p.m.,Corrigé
523,act_dep_time,real_world_error,real_dirty_value,3:36 p.m.,3:38 p.m.,3:38 p.m.,Non corrigé (regression)
525,act_dep_time,real_world_error,real_dirty_value,11:40 a.m.,11:41 a.m.,11:41 a.m.,Non corrigé (regression)
528,act_dep_time,real_world_error,real_dirty_value,7:39 a.m.,7:40 a.m.,7:39 a.m.,Corrigé
529,act_dep_time,real_world_error,real_dirty_value,3:31 p.m.,4:02 p.m.,3:31 p.m.,Corrigé
531,act_dep_time,real_world_error,real_dirty_value,10:54 a.m.,10:55 a.m.,10:55 a.m.,Non corrigé (regression)
532,act_dep_time,real_world_error,real_dirty_value,6:57 a.m.,6:58 a.m.,6:58 a.m.,Non corrigé (regression)
533,act_dep_time,real_world_error,real_dirty_value,3:58 p.m.,4:15 p.m.,3:58 p.m.,Corrigé
534,act_dep_time,real_world_error,real_dirty_value,6:10 a.m.,6:11 a.m.,6:10 a.m.,Corrigé
535,act_dep_time,real_world_error,real_dirty_value,7:39 a.m.,7:40 a.m.,7:40 a.m.,Non corrigé (regression)
536,act_dep_time,real_world_error,real_dirty_value,7:31 a.m.,7:32 a.m.,7:32 a.m.,Non corrigé (regression)
544,act_dep_time,real_world_error,real_dirty_value,6:30 p.m.,6:47 p.m. (Estimated runway),6:47 p.m.,Mal corrigé (valeur différente mais fausse)
545,act_dep_time,real_world_error,real_dirty_value,3:27 p.m.,3:28 p.m.,3:50 p.m.,Mal corrigé (valeur différente mais fausse)
547,act_dep_time,real_world_error,real_dirty_value,11:25 p.m.,11:29 p.m. (Estimated runway),11:29 p.m.,Mal corrigé (valeur différente mais fausse)
550,act_dep_time,real_world_error,real_dirty_value,4:00 p.m.,3:58 p.m.,4:10 p.m.,Mal corrigé (valeur différente mais fausse)
572,act_dep_time,real_world_error,real_dirty_value,3:11 a.m.,11:51 a.m.,12:08 p.m.,Mal corrigé (valeur différente mais fausse)
582,act_dep_time,real_world_error,real_dirty_value,7:15 p.m.,7:15 p.m. (Estimated),7:23 a.m.,Mal corrigé (valeur différente mais fausse)
593,act_dep_time,real_world_error,real_dirty_value,7:05 a.m.,7:07 a.m.,7:31 a.m.,Mal corrigé (valeur différente mais fausse)
597,act_dep_time,real_world_error,real_dirty_value,11:55 p.m.,12:10 a.m. (Estimated runway),12:11 a.m.,Mal corrigé (valeur différente mais fausse)
598,act_dep_time,real_world_error,real_dirty_value,4:25 p.m.,4:28 p.m. (Estimated runway),7:23 a.m.,Mal corrigé (valeur différente mais fausse)
599,act_dep_time,real_world_error,real_dirty_value,9:00 p.m.,9:06 p.m. (Estimated runway),9:06 p.m.,Mal corrigé (valeur différente mais fausse)
600,act_dep_time,real_world_error,real_dirty_value,8:25 p.m.,8:29 p.m. (Estimated runway),8:29 p.m.,Mal corrigé (valeur différente mais fausse)
601,act_dep_time,real_world_error,real_dirty_value,2:55 p.m.,2:46 p.m.,3:04 p.m.,Mal corrigé (valeur différente mais fausse)
607,act_dep_time,missing_values,real_missing_value,11:08 p.m.,,11:35 p.m.,Mal corrigé (valeur différente mais fausse)
608,act_dep_time,real_world_error,real_dirty_value,5:30 p.m.,5:30 p.m. (Estimated),5:38 p.m.,Mal corrigé (valeur différente mais fausse)
611,act_dep_time,real_world_error,real_dirty_value,2:55 p.m.,2:52 p.m.,3:04 p.m.,Mal corrigé (valeur différente mais fausse)
624,act_dep_time,real_world_error,real_dirty_value,11:55 a.m.,11:43 a.m.,11:55 a.m.,Corrigé
630,act_dep_time,real_world_error,real_dirty_value,7:14 p.m.,7:42 p.m.,7:42 p.m.,Non corrigé (regression)
632,act_dep_time,real_world_error,real_dirty_value,8:29 a.m.,8:49 a.m.,8:29 a.m.,Corrigé
633,act_dep_time,real_world_error,real_dirty_value,8:42 a.m.,9:01 a.m.,8:42 a.m.,Corrigé
634,act_dep_time,real_world_error,real_dirty_value,7:58 p.m.,7:59 p.m.,7:59 p.m.,Non corrigé (regression)
635,act_dep_time,real_world_error,real_dirty_value,12:11 p.m.,12:12 p.m.,12:12 p.m.,Non corrigé (regression)
636,act_dep_time,real_world_error,real_dirty_value,3:27 p.m.,3:50 p.m.,3:50 p.m.,Non corrigé (regression)
637,act_dep_time,real_world_error,real_dirty_value,11:32 a.m.,12:37 p.m.,11:32 a.m.,Corrigé
638,act_dep_time,real_world_error,real_dirty_value,10:33 a.m.,10:53 a.m.,10:53 a.m.,Non corrigé (regression)
639,act_dep_time,missing_values,real_missing_value,11:25 p.m.,,11:29 p.m.,Mal corrigé (valeur différente mais fausse)
640,act_dep_time,real_world_error,real_dirty_value,5:56 a.m.,6:10 a.m.,6:10 a.m.,Non corrigé (regression)
641,act_dep_time,real_world_error,real_dirty_value,12:41 a.m.,12:58 a.m.,12:41 a.m.,Corrigé
642,act_dep_time,real_world_error,real_dirty_value,4:00 p.m.,4:10 p.m.,4:10 p.m.,Non corrigé (regression)
643,act_dep_time,real_world_error,real_dirty_value,7:29 a.m.,7:56 a.m.,7:56 a.m.,Non corrigé (regression)
644,act_dep_time,real_world_error,real_dirty_value,10:19 a.m.,10:35 a.m.,10:19 a.m.,Corrigé
645,act_dep_time,real_world_error,real_dirty_value,10:10 a.m.,10:11 a.m.,10:11 a.m.,Non corrigé (regression)
646,act_dep_time,real_world_error,real_dirty_value,8:12 a.m.,8:26 a.m.,8:26 a.m.,Non corrigé (regression)
648,act_dep_time,real_world_error,real_dirty_value,4:29 p.m.,4:30 p.m.,4:29 p.m.,Corrigé
650,act_dep_time,real_world_error,real_dirty_value,2:48 p.m.,2:59 p.m.,2:48 p.m.,Corrigé
651,act_dep_time,real_world_error,real_dirty_value,8:00 a.m.,8:18 a.m.,8:00 a.m.,Corrigé
652,act_dep_time,real_world_error,real_dirty_value,2:55 p.m.,3:04 p.m.,3:04 p.m.,Non corrigé (regression)
653,act_dep_time,real_world_error,real_dirty_value,12:12 p.m.,12:13 p.m.,12:13 p.m.,Non corrigé (regression)
654,act_dep_time,real_world_error,real_dirty_value,11:56 a.m.,12:06 p.m.,12:06 p.m.,Non corrigé (regression)
655,act_dep_time,real_world_error,real_dirty_value,6:08 a.m.,6:09 a.m.,6:09 a.m.,Non corrigé (regression)
656,act_dep_time,real_world_error,real_dirty_value,11:30 a.m.,11:45 a.m.,11:45 a.m.,Non corrigé (regression)
657,act_dep_time,real_world_error,real_dirty_value,6:02 a.m.,6:17 a.m.,6:02 a.m.,Corrigé
658,act_dep_time,real_world_error,real_dirty_value,8:40 a.m.,9:01 a.m.,8:40 a.m.,Corrigé
659,act_dep_time,real_world_error,real_dirty_value,10:18 a.m.,10:19 a.m.,10:19 a.m.,Non corrigé (regression)
661,act_dep_time,real_world_error,real_dirty_value,7:49 a.m.,8:07 a.m.,8:07 a.m.,Non corrigé (regression)
662,act_dep_time,real_world_error,real_dirty_value,12:35 p.m.,12:56 p.m.,12:56 p.m.,Non corrigé (regression)
663,act_dep_time,real_world_error,real_dirty_value,12:13 p.m.,12:14 p.m.,12:14 p.m.,Non corrigé (regression)
664,act_dep_time,real_world_error,real_dirty_value,2:26 p.m.,2:43 p.m.,2:43 p.m.,Non corrigé (regression)
665,act_dep_time,real_world_error,real_dirty_value,3:11 a.m.,12:08 p.m.,12:08 p.m.,Non corrigé (regression)
666,act_dep_time,real_world_error,real_dirty_value,5:22 p.m.,5:38 p.m.,5:38 p.m.,Non corrigé (regression)
667,act_dep_time,real_world_error,real_dirty_value,8:25 p.m.,8:36 p.m.,8:25 p.m.,Corrigé
668,act_dep_time,real_world_error,real_dirty_value,11:05 a.m.,11:06 a.m.,11:06 a.m.,Non corrigé (regression)
669,act_dep_time,real_world_error,real_dirty_value,1:32 p.m.,1:43 p.m.,1:43 p.m.,Non corrigé (regression)
671,act_dep_time,real_world_error,real_dirty_value,7:21 a.m.,7:22 a.m.,7:22 a.m.,Non corrigé (regression)
672,act_dep_time,missing_values,real_missing_value,6:30 p.m.,,6:47 p.m.,Mal corrigé (valeur différente mais fausse)
673,act_dep_time,real_world_error,real_dirty_value,6:55 p.m.,6:56 p.m.,6:56 p.m.,Non corrigé (regression)
674,act_dep_time,missing_values,real_missing_value,7:15 p.m.,,7:23 a.m.,Mal corrigé (valeur différente mais fausse)
675,act_dep_time,real_world_error,real_dirty_value,2:10 p.m.,2:38 p.m.,2:38 p.m.,Non corrigé (regression)
676,act_dep_time,real_world_error,real_dirty_value,9:14 a.m.,9:58 a.m.,9:14 a.m.,Corrigé
677,act_dep_time,real_world_error,real_dirty_value,6:56 a.m.,6:57 a.m.,6:56 a.m.,Corrigé
678,act_dep_time,real_world_error,real_dirty_value,7:30 a.m.,7:31 a.m.,7:31 a.m.,Non corrigé (regression)
679,act_dep_time,real_world_error,real_dirty_value,5:08 p.m.,5:09 p.m.,5:09 p.m.,Non corrigé (regression)
680,act_dep_time,real_world_error,real_dirty_value,4:28 p.m.,4:46 p.m.,4:28 p.m.,Corrigé
681,act_dep_time,real_world_error,real_dirty_value,4:15 p.m.,4:37 p.m.,4:37 p.m.,Non corrigé (regression)
683,act_dep_time,real_world_error,real_dirty_value,10:20 a.m.,10:37 a.m.,10:20 a.m.,Corrigé
684,act_dep_time,real_world_error,real_dirty_value,7:05 a.m.,7:31 a.m.,7:31 a.m.,Non corrigé (regression)
685,act_dep_time,real_world_error,real_dirty_value,11:01 a.m.,11:02 a.m.,11:02 a.m.,Non corrigé (regression)
686,act_dep_time,real_world_error,real_dirty_value,1:31 p.m.,1:48 p.m.,1:48 p.m.,Non corrigé (regression)
687,act_dep_time,real_world_error,real_dirty_value,12:41 p.m.,12:42 p.m.,12:42 p.m.,Non corrigé (regression)
688,act_dep_time,real_world_error,real_dirty_value,1:48 p.m.,2:01 p.m.,2:01 p.m.,Non corrigé (regression)
689,act_dep_time,missing_values,real_missing_value,11:55 p.m.,,12:11 a.m.,Mal corrigé (valeur différente mais fausse)
690,act_dep_time,missing_values,real_missing_value,4:25 p.m.,,7:23 a.m.,Mal corrigé (valeur différente mais fausse)
691,act_dep_time,missing_values,real_missing_value,9:00 p.m.,,9:06 p.m.,Mal corrigé (valeur différente mais fausse)
692,act_dep_time,missing_values,real_missing_value,8:25 p.m.,,8:29 p.m.,Mal corrigé (valeur différente mais fausse)
693,act_dep_time,real_world_error,real_dirty_value,7:22 a.m.,7:23 a.m.,7:23 a.m.,Non corrigé (regression)
694,act_dep_time,real_world_error,real_dirty_value,8:51 a.m.,8:52 a.m.,8:52 a.m.,Non corrigé (regression)
695,act_dep_time,real_world_error,real_dirty_value,8:26 a.m.,8:37 a.m.,8:37 a.m.,Non corrigé (regression)
696,act_dep_time,missing_values,real_missing_value,1:30 p.m.,,1:41 p.m.,Mal corrigé (valeur différente mais fausse)
697,act_dep_time,real_world_error,real_dirty_value,3:01 p.m.,3:17 p.m.,3:01 p.m.,Corrigé
698,act_dep_time,real_world_error,real_dirty_value,7:27 a.m.,7:41 a.m.,7:41 a.m.,Non corrigé (regression)
699,act_dep_time,missing_values,real_missing_value,11:08 p.m.,,11:35 p.m.,Mal corrigé (valeur différente mais fausse)
700,act_dep_time,missing_values,real_missing_value,5:30 p.m.,,5:38 p.m.,Mal corrigé (valeur différente mais fausse)
701,act_dep_time,real_world_error,real_dirty_value,1:32 p.m.,1:45 p.m.,1:32 p.m.,Corrigé
702,act_dep_time,real_world_error,real_dirty_value,11:15 a.m.,11:47 a.m.,11:47 a.m.,Non corrigé (regression)
703,act_dep_time,real_world_error,real_dirty_value,8:39 p.m.,8:40 p.m.,8:40 p.m.,Non corrigé (regression)
704,act_dep_time,real_world_error,real_dirty_value,2:55 p.m.,3:04 p.m.,3:04 p.m.,Non corrigé (regression)
705,act_dep_time,real_world_error,real_dirty_value,2:48 p.m.,2:59 p.m.,2:48 p.m.,Corrigé
706,act_dep_time,real_world_error,real_dirty_value,9:16 a.m.,9:43 a.m.,9:43 a.m.,Non corrigé (regression)
708,act_dep_time,real_world_error,real_dirty_value,3:27 p.m.,3:28 p.m.,3:27 p.m.,Corrigé
709,act_dep_time,real_world_error,real_dirty_value,7:22 a.m.,7:23 a.m.,7:23 a.m.,Non corrigé (regression)
710,act_dep_time,real_world_error,real_dirty_value,12:10 p.m.,12:11 p.m.,12:11 p.m.,Non corrigé (regression)
711,act_dep_time,real_world_error,real_dirty_value,8:04 a.m.,8:05 a.m.,8:04 a.m.,Corrigé
712,act_dep_time,real_world_error,real_dirty_value,8:52 a.m.,9:05 a.m.,9:05 a.m.,Non corrigé (regression)
713,act_dep_time,real_world_error,real_dirty_value,1:19 p.m.,1:20 p.m.,1:19 p.m.,Corrigé
715,act_dep_time,real_world_error,real_dirty_value,3:36 p.m.,3:38 p.m.,3:38 p.m.,Non corrigé (regression)
717,act_dep_time,real_world_error,real_dirty_value,11:40 a.m.,11:41 a.m.,11:41 a.m.,Non corrigé (regression)
720,act_dep_time,real_world_error,real_dirty_value,7:39 a.m.,7:40 a.m.,7:39 a.m.,Corrigé
721,act_dep_time,real_world_error,real_dirty_value,3:31 p.m.,4:02 p.m.,3:31 p.m.,Corrigé
723,act_dep_time,real_world_error,real_dirty_value,10:54 a.m.,10:55 a.m.,10:55 a.m.,Non corrigé (regression)
724,act_dep_time,real_world_error,real_dirty_value,6:57 a.m.,6:58 a.m.,6:58 a.m.,Non corrigé (regression)
725,act_dep_time,real_world_error,real_dirty_value,3:58 p.m.,4:15 p.m.,3:58 p.m.,Corrigé
726,act_dep_time,real_world_error,real_dirty_value,6:10 a.m.,6:11 a.m.,6:10 a.m.,Corrigé
727,act_dep_time,real_world_error,real_dirty_value,7:39 a.m.,7:40 a.m.,7:40 a.m.,Non corrigé (regression)
728,act_dep_time,real_world_error,real_dirty_value,7:31 a.m.,7:32 a.m.,7:32 a.m.,Non corrigé (regression)
730,act_dep_time,real_world_error,real_dirty_value,7:58 p.m.,7:59 p.m.,7:59 p.m.,Non corrigé (regression)
731,act_dep_time,real_world_error,real_dirty_value,7:14 p.m.,7:41 p.m.,7:42 p.m.,Mal corrigé (valeur différente mais fausse)
732,act_dep_time,real_world_error,real_dirty_value,8:29 a.m.,8:47 a.m.,8:29 a.m.,Corrigé
733,act_dep_time,real_world_error,real_dirty_value,8:42 a.m.,9:01 a.m.,8:42 a.m.,Corrigé
734,act_dep_time,missing_values,real_missing_value,6:30 p.m.,,6:47 p.m.,Mal corrigé (valeur différente mais fausse)
735,act_dep_time,real_world_error,real_dirty_value,11:40 a.m.,11:41 a.m.,11:41 a.m.,Non corrigé (regression)
736,act_dep_time,real_world_error,real_dirty_value,10:33 a.m.,10:53 a.m.,10:53 a.m.,Non corrigé (regression)
737,act_dep_time,missing_values,real_missing_value,11:25 p.m.,,11:29 p.m.,Mal corrigé (valeur différente mais fausse)
738,act_dep_time,real_world_error,real_dirty_value,5:56 a.m.,6:09 a.m.,6:10 a.m.,Mal corrigé (valeur différente mais fausse)
739,act_dep_time,real_world_error,real_dirty_value,12:41 a.m.,12:57 a.m.,12:41 a.m.,Corrigé
740,act_dep_time,real_world_error,real_dirty_value,12:41 p.m.,12:42 p.m.,12:42 p.m.,Non corrigé (regression)
742,act_dep_time,real_world_error,real_dirty_value,4:29 p.m.,4:30 p.m.,4:29 p.m.,Corrigé
743,act_dep_time,real_world_error,real_dirty_value,10:10 a.m.,10:11 a.m.,10:11 a.m.,Non corrigé (regression)
744,act_dep_time,real_world_error,real_dirty_value,12:12 p.m.,12:13 p.m.,12:13 p.m.,Non corrigé (regression)
745,act_dep_time,real_world_error,real_dirty_value,11:56 a.m.,12:05 p.m.,12:06 p.m.,Mal corrigé (valeur différente mais fausse)
746,act_dep_time,real_world_error,real_dirty_value,6:08 a.m.,6:09 a.m.,6:09 a.m.,Non corrigé (regression)
747,act_dep_time,real_world_error,real_dirty_value,8:04 a.m.,8:05 a.m.,8:04 a.m.,Corrigé
748,act_dep_time,real_world_error,real_dirty_value,10:18 a.m.,10:19 a.m.,10:19 a.m.,Non corrigé (regression)
751,act_dep_time,real_world_error,real_dirty_value,12:35 p.m.,12:55 p.m.,12:56 p.m.,Mal corrigé (valeur différente mais fausse)
752,act_dep_time,real_world_error,real_dirty_value,12:13 p.m.,12:14 p.m.,12:14 p.m.,Non corrigé (regression)
753,act_dep_time,real_world_error,real_dirty_value,2:26 p.m.,2:41 p.m.,2:43 p.m.,Mal corrigé (valeur différente mais fausse)
755,act_dep_time,real_world_error,real_dirty_value,11:05 a.m.,11:06 a.m.,11:06 a.m.,Non corrigé (regression)
756,act_dep_time,missing_values,real_missing_value,1:32 p.m.,,1:43 p.m.,Mal corrigé (valeur différente mais fausse)
758,act_dep_time,real_world_error,real_dirty_value,7:21 a.m.,7:22 a.m.,7:22 a.m.,Non corrigé (regression)
759,act_dep_time,real_world_error,real_dirty_value,6:55 p.m.,6:56 p.m.,6:56 p.m.,Non corrigé (regression)
760,act_dep_time,real_world_error,real_dirty_value,12:11 p.m.,12:12 p.m.,12:12 p.m.,Non corrigé (regression)
761,act_dep_time,real_world_error,real_dirty_value,9:14 a.m.,9:56 a.m.,9:14 a.m.,Corrigé
762,act_dep_time,real_world_error,real_dirty_value,6:56 a.m.,6:57 a.m.,6:56 a.m.,Corrigé
763,act_dep_time,real_world_error,real_dirty_value,7:30 a.m.,7:31 a.m.,7:31 a.m.,Non corrigé (regression)
764,act_dep_time,real_world_error,real_dirty_value,5:08 p.m.,5:09 p.m.,5:09 p.m.,Non corrigé (regression)
765,act_dep_time,real_world_error,real_dirty_value,7:39 a.m.,7:40 a.m.,7:39 a.m.,Corrigé
766,act_dep_time,real_world_error,real_dirty_value,4:15 p.m.,4:35 p.m.,4:37 p.m.,Mal corrigé (valeur différente mais fausse)
769,act_dep_time,real_world_error,real_dirty_value,1:31 p.m.,1:46 p.m.,1:48 p.m.,Mal corrigé (valeur différente mais fausse)
770,act_dep_time,real_world_error,real_dirty_value,1:48 p.m.,1:59 p.m.,2:01 p.m.,Mal corrigé (valeur différente mais fausse)
771,act_dep_time,missing_values,real_missing_value,11:55 p.m.,,12:11 a.m.,Mal corrigé (valeur différente mais fausse)
772,act_dep_time,missing_values,real_missing_value,9:00 p.m.,,9:06 p.m.,Mal corrigé (valeur différente mais fausse)
773,act_dep_time,missing_values,real_missing_value,8:25 p.m.,,8:29 p.m.,Mal corrigé (valeur différente mais fausse)
774,act_dep_time,real_world_error,real_dirty_value,7:22 a.m.,7:23 a.m.,7:23 a.m.,Non corrigé (regression)
775,act_dep_time,real_world_error,real_dirty_value,8:51 a.m.,8:52 a.m.,8:52 a.m.,Non corrigé (regression)
776,act_dep_time,real_world_error,real_dirty_value,8:26 a.m.,8:37 a.m.,8:37 a.m.,Non corrigé (regression)
777,act_dep_time,missing_values,real_missing_value,1:30 p.m.,,1:41 p.m.,Mal corrigé (valeur différente mais fausse)
778,act_dep_time,real_world_error,real_dirty_value,11:08 p.m.,11/30/2011 11:34 p.m.,11:35 p.m.,Mal corrigé (valeur différente mais fausse)
779,act_dep_time,missing_values,real_missing_value,5:30 p.m.,,5:38 p.m.,Mal corrigé (valeur différente mais fausse)
780,act_dep_time,real_world_error,real_dirty_value,8:00 a.m.,8:17 a.m.,8:00 a.m.,Corrigé
782,act_dep_time,real_world_error,real_dirty_value,7:22 a.m.,7:23 a.m.,7:23 a.m.,Non corrigé (regression)
783,act_dep_time,missing_values,real_missing_value,4:25 p.m.,,7:23 a.m.,Mal corrigé (valeur différente mais fausse)
784,act_dep_time,real_world_error,real_dirty_value,7:27 a.m.,7:41 a.m.,7:41 a.m.,Non corrigé (regression)
785,act_dep_time,real_world_error,real_dirty_value,12:10 p.m.,12:11 p.m.,12:11 p.m.,Non corrigé (regression)
786,act_dep_time,real_world_error,real_dirty_value,1:19 p.m.,1:20 p.m.,1:19 p.m.,Corrigé
787,act_dep_time,real_world_error,real_dirty_value,7:31 a.m.,7:32 a.m.,7:32 a.m.,Non corrigé (regression)
788,act_dep_time,real_world_error,real_dirty_value,10:54 a.m.,10:55 a.m.,10:55 a.m.,Non corrigé (regression)
789,act_dep_time,real_world_error,real_dirty_value,6:57 a.m.,6:58 a.m.,6:58 a.m.,Non corrigé (regression)
790,act_dep_time,real_world_error,real_dirty_value,6:10 a.m.,6:11 a.m.,6:10 a.m.,Corrigé
791,act_dep_time,real_world_error,real_dirty_value,7:39 a.m.,7:40 a.m.,7:40 a.m.,Non corrigé (regression)
792,act_dep_time,missing_values,real_missing_value,11:05 a.m.,,11:06 a.m.,Mal corrigé (valeur différente mais fausse)
793,act_dep_time,missing_values,real_missing_value,7:22 a.m.,,7:23 a.m.,Mal corrigé (valeur différente mais fausse)
794,act_dep_time,missing_values,real_missing_value,4:29 p.m.,,4:29 p.m.,Corrigé
795,act_dep_time,missing_values,real_missing_value,6:08 a.m.,,6:09 a.m.,Mal corrigé (valeur différente mais fausse)
796,act_dep_time,missing_values,real_missing_value,7:39 a.m.,,7:39 a.m.,Corrigé
797,act_dep_time,real_world_error,real_dirty_value,12:35 p.m.,12:30,12:56 p.m.,Mal corrigé (valeur différente mais fausse)
798,act_dep_time,missing_values,real_missing_value,2:04 p.m.,,2:04 p.m.,Corrigé
799,act_dep_time,missing_values,real_missing_value,8:25 p.m.,,8:29 p.m.,Mal corrigé (valeur différente mais fausse)
800,act_dep_time,missing_values,real_missing_value,12:12 p.m.,,12:13 p.m.,Mal corrigé (valeur différente mais fausse)
801,act_dep_time,missing_values,real_missing_value,11:01 a.m.,,11:02 a.m.,Mal corrigé (valeur différente mais fausse)
802,act_dep_time,missing_values,real_missing_value,4:29 p.m.,,4:29 p.m.,Corrigé
803,act_dep_time,missing_values,real_missing_value,7:14 p.m.,,7:42 p.m.,Mal corrigé (valeur différente mais fausse)
804,act_dep_time,missing_values,real_missing_value,3:27 p.m.,,3:27 p.m.,Corrigé
805,act_dep_time,missing_values,real_missing_value,6:30 p.m.,,6:47 p.m.,Mal corrigé (valeur différente mais fausse)
806,act_dep_time,missing_values,real_missing_value,6:57 a.m.,,6:58 a.m.,Mal corrigé (valeur différente mais fausse)
807,act_dep_time,missing_values,real_missing_value,11:25 p.m.,,11:29 p.m.,Mal corrigé (valeur différente mais fausse)
808,act_dep_time,missing_values,real_missing_value,8:23 p.m.,,8:23 p.m.,Corrigé
809,act_dep_time,missing_values,real_missing_value,7:21 a.m.,,7:22 a.m.,Mal corrigé (valeur différente mais fausse)
810,act_dep_time,missing_values,real_missing_value,9:14 a.m.,,9:14 a.m.,Corrigé
816,act_dep_time,missing_values,real_missing_value,7:58 p.m.,,7:59 p.m.,Mal corrigé (valeur différente mais fausse)
818,act_dep_time,real_world_error,real_dirty_value,3:27 p.m.,3:28 p.m.,3:50 p.m.,Mal corrigé (valeur différente mais fausse)
821,act_dep_time,missing_values,real_missing_value,11:25 p.m.,,11:29 p.m.,Mal corrigé (valeur différente mais fausse)
824,act_dep_time,real_world_error,real_dirty_value,4:00 p.m.,3:58 p.m.,4:10 p.m.,Mal corrigé (valeur différente mais fausse)
834,act_dep_time,real_world_error,real_dirty_value,2:55 p.m.,2:46 p.m.,3:04 p.m.,Mal corrigé (valeur différente mais fausse)
847,act_dep_time,real_world_error,real_dirty_value,3:11 a.m.,11:51 a.m.,12:08 p.m.,Mal corrigé (valeur différente mais fausse)
854,act_dep_time,missing_values,real_missing_value,6:30 p.m.,,6:47 p.m.,Mal corrigé (valeur différente mais fausse)
856,act_dep_time,missing_values,real_missing_value,7:15 p.m.,,7:23 a.m.,Mal corrigé (valeur différente mais fausse)
866,act_dep_time,real_world_error,real_dirty_value,7:05 a.m.,7:07 a.m.,7:31 a.m.,Mal corrigé (valeur différente mais fausse)
871,act_dep_time,missing_values,real_missing_value,11:55 p.m.,,12:11 a.m.,Mal corrigé (valeur différente mais fausse)
872,act_dep_time,missing_values,real_missing_value,4:25 p.m.,,7:23 a.m.,Mal corrigé (valeur différente mais fausse)
873,act_dep_time,missing_values,real_missing_value,9:00 p.m.,,9:06 p.m.,Mal corrigé (valeur différente mais fausse)
874,act_dep_time,missing_values,real_missing_value,8:25 p.m.,,8:29 p.m.,Mal corrigé (valeur différente mais fausse)
878,act_dep_time,missing_values,real_missing_value,1:30 p.m.,,1:41 p.m.,Mal corrigé (valeur différente mais fausse)
881,act_dep_time,missing_values,real_missing_value,11:08 p.m.,,11:35 p.m.,Mal corrigé (valeur différente mais fausse)
882,act_dep_time,missing_values,real_missing_value,5:30 p.m.,,5:38 p.m.,Mal corrigé (valeur différente mais fausse)
886,act_dep_time,real_world_error,real_dirty_value,2:55 p.m.,2:52 p.m.,3:04 p.m.,Mal corrigé (valeur différente mais fausse)
904,act_dep_time,real_world_error,real_dirty_value,11:55 a.m.,11:43 a.m.,11:55 a.m.,Corrigé
912,act_dep_time,real_world_error,real_dirty_value,6:30 p.m.,6:56 p.m.,6:47 p.m.,Mal corrigé (valeur différente mais fausse)
913,act_dep_time,missing_values,real_missing_value,8:42 a.m.,,8:42 a.m.,Corrigé
914,act_dep_time,real_world_error,real_dirty_value,12:13 p.m.,12:14 p.m.,12:14 p.m.,Non corrigé (regression)
915,act_dep_time,missing_values,real_missing_value,5:56 a.m.,,6:10 a.m.,Mal corrigé (valeur différente mais fausse)
916,act_dep_time,missing_values,real_missing_value,12:41 a.m.,,12:41 a.m.,Corrigé
917,act_dep_time,real_world_error,real_dirty_value,7:29 a.m.,7:56 a.m.,7:56 a.m.,Non corrigé (regression)
918,act_dep_time,missing_values,real_missing_value,10:19 a.m.,,10:19 a.m.,Corrigé
919,act_dep_time,missing_values,real_missing_value,7:25 a.m.,,7:25 a.m.,Corrigé
920,act_dep_time,missing_values,real_missing_value,2:48 p.m.,,2:48 p.m.,Corrigé
921,act_dep_time,real_world_error,real_dirty_value,6:08 a.m.,6:09 a.m.,6:09 a.m.,Non corrigé (regression)
922,act_dep_time,real_world_error,real_dirty_value,10:18 a.m.,10:19 a.m.,10:19 a.m.,Non corrigé (regression)
925,act_dep_time,real_world_error,real_dirty_value,12:35 p.m.,12:56 p.m.,12:56 p.m.,Non corrigé (regression)
926,act_dep_time,real_world_error,real_dirty_value,3:31 p.m.,4:02 p.m.,3:31 p.m.,Corrigé
927,act_dep_time,real_world_error,real_dirty_value,10:10 a.m.,10:11 a.m.,10:11 a.m.,Non corrigé (regression)
929,act_dep_time,real_world_error,real_dirty_value,11:05 a.m.,11:06 a.m.,11:06 a.m.,Non corrigé (regression)
931,act_dep_time,real_world_error,real_dirty_value,12:11 p.m.,12:12 p.m.,12:12 p.m.,Non corrigé (regression)
932,act_dep_time,real_world_error,real_dirty_value,7:15 p.m.,7:15 p.m. (Estimated),7:23 a.m.,Mal corrigé (valeur différente mais fausse)
933,act_dep_time,missing_values,real_missing_value,9:14 a.m.,,9:14 a.m.,Corrigé
934,act_dep_time,real_world_error,real_dirty_value,4:28 p.m.,4:46 p.m.,4:28 p.m.,Corrigé
935,act_dep_time,real_world_error,real_dirty_value,4:15 p.m.,4:37 p.m.,4:37 p.m.,Non corrigé (regression)
936,act_dep_time,missing_values,real_missing_value,8:23 p.m.,,8:23 p.m.,Corrigé
937,act_dep_time,missing_values,real_missing_value,10:20 a.m.,,10:20 a.m.,Corrigé
938,act_dep_time,real_world_error,real_dirty_value,7:05 a.m.,7:31 a.m.,7:31 a.m.,Non corrigé (regression)
939,act_dep_time,real_world_error,real_dirty_value,11:01 a.m.,11:02 a.m.,11:02 a.m.,Non corrigé (regression)
940,act_dep_time,real_world_error,real_dirty_value,1:31 p.m.,1:48 p.m.,1:48 p.m.,Non corrigé (regression)
942,act_dep_time,real_world_error,real_dirty_value,4:25 p.m.,4:28 p.m. (Estimated runway),7:23 a.m.,Mal corrigé (valeur différente mais fausse)
943,act_dep_time,real_world_error,real_dirty_value,8:25 p.m.,8:29 p.m. (Estimated runway),8:29 p.m.,Mal corrigé (valeur différente mais fausse)
944,act_dep_time,real_world_error,real_dirty_value,8:51 a.m.,8:52 a.m.,8:52 a.m.,Non corrigé (regression)
945,act_dep_time,real_world_error,real_dirty_value,2:26 p.m.,2:43 p.m.,2:43 p.m.,Non corrigé (regression)
946,act_dep_time,missing_values,real_missing_value,8:26 a.m.,,8:37 a.m.,Mal corrigé (valeur différente mais fausse)
947,act_dep_time,missing_values,real_missing_value,11:08 p.m.,,11:35 p.m.,Mal corrigé (valeur différente mais fausse)
948,act_dep_time,missing_values,real_missing_value,5:30 p.m.,,5:38 p.m.,Mal corrigé (valeur différente mais fausse)
949,act_dep_time,missing_values,real_missing_value,1:32 p.m.,,1:32 p.m.,Corrigé
950,act_dep_time,real_world_error,real_dirty_value,11:15 a.m.,11:47 a.m.,11:47 a.m.,Non corrigé (regression)
952,act_dep_time,real_world_error,real_dirty_value,9:16 a.m.,9:43 a.m.,9:43 a.m.,Non corrigé (regression)
953,act_dep_time,real_world_error,real_dirty_value,8:00 a.m.,8:18 a.m.,8:00 a.m.,Corrigé
954,act_dep_time,real_world_error,real_dirty_value,7:22 a.m.,7:23 a.m.,7:23 a.m.,Non corrigé (regression)
955,act_dep_time,missing_values,real_missing_value,2:55 p.m.,,3:04 p.m.,Mal corrigé (valeur différente mais fausse)
956,act_dep_time,missing_values,real_missing_value,7:27 a.m.,,7:41 a.m.,Mal corrigé (valeur différente mais fausse)
957,act_dep_time,real_world_error,real_dirty_value,12:10 p.m.,12:11 p.m.,12:11 p.m.,Non corrigé (regression)
958,act_dep_time,missing_values,real_missing_value,8:04 a.m.,,8:04 a.m.,Corrigé
959,act_dep_time,missing_values,real_missing_value,8:52 a.m.,,9:05 a.m.,Mal corrigé (valeur différente mais fausse)
960,act_dep_time,real_world_error,real_dirty_value,7:49 a.m.,8:07 a.m.,8:07 a.m.,Non corrigé (regression)
961,act_dep_time,real_world_error,real_dirty_value,3:36 p.m.,3:38 p.m.,3:38 p.m.,Non corrigé (regression)
962,act_dep_time,missing_values,real_missing_value,11:40 a.m.,,11:41 a.m.,Mal corrigé (valeur différente mais fausse)
963,act_dep_time,missing_values,real_missing_value,4:12 p.m.,,4:12 p.m.,Corrigé
964,act_dep_time,real_world_error,real_dirty_value,8:40 a.m.,9:01 a.m.,8:40 a.m.,Corrigé
965,act_dep_time,real_world_error,real_dirty_value,10:54 a.m.,10:55 a.m.,10:55 a.m.,Non corrigé (regression)
967,act_dep_time,real_world_error,real_dirty_value,7:39 a.m.,7:40 a.m.,7:40 a.m.,Non corrigé (regression)
968,act_dep_time,real_world_error,real_dirty_value,7:31 a.m.,7:32 a.m.,7:32 a.m.,Non corrigé (regression)
971,act_dep_time,real_world_error,real_dirty_value,7:30 a.m.,7:31 a.m.,7:31 a.m.,Non corrigé (regression)
972,act_dep_time,real_world_error,real_dirty_value,6:30 p.m.,6:47 p.m.,6:47 p.m.,Non corrigé (regression)
974,act_dep_time,real_world_error,real_dirty_value,11:30 a.m.,11:45 a.m.,11:45 a.m.,Non corrigé (regression)
975,act_dep_time,real_world_error,real_dirty_value,8:42 a.m.,8:51 a.m.,8:42 a.m.,Corrigé
976,act_dep_time,real_world_error,real_dirty_value,1:31 p.m.,1:48 p.m.,1:48 p.m.,Non corrigé (regression)
978,act_dep_time,real_world_error,real_dirty_value,8:25 p.m.,8:29 p.m.,8:29 p.m.,Non corrigé (regression)
979,act_dep_time,real_world_error,real_dirty_value,7:15 p.m.,7:25 p.m.,7:23 a.m.,Mal corrigé (valeur différente mais fausse)
980,act_dep_time,real_world_error,real_dirty_value,5:22 p.m.,5:38 p.m.,5:38 p.m.,Non corrigé (regression)
982,act_dep_time,real_world_error,real_dirty_value,8:25 p.m.,7:27 p.m.,8:25 p.m.,Corrigé
987,act_dep_time,real_world_error,real_dirty_value,6:55 p.m.,6:56 p.m.,6:56 p.m.,Non corrigé (regression)
989,act_dep_time,real_world_error,real_dirty_value,7:16 a.m.,7:02 a.m.,7:16 a.m.,Corrigé
990,act_dep_time,real_world_error,real_dirty_value,6:54 a.m.,6:40 a.m.,6:54 a.m.,Corrigé
991,act_dep_time,real_world_error,real_dirty_value,8:29 a.m.,8:48 a.m.,8:29 a.m.,Corrigé
992,act_dep_time,real_world_error,real_dirty_value,8:42 a.m.,9:00 a.m.,8:42 a.m.,Corrigé
993,act_dep_time,real_world_error,real_dirty_value,7:58 p.m.,7:45 p.m.,7:59 p.m.,Mal corrigé (valeur différente mais fausse)
994,act_dep_time,real_world_error,real_dirty_value,6:30 p.m.,Not Available,6:47 p.m.,Mal corrigé (valeur différente mais fausse)
995,act_dep_time,real_world_error,real_dirty_value,12:11 p.m.,11:54 a.m.,12:12 p.m.,Mal corrigé (valeur différente mais fausse)
996,act_dep_time,real_world_error,real_dirty_value,3:27 p.m.,Contact Airline,3:50 p.m.,Mal corrigé (valeur différente mais fausse)
997,act_dep_time,real_world_error,real_dirty_value,11:40 a.m.,11:20 a.m.,11:41 a.m.,Mal corrigé (valeur différente mais fausse)
998,act_dep_time,real_world_error,real_dirty_value,11:25 p.m.,Not Available,11:29 p.m.,Mal corrigé (valeur différente mais fausse)
999,act_dep_time,real_world_error,real_dirty_value,5:56 a.m.,6:09 a.m.,6:10 a.m.,Mal corrigé (valeur différente mais fausse)
1000,act_dep_time,real_world_error,real_dirty_value,12:41 p.m.,12:10 p.m.,12:42 p.m.,Mal corrigé (valeur différente mais fausse)
1001,act_dep_time,real_world_error,real_dirty_value,4:00 p.m.,Contact Airline,4:10 p.m.,Mal corrigé (valeur différente mais fausse)
1002,act_dep_time,real_world_error,real_dirty_value,7:25 a.m.,7:04 a.m.,7:25 a.m.,Corrigé
1003,act_dep_time,real_world_error,real_dirty_value,8:12 a.m.,8:24 a.m.,8:26 a.m.,Mal corrigé (valeur différente mais fausse)
1004,act_dep_time,real_world_error,real_dirty_value,4:29 p.m.,4:16 p.m.,4:29 p.m.,Corrigé
1006,act_dep_time,real_world_error,real_dirty_value,12:12 p.m.,11:54 a.m.,12:13 p.m.,Mal corrigé (valeur différente mais fausse)
1007,act_dep_time,real_world_error,real_dirty_value,6:08 a.m.,5:58 a.m.,6:09 a.m.,Mal corrigé (valeur différente mais fausse)
1008,act_dep_time,real_world_error,real_dirty_value,11:30 a.m.,Contact Airline,11:45 a.m.,Mal corrigé (valeur différente mais fausse)
1011,act_dep_time,real_world_error,real_dirty_value,10:55 a.m.,10:42 a.m.,10:55 a.m.,Corrigé
1012,act_dep_time,real_world_error,real_dirty_value,8:04 a.m.,7:51 a.m.,8:04 a.m.,Corrigé
1013,act_dep_time,real_world_error,real_dirty_value,10:18 a.m.,10:10 a.m.,10:19 a.m.,Mal corrigé (valeur différente mais fausse)
1014,act_dep_time,real_world_error,real_dirty_value,8:04 a.m.,7:28 a.m.,8:04 a.m.,Corrigé
1015,act_dep_time,real_world_error,real_dirty_value,2:04 p.m.,1:48 p.m.,2:04 p.m.,Corrigé
1016,act_dep_time,real_world_error,real_dirty_value,10:10 a.m.,9:59 a.m.,10:11 a.m.,Mal corrigé (valeur différente mais fausse)
1017,act_dep_time,real_world_error,real_dirty_value,12:13 p.m.,11:47 a.m.,12:14 p.m.,Mal corrigé (valeur différente mais fausse)
1018,act_dep_time,real_world_error,real_dirty_value,3:11 a.m.,Contact Airline,12:08 p.m.,Mal corrigé (valeur différente mais fausse)
1019,act_dep_time,real_world_error,real_dirty_value,7:39 a.m.,7:22 a.m.,7:39 a.m.,Corrigé
1020,act_dep_time,real_world_error,real_dirty_value,11:52 a.m.,11:33 a.m.,11:52 a.m.,Corrigé
1021,act_dep_time,real_world_error,real_dirty_value,11:05 a.m.,10:46 a.m.,11:06 a.m.,Mal corrigé (valeur différente mais fausse)
1022,act_dep_time,real_world_error,real_dirty_value,7:21 a.m.,7:08 a.m.,7:22 a.m.,Mal corrigé (valeur différente mais fausse)
1024,act_dep_time,real_world_error,real_dirty_value,6:55 p.m.,6:40 p.m.,6:56 p.m.,Mal corrigé (valeur différente mais fausse)
1025,act_dep_time,real_world_error,real_dirty_value,7:15 p.m.,Contact Airline,7:23 a.m.,Mal corrigé (valeur différente mais fausse)
1026,act_dep_time,real_world_error,real_dirty_value,2:10 p.m.,2:37 p.m.,2:38 p.m.,Mal corrigé (valeur différente mais fausse)
1028,act_dep_time,real_world_error,real_dirty_value,6:56 a.m.,5:59 a.m.,6:56 a.m.,Corrigé
1029,act_dep_time,real_world_error,real_dirty_value,7:30 a.m.,7:10 a.m.,7:31 a.m.,Mal corrigé (valeur différente mais fausse)
1030,act_dep_time,real_world_error,real_dirty_value,4:28 p.m.,Contact Airline,4:28 p.m.,Corrigé
1031,act_dep_time,real_world_error,real_dirty_value,8:23 p.m.,8:01 p.m.,8:23 p.m.,Corrigé
1032,act_dep_time,real_world_error,real_dirty_value,7:05 a.m.,Contact Airline,7:31 a.m.,Mal corrigé (valeur différente mais fausse)
1033,act_dep_time,real_world_error,real_dirty_value,11:01 a.m.,10:47 a.m.,11:02 a.m.,Mal corrigé (valeur différente mais fausse)
1034,act_dep_time,real_world_error,real_dirty_value,1:31 p.m.,1:47 p.m.,1:48 p.m.,Mal corrigé (valeur différente mais fausse)
1035,act_dep_time,real_world_error,real_dirty_value,11:55 p.m.,Not Available,12:11 a.m.,Mal corrigé (valeur différente mais fausse)
1036,act_dep_time,real_world_error,real_dirty_value,4:25 p.m.,Not Available,7:23 a.m.,Mal corrigé (valeur différente mais fausse)
1037,act_dep_time,real_world_error,real_dirty_value,9:00 p.m.,Not Available,9:06 p.m.,Mal corrigé (valeur différente mais fausse)
1038,act_dep_time,real_world_error,real_dirty_value,8:25 p.m.,Not Available,8:29 p.m.,Mal corrigé (valeur différente mais fausse)
1039,act_dep_time,real_world_error,real_dirty_value,7:22 a.m.,6:56 a.m.,7:23 a.m.,Mal corrigé (valeur différente mais fausse)
1040,act_dep_time,real_world_error,real_dirty_value,8:51 a.m.,8:31 a.m.,8:52 a.m.,Mal corrigé (valeur différente mais fausse)
1041,act_dep_time,real_world_error,real_dirty_value,2:26 p.m.,2:42 p.m.,2:43 p.m.,Mal corrigé (valeur différente mais fausse)
1042,act_dep_time,real_world_error,real_dirty_value,8:26 a.m.,8:35 a.m.,8:37 a.m.,Mal corrigé (valeur différente mais fausse)
1043,act_dep_time,real_world_error,real_dirty_value,1:30 p.m.,Not Available,1:41 p.m.,Mal corrigé (valeur différente mais fausse)
1045,act_dep_time,real_world_error,real_dirty_value,7:27 a.m.,7:41 a.m.,7:41 a.m.,Non corrigé (regression)
1046,act_dep_time,real_world_error,real_dirty_value,1:32 p.m.,1:50 p.m.,1:32 p.m.,Corrigé
1047,act_dep_time,real_world_error,real_dirty_value,11:15 a.m.,Contact Airline,11:47 a.m.,Mal corrigé (valeur différente mais fausse)
1048,act_dep_time,real_world_error,real_dirty_value,8:39 p.m.,8:30 p.m.,8:40 p.m.,Mal corrigé (valeur différente mais fausse)
1049,act_dep_time,real_world_error,real_dirty_value,2:55 p.m.,Contact Airline,3:04 p.m.,Mal corrigé (valeur différente mais fausse)
1050,act_dep_time,real_world_error,real_dirty_value,2:48 p.m.,Contact Airline,2:48 p.m.,Corrigé
1051,act_dep_time,real_world_error,real_dirty_value,2:44 p.m.,2:32 p.m.,2:44 p.m.,Corrigé
1052,act_dep_time,real_world_error,real_dirty_value,3:27 p.m.,3:00 p.m.,3:27 p.m.,Corrigé
1053,act_dep_time,real_world_error,real_dirty_value,7:22 a.m.,7:10 a.m.,7:23 a.m.,Mal corrigé (valeur différente mais fausse)
1054,act_dep_time,real_world_error,real_dirty_value,2:55 p.m.,Contact Airline,3:04 p.m.,Mal corrigé (valeur différente mais fausse)
1055,act_dep_time,real_world_error,real_dirty_value,12:10 p.m.,12:01 p.m.,12:11 p.m.,Mal corrigé (valeur différente mais fausse)
1056,act_dep_time,real_world_error,real_dirty_value,8:52 a.m.,Contact Airline,9:05 a.m.,Mal corrigé (valeur différente mais fausse)
1057,act_dep_time,real_world_error,real_dirty_value,1:19 p.m.,1:06 p.m.,1:19 p.m.,Corrigé
1058,act_dep_time,real_world_error,real_dirty_value,7:49 a.m.,8:07 a.m.,8:07 a.m.,Non corrigé (regression)
1059,act_dep_time,real_world_error,real_dirty_value,8:56 a.m.,8:32 a.m.,8:56 a.m.,Corrigé
1060,act_dep_time,real_world_error,real_dirty_value,3:36 p.m.,3:09 p.m.,3:38 p.m.,Mal corrigé (valeur différente mais fausse)
1061,act_dep_time,real_world_error,real_dirty_value,4:12 p.m.,3:52 p.m.,4:12 p.m.,Corrigé
1063,act_dep_time,real_world_error,real_dirty_value,11:55 a.m.,Contact Airline,11:55 a.m.,Corrigé
1064,act_dep_time,real_world_error,real_dirty_value,10:54 a.m.,10:35 a.m.,10:55 a.m.,Mal corrigé (valeur différente mais fausse)
1065,act_dep_time,real_world_error,real_dirty_value,7:31 a.m.,7:05 a.m.,7:32 a.m.,Mal corrigé (valeur différente mais fausse)
1066,act_dep_time,real_world_error,real_dirty_value,6:57 a.m.,6:41 a.m.,6:58 a.m.,Mal corrigé (valeur différente mais fausse)
1068,act_dep_time,real_world_error,real_dirty_value,6:10 a.m.,5:56 a.m.,6:10 a.m.,Corrigé
1069,act_dep_time,real_world_error,real_dirty_value,7:39 a.m.,7:14 a.m.,7:40 a.m.,Mal corrigé (valeur différente mais fausse)
1071,act_dep_time,real_world_error,real_dirty_value,7:14 p.m.,7:42 p.m.,7:42 p.m.,Non corrigé (regression)
1073,act_dep_time,real_world_error,real_dirty_value,8:29 a.m.,8:49 a.m.,8:29 a.m.,Corrigé
1074,act_dep_time,real_world_error,real_dirty_value,8:42 a.m.,9:01 a.m.,8:42 a.m.,Corrigé
1075,act_dep_time,real_world_error,real_dirty_value,7:58 p.m.,7:59 p.m.,7:59 p.m.,Non corrigé (regression)
1076,act_dep_time,real_world_error,real_dirty_value,12:11 p.m.,12:12 p.m.,12:12 p.m.,Non corrigé (regression)
1077,act_dep_time,real_world_error,real_dirty_value,3:27 p.m.,3:50 p.m.,3:50 p.m.,Non corrigé (regression)
1078,act_dep_time,real_world_error,real_dirty_value,11:32 a.m.,12:37 p.m.,11:32 a.m.,Corrigé
1079,act_dep_time,real_world_error,real_dirty_value,10:33 a.m.,10:53 a.m.,10:53 a.m.,Non corrigé (regression)
1080,act_dep_time,missing_values,real_missing_value,11:25 p.m.,,11:29 p.m.,Mal corrigé (valeur différente mais fausse)
1081,act_dep_time,real_world_error,real_dirty_value,5:56 a.m.,6:10 a.m.,6:10 a.m.,Non corrigé (regression)
1082,act_dep_time,real_world_error,real_dirty_value,12:41 a.m.,12:58 a.m.,12:41 a.m.,Corrigé
1083,act_dep_time,real_world_error,real_dirty_value,4:00 p.m.,4:10 p.m.,4:10 p.m.,Non corrigé (regression)
1084,act_dep_time,real_world_error,real_dirty_value,7:29 a.m.,7:56 a.m.,7:56 a.m.,Non corrigé (regression)
1085,act_dep_time,real_world_error,real_dirty_value,10:19 a.m.,10:35 a.m.,10:19 a.m.,Corrigé
1086,act_dep_time,real_world_error,real_dirty_value,10:10 a.m.,10:11 a.m.,10:11 a.m.,Non corrigé (regression)
1087,act_dep_time,real_world_error,real_dirty_value,8:12 a.m.,8:26 a.m.,8:26 a.m.,Non corrigé (regression)
1089,act_dep_time,real_world_error,real_dirty_value,4:29 p.m.,4:30 p.m.,4:29 p.m.,Corrigé
1091,act_dep_time,real_world_error,real_dirty_value,2:48 p.m.,2:59 p.m.,2:48 p.m.,Corrigé
1092,act_dep_time,real_world_error,real_dirty_value,8:00 a.m.,8:18 a.m.,8:00 a.m.,Corrigé
1093,act_dep_time,real_world_error,real_dirty_value,2:55 p.m.,3:04 p.m.,3:04 p.m.,Non corrigé (regression)
1094,act_dep_time,real_world_error,real_dirty_value,12:12 p.m.,12:13 p.m.,12:13 p.m.,Non corrigé (regression)
1095,act_dep_time,real_world_error,real_dirty_value,11:56 a.m.,12:06 p.m.,12:06 p.m.,Non corrigé (regression)
1096,act_dep_time,real_world_error,real_dirty_value,6:08 a.m.,6:09 a.m.,6:09 a.m.,Non corrigé (regression)
1097,act_dep_time,real_world_error,real_dirty_value,11:30 a.m.,11:45 a.m.,11:45 a.m.,Non corrigé (regression)
1098,act_dep_time,real_world_error,real_dirty_value,6:02 a.m.,6:17 a.m.,6:02 a.m.,Corrigé
1099,act_dep_time,real_world_error,real_dirty_value,8:40 a.m.,9:01 a.m.,8:40 a.m.,Corrigé
1100,act_dep_time,real_world_error,real_dirty_value,10:18 a.m.,10:19 a.m.,10:19 a.m.,Non corrigé (regression)
1102,act_dep_time,real_world_error,real_dirty_value,7:49 a.m.,8:07 a.m.,8:07 a.m.,Non corrigé (regression)
1103,act_dep_time,real_world_error,real_dirty_value,12:35 p.m.,12:56 p.m.,12:56 p.m.,Non corrigé (regression)
1104,act_dep_time,real_world_error,real_dirty_value,12:13 p.m.,12:14 p.m.,12:14 p.m.,Non corrigé (regression)
1105,act_dep_time,real_world_error,real_dirty_value,2:26 p.m.,2:43 p.m.,2:43 p.m.,Non corrigé (regression)
1106,act_dep_time,real_world_error,real_dirty_value,3:11 a.m.,12:08 p.m.,12:08 p.m.,Non corrigé (regression)
1107,act_dep_time,real_world_error,real_dirty_value,5:22 p.m.,5:38 p.m.,5:38 p.m.,Non corrigé (regression)
1108,act_dep_time,real_world_error,real_dirty_value,8:25 p.m.,8:36 p.m.,8:25 p.m.,Corrigé
1109,act_dep_time,real_world_error,real_dirty_value,11:05 a.m.,11:06 a.m.,11:06 a.m.,Non corrigé (regression)
1110,act_dep_time,real_world_error,real_dirty_value,1:32 p.m.,1:43 p.m.,1:43 p.m.,Non corrigé (regression)
1112,act_dep_time,real_world_error,real_dirty_value,7:21 a.m.,7:22 a.m.,7:22 a.m.,Non corrigé (regression)
1113,act_dep_time,missing_values,real_missing_value,6:30 p.m.,,6:47 p.m.,Mal corrigé (valeur différente mais fausse)
1114,act_dep_time,real_world_error,real_dirty_value,6:55 p.m.,6:56 p.m.,6:56 p.m.,Non corrigé (regression)
1115,act_dep_time,missing_values,real_missing_value,7:15 p.m.,,7:23 a.m.,Mal corrigé (valeur différente mais fausse)
1116,act_dep_time,real_world_error,real_dirty_value,2:10 p.m.,2:38 p.m.,2:38 p.m.,Non corrigé (regression)
1117,act_dep_time,real_world_error,real_dirty_value,9:14 a.m.,9:58 a.m.,9:14 a.m.,Corrigé
1118,act_dep_time,real_world_error,real_dirty_value,6:56 a.m.,6:57 a.m.,6:56 a.m.,Corrigé
1119,act_dep_time,real_world_error,real_dirty_value,7:30 a.m.,7:31 a.m.,7:31 a.m.,Non corrigé (regression)
1120,act_dep_time,real_world_error,real_dirty_value,5:08 p.m.,5:09 p.m.,5:09 p.m.,Non corrigé (regression)
1121,act_dep_time,real_world_error,real_dirty_value,4:28 p.m.,4:46 p.m.,4:28 p.m.,Corrigé
1122,act_dep_time,real_world_error,real_dirty_value,4:15 p.m.,4:37 p.m.,4:37 p.m.,Non corrigé (regression)
1124,act_dep_time,real_world_error,real_dirty_value,10:20 a.m.,10:37 a.m.,10:20 a.m.,Corrigé
1125,act_dep_time,real_world_error,real_dirty_value,7:05 a.m.,7:31 a.m.,7:31 a.m.,Non corrigé (regression)
1126,act_dep_time,real_world_error,real_dirty_value,11:01 a.m.,11:02 a.m.,11:02 a.m.,Non corrigé (regression)
1127,act_dep_time,real_world_error,real_dirty_value,1:31 p.m.,1:48 p.m.,1:48 p.m.,Non corrigé (regression)
1128,act_dep_time,real_world_error,real_dirty_value,12:41 p.m.,12:42 p.m.,12:42 p.m.,Non corrigé (regression)
1129,act_dep_time,real_world_error,real_dirty_value,1:48 p.m.,2:01 p.m.,2:01 p.m.,Non corrigé (regression)
1130,act_dep_time,missing_values,real_missing_value,11:55 p.m.,,12:11 a.m.,Mal corrigé (valeur différente mais fausse)
1131,act_dep_time,missing_values,real_missing_value,4:25 p.m.,,7:23 a.m.,Mal corrigé (valeur différente mais fausse)
1132,act_dep_time,missing_values,real_missing_value,9:00 p.m.,,9:06 p.m.,Mal corrigé (valeur différente mais fausse)
1133,act_dep_time,missing_values,real_missing_value,8:25 p.m.,,8:29 p.m.,Mal corrigé (valeur différente mais fausse)
1134,act_dep_time,real_world_error,real_dirty_value,7:22 a.m.,7:23 a.m.,7:23 a.m.,Non corrigé (regression)
1135,act_dep_time,real_world_error,real_dirty_value,8:51 a.m.,8:52 a.m.,8:52 a.m.,Non corrigé (regression)
1136,act_dep_time,real_world_error,real_dirty_value,8:26 a.m.,8:37 a.m.,8:37 a.m.,Non corrigé (regression)
1137,act_dep_time,missing_values,real_missing_value,1:30 p.m.,,1:41 p.m.,Mal corrigé (valeur différente mais fausse)
1138,act_dep_time,real_world_error,real_dirty_value,3:01 p.m.,3:17 p.m.,3:01 p.m.,Corrigé
1139,act_dep_time,real_world_error,real_dirty_value,7:27 a.m.,7:41 a.m.,7:41 a.m.,Non corrigé (regression)
1140,act_dep_time,missing_values,real_missing_value,11:08 p.m.,,11:35 p.m.,Mal corrigé (valeur différente mais fausse)
1141,act_dep_time,missing_values,real_missing_value,5:30 p.m.,,5:38 p.m.,Mal corrigé (valeur différente mais fausse)
1142,act_dep_time,real_world_error,real_dirty_value,1:32 p.m.,1:45 p.m.,1:32 p.m.,Corrigé
1143,act_dep_time,real_world_error,real_dirty_value,11:15 a.m.,11:47 a.m.,11:47 a.m.,Non corrigé (regression)
1144,act_dep_time,real_world_error,real_dirty_value,8:39 p.m.,8:40 p.m.,8:40 p.m.,Non corrigé (regression)
1145,act_dep_time,real_world_error,real_dirty_value,2:55 p.m.,3:04 p.m.,3:04 p.m.,Non corrigé (regression)
1146,act_dep_time,real_world_error,real_dirty_value,2:48 p.m.,2:59 p.m.,2:48 p.m.,Corrigé
1147,act_dep_time,real_world_error,real_dirty_value,9:16 a.m.,9:43 a.m.,9:43 a.m.,Non corrigé (regression)
1149,act_dep_time,real_world_error,real_dirty_value,3:27 p.m.,3:28 p.m.,3:27 p.m.,Corrigé
1150,act_dep_time,real_world_error,real_dirty_value,7:22 a.m.,7:23 a.m.,7:23 a.m.,Non corrigé (regression)
1151,act_dep_time,real_world_error,real_dirty_value,12:10 p.m.,12:11 p.m.,12:11 p.m.,Non corrigé (regression)
1152,act_dep_time,real_world_error,real_dirty_value,8:04 a.m.,8:05 a.m.,8:04 a.m.,Corrigé
1153,act_dep_time,real_world_error,real_dirty_value,8:52 a.m.,9:05 a.m.,9:05 a.m.,Non corrigé (regression)
1154,act_dep_time,real_world_error,real_dirty_value,1:19 p.m.,1:20 p.m.,1:19 p.m.,Corrigé
1156,act_dep_time,real_world_error,real_dirty_value,3:36 p.m.,3:38 p.m.,3:38 p.m.,Non corrigé (regression)
1158,act_dep_time,real_world_error,real_dirty_value,11:40 a.m.,11:41 a.m.,11:41 a.m.,Non corrigé (regression)
1161,act_dep_time,real_world_error,real_dirty_value,7:39 a.m.,7:40 a.m.,7:39 a.m.,Corrigé
1162,act_dep_time,real_world_error,real_dirty_value,3:31 p.m.,4:02 p.m.,3:31 p.m.,Corrigé
1164,act_dep_time,real_world_error,real_dirty_value,10:54 a.m.,10:55 a.m.,10:55 a.m.,Non corrigé (regression)
1165,act_dep_time,real_world_error,real_dirty_value,6:57 a.m.,6:58 a.m.,6:58 a.m.,Non corrigé (regression)
1166,act_dep_time,real_world_error,real_dirty_value,3:58 p.m.,4:15 p.m.,3:58 p.m.,Corrigé
1167,act_dep_time,real_world_error,real_dirty_value,6:10 a.m.,6:11 a.m.,6:10 a.m.,Corrigé
1168,act_dep_time,real_world_error,real_dirty_value,7:39 a.m.,7:40 a.m.,7:40 a.m.,Non corrigé (regression)
1169,act_dep_time,real_world_error,real_dirty_value,7:31 a.m.,7:32 a.m.,7:32 a.m.,Non corrigé (regression)
1170,act_dep_time,missing_values,real_missing_value,7:16 a.m.,,7:16 a.m.,Corrigé
1172,act_dep_time,real_world_error,real_dirty_value,7:14 p.m.,7:42 p.m.,7:42 p.m.,Non corrigé (regression)
1173,act_dep_time,missing_values,real_missing_value,8:42 a.m.,,8:42 a.m.,Corrigé
1174,act_dep_time,missing_values,real_missing_value,7:58 p.m.,,7:59 p.m.,Mal corrigé (valeur différente mais fausse)
1175,act_dep_time,real_world_error,real_dirty_value,5:56 a.m.,6:10 a.m.,6:10 a.m.,Non corrigé (regression)
1176,act_dep_time,real_world_error,real_dirty_value,8:12 a.m.,8:26 a.m.,8:26 a.m.,Non corrigé (regression)
1178,act_dep_time,missing_values,real_missing_value,4:29 p.m.,,4:29 p.m.,Corrigé
1179,act_dep_time,real_world_error,real_dirty_value,5:22 p.m.,5:38 p.m.,5:38 p.m.,Non corrigé (regression)
1180,act_dep_time,real_world_error,real_dirty_value,6:08 a.m.,6:09 a.m.,6:09 a.m.,Non corrigé (regression)
1181,act_dep_time,missing_values,real_missing_value,11:30 a.m.,,11:45 a.m.,Mal corrigé (valeur différente mais fausse)
1182,act_dep_time,missing_values,real_missing_value,10:55 a.m.,,10:55 a.m.,Corrigé
1183,act_dep_time,real_world_error,real_dirty_value,10:18 a.m.,10:19 a.m.,10:19 a.m.,Non corrigé (regression)
1185,act_dep_time,real_world_error,real_dirty_value,12:41 p.m.,12:42 p.m.,12:42 p.m.,Non corrigé (regression)
1186,act_dep_time,real_world_error,real_dirty_value,12:35 p.m.,12:56 p.m.,12:56 p.m.,Non corrigé (regression)
1187,act_dep_time,real_world_error,real_dirty_value,3:11 a.m.,12:08 p.m.,12:08 p.m.,Non corrigé (regression)
1188,act_dep_time,real_world_error,real_dirty_value,11:05 a.m.,11:06 a.m.,11:06 a.m.,Non corrigé (regression)
1189,act_dep_time,missing_values,real_missing_value,1:32 p.m.,,1:43 p.m.,Mal corrigé (valeur différente mais fausse)
1191,act_dep_time,missing_values,real_missing_value,6:55 p.m.,,6:56 p.m.,Mal corrigé (valeur différente mais fausse)
1192,act_dep_time,real_world_error,real_dirty_value,7:15 p.m.,Not Available,7:23 a.m.,Mal corrigé (valeur différente mais fausse)
1193,act_dep_time,real_world_error,real_dirty_value,2:10 p.m.,2:38 p.m.,2:38 p.m.,Non corrigé (regression)
1196,act_dep_time,missing_values,real_missing_value,10:20 a.m.,,10:20 a.m.,Corrigé
1198,act_dep_time,missing_values,real_missing_value,1:31 p.m.,,1:48 p.m.,Mal corrigé (valeur différente mais fausse)
1199,act_dep_time,real_world_error,real_dirty_value,11:55 p.m.,12:10 a.m. (Estimated runway),12:11 a.m.,Mal corrigé (valeur différente mais fausse)
1200,act_dep_time,real_world_error,real_dirty_value,2:26 p.m.,2:43 p.m.,2:43 p.m.,Non corrigé (regression)
1202,act_dep_time,real_world_error,real_dirty_value,3:01 p.m.,3:17 p.m.,3:01 p.m.,Corrigé
1203,act_dep_time,real_world_error,real_dirty_value,7:27 a.m.,7:41 a.m.,7:41 a.m.,Non corrigé (regression)
1204,act_dep_time,missing_values,real_missing_value,11:08 p.m.,,11:35 p.m.,Mal corrigé (valeur différente mais fausse)
1205,act_dep_time,missing_values,real_missing_value,5:30 p.m.,,5:38 p.m.,Mal corrigé (valeur différente mais fausse)
1206,act_dep_time,real_world_error,real_dirty_value,11:15 a.m.,11:47 a.m.,11:47 a.m.,Non corrigé (regression)
1207,act_dep_time,real_world_error,real_dirty_value,2:55 p.m.,3:04 p.m.,3:04 p.m.,Non corrigé (regression)
1208,act_dep_time,real_world_error,real_dirty_value,9:16 a.m.,9:43 a.m.,9:43 a.m.,Non corrigé (regression)
1210,act_dep_time,real_world_error,real_dirty_value,7:22 a.m.,7:23 a.m.,7:23 a.m.,Non corrigé (regression)
1211,act_dep_time,real_world_error,real_dirty_value,4:25 p.m.,Not Available,7:23 a.m.,Mal corrigé (valeur différente mais fausse)
1212,act_dep_time,missing_values,real_missing_value,12:10 p.m.,,12:11 p.m.,Mal corrigé (valeur différente mais fausse)
1213,act_dep_time,missing_values,real_missing_value,8:04 a.m.,,8:04 a.m.,Corrigé
1214,act_dep_time,missing_values,real_missing_value,8:52 a.m.,,9:05 a.m.,Mal corrigé (valeur différente mais fausse)
1217,act_dep_time,real_world_error,real_dirty_value,3:36 p.m.,3:38 p.m.,3:38 p.m.,Non corrigé (regression)
1218,act_dep_time,real_world_error,real_dirty_value,6:30 p.m.,6:56 p.m.,6:47 p.m.,Mal corrigé (valeur différente mais fausse)
1219,act_dep_time,missing_values,real_missing_value,11:40 a.m.,,11:41 a.m.,Mal corrigé (valeur différente mais fausse)
1220,act_dep_time,missing_values,real_missing_value,4:12 p.m.,,4:12 p.m.,Corrigé
1221,act_dep_time,missing_values,real_missing_value,6:10 a.m.,,6:10 a.m.,Corrigé
1222,act_dep_time,real_world_error,real_dirty_value,7:39 a.m.,7:40 a.m.,7:40 a.m.,Non corrigé (regression)
1224,act_dep_time,missing_values,real_missing_value,7:14 p.m.,,7:42 p.m.,Mal corrigé (valeur différente mais fausse)
1226,act_dep_time,real_world_error,real_dirty_value,8:29 a.m.,8:48 a.m.,8:29 a.m.,Corrigé
1227,act_dep_time,real_world_error,real_dirty_value,8:42 a.m.,9:00 a.m.,8:42 a.m.,Corrigé
1228,act_dep_time,real_world_error,real_dirty_value,7:58 p.m.,7:59 p.m.,7:59 p.m.,Non corrigé (regression)
1229,act_dep_time,real_world_error,real_dirty_value,3:27 p.m.,3:50 p.m.,3:50 p.m.,Non corrigé (regression)
1230,act_dep_time,missing_values,real_missing_value,11:32 a.m.,,11:32 a.m.,Corrigé
1231,act_dep_time,real_world_error,real_dirty_value,11:40 a.m.,11:41 a.m.,11:41 a.m.,Non corrigé (regression)
1232,act_dep_time,real_world_error,real_dirty_value,10:33 a.m.,10:53 a.m.,10:53 a.m.,Non corrigé (regression)
1233,act_dep_time,real_world_error,real_dirty_value,11:25 p.m.,11:29 p.m.,11:29 p.m.,Non corrigé (regression)
1234,act_dep_time,real_world_error,real_dirty_value,5:56 a.m.,6:10 a.m.,6:10 a.m.,Non corrigé (regression)
1235,act_dep_time,missing_values,real_missing_value,12:41 a.m.,,12:41 a.m.,Corrigé
1236,act_dep_time,real_world_error,real_dirty_value,4:00 p.m.,4:10 p.m.,4:10 p.m.,Non corrigé (regression)
1237,act_dep_time,missing_values,real_missing_value,7:29 a.m.,,7:56 a.m.,Mal corrigé (valeur différente mais fausse)
1238,act_dep_time,missing_values,real_missing_value,10:19 a.m.,,10:19 a.m.,Corrigé
1239,act_dep_time,real_world_error,real_dirty_value,10:10 a.m.,10:11 a.m.,10:11 a.m.,Non corrigé (regression)
1240,act_dep_time,real_world_error,real_dirty_value,8:12 a.m.,8:26 a.m.,8:26 a.m.,Non corrigé (regression)
1243,act_dep_time,real_world_error,real_dirty_value,10:55 a.m.,10:54 a.m.,10:55 a.m.,Corrigé
1244,act_dep_time,missing_values,real_missing_value,2:48 p.m.,,2:48 p.m.,Corrigé
1245,act_dep_time,missing_values,real_missing_value,8:00 a.m.,,8:00 a.m.,Corrigé
1246,act_dep_time,real_world_error,real_dirty_value,2:55 p.m.,3:04 p.m.,3:04 p.m.,Non corrigé (regression)
1247,act_dep_time,real_world_error,real_dirty_value,12:12 p.m.,12:13 p.m.,12:13 p.m.,Non corrigé (regression)
1248,act_dep_time,missing_values,real_missing_value,11:56 a.m.,,12:06 p.m.,Mal corrigé (valeur différente mais fausse)
1249,act_dep_time,real_world_error,real_dirty_value,6:08 a.m.,6:09 a.m.,6:09 a.m.,Non corrigé (regression)
1250,act_dep_time,real_world_error,real_dirty_value,11:30 a.m.,11:45 a.m.,11:45 a.m.,Non corrigé (regression)
1251,act_dep_time,missing_values,real_missing_value,6:02 a.m.,,6:02 a.m.,Corrigé
1252,act_dep_time,missing_values,real_missing_value,8:40 a.m.,,8:40 a.m.,Corrigé
1253,act_dep_time,real_world_error,real_dirty_value,10:18 a.m.,10:19 a.m.,10:19 a.m.,Non corrigé (regression)
1254,act_dep_time,real_world_error,real_dirty_value,2:04 p.m.,2:03 p.m.,2:04 p.m.,Corrigé
1255,act_dep_time,real_world_error,real_dirty_value,7:49 a.m.,8:07 a.m.,8:07 a.m.,Non corrigé (regression)
1256,act_dep_time,real_world_error,real_dirty_value,12:35 p.m.,12:56 p.m.,12:56 p.m.,Non corrigé (regression)
1257,act_dep_time,real_world_error,real_dirty_value,12:13 p.m.,12:14 p.m.,12:14 p.m.,Non corrigé (regression)
1258,act_dep_time,real_world_error,real_dirty_value,2:26 p.m.,2:43 p.m.,2:43 p.m.,Non corrigé (regression)
1259,act_dep_time,real_world_error,real_dirty_value,3:11 a.m.,12:07 p.m.,12:08 p.m.,Mal corrigé (valeur différente mais fausse)
1260,act_dep_time,missing_values,real_missing_value,5:22 p.m.,,5:38 p.m.,Mal corrigé (valeur différente mais fausse)
1261,act_dep_time,missing_values,real_missing_value,8:25 p.m.,,8:25 p.m.,Corrigé
1262,act_dep_time,real_world_error,real_dirty_value,11:05 a.m.,11:06 a.m.,11:06 a.m.,Non corrigé (regression)
1263,act_dep_time,real_world_error,real_dirty_value,1:32 p.m.,1:43 p.m.,1:43 p.m.,Non corrigé (regression)
1264,act_dep_time,missing_values,real_missing_value,3:36 p.m.,,3:36 p.m.,Corrigé
1265,act_dep_time,real_world_error,real_dirty_value,7:21 a.m.,7:22 a.m.,7:22 a.m.,Non corrigé (regression)
1266,act_dep_time,real_world_error,real_dirty_value,6:30 p.m.,6:47 p.m.,6:47 p.m.,Non corrigé (regression)
1267,act_dep_time,real_world_error,real_dirty_value,6:55 p.m.,6:56 p.m.,6:56 p.m.,Non corrigé (regression)
1268,act_dep_time,real_world_error,real_dirty_value,12:11 p.m.,12:12 p.m.,12:12 p.m.,Non corrigé (regression)
1269,act_dep_time,missing_values,real_missing_value,7:15 p.m.,,7:23 a.m.,Mal corrigé (valeur différente mais fausse)
1270,act_dep_time,real_world_error,real_dirty_value,2:10 p.m.,2:04 p.m.,2:38 p.m.,Mal corrigé (valeur différente mais fausse)
1271,act_dep_time,missing_values,real_missing_value,9:14 a.m.,,9:14 a.m.,Corrigé
1272,act_dep_time,real_world_error,real_dirty_value,6:56 a.m.,6:57 a.m.,6:56 a.m.,Corrigé
1273,act_dep_time,real_world_error,real_dirty_value,7:30 a.m.,7:31 a.m.,7:31 a.m.,Non corrigé (regression)
1274,act_dep_time,real_world_error,real_dirty_value,5:08 p.m.,5:09 p.m.,5:09 p.m.,Non corrigé (regression)
1276,act_dep_time,real_world_error,real_dirty_value,4:28 p.m.,4:44 p.m.,4:28 p.m.,Corrigé
1277,act_dep_time,real_world_error,real_dirty_value,4:15 p.m.,4:37 p.m.,4:37 p.m.,Non corrigé (regression)
1279,act_dep_time,missing_values,real_missing_value,10:20 a.m.,,10:20 a.m.,Corrigé
1280,act_dep_time,real_world_error,real_dirty_value,7:05 a.m.,7:30 a.m.,7:31 a.m.,Mal corrigé (valeur différente mais fausse)
1281,act_dep_time,real_world_error,real_dirty_value,11:01 a.m.,11:02 a.m.,11:02 a.m.,Non corrigé (regression)
1282,act_dep_time,real_world_error,real_dirty_value,1:31 p.m.,1:48 p.m.,1:48 p.m.,Non corrigé (regression)
1283,act_dep_time,real_world_error,real_dirty_value,12:41 p.m.,12:42 p.m.,12:42 p.m.,Non corrigé (regression)
1284,act_dep_time,missing_values,real_missing_value,1:48 p.m.,,2:01 p.m.,Mal corrigé (valeur différente mais fausse)
1285,act_dep_time,real_world_error,real_dirty_value,11:55 p.m.,12:11 a.m.,12:11 a.m.,Non corrigé (regression)
1286,act_dep_time,real_world_error,real_dirty_value,4:25 p.m.,4:28 p.m.,7:23 a.m.,Mal corrigé (valeur différente mais fausse)
1287,act_dep_time,real_world_error,real_dirty_value,9:00 p.m.,9:06 p.m.,9:06 p.m.,Non corrigé (regression)
1288,act_dep_time,real_world_error,real_dirty_value,8:25 p.m.,8:29 p.m.,8:29 p.m.,Non corrigé (regression)
1289,act_dep_time,real_world_error,real_dirty_value,7:22 a.m.,7:23 a.m.,7:23 a.m.,Non corrigé (regression)
1290,act_dep_time,real_world_error,real_dirty_value,8:51 a.m.,8:52 a.m.,8:52 a.m.,Non corrigé (regression)
1291,act_dep_time,real_world_error,real_dirty_value,8:26 a.m.,8:37 a.m.,8:37 a.m.,Non corrigé (regression)
1292,act_dep_time,real_world_error,real_dirty_value,1:30 p.m.,1:41 p.m.,1:41 p.m.,Non corrigé (regression)
1293,act_dep_time,missing_values,real_missing_value,3:01 p.m.,,3:01 p.m.,Corrigé
1294,act_dep_time,real_world_error,real_dirty_value,7:27 a.m.,7:41 a.m.,7:41 a.m.,Non corrigé (regression)
1295,act_dep_time,missing_values,real_missing_value,11:08 p.m.,,11:35 p.m.,Mal corrigé (valeur différente mais fausse)
1296,act_dep_time,real_world_error,real_dirty_value,5:30 p.m.,5:38 p.m.,5:38 p.m.,Non corrigé (regression)
1297,act_dep_time,real_world_error,real_dirty_value,1:32 p.m.,1:50 p.m. (+8:00),1:32 p.m.,Corrigé
1298,act_dep_time,real_world_error,real_dirty_value,11:15 a.m.,11:47 a.m.,11:47 a.m.,Non corrigé (regression)
1299,act_dep_time,real_world_error,real_dirty_value,8:39 p.m.,8:40 p.m.,8:40 p.m.,Non corrigé (regression)
1300,act_dep_time,real_world_error,real_dirty_value,2:55 p.m.,3:04 p.m.,3:04 p.m.,Non corrigé (regression)
1301,act_dep_time,missing_values,real_missing_value,2:48 p.m.,,2:48 p.m.,Corrigé
1302,act_dep_time,missing_values,real_missing_value,9:16 a.m.,,9:43 a.m.,Mal corrigé (valeur différente mais fausse)
1304,act_dep_time,real_world_error,real_dirty_value,3:27 p.m.,3:28 p.m.,3:27 p.m.,Corrigé
1306,act_dep_time,real_world_error,real_dirty_value,12:10 p.m.,12:11 p.m.,12:11 p.m.,Non corrigé (regression)
1308,act_dep_time,missing_values,real_missing_value,8:52 a.m.,,9:05 a.m.,Mal corrigé (valeur différente mais fausse)
1309,act_dep_time,real_world_error,real_dirty_value,1:19 p.m.,1:20 p.m.,1:19 p.m.,Corrigé
1310,act_dep_time,real_world_error,real_dirty_value,8:56 a.m.,8:55 a.m.,8:56 a.m.,Corrigé
1311,act_dep_time,real_world_error,real_dirty_value,3:36 p.m.,3:38 p.m.,3:38 p.m.,Non corrigé (regression)
1315,act_dep_time,missing_values,real_missing_value,3:31 p.m.,,3:31 p.m.,Corrigé
1317,act_dep_time,real_world_error,real_dirty_value,10:54 a.m.,10:55 a.m.,10:55 a.m.,Non corrigé (regression)
1318,act_dep_time,real_world_error,real_dirty_value,6:57 a.m.,6:58 a.m.,6:58 a.m.,Non corrigé (regression)
1319,act_dep_time,missing_values,real_missing_value,3:58 p.m.,,3:58 p.m.,Corrigé
1320,act_dep_time,real_world_error,real_dirty_value,6:10 a.m.,6:11 a.m.,6:10 a.m.,Corrigé
1321,act_dep_time,real_world_error,real_dirty_value,7:39 a.m.,7:40 a.m.,7:40 a.m.,Non corrigé (regression)
1322,act_dep_time,real_world_error,real_dirty_value,7:31 a.m.,7:32 a.m.,7:32 a.m.,Non corrigé (regression)
1323,act_dep_time,real_world_error,real_dirty_value,7:16 a.m.,7:02aDec 1,7:16 a.m.,Corrigé
1325,act_dep_time,real_world_error,real_dirty_value,6:54 a.m.,6:40aDec 1,6:54 a.m.,Corrigé
1326,act_dep_time,real_world_error,real_dirty_value,8:29 a.m.,8:48aDec 1,8:29 a.m.,Corrigé
1327,act_dep_time,missing_values,real_missing_value,8:42 a.m.,,8:42 a.m.,Corrigé
1328,act_dep_time,real_world_error,real_dirty_value,7:58 p.m.,7:45 p.m.,7:59 p.m.,Mal corrigé (valeur différente mais fausse)
1329,act_dep_time,real_world_error,real_dirty_value,12:11 p.m.,11:54aDec 1,12:12 p.m.,Mal corrigé (valeur différente mais fausse)
1330,act_dep_time,real_world_error,real_dirty_value,3:27 p.m.,3:28 p.m.,3:50 p.m.,Mal corrigé (valeur différente mais fausse)
1331,act_dep_time,real_world_error,real_dirty_value,11:32 a.m.,11:37aDec 1,11:32 a.m.,Corrigé
1332,act_dep_time,missing_values,real_missing_value,10:33 a.m.,,10:53 a.m.,Mal corrigé (valeur différente mais fausse)
1333,act_dep_time,missing_values,real_missing_value,11:25 p.m.,,11:29 p.m.,Mal corrigé (valeur différente mais fausse)
1334,act_dep_time,real_world_error,real_dirty_value,5:56 a.m.,6:09aDec 1,6:10 a.m.,Mal corrigé (valeur différente mais fausse)
1335,act_dep_time,real_world_error,real_dirty_value,12:41 a.m.,12:41aDec 1,12:41 a.m.,Corrigé
1336,act_dep_time,real_world_error,real_dirty_value,4:00 p.m.,3:58 p.m.,4:10 p.m.,Mal corrigé (valeur différente mais fausse)
1337,act_dep_time,missing_values,real_missing_value,7:29 a.m.,,7:56 a.m.,Mal corrigé (valeur différente mais fausse)
1338,act_dep_time,real_world_error,real_dirty_value,10:19 a.m.,10:19aDec 1,10:19 a.m.,Corrigé
1339,act_dep_time,real_world_error,real_dirty_value,10:10 a.m.,9:59aDec 1,10:11 a.m.,Mal corrigé (valeur différente mais fausse)
1340,act_dep_time,real_world_error,real_dirty_value,8:12 a.m.,8:12aDec 1,8:26 a.m.,Mal corrigé (valeur différente mais fausse)
1341,act_dep_time,real_world_error,real_dirty_value,7:25 a.m.,7:04aDec 1,7:25 a.m.,Corrigé
1342,act_dep_time,real_world_error,real_dirty_value,4:29 p.m.,4:16 p.m.,4:29 p.m.,Corrigé
1343,act_dep_time,real_world_error,real_dirty_value,10:55 a.m.,10:42aDec 1,10:55 a.m.,Corrigé
1345,act_dep_time,real_world_error,real_dirty_value,8:00 a.m.,8:00aDec 1,8:00 a.m.,Corrigé
1346,act_dep_time,real_world_error,real_dirty_value,2:55 p.m.,2:46 p.m.,3:04 p.m.,Mal corrigé (valeur différente mais fausse)
1347,act_dep_time,real_world_error,real_dirty_value,12:12 p.m.,11:54aDec 1,12:13 p.m.,Mal corrigé (valeur différente mais fausse)
1348,act_dep_time,real_world_error,real_dirty_value,11:56 a.m.,11:56aDec 1,12:06 p.m.,Mal corrigé (valeur différente mais fausse)
1349,act_dep_time,real_world_error,real_dirty_value,6:08 a.m.,5:58aDec 1,6:09 a.m.,Mal corrigé (valeur différente mais fausse)
1350,act_dep_time,real_world_error,real_dirty_value,11:30 a.m.,11:30aDec 1,11:45 a.m.,Mal corrigé (valeur différente mais fausse)
1351,act_dep_time,real_world_error,real_dirty_value,6:02 a.m.,6:02aDec 1,6:02 a.m.,Corrigé
1352,act_dep_time,real_world_error,real_dirty_value,8:40 a.m.,8:40aDec 1,8:40 a.m.,Corrigé
1353,act_dep_time,real_world_error,real_dirty_value,10:18 a.m.,10:10aDec 1,10:19 a.m.,Mal corrigé (valeur différente mais fausse)
1354,act_dep_time,real_world_error,real_dirty_value,2:04 p.m.,1:48 p.m.,2:04 p.m.,Corrigé
1355,act_dep_time,real_world_error,real_dirty_value,7:49 a.m.,7:49aDec 1,8:07 a.m.,Mal corrigé (valeur différente mais fausse)
1357,act_dep_time,real_world_error,real_dirty_value,12:13 p.m.,11:47aDec 1,12:14 p.m.,Mal corrigé (valeur différente mais fausse)
1358,act_dep_time,real_world_error,real_dirty_value,2:26 p.m.,2:42 p.m.,2:43 p.m.,Mal corrigé (valeur différente mais fausse)
1359,act_dep_time,real_world_error,real_dirty_value,3:11 a.m.,11:51aDec 1,12:08 p.m.,Mal corrigé (valeur différente mais fausse)
1362,act_dep_time,real_world_error,real_dirty_value,11:05 a.m.,10:46aDec 1,11:06 a.m.,Mal corrigé (valeur différente mais fausse)
1364,act_dep_time,real_world_error,real_dirty_value,3:36 p.m.,3:27 p.m.,3:36 p.m.,Corrigé
1365,act_dep_time,real_world_error,real_dirty_value,7:21 a.m.,7:08aDec 1,7:22 a.m.,Mal corrigé (valeur différente mais fausse)
1366,act_dep_time,missing_values,real_missing_value,6:30 p.m.,,6:47 p.m.,Mal corrigé (valeur différente mais fausse)
1367,act_dep_time,real_world_error,real_dirty_value,6:55 p.m.,6:40 p.m.,6:56 p.m.,Mal corrigé (valeur différente mais fausse)
1368,act_dep_time,missing_values,real_missing_value,7:15 p.m.,,7:23 a.m.,Mal corrigé (valeur différente mais fausse)
1369,act_dep_time,real_world_error,real_dirty_value,2:10 p.m.,2:37 p.m.,2:38 p.m.,Mal corrigé (valeur différente mais fausse)
1370,act_dep_time,real_world_error,real_dirty_value,9:14 a.m.,9:14aDec 1,9:14 a.m.,Corrigé
1371,act_dep_time,real_world_error,real_dirty_value,6:56 a.m.,5:59aDec 1,6:56 a.m.,Corrigé
1372,act_dep_time,real_world_error,real_dirty_value,7:30 a.m.,7:10aDec 1,7:31 a.m.,Mal corrigé (valeur différente mais fausse)
1373,act_dep_time,real_world_error,real_dirty_value,5:08 p.m.,4:56 p.m.,5:09 p.m.,Mal corrigé (valeur différente mais fausse)
1376,act_dep_time,real_world_error,real_dirty_value,8:23 p.m.,8:01 p.m.,8:23 p.m.,Corrigé
1377,act_dep_time,real_world_error,real_dirty_value,10:20 a.m.,10:20aDec 1,10:20 a.m.,Corrigé
1378,act_dep_time,real_world_error,real_dirty_value,7:05 a.m.,7:07aDec 1,7:31 a.m.,Mal corrigé (valeur différente mais fausse)
1379,act_dep_time,real_world_error,real_dirty_value,11:01 a.m.,10:47aDec 1,11:02 a.m.,Mal corrigé (valeur différente mais fausse)
1381,act_dep_time,real_world_error,real_dirty_value,12:41 p.m.,12:10 p.m.,12:42 p.m.,Mal corrigé (valeur différente mais fausse)
1383,act_dep_time,missing_values,real_missing_value,11:55 p.m.,,12:11 a.m.,Mal corrigé (valeur différente mais fausse)
1384,act_dep_time,missing_values,real_missing_value,4:25 p.m.,,7:23 a.m.,Mal corrigé (valeur différente mais fausse)
1385,act_dep_time,missing_values,real_missing_value,9:00 p.m.,,9:06 p.m.,Mal corrigé (valeur différente mais fausse)
1386,act_dep_time,missing_values,real_missing_value,8:25 p.m.,,8:29 p.m.,Mal corrigé (valeur différente mais fausse)
1387,act_dep_time,real_world_error,real_dirty_value,7:22 a.m.,6:56aDec 1,7:23 a.m.,Mal corrigé (valeur différente mais fausse)
1388,act_dep_time,real_world_error,real_dirty_value,8:51 a.m.,8:31aDec 1,8:52 a.m.,Mal corrigé (valeur différente mais fausse)
1389,act_dep_time,missing_values,real_missing_value,1:30 p.m.,,1:41 p.m.,Mal corrigé (valeur différente mais fausse)
1391,act_dep_time,real_world_error,real_dirty_value,7:27 a.m.,7:27aDec 1,7:41 a.m.,Mal corrigé (valeur différente mais fausse)
1392,act_dep_time,missing_values,real_missing_value,11:08 p.m.,,11:35 p.m.,Mal corrigé (valeur différente mais fausse)
1393,act_dep_time,missing_values,real_missing_value,5:30 p.m.,,5:38 p.m.,Mal corrigé (valeur différente mais fausse)
1395,act_dep_time,real_world_error,real_dirty_value,11:15 a.m.,11:15aDec 1,11:47 a.m.,Mal corrigé (valeur différente mais fausse)
1396,act_dep_time,real_world_error,real_dirty_value,8:39 p.m.,8:30 p.m.,8:40 p.m.,Mal corrigé (valeur différente mais fausse)
1397,act_dep_time,real_world_error,real_dirty_value,2:55 p.m.,2:52 p.m.,3:04 p.m.,Mal corrigé (valeur différente mais fausse)
1399,act_dep_time,real_world_error,real_dirty_value,9:16 a.m.,9:16aDec 1,9:43 a.m.,Mal corrigé (valeur différente mais fausse)
1400,act_dep_time,real_world_error,real_dirty_value,2:44 p.m.,2:32 p.m.,2:44 p.m.,Corrigé
1401,act_dep_time,real_world_error,real_dirty_value,3:27 p.m.,3:00 p.m.,3:27 p.m.,Corrigé
1402,act_dep_time,real_world_error,real_dirty_value,7:22 a.m.,7:10aDec 1,7:23 a.m.,Mal corrigé (valeur différente mais fausse)
1403,act_dep_time,real_world_error,real_dirty_value,12:10 p.m.,12:01 p.m.,12:11 p.m.,Mal corrigé (valeur différente mais fausse)
1404,act_dep_time,real_world_error,real_dirty_value,8:04 a.m.,7:51aDec 1,8:04 a.m.,Corrigé
1405,act_dep_time,real_world_error,real_dirty_value,8:52 a.m.,8:52aDec 1,9:05 a.m.,Mal corrigé (valeur différente mais fausse)
1406,act_dep_time,real_world_error,real_dirty_value,1:19 p.m.,1:06 p.m.,1:19 p.m.,Corrigé
1407,act_dep_time,real_world_error,real_dirty_value,8:56 a.m.,8:32aDec 1,8:56 a.m.,Corrigé
1408,act_dep_time,real_world_error,real_dirty_value,3:36 p.m.,3:09 p.m.,3:38 p.m.,Mal corrigé (valeur différente mais fausse)
1409,act_dep_time,real_world_error,real_dirty_value,8:04 a.m.,7:28aDec 1,8:04 a.m.,Corrigé
1410,act_dep_time,real_world_error,real_dirty_value,11:40 a.m.,11:20aDec 1,11:41 a.m.,Mal corrigé (valeur différente mais fausse)
1411,act_dep_time,real_world_error,real_dirty_value,4:12 p.m.,3:52 p.m.,4:12 p.m.,Corrigé
1412,act_dep_time,real_world_error,real_dirty_value,11:52 a.m.,11:33aDec 1,11:52 a.m.,Corrigé
1413,act_dep_time,real_world_error,real_dirty_value,7:39 a.m.,7:22aDec 1,7:39 a.m.,Corrigé
1415,act_dep_time,real_world_error,real_dirty_value,11:55 a.m.,11:43aDec 1,11:55 a.m.,Corrigé
1416,act_dep_time,real_world_error,real_dirty_value,10:54 a.m.,10:35aDec 1,10:55 a.m.,Mal corrigé (valeur différente mais fausse)
1417,act_dep_time,real_world_error,real_dirty_value,6:57 a.m.,6:41aDec 1,6:58 a.m.,Mal corrigé (valeur différente mais fausse)
1419,act_dep_time,real_world_error,real_dirty_value,6:10 a.m.,5:56aDec 1,6:10 a.m.,Corrigé
1420,act_dep_time,real_world_error,real_dirty_value,7:39 a.m.,7:14aDec 1,7:40 a.m.,Mal corrigé (valeur différente mais fausse)
1421,act_dep_time,real_world_error,real_dirty_value,7:31 a.m.,7:05aDec 1,7:32 a.m.,Mal corrigé (valeur différente mais fausse)
1422,act_dep_time,missing_values,real_missing_value,12:12 p.m.,,12:13 p.m.,Mal corrigé (valeur différente mais fausse)
1423,act_dep_time,missing_values,real_missing_value,8:26 a.m.,,8:37 a.m.,Mal corrigé (valeur différente mais fausse)
1424,act_dep_time,missing_values,real_missing_value,2:44 p.m.,,2:44 p.m.,Corrigé
1425,act_dep_time,missing_values,real_missing_value,1:31 p.m.,,1:48 p.m.,Mal corrigé (valeur différente mais fausse)
1459,act_dep_time,real_world_error,real_dirty_value,4:25 p.m.,4:28 p.m. (Estimated runway),7:23 a.m.,Mal corrigé (valeur différente mais fausse)
1461,act_dep_time,real_world_error,real_dirty_value,9:00 p.m.,9:06 p.m. (Estimated runway),9:06 p.m.,Mal corrigé (valeur différente mais fausse)
1466,act_dep_time,real_world_error,real_dirty_value,11:55 a.m.,11:43 a.m.,11:55 a.m.,Corrigé
1467,act_dep_time,real_world_error,real_dirty_value,2:55 p.m.,2:46 p.m.,3:04 p.m.,Mal corrigé (valeur différente mais fausse)
1479,act_dep_time,real_world_error,real_dirty_value,7:15 p.m.,7:15 p.m. (Estimated),7:23 a.m.,Mal corrigé (valeur différente mais fausse)
1481,act_dep_time,missing_values,real_missing_value,8:29 a.m.,,8:29 a.m.,Corrigé
1482,act_dep_time,missing_values,real_missing_value,3:36 p.m.,,3:38 p.m.,Mal corrigé (valeur différente mais fausse)
1483,act_dep_time,missing_values,real_missing_value,8:51 a.m.,,8:52 a.m.,Mal corrigé (valeur différente mais fausse)
1484,act_dep_time,missing_values,real_missing_value,7:39 a.m.,,7:40 a.m.,Mal corrigé (valeur différente mais fausse)
1485,act_dep_time,missing_values,real_missing_value,2:26 p.m.,,2:43 p.m.,Mal corrigé (valeur différente mais fausse)
1486,act_dep_time,missing_values,real_missing_value,5:56 a.m.,,6:10 a.m.,Mal corrigé (valeur différente mais fausse)
1488,act_dep_time,missing_values,real_missing_value,7:14 p.m.,,7:42 p.m.,Mal corrigé (valeur différente mais fausse)
1490,act_dep_time,real_world_error,real_dirty_value,8:29 a.m.,8:48 a.m.,8:29 a.m.,Corrigé
1491,act_dep_time,real_world_error,real_dirty_value,8:42 a.m.,9:00 a.m.,8:42 a.m.,Corrigé
1492,act_dep_time,real_world_error,real_dirty_value,7:58 p.m.,7:59 p.m.,7:59 p.m.,Non corrigé (regression)
1493,act_dep_time,real_world_error,real_dirty_value,3:27 p.m.,3:50 p.m.,3:50 p.m.,Non corrigé (regression)
1494,act_dep_time,missing_values,real_missing_value,11:32 a.m.,,11:32 a.m.,Corrigé
1495,act_dep_time,real_world_error,real_dirty_value,11:40 a.m.,11:41 a.m.,11:41 a.m.,Non corrigé (regression)
1496,act_dep_time,real_world_error,real_dirty_value,10:33 a.m.,10:53 a.m.,10:53 a.m.,Non corrigé (regression)
1497,act_dep_time,real_world_error,real_dirty_value,11:25 p.m.,11:29 p.m.,11:29 p.m.,Non corrigé (regression)
1498,act_dep_time,real_world_error,real_dirty_value,5:56 a.m.,6:10 a.m.,6:10 a.m.,Non corrigé (regression)
1499,act_dep_time,missing_values,real_missing_value,12:41 a.m.,,12:41 a.m.,Corrigé
1500,act_dep_time,real_world_error,real_dirty_value,4:00 p.m.,4:10 p.m.,4:10 p.m.,Non corrigé (regression)
1501,act_dep_time,missing_values,real_missing_value,7:29 a.m.,,7:56 a.m.,Mal corrigé (valeur différente mais fausse)
1502,act_dep_time,missing_values,real_missing_value,10:19 a.m.,,10:19 a.m.,Corrigé
1503,act_dep_time,real_world_error,real_dirty_value,10:10 a.m.,10:11 a.m.,10:11 a.m.,Non corrigé (regression)
1504,act_dep_time,real_world_error,real_dirty_value,8:12 a.m.,8:26 a.m.,8:26 a.m.,Non corrigé (regression)
1507,act_dep_time,real_world_error,real_dirty_value,10:55 a.m.,10:54 a.m.,10:55 a.m.,Corrigé
1508,act_dep_time,missing_values,real_missing_value,2:48 p.m.,,2:48 p.m.,Corrigé
1509,act_dep_time,missing_values,real_missing_value,8:00 a.m.,,8:00 a.m.,Corrigé
1510,act_dep_time,real_world_error,real_dirty_value,2:55 p.m.,3:04 p.m.,3:04 p.m.,Non corrigé (regression)
1511,act_dep_time,real_world_error,real_dirty_value,12:12 p.m.,12:13 p.m.,12:13 p.m.,Non corrigé (regression)
1512,act_dep_time,missing_values,real_missing_value,11:56 a.m.,,12:06 p.m.,Mal corrigé (valeur différente mais fausse)
1513,act_dep_time,real_world_error,real_dirty_value,6:08 a.m.,6:09 a.m.,6:09 a.m.,Non corrigé (regression)
1514,act_dep_time,real_world_error,real_dirty_value,11:30 a.m.,11:45 a.m.,11:45 a.m.,Non corrigé (regression)
1515,act_dep_time,missing_values,real_missing_value,6:02 a.m.,,6:02 a.m.,Corrigé
1516,act_dep_time,missing_values,real_missing_value,8:40 a.m.,,8:40 a.m.,Corrigé
1517,act_dep_time,real_world_error,real_dirty_value,10:18 a.m.,10:19 a.m.,10:19 a.m.,Non corrigé (regression)
1518,act_dep_time,real_world_error,real_dirty_value,2:04 p.m.,2:03 p.m.,2:04 p.m.,Corrigé
1519,act_dep_time,real_world_error,real_dirty_value,7:49 a.m.,8:07 a.m.,8:07 a.m.,Non corrigé (regression)
1520,act_dep_time,real_world_error,real_dirty_value,12:35 p.m.,12:56 p.m.,12:56 p.m.,Non corrigé (regression)
1521,act_dep_time,real_world_error,real_dirty_value,12:13 p.m.,12:14 p.m.,12:14 p.m.,Non corrigé (regression)
1522,act_dep_time,real_world_error,real_dirty_value,2:26 p.m.,2:43 p.m.,2:43 p.m.,Non corrigé (regression)
1523,act_dep_time,real_world_error,real_dirty_value,3:11 a.m.,12:07 p.m.,12:08 p.m.,Mal corrigé (valeur différente mais fausse)
1524,act_dep_time,missing_values,real_missing_value,5:22 p.m.,,5:38 p.m.,Mal corrigé (valeur différente mais fausse)
1525,act_dep_time,missing_values,real_missing_value,8:25 p.m.,,8:25 p.m.,Corrigé
1526,act_dep_time,real_world_error,real_dirty_value,11:05 a.m.,11:06 a.m.,11:06 a.m.,Non corrigé (regression)
1527,act_dep_time,real_world_error,real_dirty_value,1:32 p.m.,1:43 p.m.,1:43 p.m.,Non corrigé (regression)
1528,act_dep_time,missing_values,real_missing_value,3:36 p.m.,,3:36 p.m.,Corrigé
1529,act_dep_time,real_world_error,real_dirty_value,7:21 a.m.,7:22 a.m.,7:22 a.m.,Non corrigé (regression)
1530,act_dep_time,real_world_error,real_dirty_value,6:30 p.m.,6:47 p.m.,6:47 p.m.,Non corrigé (regression)
1531,act_dep_time,real_world_error,real_dirty_value,6:55 p.m.,6:56 p.m.,6:56 p.m.,Non corrigé (regression)
1532,act_dep_time,real_world_error,real_dirty_value,12:11 p.m.,12:12 p.m.,12:12 p.m.,Non corrigé (regression)
1533,act_dep_time,missing_values,real_missing_value,7:15 p.m.,,7:23 a.m.,Mal corrigé (valeur différente mais fausse)
1534,act_dep_time,real_world_error,real_dirty_value,2:10 p.m.,2:04 p.m.,2:38 p.m.,Mal corrigé (valeur différente mais fausse)
1535,act_dep_time,missing_values,real_missing_value,9:14 a.m.,,9:14 a.m.,Corrigé
1536,act_dep_time,real_world_error,real_dirty_value,6:56 a.m.,6:57 a.m.,6:56 a.m.,Corrigé
1537,act_dep_time,real_world_error,real_dirty_value,7:30 a.m.,7:31 a.m.,7:31 a.m.,Non corrigé (regression)
1538,act_dep_time,real_world_error,real_dirty_value,5:08 p.m.,5:09 p.m.,5:09 p.m.,Non corrigé (regression)
1540,act_dep_time,real_world_error,real_dirty_value,4:28 p.m.,4:44 p.m.,4:28 p.m.,Corrigé
1541,act_dep_time,real_world_error,real_dirty_value,4:15 p.m.,4:37 p.m.,4:37 p.m.,Non corrigé (regression)
1543,act_dep_time,missing_values,real_missing_value,10:20 a.m.,,10:20 a.m.,Corrigé
1544,act_dep_time,real_world_error,real_dirty_value,7:05 a.m.,7:30 a.m.,7:31 a.m.,Mal corrigé (valeur différente mais fausse)
1545,act_dep_time,real_world_error,real_dirty_value,11:01 a.m.,11:02 a.m.,11:02 a.m.,Non corrigé (regression)
1546,act_dep_time,real_world_error,real_dirty_value,1:31 p.m.,1:48 p.m.,1:48 p.m.,Non corrigé (regression)
1547,act_dep_time,real_world_error,real_dirty_value,12:41 p.m.,12:42 p.m.,12:42 p.m.,Non corrigé (regression)
1548,act_dep_time,missing_values,real_missing_value,1:48 p.m.,,2:01 p.m.,Mal corrigé (valeur différente mais fausse)
1549,act_dep_time,real_world_error,real_dirty_value,11:55 p.m.,12:11 a.m.,12:11 a.m.,Non corrigé (regression)
1550,act_dep_time,real_world_error,real_dirty_value,4:25 p.m.,4:28 p.m.,7:23 a.m.,Mal corrigé (valeur différente mais fausse)
1551,act_dep_time,real_world_error,real_dirty_value,9:00 p.m.,9:06 p.m.,9:06 p.m.,Non corrigé (regression)
1552,act_dep_time,real_world_error,real_dirty_value,8:25 p.m.,8:29 p.m.,8:29 p.m.,Non corrigé (regression)
1553,act_dep_time,real_world_error,real_dirty_value,7:22 a.m.,7:23 a.m.,7:23 a.m.,Non corrigé (regression)
1554,act_dep_time,real_world_error,real_dirty_value,8:51 a.m.,8:52 a.m.,8:52 a.m.,Non corrigé (regression)
1555,act_dep_time,real_world_error,real_dirty_value,8:26 a.m.,8:37 a.m.,8:37 a.m.,Non corrigé (regression)
1556,act_dep_time,real_world_error,real_dirty_value,1:30 p.m.,1:41 p.m.,1:41 p.m.,Non corrigé (regression)
1557,act_dep_time,missing_values,real_missing_value,3:01 p.m.,,3:01 p.m.,Corrigé
1558,act_dep_time,real_world_error,real_dirty_value,7:27 a.m.,7:41 a.m.,7:41 a.m.,Non corrigé (regression)
1559,act_dep_time,missing_values,real_missing_value,11:08 p.m.,,11:35 p.m.,Mal corrigé (valeur différente mais fausse)
1560,act_dep_time,real_world_error,real_dirty_value,5:30 p.m.,5:38 p.m.,5:38 p.m.,Non corrigé (regression)
1561,act_dep_time,real_world_error,real_dirty_value,1:32 p.m.,1:50 p.m. (+8:00),1:32 p.m.,Corrigé
1562,act_dep_time,real_world_error,real_dirty_value,11:15 a.m.,11:47 a.m.,11:47 a.m.,Non corrigé (regression)
1563,act_dep_time,real_world_error,real_dirty_value,8:39 p.m.,8:40 p.m.,8:40 p.m.,Non corrigé (regression)
1564,act_dep_time,real_world_error,real_dirty_value,2:55 p.m.,3:04 p.m.,3:04 p.m.,Non corrigé (regression)
1565,act_dep_time,missing_values,real_missing_value,2:48 p.m.,,2:48 p.m.,Corrigé
1566,act_dep_time,missing_values,real_missing_value,9:16 a.m.,,9:43 a.m.,Mal corrigé (valeur différente mais fausse)
1568,act_dep_time,real_world_error,real_dirty_value,3:27 p.m.,3:28 p.m.,3:27 p.m.,Corrigé
1570,act_dep_time,real_world_error,real_dirty_value,12:10 p.m.,12:11 p.m.,12:11 p.m.,Non corrigé (regression)
1572,act_dep_time,missing_values,real_missing_value,8:52 a.m.,,9:05 a.m.,Mal corrigé (valeur différente mais fausse)
1573,act_dep_time,real_world_error,real_dirty_value,1:19 p.m.,1:20 p.m.,1:19 p.m.,Corrigé
1574,act_dep_time,real_world_error,real_dirty_value,8:56 a.m.,8:55 a.m.,8:56 a.m.,Corrigé
1575,act_dep_time,real_world_error,real_dirty_value,3:36 p.m.,3:38 p.m.,3:38 p.m.,Non corrigé (regression)
1579,act_dep_time,missing_values,real_missing_value,3:31 p.m.,,3:31 p.m.,Corrigé
1581,act_dep_time,real_world_error,real_dirty_value,10:54 a.m.,10:55 a.m.,10:55 a.m.,Non corrigé (regression)
1582,act_dep_time,real_world_error,real_dirty_value,6:57 a.m.,6:58 a.m.,6:58 a.m.,Non corrigé (regression)
1583,act_dep_time,missing_values,real_missing_value,3:58 p.m.,,3:58 p.m.,Corrigé
1584,act_dep_time,real_world_error,real_dirty_value,6:10 a.m.,6:11 a.m.,6:10 a.m.,Corrigé
1585,act_dep_time,real_world_error,real_dirty_value,7:39 a.m.,7:40 a.m.,7:40 a.m.,Non corrigé (regression)
1586,act_dep_time,real_world_error,real_dirty_value,7:31 a.m.,7:32 a.m.,7:32 a.m.,Non corrigé (regression)
1587,act_dep_time,real_world_error,real_dirty_value,7:58 p.m.,7:45 p.m.,7:59 p.m.,Mal corrigé (valeur différente mais fausse)
1589,act_dep_time,missing_values,real_missing_value,8:42 a.m.,,8:42 a.m.,Corrigé
1590,act_dep_time,missing_values,real_missing_value,6:30 p.m.,,6:47 p.m.,Mal corrigé (valeur différente mais fausse)
1591,act_dep_time,real_world_error,real_dirty_value,3:27 p.m.,Contact Airline,3:50 p.m.,Mal corrigé (valeur différente mais fausse)
1592,act_dep_time,missing_values,real_missing_value,10:33 a.m.,,10:53 a.m.,Mal corrigé (valeur différente mais fausse)
1593,act_dep_time,missing_values,real_missing_value,11:25 p.m.,,11:29 p.m.,Mal corrigé (valeur différente mais fausse)
1594,act_dep_time,real_world_error,real_dirty_value,12:41 a.m.,12:41aDec 1,12:41 a.m.,Corrigé
1595,act_dep_time,real_world_error,real_dirty_value,4:00 p.m.,3:58 p.m.,4:10 p.m.,Mal corrigé (valeur différente mais fausse)
1596,act_dep_time,real_world_error,real_dirty_value,10:19 a.m.,10:19aDec 1,10:19 a.m.,Corrigé
1597,act_dep_time,real_world_error,real_dirty_value,7:25 a.m.,7:04aDec 1,7:25 a.m.,Corrigé
1599,act_dep_time,real_world_error,real_dirty_value,11:56 a.m.,11:56aDec 1,12:06 p.m.,Mal corrigé (valeur différente mais fausse)
1600,act_dep_time,real_world_error,real_dirty_value,6:08 a.m.,5:58aDec 1,6:09 a.m.,Mal corrigé (valeur différente mais fausse)
1601,act_dep_time,real_world_error,real_dirty_value,11:30 a.m.,11:30aDec 1,11:45 a.m.,Mal corrigé (valeur différente mais fausse)
1602,act_dep_time,real_world_error,real_dirty_value,10:18 a.m.,10:10 a.m.,10:19 a.m.,Mal corrigé (valeur différente mais fausse)
1603,act_dep_time,real_world_error,real_dirty_value,8:04 a.m.,7:28aDec 1,8:04 a.m.,Corrigé
1605,act_dep_time,real_world_error,real_dirty_value,10:10 a.m.,9:59 a.m.,10:11 a.m.,Mal corrigé (valeur différente mais fausse)
1606,act_dep_time,real_world_error,real_dirty_value,12:13 p.m.,11:47aDec 1,12:14 p.m.,Mal corrigé (valeur différente mais fausse)
1607,act_dep_time,real_world_error,real_dirty_value,3:11 a.m.,11:51aDec 1,12:08 p.m.,Mal corrigé (valeur différente mais fausse)
1609,act_dep_time,real_world_error,real_dirty_value,11:52 a.m.,11:33 a.m.,11:52 a.m.,Corrigé
1610,act_dep_time,real_world_error,real_dirty_value,6:56 a.m.,5:59aDec 1,6:56 a.m.,Corrigé
1611,act_dep_time,real_world_error,real_dirty_value,7:30 a.m.,7:10aDec 1,7:31 a.m.,Mal corrigé (valeur différente mais fausse)
1612,act_dep_time,real_world_error,real_dirty_value,5:08 p.m.,4:56 p.m.,5:09 p.m.,Mal corrigé (valeur différente mais fausse)
1613,act_dep_time,real_world_error,real_dirty_value,7:39 a.m.,7:22aDec 1,7:39 a.m.,Corrigé
1614,act_dep_time,real_world_error,real_dirty_value,8:23 p.m.,8:01 p.m.,8:23 p.m.,Corrigé
1615,act_dep_time,real_world_error,real_dirty_value,7:05 a.m.,7:07aDec 1,7:31 a.m.,Mal corrigé (valeur différente mais fausse)
1616,act_dep_time,real_world_error,real_dirty_value,6:55 p.m.,6:40 p.m.,6:56 p.m.,Mal corrigé (valeur différente mais fausse)
1617,act_dep_time,missing_values,real_missing_value,4:25 p.m.,,7:23 a.m.,Mal corrigé (valeur différente mais fausse)
1618,act_dep_time,real_world_error,real_dirty_value,9:00 p.m.,Not Available,9:06 p.m.,Mal corrigé (valeur différente mais fausse)
1619,act_dep_time,missing_values,real_missing_value,8:25 p.m.,,8:29 p.m.,Mal corrigé (valeur différente mais fausse)
1620,act_dep_time,real_world_error,real_dirty_value,7:22 a.m.,6:56aDec 1,7:23 a.m.,Mal corrigé (valeur différente mais fausse)
1621,act_dep_time,real_world_error,real_dirty_value,8:51 a.m.,8:31aDec 1,8:52 a.m.,Mal corrigé (valeur différente mais fausse)
1622,act_dep_time,real_world_error,real_dirty_value,2:26 p.m.,2:42 p.m.,2:43 p.m.,Mal corrigé (valeur différente mais fausse)
1623,act_dep_time,real_world_error,real_dirty_value,1:30 p.m.,Not Available,1:41 p.m.,Mal corrigé (valeur différente mais fausse)
1625,act_dep_time,missing_values,real_missing_value,11:08 p.m.,,11:35 p.m.,Mal corrigé (valeur différente mais fausse)
1626,act_dep_time,real_world_error,real_dirty_value,8:39 p.m.,8:30 p.m.,8:40 p.m.,Mal corrigé (valeur différente mais fausse)
1627,act_dep_time,real_world_error,real_dirty_value,3:27 p.m.,3:00 p.m.,3:27 p.m.,Corrigé
1628,act_dep_time,real_world_error,real_dirty_value,7:27 a.m.,7:41 a.m.,7:41 a.m.,Non corrigé (regression)
1629,act_dep_time,real_world_error,real_dirty_value,12:10 p.m.,12:01 p.m.,12:11 p.m.,Mal corrigé (valeur différente mais fausse)
1630,act_dep_time,real_world_error,real_dirty_value,8:52 a.m.,8:52aDec 1,9:05 a.m.,Mal corrigé (valeur différente mais fausse)
1631,act_dep_time,real_world_error,real_dirty_value,7:39 a.m.,7:14aDec 1,7:40 a.m.,Mal corrigé (valeur différente mais fausse)
1632,act_dep_time,real_world_error,real_dirty_value,8:56 a.m.,8:32aDec 1,8:56 a.m.,Corrigé
1633,act_dep_time,real_world_error,real_dirty_value,11:40 a.m.,11:20aDec 1,11:41 a.m.,Mal corrigé (valeur différente mais fausse)
1634,act_dep_time,real_world_error,real_dirty_value,4:12 p.m.,3:52 p.m.,4:12 p.m.,Corrigé
1636,act_dep_time,real_world_error,real_dirty_value,6:57 a.m.,6:41aDec 1,6:58 a.m.,Mal corrigé (valeur différente mais fausse)
1637,act_dep_time,missing_values,real_missing_value,7:16 a.m.,,7:16 a.m.,Corrigé
1638,act_dep_time,missing_values,real_missing_value,6:56 a.m.,,6:56 a.m.,Corrigé
1639,act_dep_time,missing_values,real_missing_value,7:30 a.m.,,7:31 a.m.,Mal corrigé (valeur différente mais fausse)
1640,act_dep_time,missing_values,real_missing_value,2:44 p.m.,,2:44 p.m.,Corrigé
1641,act_dep_time,missing_values,real_missing_value,7:22 a.m.,,7:23 a.m.,Mal corrigé (valeur différente mais fausse)
1642,act_dep_time,missing_values,real_missing_value,8:23 p.m.,,8:23 p.m.,Corrigé
1643,act_dep_time,missing_values,real_missing_value,4:15 p.m.,,4:37 p.m.,Mal corrigé (valeur différente mais fausse)
1644,act_dep_time,missing_values,real_missing_value,1:19 p.m.,,1:19 p.m.,Corrigé
1645,act_dep_time,missing_values,real_missing_value,6:55 p.m.,,6:56 p.m.,Mal corrigé (valeur différente mais fausse)
1646,act_dep_time,missing_values,real_missing_value,8:04 a.m.,,8:04 a.m.,Corrigé
1647,act_dep_time,missing_values,real_missing_value,1:31 p.m.,,1:48 p.m.,Mal corrigé (valeur différente mais fausse)
1648,act_dep_time,missing_values,real_missing_value,12:41 p.m.,,12:42 p.m.,Mal corrigé (valeur différente mais fausse)
1649,act_dep_time,missing_values,real_missing_value,4:12 p.m.,,4:12 p.m.,Corrigé
1650,act_dep_time,missing_values,real_missing_value,11:55 p.m.,,12:11 a.m.,Mal corrigé (valeur différente mais fausse)
1651,act_dep_time,missing_values,real_missing_value,11:40 a.m.,,11:41 a.m.,Mal corrigé (valeur différente mais fausse)
1652,act_dep_time,missing_values,real_missing_value,12:13 p.m.,,12:14 p.m.,Mal corrigé (valeur différente mais fausse)
1653,act_dep_time,missing_values,real_missing_value,7:58 p.m.,,7:59 p.m.,Mal corrigé (valeur différente mais fausse)
1654,act_dep_time,missing_values,real_missing_value,10:54 a.m.,,10:55 a.m.,Mal corrigé (valeur différente mais fausse)
1655,act_dep_time,missing_values,real_missing_value,11:08 p.m.,,11:35 p.m.,Mal corrigé (valeur différente mais fausse)
1656,act_dep_time,missing_values,real_missing_value,11:05 a.m.,,11:06 a.m.,Mal corrigé (valeur différente mais fausse)
1657,act_dep_time,missing_values,real_missing_value,1:32 p.m.,,1:43 p.m.,Mal corrigé (valeur différente mais fausse)
1658,act_dep_time,missing_values,real_missing_value,8:56 a.m.,,8:56 a.m.,Corrigé
1659,act_dep_time,missing_values,real_missing_value,3:36 p.m.,,3:36 p.m.,Corrigé
1660,act_dep_time,missing_values,real_missing_value,2:10 p.m.,,2:38 p.m.,Mal corrigé (valeur différente mais fausse)
1663,act_dep_time,real_world_error,real_dirty_value,7:14 p.m.,7:42 p.m.,7:42 p.m.,Non corrigé (regression)
1664,act_dep_time,real_world_error,real_dirty_value,8:42 a.m.,8:51 a.m.,8:42 a.m.,Corrigé
1665,act_dep_time,real_world_error,real_dirty_value,7:58 p.m.,7:59 p.m.,7:59 p.m.,Non corrigé (regression)
1666,act_dep_time,real_world_error,real_dirty_value,11:25 p.m.,11:57 p.m.,11:29 p.m.,Mal corrigé (valeur différente mais fausse)
1667,act_dep_time,real_world_error,real_dirty_value,4:00 p.m.,4:10 p.m.,4:10 p.m.,Non corrigé (regression)
1668,act_dep_time,real_world_error,real_dirty_value,7:29 a.m.,7:56 a.m.,7:56 a.m.,Non corrigé (regression)
1672,act_dep_time,real_world_error,real_dirty_value,12:12 p.m.,12:13 p.m.,12:13 p.m.,Non corrigé (regression)
1673,act_dep_time,real_world_error,real_dirty_value,11:56 a.m.,12:06 p.m.,12:06 p.m.,Non corrigé (regression)
1675,act_dep_time,real_world_error,real_dirty_value,11:30 a.m.,11:45 a.m.,11:45 a.m.,Non corrigé (regression)
1676,act_dep_time,real_world_error,real_dirty_value,8:04 a.m.,8:05 a.m.,8:04 a.m.,Corrigé
1677,act_dep_time,real_world_error,real_dirty_value,10:18 a.m.,10:19 a.m.,10:19 a.m.,Non corrigé (regression)
1681,act_dep_time,real_world_error,real_dirty_value,12:41 p.m.,12:42 p.m.,12:42 p.m.,Non corrigé (regression)
1682,act_dep_time,real_world_error,real_dirty_value,12:35 p.m.,12:56 p.m.,12:56 p.m.,Non corrigé (regression)
1683,act_dep_time,real_world_error,real_dirty_value,2:26 p.m.,2:42 p.m.,2:43 p.m.,Mal corrigé (valeur différente mais fausse)
1684,act_dep_time,real_world_error,real_dirty_value,3:11 a.m.,12:07 p.m.,12:08 p.m.,Mal corrigé (valeur différente mais fausse)
1685,act_dep_time,real_world_error,real_dirty_value,5:22 p.m.,5:38 p.m.,5:38 p.m.,Non corrigé (regression)
1687,act_dep_time,real_world_error,real_dirty_value,8:25 p.m.,7:27 p.m.,8:25 p.m.,Corrigé
1692,act_dep_time,real_world_error,real_dirty_value,6:30 p.m.,6:47 p.m.,6:47 p.m.,Non corrigé (regression)
1693,act_dep_time,real_world_error,real_dirty_value,6:55 p.m.,6:56 p.m.,6:56 p.m.,Non corrigé (regression)
1694,act_dep_time,real_world_error,real_dirty_value,12:11 p.m.,12:12 p.m.,12:12 p.m.,Non corrigé (regression)
1695,act_dep_time,real_world_error,real_dirty_value,7:15 p.m.,7:25 p.m.,7:23 a.m.,Mal corrigé (valeur différente mais fausse)
1696,act_dep_time,real_world_error,real_dirty_value,9:14 a.m.,9:57 a.m.,9:14 a.m.,Corrigé
1698,act_dep_time,real_world_error,real_dirty_value,7:30 a.m.,7:31 a.m.,7:31 a.m.,Non corrigé (regression)
1700,act_dep_time,real_world_error,real_dirty_value,4:28 p.m.,4:45 p.m.,4:28 p.m.,Corrigé
1703,act_dep_time,real_world_error,real_dirty_value,1:31 p.m.,1:48 p.m.,1:48 p.m.,Non corrigé (regression)
1704,act_dep_time,real_world_error,real_dirty_value,1:48 p.m.,2:01 p.m.,2:01 p.m.,Non corrigé (regression)
1705,act_dep_time,real_world_error,real_dirty_value,4:25 p.m.,4:35 p.m.,7:23 a.m.,Mal corrigé (valeur différente mais fausse)
1706,act_dep_time,real_world_error,real_dirty_value,9:00 p.m.,9:16 p.m.,9:06 p.m.,Mal corrigé (valeur différente mais fausse)
1707,act_dep_time,real_world_error,real_dirty_value,8:25 p.m.,8:29 p.m.,8:29 p.m.,Non corrigé (regression)
1710,act_dep_time,real_world_error,real_dirty_value,1:30 p.m.,1:40 p.m.,1:41 p.m.,Mal corrigé (valeur différente mais fausse)
1711,act_dep_time,real_world_error,real_dirty_value,11:08 p.m.,11:35 p.m.,11:35 p.m.,Non corrigé (regression)
1712,act_dep_time,real_world_error,real_dirty_value,5:30 p.m.,6:11 p.m.,5:38 p.m.,Mal corrigé (valeur différente mais fausse)
1713,act_dep_time,real_world_error,real_dirty_value,8:39 p.m.,8:40 p.m.,8:40 p.m.,Non corrigé (regression)
1716,act_dep_time,real_world_error,real_dirty_value,7:22 a.m.,7:23 a.m.,7:23 a.m.,Non corrigé (regression)
1721,act_dep_time,real_world_error,real_dirty_value,7:31 a.m.,7:32 a.m.,7:32 a.m.,Non corrigé (regression)
1723,act_dep_time,real_world_error,real_dirty_value,10:54 a.m.,10:55 a.m.,10:55 a.m.,Non corrigé (regression)
1724,act_dep_time,real_world_error,real_dirty_value,3:58 p.m.,4:14 p.m.,3:58 p.m.,Corrigé
1733,act_dep_time,real_world_error,real_dirty_value,12:35 p.m.,12:35 p.m.            Delayed,12:56 p.m.,Mal corrigé (valeur différente mais fausse)
1737,act_dep_time,real_world_error,real_dirty_value,1:32 p.m.,1:32 p.m.            Delayed,1:43 p.m.,Mal corrigé (valeur différente mais fausse)
1739,act_dep_time,real_world_error,real_dirty_value,4:28 p.m.,4:28 p.m.            Delayed,4:28 p.m.,Corrigé
1743,act_dep_time,real_world_error,real_dirty_value,1:48 p.m.,1:48 p.m.            Delayed,2:01 p.m.,Mal corrigé (valeur différente mais fausse)
1747,act_dep_time,real_world_error,real_dirty_value,11:08 p.m.,11:08 p.m.            On Time,11:35 p.m.,Mal corrigé (valeur différente mais fausse)
1752,act_dep_time,real_world_error,real_dirty_value,9:16 a.m.,9:16 a.m.            Delayed,9:43 a.m.,Mal corrigé (valeur différente mais fausse)
1763,act_dep_time,missing_values,real_missing_value,7:58 p.m.,,7:59 p.m.,Mal corrigé (valeur différente mais fausse)
1765,act_dep_time,real_world_error,real_dirty_value,3:27 p.m.,3:28 p.m.,3:50 p.m.,Mal corrigé (valeur différente mais fausse)
1768,act_dep_time,missing_values,real_missing_value,11:25 p.m.,,11:29 p.m.,Mal corrigé (valeur différente mais fausse)
1771,act_dep_time,real_world_error,real_dirty_value,4:00 p.m.,3:58 p.m.,4:10 p.m.,Mal corrigé (valeur différente mais fausse)
1781,act_dep_time,real_world_error,real_dirty_value,2:55 p.m.,2:46 p.m.,3:04 p.m.,Mal corrigé (valeur différente mais fausse)
1794,act_dep_time,real_world_error,real_dirty_value,3:11 a.m.,11:51 a.m.,12:08 p.m.,Mal corrigé (valeur différente mais fausse)
1801,act_dep_time,missing_values,real_missing_value,6:30 p.m.,,6:47 p.m.,Mal corrigé (valeur différente mais fausse)
1803,act_dep_time,missing_values,real_missing_value,7:15 p.m.,,7:23 a.m.,Mal corrigé (valeur différente mais fausse)
1813,act_dep_time,real_world_error,real_dirty_value,7:05 a.m.,7:07 a.m.,7:31 a.m.,Mal corrigé (valeur différente mais fausse)
1818,act_dep_time,missing_values,real_missing_value,11:55 p.m.,,12:11 a.m.,Mal corrigé (valeur différente mais fausse)
1819,act_dep_time,missing_values,real_missing_value,4:25 p.m.,,7:23 a.m.,Mal corrigé (valeur différente mais fausse)
1820,act_dep_time,missing_values,real_missing_value,9:00 p.m.,,9:06 p.m.,Mal corrigé (valeur différente mais fausse)
1821,act_dep_time,missing_values,real_missing_value,8:25 p.m.,,8:29 p.m.,Mal corrigé (valeur différente mais fausse)
1825,act_dep_time,missing_values,real_missing_value,1:30 p.m.,,1:41 p.m.,Mal corrigé (valeur différente mais fausse)
1828,act_dep_time,missing_values,real_missing_value,11:08 p.m.,,11:35 p.m.,Mal corrigé (valeur différente mais fausse)
1829,act_dep_time,missing_values,real_missing_value,5:30 p.m.,,5:38 p.m.,Mal corrigé (valeur différente mais fausse)
1833,act_dep_time,real_world_error,real_dirty_value,2:55 p.m.,2:52 p.m.,3:04 p.m.,Mal corrigé (valeur différente mais fausse)
1851,act_dep_time,real_world_error,real_dirty_value,11:55 a.m.,11:43 a.m.,11:55 a.m.,Corrigé
1865,act_dep_time,real_world_error,real_dirty_value,6:30 p.m.,6:47 p.m. (Estimated runway),6:47 p.m.,Mal corrigé (valeur différente mais fausse)
1866,act_dep_time,real_world_error,real_dirty_value,3:27 p.m.,3:28 p.m.,3:50 p.m.,Mal corrigé (valeur différente mais fausse)
1868,act_dep_time,real_world_error,real_dirty_value,11:25 p.m.,11:29 p.m. (Estimated runway),11:29 p.m.,Mal corrigé (valeur différente mais fausse)
1871,act_dep_time,real_world_error,real_dirty_value,4:00 p.m.,3:58 p.m.,4:10 p.m.,Mal corrigé (valeur différente mais fausse)
1893,act_dep_time,real_world_error,real_dirty_value,3:11 a.m.,11:51 a.m.,12:08 p.m.,Mal corrigé (valeur différente mais fausse)
1903,act_dep_time,real_world_error,real_dirty_value,7:15 p.m.,7:15 p.m. (Estimated),7:23 a.m.,Mal corrigé (valeur différente mais fausse)
1914,act_dep_time,real_world_error,real_dirty_value,7:05 a.m.,7:07 a.m.,7:31 a.m.,Mal corrigé (valeur différente mais fausse)
1918,act_dep_time,real_world_error,real_dirty_value,11:55 p.m.,12:10 a.m. (Estimated runway),12:11 a.m.,Mal corrigé (valeur différente mais fausse)
1919,act_dep_time,real_world_error,real_dirty_value,4:25 p.m.,4:28 p.m. (Estimated runway),7:23 a.m.,Mal corrigé (valeur différente mais fausse)
1920,act_dep_time,real_world_error,real_dirty_value,9:00 p.m.,9:06 p.m. (Estimated runway),9:06 p.m.,Mal corrigé (valeur différente mais fausse)
1921,act_dep_time,real_world_error,real_dirty_value,8:25 p.m.,8:29 p.m. (Estimated runway),8:29 p.m.,Mal corrigé (valeur différente mais fausse)
1922,act_dep_time,real_world_error,real_dirty_value,2:55 p.m.,2:46 p.m.,3:04 p.m.,Mal corrigé (valeur différente mais fausse)
1928,act_dep_time,missing_values,real_missing_value,11:08 p.m.,,11:35 p.m.,Mal corrigé (valeur différente mais fausse)
1929,act_dep_time,real_world_error,real_dirty_value,5:30 p.m.,5:30 p.m. (Estimated),5:38 p.m.,Mal corrigé (valeur différente mais fausse)
1932,act_dep_time,real_world_error,real_dirty_value,2:55 p.m.,2:52 p.m.,3:04 p.m.,Mal corrigé (valeur différente mais fausse)
1945,act_dep_time,real_world_error,real_dirty_value,11:55 a.m.,11:43 a.m.,11:55 a.m.,Corrigé
1951,act_dep_time,real_world_error,real_dirty_value,7:14 p.m.,7:42 p.m.,7:42 p.m.,Non corrigé (regression)
1953,act_dep_time,real_world_error,real_dirty_value,8:29 a.m.,8:49 a.m.,8:29 a.m.,Corrigé
1954,act_dep_time,real_world_error,real_dirty_value,8:42 a.m.,9:01 a.m.,8:42 a.m.,Corrigé
1955,act_dep_time,real_world_error,real_dirty_value,7:58 p.m.,7:59 p.m.,7:59 p.m.,Non corrigé (regression)
1956,act_dep_time,real_world_error,real_dirty_value,12:11 p.m.,12:12 p.m.,12:12 p.m.,Non corrigé (regression)
1957,act_dep_time,real_world_error,real_dirty_value,3:27 p.m.,3:50 p.m.,3:50 p.m.,Non corrigé (regression)
1958,act_dep_time,real_world_error,real_dirty_value,11:32 a.m.,12:37 p.m.,11:32 a.m.,Corrigé
1959,act_dep_time,real_world_error,real_dirty_value,10:33 a.m.,10:53 a.m.,10:53 a.m.,Non corrigé (regression)
1960,act_dep_time,missing_values,real_missing_value,11:25 p.m.,,11:29 p.m.,Mal corrigé (valeur différente mais fausse)
1961,act_dep_time,real_world_error,real_dirty_value,5:56 a.m.,6:10 a.m.,6:10 a.m.,Non corrigé (regression)
1962,act_dep_time,real_world_error,real_dirty_value,12:41 a.m.,12:58 a.m.,12:41 a.m.,Corrigé
1963,act_dep_time,real_world_error,real_dirty_value,4:00 p.m.,4:10 p.m.,4:10 p.m.,Non corrigé (regression)
1964,act_dep_time,real_world_error,real_dirty_value,7:29 a.m.,7:56 a.m.,7:56 a.m.,Non corrigé (regression)
1965,act_dep_time,real_world_error,real_dirty_value,10:19 a.m.,10:35 a.m.,10:19 a.m.,Corrigé
1966,act_dep_time,real_world_error,real_dirty_value,10:10 a.m.,10:11 a.m.,10:11 a.m.,Non corrigé (regression)
1967,act_dep_time,real_world_error,real_dirty_value,8:12 a.m.,8:26 a.m.,8:26 a.m.,Non corrigé (regression)
1969,act_dep_time,real_world_error,real_dirty_value,4:29 p.m.,4:30 p.m.,4:29 p.m.,Corrigé
1971,act_dep_time,real_world_error,real_dirty_value,2:48 p.m.,2:59 p.m.,2:48 p.m.,Corrigé
1972,act_dep_time,real_world_error,real_dirty_value,8:00 a.m.,8:18 a.m.,8:00 a.m.,Corrigé
1973,act_dep_time,real_world_error,real_dirty_value,2:55 p.m.,3:04 p.m.,3:04 p.m.,Non corrigé (regression)
1974,act_dep_time,real_world_error,real_dirty_value,12:12 p.m.,12:13 p.m.,12:13 p.m.,Non corrigé (regression)
1975,act_dep_time,real_world_error,real_dirty_value,11:56 a.m.,12:06 p.m.,12:06 p.m.,Non corrigé (regression)
1976,act_dep_time,real_world_error,real_dirty_value,6:08 a.m.,6:09 a.m.,6:09 a.m.,Non corrigé (regression)
1977,act_dep_time,real_world_error,real_dirty_value,11:30 a.m.,11:45 a.m.,11:45 a.m.,Non corrigé (regression)
1978,act_dep_time,real_world_error,real_dirty_value,6:02 a.m.,6:17 a.m.,6:02 a.m.,Corrigé
1979,act_dep_time,real_world_error,real_dirty_value,8:40 a.m.,9:01 a.m.,8:40 a.m.,Corrigé
1980,act_dep_time,real_world_error,real_dirty_value,10:18 a.m.,10:19 a.m.,10:19 a.m.,Non corrigé (regression)
1982,act_dep_time,real_world_error,real_dirty_value,7:49 a.m.,8:07 a.m.,8:07 a.m.,Non corrigé (regression)
1983,act_dep_time,real_world_error,real_dirty_value,12:35 p.m.,12:56 p.m.,12:56 p.m.,Non corrigé (regression)
1984,act_dep_time,real_world_error,real_dirty_value,12:13 p.m.,12:14 p.m.,12:14 p.m.,Non corrigé (regression)
1985,act_dep_time,real_world_error,real_dirty_value,2:26 p.m.,2:43 p.m.,2:43 p.m.,Non corrigé (regression)
1986,act_dep_time,real_world_error,real_dirty_value,3:11 a.m.,12:08 p.m.,12:08 p.m.,Non corrigé (regression)
1987,act_dep_time,real_world_error,real_dirty_value,5:22 p.m.,5:38 p.m.,5:38 p.m.,Non corrigé (regression)
1988,act_dep_time,real_world_error,real_dirty_value,8:25 p.m.,8:36 p.m.,8:25 p.m.,Corrigé
1989,act_dep_time,real_world_error,real_dirty_value,11:05 a.m.,11:06 a.m.,11:06 a.m.,Non corrigé (regression)
1990,act_dep_time,real_world_error,real_dirty_value,1:32 p.m.,1:43 p.m.,1:43 p.m.,Non corrigé (regression)
1992,act_dep_time,real_world_error,real_dirty_value,7:21 a.m.,7:22 a.m.,7:22 a.m.,Non corrigé (regression)
1993,act_dep_time,missing_values,real_missing_value,6:30 p.m.,,6:47 p.m.,Mal corrigé (valeur différente mais fausse)
1994,act_dep_time,real_world_error,real_dirty_value,6:55 p.m.,6:56 p.m.,6:56 p.m.,Non corrigé (regression)
1995,act_dep_time,missing_values,real_missing_value,7:15 p.m.,,7:23 a.m.,Mal corrigé (valeur différente mais fausse)
1996,act_dep_time,real_world_error,real_dirty_value,2:10 p.m.,2:38 p.m.,2:38 p.m.,Non corrigé (regression)
1997,act_dep_time,real_world_error,real_dirty_value,9:14 a.m.,9:58 a.m.,9:14 a.m.,Corrigé
1998,act_dep_time,real_world_error,real_dirty_value,6:56 a.m.,6:57 a.m.,6:56 a.m.,Corrigé
1999,act_dep_time,real_world_error,real_dirty_value,7:30 a.m.,7:31 a.m.,7:31 a.m.,Non corrigé (regression)
2000,act_dep_time,real_world_error,real_dirty_value,5:08 p.m.,5:09 p.m.,5:09 p.m.,Non corrigé (regression)
2001,act_dep_time,real_world_error,real_dirty_value,4:28 p.m.,4:46 p.m.,4:28 p.m.,Corrigé
2002,act_dep_time,real_world_error,real_dirty_value,4:15 p.m.,4:37 p.m.,4:37 p.m.,Non corrigé (regression)
2004,act_dep_time,real_world_error,real_dirty_value,10:20 a.m.,10:37 a.m.,10:20 a.m.,Corrigé
2005,act_dep_time,real_world_error,real_dirty_value,7:05 a.m.,7:31 a.m.,7:31 a.m.,Non corrigé (regression)
2006,act_dep_time,real_world_error,real_dirty_value,11:01 a.m.,11:02 a.m.,11:02 a.m.,Non corrigé (regression)
2007,act_dep_time,real_world_error,real_dirty_value,1:31 p.m.,1:48 p.m.,1:48 p.m.,Non corrigé (regression)
2008,act_dep_time,real_world_error,real_dirty_value,12:41 p.m.,12:42 p.m.,12:42 p.m.,Non corrigé (regression)
2009,act_dep_time,real_world_error,real_dirty_value,1:48 p.m.,2:01 p.m.,2:01 p.m.,Non corrigé (regression)
2010,act_dep_time,missing_values,real_missing_value,11:55 p.m.,,12:11 a.m.,Mal corrigé (valeur différente mais fausse)
2011,act_dep_time,missing_values,real_missing_value,4:25 p.m.,,7:23 a.m.,Mal corrigé (valeur différente mais fausse)
2012,act_dep_time,missing_values,real_missing_value,9:00 p.m.,,9:06 p.m.,Mal corrigé (valeur différente mais fausse)
2013,act_dep_time,missing_values,real_missing_value,8:25 p.m.,,8:29 p.m.,Mal corrigé (valeur différente mais fausse)
2014,act_dep_time,real_world_error,real_dirty_value,7:22 a.m.,7:23 a.m.,7:23 a.m.,Non corrigé (regression)
2015,act_dep_time,real_world_error,real_dirty_value,8:51 a.m.,8:52 a.m.,8:52 a.m.,Non corrigé (regression)
2016,act_dep_time,real_world_error,real_dirty_value,8:26 a.m.,8:37 a.m.,8:37 a.m.,Non corrigé (regression)
2017,act_dep_time,missing_values,real_missing_value,1:30 p.m.,,1:41 p.m.,Mal corrigé (valeur différente mais fausse)
2018,act_dep_time,real_world_error,real_dirty_value,3:01 p.m.,3:17 p.m.,3:01 p.m.,Corrigé
2019,act_dep_time,real_world_error,real_dirty_value,7:27 a.m.,7:41 a.m.,7:41 a.m.,Non corrigé (regression)
2020,act_dep_time,missing_values,real_missing_value,11:08 p.m.,,11:35 p.m.,Mal corrigé (valeur différente mais fausse)
2021,act_dep_time,missing_values,real_missing_value,5:30 p.m.,,5:38 p.m.,Mal corrigé (valeur différente mais fausse)
2022,act_dep_time,real_world_error,real_dirty_value,1:32 p.m.,1:45 p.m.,1:32 p.m.,Corrigé
2023,act_dep_time,real_world_error,real_dirty_value,11:15 a.m.,11:47 a.m.,11:47 a.m.,Non corrigé (regression)
2024,act_dep_time,real_world_error,real_dirty_value,8:39 p.m.,8:40 p.m.,8:40 p.m.,Non corrigé (regression)
2025,act_dep_time,real_world_error,real_dirty_value,2:55 p.m.,3:04 p.m.,3:04 p.m.,Non corrigé (regression)
2026,act_dep_time,real_world_error,real_dirty_value,2:48 p.m.,2:59 p.m.,2:48 p.m.,Corrigé
2027,act_dep_time,real_world_error,real_dirty_value,9:16 a.m.,9:43 a.m.,9:43 a.m.,Non corrigé (regression)
2029,act_dep_time,real_world_error,real_dirty_value,3:27 p.m.,3:28 p.m.,3:27 p.m.,Corrigé
2030,act_dep_time,real_world_error,real_dirty_value,7:22 a.m.,7:23 a.m.,7:23 a.m.,Non corrigé (regression)
2031,act_dep_time,real_world_error,real_dirty_value,12:10 p.m.,12:11 p.m.,12:11 p.m.,Non corrigé (regression)
2032,act_dep_time,real_world_error,real_dirty_value,8:04 a.m.,8:05 a.m.,8:04 a.m.,Corrigé
2033,act_dep_time,real_world_error,real_dirty_value,8:52 a.m.,9:05 a.m.,9:05 a.m.,Non corrigé (regression)
2034,act_dep_time,real_world_error,real_dirty_value,1:19 p.m.,1:20 p.m.,1:19 p.m.,Corrigé
2036,act_dep_time,real_world_error,real_dirty_value,3:36 p.m.,3:38 p.m.,3:38 p.m.,Non corrigé (regression)
2038,act_dep_time,real_world_error,real_dirty_value,11:40 a.m.,11:41 a.m.,11:41 a.m.,Non corrigé (regression)
2041,act_dep_time,real_world_error,real_dirty_value,7:39 a.m.,7:40 a.m.,7:39 a.m.,Corrigé
2042,act_dep_time,real_world_error,real_dirty_value,3:31 p.m.,4:02 p.m.,3:31 p.m.,Corrigé
2044,act_dep_time,real_world_error,real_dirty_value,10:54 a.m.,10:55 a.m.,10:55 a.m.,Non corrigé (regression)
2045,act_dep_time,real_world_error,real_dirty_value,6:57 a.m.,6:58 a.m.,6:58 a.m.,Non corrigé (regression)
2046,act_dep_time,real_world_error,real_dirty_value,3:58 p.m.,4:15 p.m.,3:58 p.m.,Corrigé
2047,act_dep_time,real_world_error,real_dirty_value,6:10 a.m.,6:11 a.m.,6:10 a.m.,Corrigé
2048,act_dep_time,real_world_error,real_dirty_value,7:39 a.m.,7:40 a.m.,7:40 a.m.,Non corrigé (regression)
2049,act_dep_time,real_world_error,real_dirty_value,7:31 a.m.,7:32 a.m.,7:32 a.m.,Non corrigé (regression)
2055,act_dep_time,missing_values,real_missing_value,7:58 p.m.,,7:59 p.m.,Mal corrigé (valeur différente mais fausse)
2057,act_dep_time,real_world_error,real_dirty_value,3:27 p.m.,3:28 p.m.,3:50 p.m.,Mal corrigé (valeur différente mais fausse)
2060,act_dep_time,missing_values,real_missing_value,11:25 p.m.,,11:29 p.m.,Mal corrigé (valeur différente mais fausse)
2063,act_dep_time,real_world_error,real_dirty_value,4:00 p.m.,3:58 p.m.,4:10 p.m.,Mal corrigé (valeur différente mais fausse)
2073,act_dep_time,real_world_error,real_dirty_value,2:55 p.m.,2:46 p.m.,3:04 p.m.,Mal corrigé (valeur différente mais fausse)
2086,act_dep_time,real_world_error,real_dirty_value,3:11 a.m.,11:51 a.m.,12:08 p.m.,Mal corrigé (valeur différente mais fausse)
2093,act_dep_time,missing_values,real_missing_value,6:30 p.m.,,6:47 p.m.,Mal corrigé (valeur différente mais fausse)
2095,act_dep_time,missing_values,real_missing_value,7:15 p.m.,,7:23 a.m.,Mal corrigé (valeur différente mais fausse)
2105,act_dep_time,real_world_error,real_dirty_value,7:05 a.m.,7:07 a.m.,7:31 a.m.,Mal corrigé (valeur différente mais fausse)
2110,act_dep_time,missing_values,real_missing_value,11:55 p.m.,,12:11 a.m.,Mal corrigé (valeur différente mais fausse)
2111,act_dep_time,missing_values,real_missing_value,4:25 p.m.,,7:23 a.m.,Mal corrigé (valeur différente mais fausse)
2112,act_dep_time,missing_values,real_missing_value,9:00 p.m.,,9:06 p.m.,Mal corrigé (valeur différente mais fausse)
2113,act_dep_time,missing_values,real_missing_value,8:25 p.m.,,8:29 p.m.,Mal corrigé (valeur différente mais fausse)
2117,act_dep_time,missing_values,real_missing_value,1:30 p.m.,,1:41 p.m.,Mal corrigé (valeur différente mais fausse)
2120,act_dep_time,missing_values,real_missing_value,11:08 p.m.,,11:35 p.m.,Mal corrigé (valeur différente mais fausse)
2121,act_dep_time,missing_values,real_missing_value,5:30 p.m.,,5:38 p.m.,Mal corrigé (valeur différente mais fausse)
2125,act_dep_time,real_world_error,real_dirty_value,2:55 p.m.,2:52 p.m.,3:04 p.m.,Mal corrigé (valeur différente mais fausse)
2143,act_dep_time,real_world_error,real_dirty_value,11:55 a.m.,11:43 a.m.,11:55 a.m.,Corrigé
2150,act_dep_time,missing_values,real_missing_value,11:32 a.m.,,11:32 a.m.,Corrigé
2151,act_dep_time,missing_values,real_missing_value,11:56 a.m.,,12:06 p.m.,Mal corrigé (valeur différente mais fausse)
2152,act_dep_time,missing_values,real_missing_value,9:00 p.m.,,9:06 p.m.,Mal corrigé (valeur différente mais fausse)
2153,act_dep_time,missing_values,real_missing_value,4:15 p.m.,,4:37 p.m.,Mal corrigé (valeur différente mais fausse)
2154,act_dep_time,missing_values,real_missing_value,1:19 p.m.,,1:19 p.m.,Corrigé
2156,act_dep_time,real_world_error,real_dirty_value,7:14 p.m.,7:42 p.m.,7:42 p.m.,Non corrigé (regression)
2158,act_dep_time,real_world_error,real_dirty_value,8:29 a.m.,8:49 a.m.,8:29 a.m.,Corrigé
2159,act_dep_time,real_world_error,real_dirty_value,8:42 a.m.,9:01 a.m.,8:42 a.m.,Corrigé
2160,act_dep_time,real_world_error,real_dirty_value,7:58 p.m.,7:59 p.m.,7:59 p.m.,Non corrigé (regression)
2161,act_dep_time,real_world_error,real_dirty_value,12:11 p.m.,12:12 p.m.,12:12 p.m.,Non corrigé (regression)
2162,act_dep_time,real_world_error,real_dirty_value,3:27 p.m.,3:50 p.m.,3:50 p.m.,Non corrigé (regression)
2163,act_dep_time,real_world_error,real_dirty_value,11:32 a.m.,12:37 p.m.,11:32 a.m.,Corrigé
2164,act_dep_time,real_world_error,real_dirty_value,10:33 a.m.,10:53 a.m.,10:53 a.m.,Non corrigé (regression)
2165,act_dep_time,missing_values,real_missing_value,11:25 p.m.,,11:29 p.m.,Mal corrigé (valeur différente mais fausse)
2166,act_dep_time,real_world_error,real_dirty_value,5:56 a.m.,6:10 a.m.,6:10 a.m.,Non corrigé (regression)
2167,act_dep_time,real_world_error,real_dirty_value,12:41 a.m.,12:58 a.m.,12:41 a.m.,Corrigé
2168,act_dep_time,real_world_error,real_dirty_value,4:00 p.m.,4:10 p.m.,4:10 p.m.,Non corrigé (regression)
2169,act_dep_time,real_world_error,real_dirty_value,7:29 a.m.,7:56 a.m.,7:56 a.m.,Non corrigé (regression)
2170,act_dep_time,real_world_error,real_dirty_value,10:19 a.m.,10:35 a.m.,10:19 a.m.,Corrigé
2171,act_dep_time,real_world_error,real_dirty_value,10:10 a.m.,10:11 a.m.,10:11 a.m.,Non corrigé (regression)
2172,act_dep_time,real_world_error,real_dirty_value,8:12 a.m.,8:26 a.m.,8:26 a.m.,Non corrigé (regression)
2174,act_dep_time,real_world_error,real_dirty_value,4:29 p.m.,4:30 p.m.,4:29 p.m.,Corrigé
2176,act_dep_time,real_world_error,real_dirty_value,2:48 p.m.,2:59 p.m.,2:48 p.m.,Corrigé
2177,act_dep_time,real_world_error,real_dirty_value,8:00 a.m.,8:18 a.m.,8:00 a.m.,Corrigé
2178,act_dep_time,real_world_error,real_dirty_value,2:55 p.m.,3:04 p.m.,3:04 p.m.,Non corrigé (regression)
2179,act_dep_time,real_world_error,real_dirty_value,12:12 p.m.,12:13 p.m.,12:13 p.m.,Non corrigé (regression)
2180,act_dep_time,real_world_error,real_dirty_value,11:56 a.m.,12:06 p.m.,12:06 p.m.,Non corrigé (regression)
2181,act_dep_time,real_world_error,real_dirty_value,6:08 a.m.,6:09 a.m.,6:09 a.m.,Non corrigé (regression)
2182,act_dep_time,real_world_error,real_dirty_value,11:30 a.m.,11:45 a.m.,11:45 a.m.,Non corrigé (regression)
2183,act_dep_time,real_world_error,real_dirty_value,6:02 a.m.,6:17 a.m.,6:02 a.m.,Corrigé
2184,act_dep_time,real_world_error,real_dirty_value,8:40 a.m.,9:01 a.m.,8:40 a.m.,Corrigé
2185,act_dep_time,real_world_error,real_dirty_value,10:18 a.m.,10:19 a.m.,10:19 a.m.,Non corrigé (regression)
2187,act_dep_time,real_world_error,real_dirty_value,7:49 a.m.,8:07 a.m.,8:07 a.m.,Non corrigé (regression)
2188,act_dep_time,real_world_error,real_dirty_value,12:35 p.m.,12:56 p.m.,12:56 p.m.,Non corrigé (regression)
2189,act_dep_time,real_world_error,real_dirty_value,12:13 p.m.,12:14 p.m.,12:14 p.m.,Non corrigé (regression)
2190,act_dep_time,real_world_error,real_dirty_value,2:26 p.m.,2:43 p.m.,2:43 p.m.,Non corrigé (regression)
2191,act_dep_time,real_world_error,real_dirty_value,3:11 a.m.,12:08 p.m.,12:08 p.m.,Non corrigé (regression)
2192,act_dep_time,real_world_error,real_dirty_value,5:22 p.m.,5:38 p.m.,5:38 p.m.,Non corrigé (regression)
2193,act_dep_time,real_world_error,real_dirty_value,8:25 p.m.,8:36 p.m.,8:25 p.m.,Corrigé
2194,act_dep_time,real_world_error,real_dirty_value,11:05 a.m.,11:06 a.m.,11:06 a.m.,Non corrigé (regression)
2195,act_dep_time,real_world_error,real_dirty_value,1:32 p.m.,1:43 p.m.,1:43 p.m.,Non corrigé (regression)
2197,act_dep_time,real_world_error,real_dirty_value,7:21 a.m.,7:22 a.m.,7:22 a.m.,Non corrigé (regression)
2198,act_dep_time,missing_values,real_missing_value,6:30 p.m.,,6:47 p.m.,Mal corrigé (valeur différente mais fausse)
2199,act_dep_time,real_world_error,real_dirty_value,6:55 p.m.,6:56 p.m.,6:56 p.m.,Non corrigé (regression)
2200,act_dep_time,missing_values,real_missing_value,7:15 p.m.,,7:23 a.m.,Mal corrigé (valeur différente mais fausse)
2201,act_dep_time,real_world_error,real_dirty_value,2:10 p.m.,2:38 p.m.,2:38 p.m.,Non corrigé (regression)
2202,act_dep_time,real_world_error,real_dirty_value,9:14 a.m.,9:58 a.m.,9:14 a.m.,Corrigé
2203,act_dep_time,real_world_error,real_dirty_value,6:56 a.m.,6:57 a.m.,6:56 a.m.,Corrigé
2204,act_dep_time,real_world_error,real_dirty_value,7:30 a.m.,7:31 a.m.,7:31 a.m.,Non corrigé (regression)
2205,act_dep_time,real_world_error,real_dirty_value,5:08 p.m.,5:09 p.m.,5:09 p.m.,Non corrigé (regression)
2206,act_dep_time,real_world_error,real_dirty_value,4:28 p.m.,4:46 p.m.,4:28 p.m.,Corrigé
2207,act_dep_time,real_world_error,real_dirty_value,4:15 p.m.,4:37 p.m.,4:37 p.m.,Non corrigé (regression)
2209,act_dep_time,real_world_error,real_dirty_value,10:20 a.m.,10:37 a.m.,10:20 a.m.,Corrigé
2210,act_dep_time,real_world_error,real_dirty_value,7:05 a.m.,7:31 a.m.,7:31 a.m.,Non corrigé (regression)
2211,act_dep_time,real_world_error,real_dirty_value,11:01 a.m.,11:02 a.m.,11:02 a.m.,Non corrigé (regression)
2212,act_dep_time,real_world_error,real_dirty_value,1:31 p.m.,1:48 p.m.,1:48 p.m.,Non corrigé (regression)
2213,act_dep_time,real_world_error,real_dirty_value,12:41 p.m.,12:42 p.m.,12:42 p.m.,Non corrigé (regression)
2214,act_dep_time,real_world_error,real_dirty_value,1:48 p.m.,2:01 p.m.,2:01 p.m.,Non corrigé (regression)
2215,act_dep_time,missing_values,real_missing_value,11:55 p.m.,,12:11 a.m.,Mal corrigé (valeur différente mais fausse)
2216,act_dep_time,missing_values,real_missing_value,4:25 p.m.,,7:23 a.m.,Mal corrigé (valeur différente mais fausse)
2217,act_dep_time,missing_values,real_missing_value,9:00 p.m.,,9:06 p.m.,Mal corrigé (valeur différente mais fausse)
2218,act_dep_time,missing_values,real_missing_value,8:25 p.m.,,8:29 p.m.,Mal corrigé (valeur différente mais fausse)
2219,act_dep_time,real_world_error,real_dirty_value,7:22 a.m.,7:23 a.m.,7:23 a.m.,Non corrigé (regression)
2220,act_dep_time,real_world_error,real_dirty_value,8:51 a.m.,8:52 a.m.,8:52 a.m.,Non corrigé (regression)
2221,act_dep_time,real_world_error,real_dirty_value,8:26 a.m.,8:37 a.m.,8:37 a.m.,Non corrigé (regression)
2222,act_dep_time,missing_values,real_missing_value,1:30 p.m.,,1:41 p.m.,Mal corrigé (valeur différente mais fausse)
2223,act_dep_time,real_world_error,real_dirty_value,3:01 p.m.,3:17 p.m.,3:01 p.m.,Corrigé
2224,act_dep_time,real_world_error,real_dirty_value,7:27 a.m.,7:41 a.m.,7:41 a.m.,Non corrigé (regression)
2225,act_dep_time,missing_values,real_missing_value,11:08 p.m.,,11:35 p.m.,Mal corrigé (valeur différente mais fausse)
2226,act_dep_time,missing_values,real_missing_value,5:30 p.m.,,5:38 p.m.,Mal corrigé (valeur différente mais fausse)
2227,act_dep_time,real_world_error,real_dirty_value,1:32 p.m.,1:45 p.m.,1:32 p.m.,Corrigé
2228,act_dep_time,real_world_error,real_dirty_value,11:15 a.m.,11:47 a.m.,11:47 a.m.,Non corrigé (regression)
2229,act_dep_time,real_world_error,real_dirty_value,8:39 p.m.,8:40 p.m.,8:40 p.m.,Non corrigé (regression)
2230,act_dep_time,real_world_error,real_dirty_value,2:55 p.m.,3:04 p.m.,3:04 p.m.,Non corrigé (regression)
2231,act_dep_time,real_world_error,real_dirty_value,2:48 p.m.,2:59 p.m.,2:48 p.m.,Corrigé
2232,act_dep_time,real_world_error,real_dirty_value,9:16 a.m.,9:43 a.m.,9:43 a.m.,Non corrigé (regression)
2234,act_dep_time,real_world_error,real_dirty_value,3:27 p.m.,3:28 p.m.,3:27 p.m.,Corrigé
2235,act_dep_time,real_world_error,real_dirty_value,7:22 a.m.,7:23 a.m.,7:23 a.m.,Non corrigé (regression)
2236,act_dep_time,real_world_error,real_dirty_value,12:10 p.m.,12:11 p.m.,12:11 p.m.,Non corrigé (regression)
2237,act_dep_time,real_world_error,real_dirty_value,8:04 a.m.,8:05 a.m.,8:04 a.m.,Corrigé
2238,act_dep_time,real_world_error,real_dirty_value,8:52 a.m.,9:05 a.m.,9:05 a.m.,Non corrigé (regression)
2239,act_dep_time,real_world_error,real_dirty_value,1:19 p.m.,1:20 p.m.,1:19 p.m.,Corrigé
2241,act_dep_time,real_world_error,real_dirty_value,3:36 p.m.,3:38 p.m.,3:38 p.m.,Non corrigé (regression)
2243,act_dep_time,real_world_error,real_dirty_value,11:40 a.m.,11:41 a.m.,11:41 a.m.,Non corrigé (regression)
2246,act_dep_time,real_world_error,real_dirty_value,7:39 a.m.,7:40 a.m.,7:39 a.m.,Corrigé
2247,act_dep_time,real_world_error,real_dirty_value,3:31 p.m.,4:02 p.m.,3:31 p.m.,Corrigé
2249,act_dep_time,real_world_error,real_dirty_value,10:54 a.m.,10:55 a.m.,10:55 a.m.,Non corrigé (regression)
2250,act_dep_time,real_world_error,real_dirty_value,6:57 a.m.,6:58 a.m.,6:58 a.m.,Non corrigé (regression)
2251,act_dep_time,real_world_error,real_dirty_value,3:58 p.m.,4:15 p.m.,3:58 p.m.,Corrigé
2252,act_dep_time,real_world_error,real_dirty_value,6:10 a.m.,6:11 a.m.,6:10 a.m.,Corrigé
2253,act_dep_time,real_world_error,real_dirty_value,7:39 a.m.,7:40 a.m.,7:40 a.m.,Non corrigé (regression)
2254,act_dep_time,real_world_error,real_dirty_value,7:31 a.m.,7:32 a.m.,7:32 a.m.,Non corrigé (regression)
2257,act_dep_time,real_world_error,real_dirty_value,7:14 p.m.,7:42 p.m.,7:42 p.m.,Non corrigé (regression)
2258,act_dep_time,real_world_error,real_dirty_value,8:42 a.m.,8:51 a.m.,8:42 a.m.,Corrigé
2259,act_dep_time,real_world_error,real_dirty_value,7:58 p.m.,7:59 p.m.,7:59 p.m.,Non corrigé (regression)
2260,act_dep_time,real_world_error,real_dirty_value,11:25 p.m.,11:57 p.m.,11:29 p.m.,Mal corrigé (valeur différente mais fausse)
2261,act_dep_time,real_world_error,real_dirty_value,4:00 p.m.,4:10 p.m.,4:10 p.m.,Non corrigé (regression)
2262,act_dep_time,real_world_error,real_dirty_value,7:29 a.m.,7:56 a.m.,7:56 a.m.,Non corrigé (regression)
2266,act_dep_time,real_world_error,real_dirty_value,12:12 p.m.,12:13 p.m.,12:13 p.m.,Non corrigé (regression)
2267,act_dep_time,real_world_error,real_dirty_value,11:56 a.m.,12:06 p.m.,12:06 p.m.,Non corrigé (regression)
2269,act_dep_time,real_world_error,real_dirty_value,11:30 a.m.,11:45 a.m.,11:45 a.m.,Non corrigé (regression)
2270,act_dep_time,real_world_error,real_dirty_value,8:04 a.m.,8:05 a.m.,8:04 a.m.,Corrigé
2271,act_dep_time,real_world_error,real_dirty_value,10:18 a.m.,10:19 a.m.,10:19 a.m.,Non corrigé (regression)
2275,act_dep_time,real_world_error,real_dirty_value,12:41 p.m.,12:42 p.m.,12:42 p.m.,Non corrigé (regression)
2276,act_dep_time,real_world_error,real_dirty_value,12:35 p.m.,12:56 p.m.,12:56 p.m.,Non corrigé (regression)
2277,act_dep_time,real_world_error,real_dirty_value,2:26 p.m.,2:42 p.m.,2:43 p.m.,Mal corrigé (valeur différente mais fausse)
2278,act_dep_time,real_world_error,real_dirty_value,3:11 a.m.,12:07 p.m.,12:08 p.m.,Mal corrigé (valeur différente mais fausse)
2279,act_dep_time,real_world_error,real_dirty_value,5:22 p.m.,5:38 p.m.,5:38 p.m.,Non corrigé (regression)
2281,act_dep_time,real_world_error,real_dirty_value,8:25 p.m.,7:27 p.m.,8:25 p.m.,Corrigé
2286,act_dep_time,real_world_error,real_dirty_value,6:30 p.m.,6:47 p.m.,6:47 p.m.,Non corrigé (regression)
2287,act_dep_time,real_world_error,real_dirty_value,6:55 p.m.,6:56 p.m.,6:56 p.m.,Non corrigé (regression)
2288,act_dep_time,real_world_error,real_dirty_value,12:11 p.m.,12:12 p.m.,12:12 p.m.,Non corrigé (regression)
2289,act_dep_time,real_world_error,real_dirty_value,7:15 p.m.,7:25 p.m.,7:23 a.m.,Mal corrigé (valeur différente mais fausse)
2290,act_dep_time,real_world_error,real_dirty_value,9:14 a.m.,9:57 a.m.,9:14 a.m.,Corrigé
2292,act_dep_time,real_world_error,real_dirty_value,7:30 a.m.,7:31 a.m.,7:31 a.m.,Non corrigé (regression)
2294,act_dep_time,real_world_error,real_dirty_value,4:28 p.m.,4:45 p.m.,4:28 p.m.,Corrigé
2297,act_dep_time,real_world_error,real_dirty_value,1:31 p.m.,1:48 p.m.,1:48 p.m.,Non corrigé (regression)
2298,act_dep_time,real_world_error,real_dirty_value,1:48 p.m.,2:01 p.m.,2:01 p.m.,Non corrigé (regression)
2299,act_dep_time,real_world_error,real_dirty_value,4:25 p.m.,4:35 p.m.,7:23 a.m.,Mal corrigé (valeur différente mais fausse)
2300,act_dep_time,real_world_error,real_dirty_value,9:00 p.m.,9:16 p.m.,9:06 p.m.,Mal corrigé (valeur différente mais fausse)
2301,act_dep_time,real_world_error,real_dirty_value,8:25 p.m.,8:29 p.m.,8:29 p.m.,Non corrigé (regression)
2304,act_dep_time,real_world_error,real_dirty_value,1:30 p.m.,1:40 p.m.,1:41 p.m.,Mal corrigé (valeur différente mais fausse)
2305,act_dep_time,real_world_error,real_dirty_value,11:08 p.m.,11:35 p.m.,11:35 p.m.,Non corrigé (regression)
2306,act_dep_time,real_world_error,real_dirty_value,5:30 p.m.,6:11 p.m.,5:38 p.m.,Mal corrigé (valeur différente mais fausse)
2307,act_dep_time,real_world_error,real_dirty_value,8:39 p.m.,8:40 p.m.,8:40 p.m.,Non corrigé (regression)
2310,act_dep_time,real_world_error,real_dirty_value,7:22 a.m.,7:23 a.m.,7:23 a.m.,Non corrigé (regression)
2315,act_dep_time,real_world_error,real_dirty_value,7:31 a.m.,7:32 a.m.,7:32 a.m.,Non corrigé (regression)
2317,act_dep_time,real_world_error,real_dirty_value,10:54 a.m.,10:55 a.m.,10:55 a.m.,Non corrigé (regression)
2318,act_dep_time,real_world_error,real_dirty_value,3:58 p.m.,4:14 p.m.,3:58 p.m.,Corrigé
2325,act_dep_time,real_world_error,real_dirty_value,6:30 p.m.,6:47 p.m. (Estimated runway),6:47 p.m.,Mal corrigé (valeur différente mais fausse)
2326,act_dep_time,real_world_error,real_dirty_value,7:15 p.m.,7:15 p.m. (Estimated),7:23 a.m.,Mal corrigé (valeur différente mais fausse)
2327,act_dep_time,real_world_error,real_dirty_value,3:27 p.m.,3:28 p.m.,3:50 p.m.,Mal corrigé (valeur différente mais fausse)
2328,act_dep_time,real_world_error,real_dirty_value,11:25 p.m.,11:29 p.m. (Estimated runway),11:29 p.m.,Mal corrigé (valeur différente mais fausse)
2329,act_dep_time,real_world_error,real_dirty_value,4:00 p.m.,3:58 p.m.,4:10 p.m.,Mal corrigé (valeur différente mais fausse)
2342,act_dep_time,real_world_error,real_dirty_value,3:11 a.m.,11:51 a.m.,12:08 p.m.,Mal corrigé (valeur différente mais fausse)
2355,act_dep_time,real_world_error,real_dirty_value,11:55 p.m.,12:10 a.m. (Estimated runway),12:11 a.m.,Mal corrigé (valeur différente mais fausse)
2356,act_dep_time,real_world_error,real_dirty_value,4:25 p.m.,4:28 p.m. (Estimated runway),7:23 a.m.,Mal corrigé (valeur différente mais fausse)
2357,act_dep_time,real_world_error,real_dirty_value,9:00 p.m.,9:06 p.m. (Estimated runway),9:06 p.m.,Mal corrigé (valeur différente mais fausse)
2358,act_dep_time,real_world_error,real_dirty_value,8:25 p.m.,8:29 p.m. (Estimated runway),8:29 p.m.,Mal corrigé (valeur différente mais fausse)
2362,act_dep_time,real_world_error,real_dirty_value,1:30 p.m.,1:41 p.m. (Estimated runway),1:41 p.m.,Mal corrigé (valeur différente mais fausse)
2371,act_dep_time,real_world_error,real_dirty_value,11:55 a.m.,11:43 a.m.,11:55 a.m.,Corrigé
5,sched_arr_time,real_world_error,real_dirty_value,6:55 a.m.,12/02/2011 6:55 a.m.,2:45 p.m.,Mal corrigé (valeur différente mais fausse)
31,sched_arr_time,real_world_error,real_dirty_value,5:50 a.m.,12/02/2011 5:50 a.m.,5:50 a.m.,Corrigé
32,sched_arr_time,real_world_error,real_dirty_value,12:15 a.m.,12/02/2011 12:15 a.m.,12:15 a.m.,Corrigé
50,sched_arr_time,missing_values,real_missing_value,9:40 a.m.,,9:40 a.m.,Corrigé
52,sched_arr_time,missing_values,real_missing_value,9:25 a.m.,,9:25 a.m.,Corrigé
53,sched_arr_time,missing_values,real_missing_value,11:55 a.m.,,11:55 a.m.,Corrigé
54,sched_arr_time,missing_values,real_missing_value,9:54 a.m.,,9:54 a.m.,Corrigé
55,sched_arr_time,missing_values,real_missing_value,10:30 p.m.,,10:30 p.m.,Corrigé
56,sched_arr_time,missing_values,real_missing_value,5:05 p.m.,,5:05 p.m.,Corrigé
58,sched_arr_time,missing_values,real_missing_value,5:25 p.m.,,5:25 p.m.,Corrigé
59,sched_arr_time,missing_values,real_missing_value,11:19 a.m.,,11:19 a.m.,Corrigé
60,sched_arr_time,missing_values,real_missing_value,6:55 a.m.,,2:45 p.m.,Mal corrigé (valeur différente mais fausse)
61,sched_arr_time,missing_values,real_missing_value,7:23 a.m.,,7:23 a.m.,Corrigé
63,sched_arr_time,missing_values,real_missing_value,6:46 p.m.,,6:46 p.m.,Corrigé
66,sched_arr_time,missing_values,real_missing_value,12:35 p.m.,,12:35 p.m.,Corrigé
67,sched_arr_time,missing_values,real_missing_value,10:06 a.m.,,10:06 a.m.,Corrigé
68,sched_arr_time,missing_values,real_missing_value,9:55 a.m.,,9:55 a.m.,Corrigé
69,sched_arr_time,missing_values,real_missing_value,7:55 p.m.,,7:55 p.m.,Corrigé
70,sched_arr_time,missing_values,real_missing_value,2:20 p.m.,,2:20 p.m.,Corrigé
73,sched_arr_time,missing_values,real_missing_value,5:00 p.m.,,5:00 p.m.,Corrigé
74,sched_arr_time,missing_values,real_missing_value,3:50 p.m.,,3:50 p.m.,Corrigé
76,sched_arr_time,missing_values,real_missing_value,9:20 a.m.,,9:20 a.m.,Corrigé
77,sched_arr_time,missing_values,real_missing_value,4:57 p.m.,,4:57 p.m.,Corrigé
80,sched_arr_time,missing_values,real_missing_value,12:10 p.m.,,12:10 p.m.,Corrigé
81,sched_arr_time,missing_values,real_missing_value,2:35 p.m.,,2:35 p.m.,Corrigé
82,sched_arr_time,missing_values,real_missing_value,1:39 p.m.,,1:39 p.m.,Corrigé
83,sched_arr_time,missing_values,real_missing_value,3:19 p.m.,,3:19 p.m.,Corrigé
84,sched_arr_time,missing_values,real_missing_value,2:00 p.m.,,2:00 p.m.,Corrigé
85,sched_arr_time,missing_values,real_missing_value,6:15 p.m.,,6:15 p.m.,Corrigé
86,sched_arr_time,missing_values,real_missing_value,1:45 p.m.,,1:45 p.m.,Corrigé
89,sched_arr_time,missing_values,real_missing_value,2:45 p.m.,,2:45 p.m.,Corrigé
90,sched_arr_time,missing_values,real_missing_value,5:15 p.m.,,5:15 p.m.,Corrigé
92,sched_arr_time,missing_values,real_missing_value,10:35 a.m.,,10:35 a.m.,Corrigé
93,sched_arr_time,missing_values,real_missing_value,7:25 p.m.,,7:25 p.m.,Corrigé
94,sched_arr_time,missing_values,real_missing_value,9:10 p.m.,,9:10 p.m.,Corrigé
95,sched_arr_time,missing_values,real_missing_value,3:15 p.m.,,3:15 p.m.,Corrigé
96,sched_arr_time,real_world_error,real_dirty_value,12:21 a.m.,12/2/11 12:21 a.m.,12:21 a.m.,Corrigé
97,sched_arr_time,missing_values,real_missing_value,7:53 p.m.,,7:53 p.m.,Corrigé
99,sched_arr_time,missing_values,real_missing_value,7:30 a.m.,,7:30 a.m.,Corrigé
100,sched_arr_time,missing_values,real_missing_value,9:35 a.m.,,9:35 a.m.,Corrigé
101,sched_arr_time,missing_values,real_missing_value,8:05 p.m.,,8:05 p.m.,Corrigé
102,sched_arr_time,missing_values,real_missing_value,11:10 a.m.,,11:10 a.m.,Corrigé
103,sched_arr_time,missing_values,real_missing_value,6:23 p.m.,,6:23 p.m.,Corrigé
104,sched_arr_time,missing_values,real_missing_value,7:35 p.m.,,7:35 p.m.,Corrigé
105,sched_arr_time,missing_values,real_missing_value,9:45 p.m.,,9:45 p.m.,Corrigé
107,sched_arr_time,missing_values,real_missing_value,10:31 a.m.,,10:31 a.m.,Corrigé
108,sched_arr_time,missing_values,real_missing_value,2:59 p.m.,,2:59 p.m.,Corrigé
109,sched_arr_time,missing_values,real_missing_value,4:31 p.m.,,4:31 p.m.,Corrigé
110,sched_arr_time,missing_values,real_missing_value,2:45 p.m.,,2:45 p.m.,Corrigé
112,sched_arr_time,missing_values,real_missing_value,5:50 a.m.,,5:50 a.m.,Corrigé
113,sched_arr_time,missing_values,real_missing_value,12:29 a.m.,,12:29 a.m.,Corrigé
114,sched_arr_time,missing_values,real_missing_value,12:15 a.m.,,12:15 a.m.,Corrigé
115,sched_arr_time,missing_values,real_missing_value,11:50 p.m.,,11:50 p.m.,Corrigé
116,sched_arr_time,missing_values,real_missing_value,10:34 a.m.,,10:34 a.m.,Corrigé
117,sched_arr_time,missing_values,real_missing_value,11:50 a.m.,,11:50 a.m.,Corrigé
118,sched_arr_time,missing_values,real_missing_value,9:24 a.m.,,9:24 a.m.,Corrigé
119,sched_arr_time,missing_values,real_missing_value,3:50 p.m.,,3:50 p.m.,Corrigé
121,sched_arr_time,missing_values,real_missing_value,9:43 a.m.,,9:43 a.m.,Corrigé
122,sched_arr_time,real_world_error,real_dirty_value,5:11 a.m.,12/2/11 5:11 a.m.,5:11 a.m.,Corrigé
123,sched_arr_time,missing_values,real_missing_value,6:40 p.m.,,6:40 p.m.,Corrigé
124,sched_arr_time,missing_values,real_missing_value,8:27 a.m.,,8:27 a.m.,Corrigé
125,sched_arr_time,missing_values,real_missing_value,1:40 p.m.,,1:40 p.m.,Corrigé
126,sched_arr_time,missing_values,real_missing_value,9:20 p.m.,,9:20 p.m.,Corrigé
127,sched_arr_time,missing_values,real_missing_value,4:53 p.m.,,4:53 p.m.,Corrigé
130,sched_arr_time,missing_values,real_missing_value,4:05 p.m.,,4:05 p.m.,Corrigé
131,sched_arr_time,missing_values,real_missing_value,5:55 p.m.,,5:55 p.m.,Corrigé
132,sched_arr_time,missing_values,real_missing_value,11:35 a.m.,,11:35 a.m.,Corrigé
133,sched_arr_time,missing_values,real_missing_value,2:15 p.m.,,2:15 p.m.,Corrigé
134,sched_arr_time,missing_values,real_missing_value,11:05 a.m.,,11:05 a.m.,Corrigé
136,sched_arr_time,missing_values,real_missing_value,2:35 p.m.,,2:35 p.m.,Corrigé
137,sched_arr_time,missing_values,real_missing_value,10:40 a.m.,,10:40 a.m.,Corrigé
138,sched_arr_time,missing_values,real_missing_value,6:30 p.m.,,6:30 p.m.,Corrigé
139,sched_arr_time,missing_values,real_missing_value,8:00 a.m.,,8:00 a.m.,Corrigé
140,sched_arr_time,missing_values,real_missing_value,6:40 p.m.,,6:40 p.m.,Corrigé
141,sched_arr_time,missing_values,real_missing_value,2:25 p.m.,,2:25 p.m.,Corrigé
143,sched_arr_time,missing_values,real_missing_value,6:17 p.m.,,6:17 p.m.,Corrigé
144,sched_arr_time,missing_values,real_missing_value,12:55 p.m.,,12:55 p.m.,Corrigé
145,sched_arr_time,missing_values,real_missing_value,7:45 a.m.,,7:45 a.m.,Corrigé
147,sched_arr_time,missing_values,real_missing_value,6:40 a.m.,,6:40 a.m.,Corrigé
148,sched_arr_time,missing_values,real_missing_value,10:45 a.m.,,10:45 a.m.,Corrigé
149,sched_arr_time,missing_values,real_missing_value,3:30 p.m.,,3:30 p.m.,Corrigé
151,sched_arr_time,missing_values,real_missing_value,10:15 p.m.,,10:15 p.m.,Corrigé
154,sched_arr_time,missing_values,real_missing_value,9:54 a.m.,,9:54 a.m.,Corrigé
158,sched_arr_time,missing_values,real_missing_value,2:50 p.m.,,2:50 p.m.,Corrigé
159,sched_arr_time,missing_values,real_missing_value,11:19 a.m.,,11:19 a.m.,Corrigé
160,sched_arr_time,real_world_error,real_dirty_value,6:55 a.m.,6:55 a.m. Dec 02,2:45 p.m.,Mal corrigé (valeur différente mais fausse)
161,sched_arr_time,missing_values,real_missing_value,7:23 a.m.,,7:23 a.m.,Corrigé
162,sched_arr_time,missing_values,real_missing_value,5:35 a.m.,,5:35 a.m.,Corrigé
164,sched_arr_time,missing_values,real_missing_value,9:21 a.m.,,9:21 a.m.,Corrigé
165,sched_arr_time,missing_values,real_missing_value,1:16 p.m.,,1:16 p.m.,Corrigé
167,sched_arr_time,missing_values,real_missing_value,10:06 a.m.,,10:06 a.m.,Corrigé
170,sched_arr_time,missing_values,real_missing_value,2:20 p.m.,,2:20 p.m.,Corrigé
171,sched_arr_time,missing_values,real_missing_value,7:03 p.m.,,7:03 p.m.,Corrigé
172,sched_arr_time,missing_values,real_missing_value,11:35 a.m.,,11:35 a.m.,Corrigé
173,sched_arr_time,missing_values,real_missing_value,5:00 p.m.,,5:00 p.m.,Corrigé
175,sched_arr_time,missing_values,real_missing_value,1:17 p.m.,,1:17 p.m.,Corrigé
178,sched_arr_time,missing_values,real_missing_value,10:20 a.m.,,10:20 a.m.,Corrigé
179,sched_arr_time,missing_values,real_missing_value,10:54 a.m.,,10:54 a.m.,Corrigé
182,sched_arr_time,missing_values,real_missing_value,1:39 p.m.,,1:39 p.m.,Corrigé
183,sched_arr_time,missing_values,real_missing_value,3:19 p.m.,,3:19 p.m.,Corrigé
184,sched_arr_time,missing_values,real_missing_value,2:00 p.m.,,2:00 p.m.,Corrigé
187,sched_arr_time,missing_values,real_missing_value,8:22 p.m.,,8:22 p.m.,Corrigé
188,sched_arr_time,missing_values,real_missing_value,8:56 p.m.,,8:56 p.m.,Corrigé
190,sched_arr_time,real_world_error,real_dirty_value,5:15 p.m.,4:52 p.m.,5:15 p.m.,Corrigé
191,sched_arr_time,missing_values,real_missing_value,4:00 p.m.,,4:00 p.m.,Corrigé
195,sched_arr_time,real_world_error,real_dirty_value,12:21 a.m.,12:21 a.m. Dec 02,12:21 a.m.,Corrigé
196,sched_arr_time,missing_values,real_missing_value,7:53 p.m.,,7:53 p.m.,Corrigé
200,sched_arr_time,missing_values,real_missing_value,8:05 p.m.,,8:05 p.m.,Corrigé
202,sched_arr_time,missing_values,real_missing_value,7:35 p.m.,,7:35 p.m.,Corrigé
204,sched_arr_time,missing_values,real_missing_value,6:44 p.m.,,6:44 p.m.,Corrigé
205,sched_arr_time,missing_values,real_missing_value,10:31 a.m.,,10:31 a.m.,Corrigé
209,sched_arr_time,missing_values,real_missing_value,4:17 p.m.,,4:17 p.m.,Corrigé
210,sched_arr_time,real_world_error,real_dirty_value,5:50 a.m.,5:50 a.m.Dec 02,5:50 a.m.,Corrigé
211,sched_arr_time,real_world_error,real_dirty_value,12:29 a.m.,12:29 a.m. Dec 02,12:29 a.m.,Corrigé
212,sched_arr_time,real_world_error,real_dirty_value,12:15 a.m.,12:15 a.m. Dec 02,12:15 a.m.,Corrigé
216,sched_arr_time,missing_values,real_missing_value,9:24 a.m.,,9:24 a.m.,Corrigé
218,sched_arr_time,missing_values,real_missing_value,4:48 p.m.,,4:48 p.m.,Corrigé
219,sched_arr_time,missing_values,real_missing_value,9:43 a.m.,,9:43 a.m.,Corrigé
220,sched_arr_time,real_world_error,real_dirty_value,5:11 a.m.,5:11 a.m.Dec 02,5:11 a.m.,Corrigé
221,sched_arr_time,real_world_error,real_dirty_value,6:40 p.m.,6:09 p.m.,6:40 p.m.,Corrigé
222,sched_arr_time,missing_values,real_missing_value,8:27 a.m.,,8:27 a.m.,Corrigé
223,sched_arr_time,missing_values,real_missing_value,1:40 p.m.,,1:40 p.m.,Corrigé
224,sched_arr_time,missing_values,real_missing_value,9:20 p.m.,,9:20 p.m.,Corrigé
225,sched_arr_time,missing_values,real_missing_value,4:53 p.m.,,4:53 p.m.,Corrigé
226,sched_arr_time,missing_values,real_missing_value,7:03 p.m.,,7:03 p.m.,Corrigé
227,sched_arr_time,missing_values,real_missing_value,11:45 a.m.,,11:45 a.m.,Corrigé
233,sched_arr_time,missing_values,real_missing_value,11:53 a.m.,,11:53 a.m.,Corrigé
235,sched_arr_time,missing_values,real_missing_value,10:40 a.m.,,10:40 a.m.,Corrigé
238,sched_arr_time,missing_values,real_missing_value,5:25 p.m.,,5:25 p.m.,Corrigé
242,sched_arr_time,missing_values,real_missing_value,4:49 p.m.,,4:49 p.m.,Corrigé
337,sched_arr_time,missing_values,real_missing_value,9:40 a.m.,,9:40 a.m.,Corrigé
339,sched_arr_time,missing_values,real_missing_value,9:25 a.m.,,9:25 a.m.,Corrigé
340,sched_arr_time,missing_values,real_missing_value,11:55 a.m.,,11:55 a.m.,Corrigé
341,sched_arr_time,missing_values,real_missing_value,9:54 a.m.,,9:54 a.m.,Corrigé
342,sched_arr_time,missing_values,real_missing_value,10:30 p.m.,,10:30 p.m.,Corrigé
343,sched_arr_time,missing_values,real_missing_value,5:05 p.m.,,5:05 p.m.,Corrigé
345,sched_arr_time,missing_values,real_missing_value,5:25 p.m.,,5:25 p.m.,Corrigé
346,sched_arr_time,missing_values,real_missing_value,11:19 a.m.,,11:19 a.m.,Corrigé
347,sched_arr_time,missing_values,real_missing_value,6:55 a.m.,,2:45 p.m.,Mal corrigé (valeur différente mais fausse)
348,sched_arr_time,missing_values,real_missing_value,7:23 a.m.,,7:23 a.m.,Corrigé
350,sched_arr_time,missing_values,real_missing_value,6:46 p.m.,,6:46 p.m.,Corrigé
353,sched_arr_time,missing_values,real_missing_value,12:35 p.m.,,12:35 p.m.,Corrigé
354,sched_arr_time,missing_values,real_missing_value,10:06 a.m.,,10:06 a.m.,Corrigé
355,sched_arr_time,missing_values,real_missing_value,9:55 a.m.,,9:55 a.m.,Corrigé
356,sched_arr_time,missing_values,real_missing_value,7:55 p.m.,,7:55 p.m.,Corrigé
357,sched_arr_time,missing_values,real_missing_value,2:20 p.m.,,2:20 p.m.,Corrigé
360,sched_arr_time,missing_values,real_missing_value,5:00 p.m.,,5:00 p.m.,Corrigé
361,sched_arr_time,missing_values,real_missing_value,3:50 p.m.,,3:50 p.m.,Corrigé
363,sched_arr_time,missing_values,real_missing_value,9:20 a.m.,,9:20 a.m.,Corrigé
364,sched_arr_time,missing_values,real_missing_value,4:57 p.m.,,4:57 p.m.,Corrigé
367,sched_arr_time,missing_values,real_missing_value,12:10 p.m.,,12:10 p.m.,Corrigé
368,sched_arr_time,missing_values,real_missing_value,2:35 p.m.,,2:35 p.m.,Corrigé
369,sched_arr_time,missing_values,real_missing_value,1:39 p.m.,,1:39 p.m.,Corrigé
370,sched_arr_time,missing_values,real_missing_value,3:19 p.m.,,3:19 p.m.,Corrigé
371,sched_arr_time,missing_values,real_missing_value,2:00 p.m.,,2:00 p.m.,Corrigé
372,sched_arr_time,missing_values,real_missing_value,6:15 p.m.,,6:15 p.m.,Corrigé
373,sched_arr_time,missing_values,real_missing_value,1:45 p.m.,,1:45 p.m.,Corrigé
376,sched_arr_time,missing_values,real_missing_value,2:45 p.m.,,2:45 p.m.,Corrigé
377,sched_arr_time,missing_values,real_missing_value,5:15 p.m.,,5:15 p.m.,Corrigé
379,sched_arr_time,missing_values,real_missing_value,10:35 a.m.,,10:35 a.m.,Corrigé
380,sched_arr_time,missing_values,real_missing_value,7:25 p.m.,,7:25 p.m.,Corrigé
381,sched_arr_time,missing_values,real_missing_value,9:10 p.m.,,9:10 p.m.,Corrigé
382,sched_arr_time,missing_values,real_missing_value,3:15 p.m.,,3:15 p.m.,Corrigé
383,sched_arr_time,real_world_error,real_dirty_value,12:21 a.m.,12/2/11 12:21 a.m.,12:21 a.m.,Corrigé
384,sched_arr_time,missing_values,real_missing_value,7:53 p.m.,,7:53 p.m.,Corrigé
386,sched_arr_time,missing_values,real_missing_value,7:30 a.m.,,7:30 a.m.,Corrigé
387,sched_arr_time,missing_values,real_missing_value,9:35 a.m.,,9:35 a.m.,Corrigé
388,sched_arr_time,missing_values,real_missing_value,8:05 p.m.,,8:05 p.m.,Corrigé
389,sched_arr_time,missing_values,real_missing_value,11:10 a.m.,,11:10 a.m.,Corrigé
390,sched_arr_time,missing_values,real_missing_value,6:23 p.m.,,6:23 p.m.,Corrigé
391,sched_arr_time,missing_values,real_missing_value,7:35 p.m.,,7:35 p.m.,Corrigé
392,sched_arr_time,missing_values,real_missing_value,9:45 p.m.,,9:45 p.m.,Corrigé
394,sched_arr_time,missing_values,real_missing_value,10:31 a.m.,,10:31 a.m.,Corrigé
395,sched_arr_time,missing_values,real_missing_value,2:59 p.m.,,2:59 p.m.,Corrigé
396,sched_arr_time,missing_values,real_missing_value,4:31 p.m.,,4:31 p.m.,Corrigé
397,sched_arr_time,missing_values,real_missing_value,2:45 p.m.,,2:45 p.m.,Corrigé
399,sched_arr_time,missing_values,real_missing_value,5:50 a.m.,,5:50 a.m.,Corrigé
400,sched_arr_time,missing_values,real_missing_value,12:29 a.m.,,12:29 a.m.,Corrigé
401,sched_arr_time,missing_values,real_missing_value,12:15 a.m.,,12:15 a.m.,Corrigé
402,sched_arr_time,missing_values,real_missing_value,11:50 p.m.,,11:50 p.m.,Corrigé
403,sched_arr_time,missing_values,real_missing_value,10:34 a.m.,,10:34 a.m.,Corrigé
404,sched_arr_time,missing_values,real_missing_value,11:50 a.m.,,11:50 a.m.,Corrigé
405,sched_arr_time,missing_values,real_missing_value,9:24 a.m.,,9:24 a.m.,Corrigé
406,sched_arr_time,missing_values,real_missing_value,3:50 p.m.,,3:50 p.m.,Corrigé
408,sched_arr_time,missing_values,real_missing_value,9:43 a.m.,,9:43 a.m.,Corrigé
409,sched_arr_time,real_world_error,real_dirty_value,5:11 a.m.,12/2/11 5:11 a.m.,5:11 a.m.,Corrigé
410,sched_arr_time,missing_values,real_missing_value,6:40 p.m.,,6:40 p.m.,Corrigé
411,sched_arr_time,missing_values,real_missing_value,8:27 a.m.,,8:27 a.m.,Corrigé
412,sched_arr_time,missing_values,real_missing_value,1:40 p.m.,,1:40 p.m.,Corrigé
413,sched_arr_time,missing_values,real_missing_value,9:20 p.m.,,9:20 p.m.,Corrigé
414,sched_arr_time,missing_values,real_missing_value,4:53 p.m.,,4:53 p.m.,Corrigé
417,sched_arr_time,missing_values,real_missing_value,4:05 p.m.,,4:05 p.m.,Corrigé
418,sched_arr_time,missing_values,real_missing_value,5:55 p.m.,,5:55 p.m.,Corrigé
419,sched_arr_time,missing_values,real_missing_value,11:35 a.m.,,11:35 a.m.,Corrigé
420,sched_arr_time,missing_values,real_missing_value,2:15 p.m.,,2:15 p.m.,Corrigé
421,sched_arr_time,missing_values,real_missing_value,11:05 a.m.,,11:05 a.m.,Corrigé
423,sched_arr_time,missing_values,real_missing_value,2:35 p.m.,,2:35 p.m.,Corrigé
424,sched_arr_time,missing_values,real_missing_value,10:40 a.m.,,10:40 a.m.,Corrigé
425,sched_arr_time,missing_values,real_missing_value,6:30 p.m.,,6:30 p.m.,Corrigé
426,sched_arr_time,missing_values,real_missing_value,8:00 a.m.,,8:00 a.m.,Corrigé
427,sched_arr_time,missing_values,real_missing_value,6:40 p.m.,,6:40 p.m.,Corrigé
428,sched_arr_time,missing_values,real_missing_value,2:25 p.m.,,2:25 p.m.,Corrigé
430,sched_arr_time,missing_values,real_missing_value,6:17 p.m.,,6:17 p.m.,Corrigé
431,sched_arr_time,missing_values,real_missing_value,12:55 p.m.,,12:55 p.m.,Corrigé
432,sched_arr_time,missing_values,real_missing_value,7:45 a.m.,,7:45 a.m.,Corrigé
434,sched_arr_time,missing_values,real_missing_value,6:40 a.m.,,6:40 a.m.,Corrigé
435,sched_arr_time,missing_values,real_missing_value,10:45 a.m.,,10:45 a.m.,Corrigé
436,sched_arr_time,missing_values,real_missing_value,3:30 p.m.,,3:30 p.m.,Corrigé
438,sched_arr_time,missing_values,real_missing_value,10:15 p.m.,,10:15 p.m.,Corrigé
441,sched_arr_time,missing_values,real_missing_value,9:54 a.m.,,9:54 a.m.,Corrigé
445,sched_arr_time,missing_values,real_missing_value,2:50 p.m.,,2:50 p.m.,Corrigé
446,sched_arr_time,missing_values,real_missing_value,11:19 a.m.,,11:19 a.m.,Corrigé
447,sched_arr_time,real_world_error,real_dirty_value,6:55 a.m.,6:55 a.m. Dec 02,2:45 p.m.,Mal corrigé (valeur différente mais fausse)
448,sched_arr_time,missing_values,real_missing_value,7:23 a.m.,,7:23 a.m.,Corrigé
449,sched_arr_time,missing_values,real_missing_value,5:35 a.m.,,5:35 a.m.,Corrigé
451,sched_arr_time,missing_values,real_missing_value,9:21 a.m.,,9:21 a.m.,Corrigé
452,sched_arr_time,missing_values,real_missing_value,1:16 p.m.,,1:16 p.m.,Corrigé
454,sched_arr_time,missing_values,real_missing_value,10:06 a.m.,,10:06 a.m.,Corrigé
457,sched_arr_time,missing_values,real_missing_value,2:20 p.m.,,2:20 p.m.,Corrigé
458,sched_arr_time,missing_values,real_missing_value,7:03 p.m.,,7:03 p.m.,Corrigé
459,sched_arr_time,missing_values,real_missing_value,11:35 a.m.,,11:35 a.m.,Corrigé
460,sched_arr_time,missing_values,real_missing_value,5:00 p.m.,,5:00 p.m.,Corrigé
462,sched_arr_time,missing_values,real_missing_value,1:17 p.m.,,1:17 p.m.,Corrigé
465,sched_arr_time,missing_values,real_missing_value,10:20 a.m.,,10:20 a.m.,Corrigé
466,sched_arr_time,missing_values,real_missing_value,10:54 a.m.,,10:54 a.m.,Corrigé
469,sched_arr_time,missing_values,real_missing_value,1:39 p.m.,,1:39 p.m.,Corrigé
470,sched_arr_time,missing_values,real_missing_value,3:19 p.m.,,3:19 p.m.,Corrigé
471,sched_arr_time,missing_values,real_missing_value,2:00 p.m.,,2:00 p.m.,Corrigé
474,sched_arr_time,missing_values,real_missing_value,8:22 p.m.,,8:22 p.m.,Corrigé
475,sched_arr_time,missing_values,real_missing_value,8:56 p.m.,,8:56 p.m.,Corrigé
477,sched_arr_time,missing_values,real_missing_value,5:15 p.m.,,5:15 p.m.,Corrigé
478,sched_arr_time,missing_values,real_missing_value,4:00 p.m.,,4:00 p.m.,Corrigé
482,sched_arr_time,real_world_error,real_dirty_value,12:21 a.m.,12:21 a.m. Dec 02,12:21 a.m.,Corrigé
483,sched_arr_time,missing_values,real_missing_value,7:53 p.m.,,7:53 p.m.,Corrigé
487,sched_arr_time,missing_values,real_missing_value,8:05 p.m.,,8:05 p.m.,Corrigé
489,sched_arr_time,missing_values,real_missing_value,7:35 p.m.,,7:35 p.m.,Corrigé
491,sched_arr_time,missing_values,real_missing_value,6:44 p.m.,,6:44 p.m.,Corrigé
492,sched_arr_time,missing_values,real_missing_value,10:31 a.m.,,10:31 a.m.,Corrigé
496,sched_arr_time,missing_values,real_missing_value,4:17 p.m.,,4:17 p.m.,Corrigé
497,sched_arr_time,real_world_error,real_dirty_value,5:50 a.m.,5:50 a.m. Dec 02,5:50 a.m.,Corrigé
498,sched_arr_time,real_world_error,real_dirty_value,12:29 a.m.,12:29 a.m. Dec 02,12:29 a.m.,Corrigé
499,sched_arr_time,real_world_error,real_dirty_value,12:15 a.m.,12:15 a.m. Dec 02,12:15 a.m.,Corrigé
503,sched_arr_time,missing_values,real_missing_value,9:24 a.m.,,9:24 a.m.,Corrigé
505,sched_arr_time,missing_values,real_missing_value,4:48 p.m.,,4:48 p.m.,Corrigé
506,sched_arr_time,missing_values,real_missing_value,9:43 a.m.,,9:43 a.m.,Corrigé
507,sched_arr_time,real_world_error,real_dirty_value,5:11 a.m.,5:11 a.m.Dec 02,5:11 a.m.,Corrigé
509,sched_arr_time,missing_values,real_missing_value,8:27 a.m.,,8:27 a.m.,Corrigé
510,sched_arr_time,missing_values,real_missing_value,1:40 p.m.,,1:40 p.m.,Corrigé
511,sched_arr_time,missing_values,real_missing_value,9:20 p.m.,,9:20 p.m.,Corrigé
512,sched_arr_time,missing_values,real_missing_value,4:53 p.m.,,4:53 p.m.,Corrigé
513,sched_arr_time,missing_values,real_missing_value,7:03 p.m.,,7:03 p.m.,Corrigé
514,sched_arr_time,missing_values,real_missing_value,11:45 a.m.,,11:45 a.m.,Corrigé
520,sched_arr_time,missing_values,real_missing_value,11:53 a.m.,,11:53 a.m.,Corrigé
522,sched_arr_time,missing_values,real_missing_value,10:40 a.m.,,10:40 a.m.,Corrigé
525,sched_arr_time,missing_values,real_missing_value,5:25 p.m.,,5:25 p.m.,Corrigé
529,sched_arr_time,missing_values,real_missing_value,4:49 p.m.,,4:49 p.m.,Corrigé
630,sched_arr_time,missing_values,real_missing_value,10:15 p.m.,,10:15 p.m.,Corrigé
633,sched_arr_time,missing_values,real_missing_value,9:54 a.m.,,9:54 a.m.,Corrigé
637,sched_arr_time,missing_values,real_missing_value,2:50 p.m.,,2:50 p.m.,Corrigé
638,sched_arr_time,missing_values,real_missing_value,11:19 a.m.,,11:19 a.m.,Corrigé
639,sched_arr_time,real_world_error,real_dirty_value,6:55 a.m.,6:55 a.m. Dec 02,2:45 p.m.,Mal corrigé (valeur différente mais fausse)
640,sched_arr_time,missing_values,real_missing_value,7:23 a.m.,,7:23 a.m.,Corrigé
641,sched_arr_time,missing_values,real_missing_value,5:35 a.m.,,5:35 a.m.,Corrigé
643,sched_arr_time,missing_values,real_missing_value,9:21 a.m.,,9:21 a.m.,Corrigé
644,sched_arr_time,missing_values,real_missing_value,1:16 p.m.,,1:16 p.m.,Corrigé
646,sched_arr_time,missing_values,real_missing_value,10:06 a.m.,,10:06 a.m.,Corrigé
649,sched_arr_time,missing_values,real_missing_value,2:20 p.m.,,2:20 p.m.,Corrigé
650,sched_arr_time,missing_values,real_missing_value,7:03 p.m.,,7:03 p.m.,Corrigé
651,sched_arr_time,missing_values,real_missing_value,11:35 a.m.,,11:35 a.m.,Corrigé
652,sched_arr_time,missing_values,real_missing_value,5:00 p.m.,,5:00 p.m.,Corrigé
654,sched_arr_time,missing_values,real_missing_value,1:17 p.m.,,1:17 p.m.,Corrigé
657,sched_arr_time,missing_values,real_missing_value,10:20 a.m.,,10:20 a.m.,Corrigé
658,sched_arr_time,missing_values,real_missing_value,10:54 a.m.,,10:54 a.m.,Corrigé
661,sched_arr_time,missing_values,real_missing_value,1:39 p.m.,,1:39 p.m.,Corrigé
662,sched_arr_time,missing_values,real_missing_value,3:19 p.m.,,3:19 p.m.,Corrigé
663,sched_arr_time,missing_values,real_missing_value,2:00 p.m.,,2:00 p.m.,Corrigé
666,sched_arr_time,missing_values,real_missing_value,8:22 p.m.,,8:22 p.m.,Corrigé
667,sched_arr_time,missing_values,real_missing_value,8:56 p.m.,,8:56 p.m.,Corrigé
669,sched_arr_time,missing_values,real_missing_value,5:15 p.m.,,5:15 p.m.,Corrigé
670,sched_arr_time,missing_values,real_missing_value,4:00 p.m.,,4:00 p.m.,Corrigé
674,sched_arr_time,real_world_error,real_dirty_value,12:21 a.m.,12:21 a.m. Dec 02,12:21 a.m.,Corrigé
675,sched_arr_time,missing_values,real_missing_value,7:53 p.m.,,7:53 p.m.,Corrigé
679,sched_arr_time,missing_values,real_missing_value,8:05 p.m.,,8:05 p.m.,Corrigé
681,sched_arr_time,missing_values,real_missing_value,7:35 p.m.,,7:35 p.m.,Corrigé
683,sched_arr_time,missing_values,real_missing_value,6:44 p.m.,,6:44 p.m.,Corrigé
684,sched_arr_time,missing_values,real_missing_value,10:31 a.m.,,10:31 a.m.,Corrigé
688,sched_arr_time,missing_values,real_missing_value,4:17 p.m.,,4:17 p.m.,Corrigé
689,sched_arr_time,real_world_error,real_dirty_value,5:50 a.m.,5:50 a.m. Dec 02,5:50 a.m.,Corrigé
690,sched_arr_time,real_world_error,real_dirty_value,12:29 a.m.,12:29 a.m. Dec 02,12:29 a.m.,Corrigé
691,sched_arr_time,real_world_error,real_dirty_value,12:15 a.m.,12:15 a.m. Dec 02,12:15 a.m.,Corrigé
695,sched_arr_time,missing_values,real_missing_value,9:24 a.m.,,9:24 a.m.,Corrigé
697,sched_arr_time,missing_values,real_missing_value,4:48 p.m.,,4:48 p.m.,Corrigé
698,sched_arr_time,missing_values,real_missing_value,9:43 a.m.,,9:43 a.m.,Corrigé
699,sched_arr_time,real_world_error,real_dirty_value,5:11 a.m.,5:11 a.m.Dec 02,5:11 a.m.,Corrigé
701,sched_arr_time,missing_values,real_missing_value,8:27 a.m.,,8:27 a.m.,Corrigé
702,sched_arr_time,missing_values,real_missing_value,1:40 p.m.,,1:40 p.m.,Corrigé
703,sched_arr_time,missing_values,real_missing_value,9:20 p.m.,,9:20 p.m.,Corrigé
704,sched_arr_time,missing_values,real_missing_value,4:53 p.m.,,4:53 p.m.,Corrigé
705,sched_arr_time,missing_values,real_missing_value,7:03 p.m.,,7:03 p.m.,Corrigé
706,sched_arr_time,missing_values,real_missing_value,11:45 a.m.,,11:45 a.m.,Corrigé
712,sched_arr_time,missing_values,real_missing_value,11:53 a.m.,,11:53 a.m.,Corrigé
714,sched_arr_time,missing_values,real_missing_value,10:40 a.m.,,10:40 a.m.,Corrigé
717,sched_arr_time,missing_values,real_missing_value,5:25 p.m.,,5:25 p.m.,Corrigé
721,sched_arr_time,missing_values,real_missing_value,4:49 p.m.,,4:49 p.m.,Corrigé
729,sched_arr_time,missing_values,real_missing_value,9:40 a.m.,,9:40 a.m.,Corrigé
730,sched_arr_time,missing_values,real_missing_value,10:30 p.m.,,10:30 p.m.,Corrigé
731,sched_arr_time,missing_values,real_missing_value,10:15 p.m.,,10:15 p.m.,Corrigé
732,sched_arr_time,missing_values,real_missing_value,11:55 a.m.,,11:55 a.m.,Corrigé
733,sched_arr_time,missing_values,real_missing_value,9:54 a.m.,,9:54 a.m.,Corrigé
735,sched_arr_time,missing_values,real_missing_value,5:25 p.m.,,5:25 p.m.,Corrigé
736,sched_arr_time,missing_values,real_missing_value,11:19 a.m.,,11:19 a.m.,Corrigé
737,sched_arr_time,real_world_error,real_dirty_value,6:55 a.m.,12/2/2011 6:55 a.m.,2:45 p.m.,Mal corrigé (valeur différente mais fausse)
738,sched_arr_time,missing_values,real_missing_value,7:23 a.m.,,7:23 a.m.,Corrigé
739,sched_arr_time,missing_values,real_missing_value,5:35 a.m.,,5:35 a.m.,Corrigé
740,sched_arr_time,missing_values,real_missing_value,2:45 p.m.,,2:45 p.m.,Corrigé
741,sched_arr_time,missing_values,real_missing_value,9:55 a.m.,,9:55 a.m.,Corrigé
742,sched_arr_time,missing_values,real_missing_value,7:55 p.m.,,7:55 p.m.,Corrigé
743,sched_arr_time,missing_values,real_missing_value,12:35 p.m.,,12:35 p.m.,Corrigé
744,sched_arr_time,missing_values,real_missing_value,3:50 p.m.,,3:50 p.m.,Corrigé
745,sched_arr_time,missing_values,real_missing_value,1:17 p.m.,,1:17 p.m.,Corrigé
746,sched_arr_time,missing_values,real_missing_value,9:20 a.m.,,9:20 a.m.,Corrigé
747,sched_arr_time,missing_values,real_missing_value,11:05 a.m.,,11:05 a.m.,Corrigé
748,sched_arr_time,missing_values,real_missing_value,12:10 p.m.,,12:10 p.m.,Corrigé
749,sched_arr_time,missing_values,real_missing_value,8:00 a.m.,,8:00 a.m.,Corrigé
750,sched_arr_time,missing_values,real_missing_value,2:35 p.m.,,2:35 p.m.,Corrigé
751,sched_arr_time,missing_values,real_missing_value,3:19 p.m.,,3:19 p.m.,Corrigé
752,sched_arr_time,missing_values,real_missing_value,2:00 p.m.,,2:00 p.m.,Corrigé
753,sched_arr_time,missing_values,real_missing_value,6:15 p.m.,,6:15 p.m.,Corrigé
754,sched_arr_time,missing_values,real_missing_value,2:25 p.m.,,2:25 p.m.,Corrigé
755,sched_arr_time,missing_values,real_missing_value,2:45 p.m.,,2:45 p.m.,Corrigé
756,sched_arr_time,real_world_error,real_dirty_value,5:15 p.m.,4:52 p.m.,5:15 p.m.,Corrigé
757,sched_arr_time,missing_values,real_missing_value,4:00 p.m.,,4:00 p.m.,Corrigé
758,sched_arr_time,missing_values,real_missing_value,10:35 a.m.,,10:35 a.m.,Corrigé
759,sched_arr_time,missing_values,real_missing_value,9:10 p.m.,,9:10 p.m.,Corrigé
760,sched_arr_time,missing_values,real_missing_value,3:15 p.m.,,3:15 p.m.,Corrigé
761,sched_arr_time,missing_values,real_missing_value,12:18 p.m.,,12:18 p.m.,Corrigé
762,sched_arr_time,missing_values,real_missing_value,7:30 a.m.,,7:30 a.m.,Corrigé
763,sched_arr_time,missing_values,real_missing_value,9:35 a.m.,,9:35 a.m.,Corrigé
764,sched_arr_time,missing_values,real_missing_value,8:05 p.m.,,8:05 p.m.,Corrigé
765,sched_arr_time,missing_values,real_missing_value,11:10 a.m.,,11:10 a.m.,Corrigé
766,sched_arr_time,missing_values,real_missing_value,7:35 p.m.,,7:35 p.m.,Corrigé
767,sched_arr_time,missing_values,real_missing_value,9:45 p.m.,,9:45 p.m.,Corrigé
768,sched_arr_time,missing_values,real_missing_value,2:20 p.m.,,2:20 p.m.,Corrigé
769,sched_arr_time,missing_values,real_missing_value,4:31 p.m.,,4:31 p.m.,Corrigé
770,sched_arr_time,missing_values,real_missing_value,4:17 p.m.,,4:17 p.m.,Corrigé
771,sched_arr_time,real_world_error,real_dirty_value,5:50 a.m.,12/2/2011 5:50 a.m.,5:50 a.m.,Corrigé
772,sched_arr_time,real_world_error,real_dirty_value,12:15 a.m.,12/2/2011 12:15 a.m.,12:15 a.m.,Corrigé
774,sched_arr_time,missing_values,real_missing_value,10:34 a.m.,,10:34 a.m.,Corrigé
775,sched_arr_time,missing_values,real_missing_value,11:50 a.m.,,11:50 a.m.,Corrigé
776,sched_arr_time,missing_values,real_missing_value,9:24 a.m.,,9:24 a.m.,Corrigé
778,sched_arr_time,missing_values,real_missing_value,5:11 a.m.,,5:11 a.m.,Corrigé
780,sched_arr_time,missing_values,real_missing_value,11:35 a.m.,,11:35 a.m.,Corrigé
781,sched_arr_time,missing_values,real_missing_value,4:05 p.m.,,4:05 p.m.,Corrigé
782,sched_arr_time,missing_values,real_missing_value,11:35 a.m.,,11:35 a.m.,Corrigé
783,sched_arr_time,real_world_error,real_dirty_value,12:29 a.m.,12/2/2011 12:29 a.m.,12:29 a.m.,Corrigé
784,sched_arr_time,missing_values,real_missing_value,9:43 a.m.,,9:43 a.m.,Corrigé
785,sched_arr_time,missing_values,real_missing_value,2:15 p.m.,,2:15 p.m.,Corrigé
786,sched_arr_time,missing_values,real_missing_value,2:35 p.m.,,2:35 p.m.,Corrigé
787,sched_arr_time,missing_values,real_missing_value,3:30 p.m.,,3:30 p.m.,Corrigé
788,sched_arr_time,missing_values,real_missing_value,12:55 p.m.,,12:55 p.m.,Corrigé
789,sched_arr_time,missing_values,real_missing_value,7:45 a.m.,,7:45 a.m.,Corrigé
790,sched_arr_time,missing_values,real_missing_value,6:40 a.m.,,6:40 a.m.,Corrigé
791,sched_arr_time,missing_values,real_missing_value,10:45 a.m.,,10:45 a.m.,Corrigé
792,sched_arr_time,real_world_error,real_dirty_value,2:45 p.m.,2:45P 12-01-11,2:45 p.m.,Corrigé
793,sched_arr_time,real_world_error,real_dirty_value,10:34 a.m.,10:34A 12-01-11,10:34 a.m.,Corrigé
794,sched_arr_time,real_world_error,real_dirty_value,7:55 p.m.,7:55P 12-01-11,7:55 p.m.,Corrigé
795,sched_arr_time,real_world_error,real_dirty_value,9:20 a.m.,9:20A 12-01-11,9:20 a.m.,Corrigé
796,sched_arr_time,real_world_error,real_dirty_value,11:10 a.m.,11:10A 12-01-11,11:10 a.m.,Corrigé
797,sched_arr_time,missing_values,real_missing_value,3:19 p.m.,,3:19 p.m.,Corrigé
798,sched_arr_time,missing_values,real_missing_value,2:35 p.m.,,2:35 p.m.,Corrigé
799,sched_arr_time,missing_values,real_missing_value,11:50 p.m.,,11:50 p.m.,Corrigé
800,sched_arr_time,missing_values,real_missing_value,3:50 p.m.,,3:50 p.m.,Corrigé
801,sched_arr_time,missing_values,real_missing_value,2:59 p.m.,,2:59 p.m.,Corrigé
802,sched_arr_time,missing_values,real_missing_value,7:55 p.m.,,7:55 p.m.,Corrigé
803,sched_arr_time,real_world_error,real_dirty_value,10:15 p.m.,Thu  22:15,10:15 p.m.,Corrigé
804,sched_arr_time,real_world_error,real_dirty_value,5:55 p.m.,Thu  17:55,5:55 p.m.,Corrigé
805,sched_arr_time,real_world_error,real_dirty_value,7:25 p.m.,Thu  19:25,7:25 p.m.,Corrigé
806,sched_arr_time,real_world_error,real_dirty_value,7:45 a.m.,Thu  7:45,7:45 a.m.,Corrigé
807,sched_arr_time,real_world_error,real_dirty_value,6:55 a.m.,Thu  6:55,2:45 p.m.,Mal corrigé (valeur différente mais fausse)
808,sched_arr_time,missing_values,real_missing_value,9:45 p.m.,,9:45 p.m.,Corrigé
809,sched_arr_time,real_world_error,real_dirty_value,10:35 a.m.,Thu  10:35,10:35 a.m.,Corrigé
810,sched_arr_time,real_world_error,real_dirty_value,12:18 p.m.,Thu  12:18,12:18 p.m.,Corrigé
812,sched_arr_time,missing_values,real_missing_value,10:15 p.m.,,10:15 p.m.,Corrigé
815,sched_arr_time,missing_values,real_missing_value,9:54 a.m.,,9:54 a.m.,Corrigé
819,sched_arr_time,missing_values,real_missing_value,2:50 p.m.,,2:50 p.m.,Corrigé
820,sched_arr_time,missing_values,real_missing_value,11:19 a.m.,,11:19 a.m.,Corrigé
821,sched_arr_time,real_world_error,real_dirty_value,6:55 a.m.,6:55 a.m.  Fri 02-Dec-2011,2:45 p.m.,Mal corrigé (valeur différente mais fausse)
822,sched_arr_time,missing_values,real_missing_value,7:23 a.m.,,7:23 a.m.,Corrigé
823,sched_arr_time,missing_values,real_missing_value,5:35 a.m.,,5:35 a.m.,Corrigé
825,sched_arr_time,missing_values,real_missing_value,9:21 a.m.,,9:21 a.m.,Corrigé
826,sched_arr_time,missing_values,real_missing_value,1:16 p.m.,,1:16 p.m.,Corrigé
828,sched_arr_time,missing_values,real_missing_value,10:06 a.m.,,10:06 a.m.,Corrigé
831,sched_arr_time,missing_values,real_missing_value,2:20 p.m.,,2:20 p.m.,Corrigé
832,sched_arr_time,missing_values,real_missing_value,7:03 p.m.,,7:03 p.m.,Corrigé
833,sched_arr_time,missing_values,real_missing_value,11:35 a.m.,,11:35 a.m.,Corrigé
834,sched_arr_time,missing_values,real_missing_value,5:00 p.m.,,5:00 p.m.,Corrigé
836,sched_arr_time,missing_values,real_missing_value,1:17 p.m.,,1:17 p.m.,Corrigé
839,sched_arr_time,missing_values,real_missing_value,10:20 a.m.,,10:20 a.m.,Corrigé
840,sched_arr_time,missing_values,real_missing_value,10:54 a.m.,,10:54 a.m.,Corrigé
843,sched_arr_time,missing_values,real_missing_value,1:39 p.m.,,1:39 p.m.,Corrigé
844,sched_arr_time,missing_values,real_missing_value,3:19 p.m.,,3:19 p.m.,Corrigé
845,sched_arr_time,missing_values,real_missing_value,2:00 p.m.,,2:00 p.m.,Corrigé
848,sched_arr_time,missing_values,real_missing_value,8:22 p.m.,,8:22 p.m.,Corrigé
849,sched_arr_time,missing_values,real_missing_value,8:56 p.m.,,8:56 p.m.,Corrigé
851,sched_arr_time,missing_values,real_missing_value,5:15 p.m.,,5:15 p.m.,Corrigé
852,sched_arr_time,missing_values,real_missing_value,4:00 p.m.,,4:00 p.m.,Corrigé
856,sched_arr_time,real_world_error,real_dirty_value,12:21 a.m.,12:21 a.m.  Fri 02-Dec-2011,12:21 a.m.,Corrigé
857,sched_arr_time,missing_values,real_missing_value,7:53 p.m.,,7:53 p.m.,Corrigé
861,sched_arr_time,missing_values,real_missing_value,8:05 p.m.,,8:05 p.m.,Corrigé
863,sched_arr_time,missing_values,real_missing_value,7:35 p.m.,,7:35 p.m.,Corrigé
865,sched_arr_time,missing_values,real_missing_value,6:44 p.m.,,6:44 p.m.,Corrigé
866,sched_arr_time,missing_values,real_missing_value,10:31 a.m.,,10:31 a.m.,Corrigé
867,sched_arr_time,missing_values,real_missing_value,2:59 p.m.,,2:59 p.m.,Corrigé
870,sched_arr_time,missing_values,real_missing_value,4:17 p.m.,,4:17 p.m.,Corrigé
871,sched_arr_time,real_world_error,real_dirty_value,5:50 a.m.,5:50 a.m.  Fri 02-Dec-2011,5:50 a.m.,Corrigé
872,sched_arr_time,real_world_error,real_dirty_value,12:29 a.m.,12:29 a.m.  Fri 02-Dec-2011,12:29 a.m.,Corrigé
873,sched_arr_time,real_world_error,real_dirty_value,12:15 a.m.,12:15 a.m.  Fri 02-Dec-2011,12:15 a.m.,Corrigé
877,sched_arr_time,missing_values,real_missing_value,9:24 a.m.,,9:24 a.m.,Corrigé
879,sched_arr_time,missing_values,real_missing_value,4:48 p.m.,,4:48 p.m.,Corrigé
880,sched_arr_time,missing_values,real_missing_value,9:43 a.m.,,9:43 a.m.,Corrigé
883,sched_arr_time,missing_values,real_missing_value,8:27 a.m.,,8:27 a.m.,Corrigé
884,sched_arr_time,missing_values,real_missing_value,1:40 p.m.,,1:40 p.m.,Corrigé
885,sched_arr_time,missing_values,real_missing_value,9:20 p.m.,,9:20 p.m.,Corrigé
886,sched_arr_time,missing_values,real_missing_value,4:53 p.m.,,4:53 p.m.,Corrigé
887,sched_arr_time,missing_values,real_missing_value,7:03 p.m.,,7:03 p.m.,Corrigé
888,sched_arr_time,missing_values,real_missing_value,11:45 a.m.,,11:45 a.m.,Corrigé
894,sched_arr_time,missing_values,real_missing_value,11:53 a.m.,,11:53 a.m.,Corrigé
896,sched_arr_time,missing_values,real_missing_value,10:40 a.m.,,10:40 a.m.,Corrigé
899,sched_arr_time,missing_values,real_missing_value,5:25 p.m.,,5:25 p.m.,Corrigé
903,sched_arr_time,missing_values,real_missing_value,4:49 p.m.,,4:49 p.m.,Corrigé
914,sched_arr_time,missing_values,real_missing_value,2:00 p.m.,,2:00 p.m.,Corrigé
917,sched_arr_time,missing_values,real_missing_value,9:21 a.m.,,9:21 a.m.,Corrigé
925,sched_arr_time,missing_values,real_missing_value,3:19 p.m.,,3:19 p.m.,Corrigé
926,sched_arr_time,missing_values,real_missing_value,4:49 p.m.,,4:49 p.m.,Corrigé
935,sched_arr_time,missing_values,real_missing_value,7:35 p.m.,,7:35 p.m.,Corrigé
938,sched_arr_time,missing_values,real_missing_value,10:31 a.m.,,10:31 a.m.,Corrigé
947,sched_arr_time,real_world_error,real_dirty_value,5:11 a.m.,5:11 a.m.Dec 02,5:11 a.m.,Corrigé
948,sched_arr_time,real_world_error,real_dirty_value,6:40 p.m.,6:09 p.m.,6:40 p.m.,Corrigé
950,sched_arr_time,missing_values,real_missing_value,1:40 p.m.,,1:40 p.m.,Corrigé
952,sched_arr_time,missing_values,real_missing_value,11:45 a.m.,,11:45 a.m.,Corrigé
953,sched_arr_time,missing_values,real_missing_value,11:35 a.m.,,11:35 a.m.,Corrigé
960,sched_arr_time,missing_values,real_missing_value,1:39 p.m.,,1:39 p.m.,Corrigé
964,sched_arr_time,missing_values,real_missing_value,10:54 a.m.,,10:54 a.m.,Corrigé
969,sched_arr_time,real_world_error,real_dirty_value,9:40 a.m.,9:30 a.m.,9:40 a.m.,Corrigé
970,sched_arr_time,real_world_error,real_dirty_value,7:30 a.m.,6:50 a.m.,7:30 a.m.,Corrigé
971,sched_arr_time,real_world_error,real_dirty_value,9:35 a.m.,9:00 a.m.,9:35 a.m.,Corrigé
972,sched_arr_time,real_world_error,real_dirty_value,7:25 p.m.,7:08 p.m.,7:25 p.m.,Corrigé
973,sched_arr_time,real_world_error,real_dirty_value,11:10 a.m.,10:43 a.m.,11:10 a.m.,Corrigé
974,sched_arr_time,real_world_error,real_dirty_value,4:57 p.m.,4:37 p.m.,4:57 p.m.,Corrigé
975,sched_arr_time,real_world_error,real_dirty_value,9:54 a.m.,9:34 a.m.,9:54 a.m.,Corrigé
976,sched_arr_time,real_world_error,real_dirty_value,4:31 p.m.,4:20 p.m.,4:31 p.m.,Corrigé
977,sched_arr_time,real_world_error,real_dirty_value,2:35 p.m.,2:17 p.m.,2:35 p.m.,Corrigé
978,sched_arr_time,real_world_error,real_dirty_value,11:50 p.m.,11:31 p.m.,11:50 p.m.,Corrigé
979,sched_arr_time,real_world_error,real_dirty_value,12:21 a.m.,11:52 p.m.,12:21 a.m.,Corrigé
980,sched_arr_time,real_world_error,real_dirty_value,8:22 p.m.,8:04 p.m.,8:22 p.m.,Corrigé
981,sched_arr_time,real_world_error,real_dirty_value,6:40 p.m.,6:30 p.m.,6:40 p.m.,Corrigé
982,sched_arr_time,real_world_error,real_dirty_value,8:56 p.m.,8:46 p.m.,8:56 p.m.,Corrigé
983,sched_arr_time,real_world_error,real_dirty_value,10:35 a.m.,10:18 a.m.,10:35 a.m.,Corrigé
984,sched_arr_time,real_world_error,real_dirty_value,4:00 p.m.,3:50 p.m.,4:00 p.m.,Corrigé
985,sched_arr_time,real_world_error,real_dirty_value,6:40 a.m.,6:30 a.m.,6:40 a.m.,Corrigé
986,sched_arr_time,real_world_error,real_dirty_value,10:45 a.m.,10:09 a.m.,10:45 a.m.,Corrigé
987,sched_arr_time,real_world_error,real_dirty_value,9:10 p.m.,9:00 p.m.,9:10 p.m.,Corrigé
988,sched_arr_time,real_world_error,real_dirty_value,6:30 p.m.,5:57 p.m.,6:30 p.m.,Corrigé
991,sched_arr_time,real_world_error,real_dirty_value,11:55 a.m.,Not Available,11:55 a.m.,Corrigé
992,sched_arr_time,real_world_error,real_dirty_value,9:54 a.m.,Not Available,9:54 a.m.,Corrigé
998,sched_arr_time,real_world_error,real_dirty_value,6:55 a.m.,Dec 02 6:55 a.m.,2:45 p.m.,Mal corrigé (valeur différente mais fausse)
999,sched_arr_time,real_world_error,real_dirty_value,7:23 a.m.,Not Available,7:23 a.m.,Corrigé
1003,sched_arr_time,real_world_error,real_dirty_value,10:06 a.m.,Not Available,10:06 a.m.,Corrigé
1025,sched_arr_time,real_world_error,real_dirty_value,12:21 a.m.,Dec 02 12:21 a.m.,12:21 a.m.,Corrigé
1026,sched_arr_time,real_world_error,real_dirty_value,7:53 p.m.,Not Available,7:53 p.m.,Corrigé
1034,sched_arr_time,real_world_error,real_dirty_value,4:31 p.m.,Not Available,4:31 p.m.,Corrigé
1035,sched_arr_time,real_world_error,real_dirty_value,5:50 a.m.,Dec 02 5:50 a.m.,5:50 a.m.,Corrigé
1037,sched_arr_time,real_world_error,real_dirty_value,12:15 a.m.,Dec 02 12:15 a.m.,12:15 a.m.,Corrigé
1041,sched_arr_time,real_world_error,real_dirty_value,6:15 p.m.,Not Available,6:15 p.m.,Corrigé
1042,sched_arr_time,real_world_error,real_dirty_value,9:24 a.m.,Not Available,9:24 a.m.,Corrigé
1045,sched_arr_time,real_world_error,real_dirty_value,9:43 a.m.,Not Available,9:43 a.m.,Corrigé
1046,sched_arr_time,real_world_error,real_dirty_value,8:27 a.m.,Not Available,8:27 a.m.,Corrigé
1058,sched_arr_time,real_world_error,real_dirty_value,1:39 p.m.,Not Available,1:39 p.m.,Corrigé
1071,sched_arr_time,missing_values,real_missing_value,10:15 p.m.,,10:15 p.m.,Corrigé
1074,sched_arr_time,missing_values,real_missing_value,9:54 a.m.,,9:54 a.m.,Corrigé
1078,sched_arr_time,missing_values,real_missing_value,2:50 p.m.,,2:50 p.m.,Corrigé
1079,sched_arr_time,missing_values,real_missing_value,11:19 a.m.,,11:19 a.m.,Corrigé
1080,sched_arr_time,real_world_error,real_dirty_value,6:55 a.m.,6:55 a.m. Dec 02,2:45 p.m.,Mal corrigé (valeur différente mais fausse)
1081,sched_arr_time,missing_values,real_missing_value,7:23 a.m.,,7:23 a.m.,Corrigé
1082,sched_arr_time,missing_values,real_missing_value,5:35 a.m.,,5:35 a.m.,Corrigé
1084,sched_arr_time,missing_values,real_missing_value,9:21 a.m.,,9:21 a.m.,Corrigé
1085,sched_arr_time,missing_values,real_missing_value,1:16 p.m.,,1:16 p.m.,Corrigé
1087,sched_arr_time,missing_values,real_missing_value,10:06 a.m.,,10:06 a.m.,Corrigé
1090,sched_arr_time,missing_values,real_missing_value,2:20 p.m.,,2:20 p.m.,Corrigé
1091,sched_arr_time,missing_values,real_missing_value,7:03 p.m.,,7:03 p.m.,Corrigé
1092,sched_arr_time,missing_values,real_missing_value,11:35 a.m.,,11:35 a.m.,Corrigé
1093,sched_arr_time,missing_values,real_missing_value,5:00 p.m.,,5:00 p.m.,Corrigé
1095,sched_arr_time,missing_values,real_missing_value,1:17 p.m.,,1:17 p.m.,Corrigé
1098,sched_arr_time,missing_values,real_missing_value,10:20 a.m.,,10:20 a.m.,Corrigé
1099,sched_arr_time,missing_values,real_missing_value,10:54 a.m.,,10:54 a.m.,Corrigé
1102,sched_arr_time,missing_values,real_missing_value,1:39 p.m.,,1:39 p.m.,Corrigé
1103,sched_arr_time,missing_values,real_missing_value,3:19 p.m.,,3:19 p.m.,Corrigé
1104,sched_arr_time,missing_values,real_missing_value,2:00 p.m.,,2:00 p.m.,Corrigé
1107,sched_arr_time,missing_values,real_missing_value,8:22 p.m.,,8:22 p.m.,Corrigé
1108,sched_arr_time,missing_values,real_missing_value,8:56 p.m.,,8:56 p.m.,Corrigé
1110,sched_arr_time,missing_values,real_missing_value,5:15 p.m.,,5:15 p.m.,Corrigé
1111,sched_arr_time,missing_values,real_missing_value,4:00 p.m.,,4:00 p.m.,Corrigé
1115,sched_arr_time,real_world_error,real_dirty_value,12:21 a.m.,12:21 a.m. Dec 02,12:21 a.m.,Corrigé
1116,sched_arr_time,missing_values,real_missing_value,7:53 p.m.,,7:53 p.m.,Corrigé
1120,sched_arr_time,missing_values,real_missing_value,8:05 p.m.,,8:05 p.m.,Corrigé
1122,sched_arr_time,missing_values,real_missing_value,7:35 p.m.,,7:35 p.m.,Corrigé
1124,sched_arr_time,missing_values,real_missing_value,6:44 p.m.,,6:44 p.m.,Corrigé
1125,sched_arr_time,missing_values,real_missing_value,10:31 a.m.,,10:31 a.m.,Corrigé
1129,sched_arr_time,missing_values,real_missing_value,4:17 p.m.,,4:17 p.m.,Corrigé
1130,sched_arr_time,real_world_error,real_dirty_value,5:50 a.m.,5:50 a.m. Dec 02,5:50 a.m.,Corrigé
1131,sched_arr_time,real_world_error,real_dirty_value,12:29 a.m.,12:29 a.m. Dec 02,12:29 a.m.,Corrigé
1132,sched_arr_time,real_world_error,real_dirty_value,12:15 a.m.,12:15 a.m. Dec 02,12:15 a.m.,Corrigé
1136,sched_arr_time,missing_values,real_missing_value,9:24 a.m.,,9:24 a.m.,Corrigé
1138,sched_arr_time,missing_values,real_missing_value,4:48 p.m.,,4:48 p.m.,Corrigé
1139,sched_arr_time,missing_values,real_missing_value,9:43 a.m.,,9:43 a.m.,Corrigé
1140,sched_arr_time,real_world_error,real_dirty_value,5:11 a.m.,5:11 a.m.Dec 02,5:11 a.m.,Corrigé
1142,sched_arr_time,missing_values,real_missing_value,8:27 a.m.,,8:27 a.m.,Corrigé
1143,sched_arr_time,missing_values,real_missing_value,1:40 p.m.,,1:40 p.m.,Corrigé
1144,sched_arr_time,missing_values,real_missing_value,9:20 p.m.,,9:20 p.m.,Corrigé
1145,sched_arr_time,missing_values,real_missing_value,4:53 p.m.,,4:53 p.m.,Corrigé
1146,sched_arr_time,missing_values,real_missing_value,7:03 p.m.,,7:03 p.m.,Corrigé
1147,sched_arr_time,missing_values,real_missing_value,11:45 a.m.,,11:45 a.m.,Corrigé
1153,sched_arr_time,missing_values,real_missing_value,11:53 a.m.,,11:53 a.m.,Corrigé
1155,sched_arr_time,missing_values,real_missing_value,10:40 a.m.,,10:40 a.m.,Corrigé
1158,sched_arr_time,missing_values,real_missing_value,5:25 p.m.,,5:25 p.m.,Corrigé
1162,sched_arr_time,missing_values,real_missing_value,4:49 p.m.,,4:49 p.m.,Corrigé
1172,sched_arr_time,missing_values,real_missing_value,10:15 p.m.,,10:15 p.m.,Corrigé
1175,sched_arr_time,missing_values,real_missing_value,7:23 a.m.,,7:23 a.m.,Corrigé
1176,sched_arr_time,missing_values,real_missing_value,10:06 a.m.,,10:06 a.m.,Corrigé
1179,sched_arr_time,missing_values,real_missing_value,8:22 p.m.,,8:22 p.m.,Corrigé
1186,sched_arr_time,missing_values,real_missing_value,3:19 p.m.,,3:19 p.m.,Corrigé
1189,sched_arr_time,real_world_error,real_dirty_value,5:15 p.m.,4:52 p.m.,5:15 p.m.,Corrigé
1192,sched_arr_time,real_world_error,real_dirty_value,12:21 a.m.,12:21 a.m. Dec 02,12:21 a.m.,Corrigé
1193,sched_arr_time,missing_values,real_missing_value,7:53 p.m.,,7:53 p.m.,Corrigé
1202,sched_arr_time,missing_values,real_missing_value,4:48 p.m.,,4:48 p.m.,Corrigé
1203,sched_arr_time,missing_values,real_missing_value,9:43 a.m.,,9:43 a.m.,Corrigé
1205,sched_arr_time,real_world_error,real_dirty_value,6:40 p.m.,6:09 p.m.,6:40 p.m.,Corrigé
1206,sched_arr_time,missing_values,real_missing_value,1:40 p.m.,,1:40 p.m.,Corrigé
1207,sched_arr_time,missing_values,real_missing_value,4:53 p.m.,,4:53 p.m.,Corrigé
1208,sched_arr_time,missing_values,real_missing_value,11:45 a.m.,,11:45 a.m.,Corrigé
1211,sched_arr_time,real_world_error,real_dirty_value,12:29 a.m.,12:29 a.m. Dec 02,12:29 a.m.,Corrigé
1223,sched_arr_time,missing_values,real_missing_value,9:40 a.m.,,9:40 a.m.,Corrigé
1225,sched_arr_time,missing_values,real_missing_value,9:25 a.m.,,9:25 a.m.,Corrigé
1226,sched_arr_time,missing_values,real_missing_value,11:55 a.m.,,11:55 a.m.,Corrigé
1227,sched_arr_time,missing_values,real_missing_value,9:54 a.m.,,9:54 a.m.,Corrigé
1228,sched_arr_time,missing_values,real_missing_value,10:30 p.m.,,10:30 p.m.,Corrigé
1229,sched_arr_time,missing_values,real_missing_value,5:05 p.m.,,5:05 p.m.,Corrigé
1231,sched_arr_time,missing_values,real_missing_value,5:25 p.m.,,5:25 p.m.,Corrigé
1232,sched_arr_time,missing_values,real_missing_value,11:19 a.m.,,11:19 a.m.,Corrigé
1233,sched_arr_time,missing_values,real_missing_value,6:55 a.m.,,2:45 p.m.,Mal corrigé (valeur différente mais fausse)
1234,sched_arr_time,missing_values,real_missing_value,7:23 a.m.,,7:23 a.m.,Corrigé
1236,sched_arr_time,missing_values,real_missing_value,6:46 p.m.,,6:46 p.m.,Corrigé
1239,sched_arr_time,missing_values,real_missing_value,12:35 p.m.,,12:35 p.m.,Corrigé
1240,sched_arr_time,missing_values,real_missing_value,10:06 a.m.,,10:06 a.m.,Corrigé
1241,sched_arr_time,missing_values,real_missing_value,9:55 a.m.,,9:55 a.m.,Corrigé
1242,sched_arr_time,missing_values,real_missing_value,7:55 p.m.,,7:55 p.m.,Corrigé
1243,sched_arr_time,missing_values,real_missing_value,2:20 p.m.,,2:20 p.m.,Corrigé
1246,sched_arr_time,missing_values,real_missing_value,5:00 p.m.,,5:00 p.m.,Corrigé
1247,sched_arr_time,missing_values,real_missing_value,3:50 p.m.,,3:50 p.m.,Corrigé
1249,sched_arr_time,missing_values,real_missing_value,9:20 a.m.,,9:20 a.m.,Corrigé
1250,sched_arr_time,missing_values,real_missing_value,4:57 p.m.,,4:57 p.m.,Corrigé
1253,sched_arr_time,missing_values,real_missing_value,12:10 p.m.,,12:10 p.m.,Corrigé
1254,sched_arr_time,missing_values,real_missing_value,2:35 p.m.,,2:35 p.m.,Corrigé
1255,sched_arr_time,missing_values,real_missing_value,1:39 p.m.,,1:39 p.m.,Corrigé
1256,sched_arr_time,missing_values,real_missing_value,3:19 p.m.,,3:19 p.m.,Corrigé
1257,sched_arr_time,missing_values,real_missing_value,2:00 p.m.,,2:00 p.m.,Corrigé
1258,sched_arr_time,missing_values,real_missing_value,6:15 p.m.,,6:15 p.m.,Corrigé
1259,sched_arr_time,missing_values,real_missing_value,1:45 p.m.,,1:45 p.m.,Corrigé
1262,sched_arr_time,missing_values,real_missing_value,2:45 p.m.,,2:45 p.m.,Corrigé
1263,sched_arr_time,missing_values,real_missing_value,5:15 p.m.,,5:15 p.m.,Corrigé
1265,sched_arr_time,missing_values,real_missing_value,10:35 a.m.,,10:35 a.m.,Corrigé
1266,sched_arr_time,missing_values,real_missing_value,7:25 p.m.,,7:25 p.m.,Corrigé
1267,sched_arr_time,missing_values,real_missing_value,9:10 p.m.,,9:10 p.m.,Corrigé
1268,sched_arr_time,missing_values,real_missing_value,3:15 p.m.,,3:15 p.m.,Corrigé
1269,sched_arr_time,real_world_error,real_dirty_value,12:21 a.m.,12/2/11 12:21 a.m.,12:21 a.m.,Corrigé
1270,sched_arr_time,missing_values,real_missing_value,7:53 p.m.,,7:53 p.m.,Corrigé
1272,sched_arr_time,missing_values,real_missing_value,7:30 a.m.,,7:30 a.m.,Corrigé
1273,sched_arr_time,missing_values,real_missing_value,9:35 a.m.,,9:35 a.m.,Corrigé
1274,sched_arr_time,missing_values,real_missing_value,8:05 p.m.,,8:05 p.m.,Corrigé
1275,sched_arr_time,missing_values,real_missing_value,11:10 a.m.,,11:10 a.m.,Corrigé
1276,sched_arr_time,missing_values,real_missing_value,6:23 p.m.,,6:23 p.m.,Corrigé
1277,sched_arr_time,missing_values,real_missing_value,7:35 p.m.,,7:35 p.m.,Corrigé
1278,sched_arr_time,missing_values,real_missing_value,9:45 p.m.,,9:45 p.m.,Corrigé
1280,sched_arr_time,missing_values,real_missing_value,10:31 a.m.,,10:31 a.m.,Corrigé
1281,sched_arr_time,missing_values,real_missing_value,2:59 p.m.,,2:59 p.m.,Corrigé
1282,sched_arr_time,missing_values,real_missing_value,4:31 p.m.,,4:31 p.m.,Corrigé
1283,sched_arr_time,missing_values,real_missing_value,2:45 p.m.,,2:45 p.m.,Corrigé
1285,sched_arr_time,missing_values,real_missing_value,5:50 a.m.,,5:50 a.m.,Corrigé
1286,sched_arr_time,missing_values,real_missing_value,12:29 a.m.,,12:29 a.m.,Corrigé
1287,sched_arr_time,missing_values,real_missing_value,12:15 a.m.,,12:15 a.m.,Corrigé
1288,sched_arr_time,missing_values,real_missing_value,11:50 p.m.,,11:50 p.m.,Corrigé
1289,sched_arr_time,missing_values,real_missing_value,10:34 a.m.,,10:34 a.m.,Corrigé
1290,sched_arr_time,missing_values,real_missing_value,11:50 a.m.,,11:50 a.m.,Corrigé
1291,sched_arr_time,missing_values,real_missing_value,9:24 a.m.,,9:24 a.m.,Corrigé
1292,sched_arr_time,missing_values,real_missing_value,3:50 p.m.,,3:50 p.m.,Corrigé
1294,sched_arr_time,missing_values,real_missing_value,9:43 a.m.,,9:43 a.m.,Corrigé
1295,sched_arr_time,real_world_error,real_dirty_value,5:11 a.m.,12/2/11 5:11 a.m.,5:11 a.m.,Corrigé
1296,sched_arr_time,missing_values,real_missing_value,6:40 p.m.,,6:40 p.m.,Corrigé
1297,sched_arr_time,missing_values,real_missing_value,8:27 a.m.,,8:27 a.m.,Corrigé
1298,sched_arr_time,missing_values,real_missing_value,1:40 p.m.,,1:40 p.m.,Corrigé
1299,sched_arr_time,missing_values,real_missing_value,9:20 p.m.,,9:20 p.m.,Corrigé
1300,sched_arr_time,missing_values,real_missing_value,4:53 p.m.,,4:53 p.m.,Corrigé
1303,sched_arr_time,missing_values,real_missing_value,4:05 p.m.,,4:05 p.m.,Corrigé
1304,sched_arr_time,missing_values,real_missing_value,5:55 p.m.,,5:55 p.m.,Corrigé
1305,sched_arr_time,missing_values,real_missing_value,11:35 a.m.,,11:35 a.m.,Corrigé
1306,sched_arr_time,missing_values,real_missing_value,2:15 p.m.,,2:15 p.m.,Corrigé
1307,sched_arr_time,missing_values,real_missing_value,11:05 a.m.,,11:05 a.m.,Corrigé
1309,sched_arr_time,missing_values,real_missing_value,2:35 p.m.,,2:35 p.m.,Corrigé
1310,sched_arr_time,missing_values,real_missing_value,10:40 a.m.,,10:40 a.m.,Corrigé
1311,sched_arr_time,missing_values,real_missing_value,6:30 p.m.,,6:30 p.m.,Corrigé
1312,sched_arr_time,missing_values,real_missing_value,8:00 a.m.,,8:00 a.m.,Corrigé
1313,sched_arr_time,missing_values,real_missing_value,6:40 p.m.,,6:40 p.m.,Corrigé
1314,sched_arr_time,missing_values,real_missing_value,2:25 p.m.,,2:25 p.m.,Corrigé
1316,sched_arr_time,missing_values,real_missing_value,6:17 p.m.,,6:17 p.m.,Corrigé
1317,sched_arr_time,missing_values,real_missing_value,12:55 p.m.,,12:55 p.m.,Corrigé
1318,sched_arr_time,missing_values,real_missing_value,7:45 a.m.,,7:45 a.m.,Corrigé
1320,sched_arr_time,missing_values,real_missing_value,6:40 a.m.,,6:40 a.m.,Corrigé
1321,sched_arr_time,missing_values,real_missing_value,10:45 a.m.,,10:45 a.m.,Corrigé
1322,sched_arr_time,missing_values,real_missing_value,3:30 p.m.,,3:30 p.m.,Corrigé
1323,sched_arr_time,real_world_error,real_dirty_value,9:40 a.m.,9:40aDec 1,9:40 a.m.,Corrigé
1325,sched_arr_time,real_world_error,real_dirty_value,9:25 a.m.,9:25aDec 1,9:25 a.m.,Corrigé
1326,sched_arr_time,real_world_error,real_dirty_value,11:55 a.m.,11:55aDec 1,11:55 a.m.,Corrigé
1327,sched_arr_time,real_world_error,real_dirty_value,9:54 a.m.,9:54aDec 1,9:54 a.m.,Corrigé
1332,sched_arr_time,real_world_error,real_dirty_value,11:19 a.m.,11:19aDec 1,11:19 a.m.,Corrigé
1333,sched_arr_time,real_world_error,real_dirty_value,6:55 a.m.,6:55aDec 2,2:45 p.m.,Mal corrigé (valeur différente mais fausse)
1334,sched_arr_time,real_world_error,real_dirty_value,7:23 a.m.,7:23aDec 1,7:23 a.m.,Corrigé
1335,sched_arr_time,real_world_error,real_dirty_value,5:35 a.m.,5:35aDec 1,5:35 a.m.,Corrigé
1337,sched_arr_time,real_world_error,real_dirty_value,9:21 a.m.,9:21aDec 2,9:21 a.m.,Corrigé
1340,sched_arr_time,real_world_error,real_dirty_value,10:06 a.m.,10:06aDec 1,10:06 a.m.,Corrigé
1341,sched_arr_time,real_world_error,real_dirty_value,9:55 a.m.,9:55aDec 1,9:55 a.m.,Corrigé
1345,sched_arr_time,real_world_error,real_dirty_value,11:35 a.m.,11:35aDec 1,11:35 a.m.,Corrigé
1349,sched_arr_time,real_world_error,real_dirty_value,9:20 a.m.,9:20aDec 1,9:20 a.m.,Corrigé
1351,sched_arr_time,real_world_error,real_dirty_value,10:20 a.m.,10:20aDec 1,10:20 a.m.,Corrigé
1352,sched_arr_time,real_world_error,real_dirty_value,10:54 a.m.,10:54aDec 1,10:54 a.m.,Corrigé
1356,sched_arr_time,real_world_error,real_dirty_value,3:19 p.m.,3:03 p.m.,3:19 p.m.,Corrigé
1361,sched_arr_time,real_world_error,real_dirty_value,8:56 p.m.,10:48 p.m.,8:56 p.m.,Corrigé
1365,sched_arr_time,real_world_error,real_dirty_value,10:35 a.m.,10:35aDec 1,10:35 a.m.,Corrigé
1368,sched_arr_time,real_world_error,real_dirty_value,12:21 a.m.,12:21aDec 2,12:21 a.m.,Corrigé
1371,sched_arr_time,real_world_error,real_dirty_value,7:30 a.m.,7:30aDec 1,7:30 a.m.,Corrigé
1372,sched_arr_time,real_world_error,real_dirty_value,9:35 a.m.,9:35aDec 1,9:35 a.m.,Corrigé
1378,sched_arr_time,real_world_error,real_dirty_value,10:31 a.m.,10:31aDec 1,10:31 a.m.,Corrigé
1383,sched_arr_time,real_world_error,real_dirty_value,5:50 a.m.,5:50aDec 2,5:50 a.m.,Corrigé
1384,sched_arr_time,real_world_error,real_dirty_value,12:29 a.m.,12:29aDec 2,12:29 a.m.,Corrigé
1385,sched_arr_time,real_world_error,real_dirty_value,12:15 a.m.,12:15aDec 2,12:15 a.m.,Corrigé
1387,sched_arr_time,real_world_error,real_dirty_value,10:34 a.m.,10:34aDec 1,10:34 a.m.,Corrigé
1388,sched_arr_time,real_world_error,real_dirty_value,11:50 a.m.,11:50aDec 1,11:50 a.m.,Corrigé
1391,sched_arr_time,real_world_error,real_dirty_value,9:43 a.m.,9:43aDec 1,9:43 a.m.,Corrigé
1392,sched_arr_time,real_world_error,real_dirty_value,5:11 a.m.,5:11aDec 2,5:11 a.m.,Corrigé
1394,sched_arr_time,real_world_error,real_dirty_value,8:27 a.m.,8:27aDec 1,8:27 a.m.,Corrigé
1396,sched_arr_time,real_world_error,real_dirty_value,9:20 p.m.,9:18 p.m.,9:20 p.m.,Corrigé
1399,sched_arr_time,real_world_error,real_dirty_value,11:45 a.m.,12:05 p.m.,11:45 a.m.,Corrigé
1402,sched_arr_time,real_world_error,real_dirty_value,11:35 a.m.,11:35aDec 1,11:35 a.m.,Corrigé
1404,sched_arr_time,real_world_error,real_dirty_value,11:05 a.m.,11:05aDec 1,11:05 a.m.,Corrigé
1405,sched_arr_time,real_world_error,real_dirty_value,11:53 a.m.,11:53aDec 1,11:53 a.m.,Corrigé
1407,sched_arr_time,real_world_error,real_dirty_value,10:40 a.m.,10:40aDec 1,10:40 a.m.,Corrigé
1409,sched_arr_time,real_world_error,real_dirty_value,8:00 a.m.,8:00aDec 1,8:00 a.m.,Corrigé
1413,sched_arr_time,real_world_error,real_dirty_value,11:10 a.m.,11:10aDec 1,11:10 a.m.,Corrigé
1417,sched_arr_time,real_world_error,real_dirty_value,7:45 a.m.,7:45aDec 1,7:45 a.m.,Corrigé
1419,sched_arr_time,real_world_error,real_dirty_value,6:40 a.m.,6:40aDec 1,6:40 a.m.,Corrigé
1420,sched_arr_time,real_world_error,real_dirty_value,10:45 a.m.,10:45aDec 1,10:45 a.m.,Corrigé
1424,sched_arr_time,missing_values,real_missing_value,4:05 p.m.,,4:05 p.m.,Corrigé
1487,sched_arr_time,missing_values,real_missing_value,9:40 a.m.,,9:40 a.m.,Corrigé
1489,sched_arr_time,missing_values,real_missing_value,9:25 a.m.,,9:25 a.m.,Corrigé
1490,sched_arr_time,missing_values,real_missing_value,11:55 a.m.,,11:55 a.m.,Corrigé
1491,sched_arr_time,missing_values,real_missing_value,9:54 a.m.,,9:54 a.m.,Corrigé
1492,sched_arr_time,missing_values,real_missing_value,10:30 p.m.,,10:30 p.m.,Corrigé
1493,sched_arr_time,missing_values,real_missing_value,5:05 p.m.,,5:05 p.m.,Corrigé
1495,sched_arr_time,missing_values,real_missing_value,5:25 p.m.,,5:25 p.m.,Corrigé
1496,sched_arr_time,missing_values,real_missing_value,11:19 a.m.,,11:19 a.m.,Corrigé
1497,sched_arr_time,missing_values,real_missing_value,6:55 a.m.,,2:45 p.m.,Mal corrigé (valeur différente mais fausse)
1498,sched_arr_time,missing_values,real_missing_value,7:23 a.m.,,7:23 a.m.,Corrigé
1500,sched_arr_time,missing_values,real_missing_value,6:46 p.m.,,6:46 p.m.,Corrigé
1503,sched_arr_time,missing_values,real_missing_value,12:35 p.m.,,12:35 p.m.,Corrigé
1504,sched_arr_time,missing_values,real_missing_value,10:06 a.m.,,10:06 a.m.,Corrigé
1505,sched_arr_time,missing_values,real_missing_value,9:55 a.m.,,9:55 a.m.,Corrigé
1506,sched_arr_time,missing_values,real_missing_value,7:55 p.m.,,7:55 p.m.,Corrigé
1507,sched_arr_time,missing_values,real_missing_value,2:20 p.m.,,2:20 p.m.,Corrigé
1510,sched_arr_time,missing_values,real_missing_value,5:00 p.m.,,5:00 p.m.,Corrigé
1511,sched_arr_time,missing_values,real_missing_value,3:50 p.m.,,3:50 p.m.,Corrigé
1513,sched_arr_time,missing_values,real_missing_value,9:20 a.m.,,9:20 a.m.,Corrigé
1514,sched_arr_time,missing_values,real_missing_value,4:57 p.m.,,4:57 p.m.,Corrigé
1517,sched_arr_time,missing_values,real_missing_value,12:10 p.m.,,12:10 p.m.,Corrigé
1518,sched_arr_time,missing_values,real_missing_value,2:35 p.m.,,2:35 p.m.,Corrigé
1519,sched_arr_time,missing_values,real_missing_value,1:39 p.m.,,1:39 p.m.,Corrigé
1520,sched_arr_time,missing_values,real_missing_value,3:19 p.m.,,3:19 p.m.,Corrigé
1521,sched_arr_time,missing_values,real_missing_value,2:00 p.m.,,2:00 p.m.,Corrigé
1522,sched_arr_time,missing_values,real_missing_value,6:15 p.m.,,6:15 p.m.,Corrigé
1523,sched_arr_time,missing_values,real_missing_value,1:45 p.m.,,1:45 p.m.,Corrigé
1526,sched_arr_time,missing_values,real_missing_value,2:45 p.m.,,2:45 p.m.,Corrigé
1527,sched_arr_time,missing_values,real_missing_value,5:15 p.m.,,5:15 p.m.,Corrigé
1529,sched_arr_time,missing_values,real_missing_value,10:35 a.m.,,10:35 a.m.,Corrigé
1530,sched_arr_time,missing_values,real_missing_value,7:25 p.m.,,7:25 p.m.,Corrigé
1531,sched_arr_time,missing_values,real_missing_value,9:10 p.m.,,9:10 p.m.,Corrigé
1532,sched_arr_time,missing_values,real_missing_value,3:15 p.m.,,3:15 p.m.,Corrigé
1533,sched_arr_time,real_world_error,real_dirty_value,12:21 a.m.,12/2/11 12:21 a.m.,12:21 a.m.,Corrigé
1534,sched_arr_time,missing_values,real_missing_value,7:53 p.m.,,7:53 p.m.,Corrigé
1536,sched_arr_time,missing_values,real_missing_value,7:30 a.m.,,7:30 a.m.,Corrigé
1537,sched_arr_time,missing_values,real_missing_value,9:35 a.m.,,9:35 a.m.,Corrigé
1538,sched_arr_time,missing_values,real_missing_value,8:05 p.m.,,8:05 p.m.,Corrigé
1539,sched_arr_time,missing_values,real_missing_value,11:10 a.m.,,11:10 a.m.,Corrigé
1540,sched_arr_time,missing_values,real_missing_value,6:23 p.m.,,6:23 p.m.,Corrigé
1541,sched_arr_time,missing_values,real_missing_value,7:35 p.m.,,7:35 p.m.,Corrigé
1542,sched_arr_time,missing_values,real_missing_value,9:45 p.m.,,9:45 p.m.,Corrigé
1544,sched_arr_time,missing_values,real_missing_value,10:31 a.m.,,10:31 a.m.,Corrigé
1545,sched_arr_time,missing_values,real_missing_value,2:59 p.m.,,2:59 p.m.,Corrigé
1546,sched_arr_time,missing_values,real_missing_value,4:31 p.m.,,4:31 p.m.,Corrigé
1547,sched_arr_time,missing_values,real_missing_value,2:45 p.m.,,2:45 p.m.,Corrigé
1549,sched_arr_time,missing_values,real_missing_value,5:50 a.m.,,5:50 a.m.,Corrigé
1550,sched_arr_time,missing_values,real_missing_value,12:29 a.m.,,12:29 a.m.,Corrigé
1551,sched_arr_time,missing_values,real_missing_value,12:15 a.m.,,12:15 a.m.,Corrigé
1552,sched_arr_time,missing_values,real_missing_value,11:50 p.m.,,11:50 p.m.,Corrigé
1553,sched_arr_time,missing_values,real_missing_value,10:34 a.m.,,10:34 a.m.,Corrigé
1554,sched_arr_time,missing_values,real_missing_value,11:50 a.m.,,11:50 a.m.,Corrigé
1555,sched_arr_time,missing_values,real_missing_value,9:24 a.m.,,9:24 a.m.,Corrigé
1556,sched_arr_time,missing_values,real_missing_value,3:50 p.m.,,3:50 p.m.,Corrigé
1558,sched_arr_time,missing_values,real_missing_value,9:43 a.m.,,9:43 a.m.,Corrigé
1559,sched_arr_time,real_world_error,real_dirty_value,5:11 a.m.,12/2/11 5:11 a.m.,5:11 a.m.,Corrigé
1560,sched_arr_time,missing_values,real_missing_value,6:40 p.m.,,6:40 p.m.,Corrigé
1561,sched_arr_time,missing_values,real_missing_value,8:27 a.m.,,8:27 a.m.,Corrigé
1562,sched_arr_time,missing_values,real_missing_value,1:40 p.m.,,1:40 p.m.,Corrigé
1563,sched_arr_time,missing_values,real_missing_value,9:20 p.m.,,9:20 p.m.,Corrigé
1564,sched_arr_time,missing_values,real_missing_value,4:53 p.m.,,4:53 p.m.,Corrigé
1567,sched_arr_time,missing_values,real_missing_value,4:05 p.m.,,4:05 p.m.,Corrigé
1568,sched_arr_time,missing_values,real_missing_value,5:55 p.m.,,5:55 p.m.,Corrigé
1569,sched_arr_time,missing_values,real_missing_value,11:35 a.m.,,11:35 a.m.,Corrigé
1570,sched_arr_time,missing_values,real_missing_value,2:15 p.m.,,2:15 p.m.,Corrigé
1571,sched_arr_time,missing_values,real_missing_value,11:05 a.m.,,11:05 a.m.,Corrigé
1573,sched_arr_time,missing_values,real_missing_value,2:35 p.m.,,2:35 p.m.,Corrigé
1574,sched_arr_time,missing_values,real_missing_value,10:40 a.m.,,10:40 a.m.,Corrigé
1575,sched_arr_time,missing_values,real_missing_value,6:30 p.m.,,6:30 p.m.,Corrigé
1576,sched_arr_time,missing_values,real_missing_value,8:00 a.m.,,8:00 a.m.,Corrigé
1577,sched_arr_time,missing_values,real_missing_value,6:40 p.m.,,6:40 p.m.,Corrigé
1578,sched_arr_time,missing_values,real_missing_value,2:25 p.m.,,2:25 p.m.,Corrigé
1580,sched_arr_time,missing_values,real_missing_value,6:17 p.m.,,6:17 p.m.,Corrigé
1581,sched_arr_time,missing_values,real_missing_value,12:55 p.m.,,12:55 p.m.,Corrigé
1582,sched_arr_time,missing_values,real_missing_value,7:45 a.m.,,7:45 a.m.,Corrigé
1584,sched_arr_time,missing_values,real_missing_value,6:40 a.m.,,6:40 a.m.,Corrigé
1585,sched_arr_time,missing_values,real_missing_value,10:45 a.m.,,10:45 a.m.,Corrigé
1586,sched_arr_time,missing_values,real_missing_value,3:30 p.m.,,3:30 p.m.,Corrigé
1589,sched_arr_time,real_world_error,real_dirty_value,9:54 a.m.,9:54aDec 1,9:54 a.m.,Corrigé
1592,sched_arr_time,real_world_error,real_dirty_value,11:19 a.m.,11:19aDec 1,11:19 a.m.,Corrigé
1593,sched_arr_time,real_world_error,real_dirty_value,6:55 a.m.,6:55aDec 2,2:45 p.m.,Mal corrigé (valeur différente mais fausse)
1594,sched_arr_time,real_world_error,real_dirty_value,5:35 a.m.,5:35aDec 1,5:35 a.m.,Corrigé
1597,sched_arr_time,real_world_error,real_dirty_value,9:55 a.m.,9:55aDec 1,9:55 a.m.,Corrigé
1600,sched_arr_time,real_world_error,real_dirty_value,9:20 a.m.,9:20aDec 1,9:20 a.m.,Corrigé
1603,sched_arr_time,real_world_error,real_dirty_value,8:00 a.m.,8:00aDec 1,8:00 a.m.,Corrigé
1604,sched_arr_time,real_world_error,real_dirty_value,3:19 p.m.,3:03 p.m.,3:19 p.m.,Corrigé
1608,sched_arr_time,real_world_error,real_dirty_value,8:56 p.m.,10:48 p.m.,8:56 p.m.,Corrigé
1610,sched_arr_time,real_world_error,real_dirty_value,7:30 a.m.,7:30aDec 1,7:30 a.m.,Corrigé
1611,sched_arr_time,real_world_error,real_dirty_value,9:35 a.m.,9:35aDec 1,9:35 a.m.,Corrigé
1613,sched_arr_time,real_world_error,real_dirty_value,11:10 a.m.,11:10aDec 1,11:10 a.m.,Corrigé
1615,sched_arr_time,real_world_error,real_dirty_value,10:31 a.m.,10:31aDec 1,10:31 a.m.,Corrigé
1617,sched_arr_time,real_world_error,real_dirty_value,12:29 a.m.,12:29aDec 2,12:29 a.m.,Corrigé
1618,sched_arr_time,real_world_error,real_dirty_value,12:15 a.m.,Dec 02 12:15 a.m.,12:15 a.m.,Corrigé
1620,sched_arr_time,real_world_error,real_dirty_value,10:34 a.m.,10:34aDec 1,10:34 a.m.,Corrigé
1621,sched_arr_time,real_world_error,real_dirty_value,11:50 a.m.,11:50aDec 1,11:50 a.m.,Corrigé
1622,sched_arr_time,real_world_error,real_dirty_value,6:15 p.m.,Not Available,6:15 p.m.,Corrigé
1625,sched_arr_time,real_world_error,real_dirty_value,5:11 a.m.,5:11aDec 2,5:11 a.m.,Corrigé
1626,sched_arr_time,real_world_error,real_dirty_value,9:20 p.m.,9:18 p.m.,9:20 p.m.,Corrigé
1628,sched_arr_time,real_world_error,real_dirty_value,9:43 a.m.,Not Available,9:43 a.m.,Corrigé
1630,sched_arr_time,real_world_error,real_dirty_value,11:53 a.m.,11:53aDec 1,11:53 a.m.,Corrigé
1631,sched_arr_time,real_world_error,real_dirty_value,10:45 a.m.,10:45aDec 1,10:45 a.m.,Corrigé
1632,sched_arr_time,real_world_error,real_dirty_value,10:40 a.m.,10:40aDec 1,10:40 a.m.,Corrigé
1636,sched_arr_time,real_world_error,real_dirty_value,7:45 a.m.,7:45aDec 1,7:45 a.m.,Corrigé
1642,sched_arr_time,real_world_error,real_dirty_value,9:45 p.m.,11/30 9:45 p.m.,9:45 p.m.,Corrigé
1643,sched_arr_time,real_world_error,real_dirty_value,7:35 p.m.,11/30 7:35 p.m.,7:35 p.m.,Corrigé
1645,sched_arr_time,real_world_error,real_dirty_value,9:10 p.m.,11/30 9:10 p.m.,9:10 p.m.,Corrigé
1649,sched_arr_time,real_world_error,real_dirty_value,6:40 p.m.,11/30 6:40 p.m.,6:40 p.m.,Corrigé
1651,sched_arr_time,real_world_error,real_dirty_value,5:25 p.m.,11/30 5:25 p.m.,5:25 p.m.,Corrigé
1653,sched_arr_time,real_world_error,real_dirty_value,10:30 p.m.,11/30 10:30 p.m.,10:30 p.m.,Corrigé
1657,sched_arr_time,real_world_error,real_dirty_value,5:15 p.m.,11/30 5:15 p.m.,5:15 p.m.,Corrigé
1660,sched_arr_time,real_world_error,real_dirty_value,7:53 p.m.,11/30 7:53 p.m.,7:53 p.m.,Corrigé
1661,sched_arr_time,real_world_error,real_dirty_value,9:40 a.m.,9:30 a.m.,9:40 a.m.,Corrigé
1662,sched_arr_time,real_world_error,real_dirty_value,9:25 a.m.,8:54 a.m.,9:25 a.m.,Corrigé
1663,sched_arr_time,real_world_error,real_dirty_value,10:15 p.m.,9:40 p.m.,10:15 p.m.,Corrigé
1664,sched_arr_time,real_world_error,real_dirty_value,9:54 a.m.,9:34 a.m.,9:54 a.m.,Corrigé
1665,sched_arr_time,real_world_error,real_dirty_value,10:30 p.m.,10:15 p.m.,10:30 p.m.,Corrigé
1666,sched_arr_time,real_world_error,real_dirty_value,6:55 a.m.,6:30 a.m.,2:45 p.m.,Mal corrigé (valeur différente mais fausse)
1667,sched_arr_time,real_world_error,real_dirty_value,6:46 p.m.,6:34 p.m.,6:46 p.m.,Corrigé
1668,sched_arr_time,real_world_error,real_dirty_value,9:21 a.m.,9:11 a.m.,9:21 a.m.,Corrigé
1669,sched_arr_time,real_world_error,real_dirty_value,9:55 a.m.,9:45 a.m.,9:55 a.m.,Corrigé
1670,sched_arr_time,real_world_error,real_dirty_value,7:55 p.m.,7:26 p.m.,7:55 p.m.,Corrigé
1671,sched_arr_time,real_world_error,real_dirty_value,12:35 p.m.,12:12 p.m.,12:35 p.m.,Corrigé
1672,sched_arr_time,real_world_error,real_dirty_value,3:50 p.m.,3:33 p.m.,3:50 p.m.,Corrigé
1673,sched_arr_time,real_world_error,real_dirty_value,1:17 p.m.,12:51 p.m.,1:17 p.m.,Corrigé
1674,sched_arr_time,real_world_error,real_dirty_value,9:20 a.m.,8:51 a.m.,9:20 a.m.,Corrigé
1675,sched_arr_time,real_world_error,real_dirty_value,4:57 p.m.,4:37 p.m.,4:57 p.m.,Corrigé
1676,sched_arr_time,real_world_error,real_dirty_value,11:05 a.m.,10:55 a.m.,11:05 a.m.,Corrigé
1677,sched_arr_time,real_world_error,real_dirty_value,12:10 p.m.,11:43 a.m.,12:10 p.m.,Corrigé
1678,sched_arr_time,real_world_error,real_dirty_value,8:00 a.m.,7:50 a.m.,8:00 a.m.,Corrigé
1679,sched_arr_time,real_world_error,real_dirty_value,2:35 p.m.,2:14 p.m.,2:35 p.m.,Corrigé
1680,sched_arr_time,real_world_error,real_dirty_value,7:45 a.m.,7:25 a.m.,7:45 a.m.,Corrigé
1681,sched_arr_time,real_world_error,real_dirty_value,2:45 p.m.,2:35 p.m.,2:45 p.m.,Corrigé
1682,sched_arr_time,real_world_error,real_dirty_value,3:19 p.m.,2:48 p.m.,3:19 p.m.,Corrigé
1683,sched_arr_time,real_world_error,real_dirty_value,6:15 p.m.,5:40 p.m.,6:15 p.m.,Corrigé
1684,sched_arr_time,real_world_error,real_dirty_value,1:45 p.m.,1:35 p.m.,1:45 p.m.,Corrigé
1685,sched_arr_time,real_world_error,real_dirty_value,8:22 p.m.,8:04 p.m.,8:22 p.m.,Corrigé
1686,sched_arr_time,real_world_error,real_dirty_value,11:10 a.m.,10:43 a.m.,11:10 a.m.,Corrigé
1687,sched_arr_time,real_world_error,real_dirty_value,8:56 p.m.,8:46 p.m.,8:56 p.m.,Corrigé
1688,sched_arr_time,real_world_error,real_dirty_value,2:25 p.m.,1:57 p.m.,2:25 p.m.,Corrigé
1689,sched_arr_time,real_world_error,real_dirty_value,2:45 p.m.,2:10 p.m.,2:45 p.m.,Corrigé
1690,sched_arr_time,real_world_error,real_dirty_value,4:00 p.m.,3:50 p.m.,4:00 p.m.,Corrigé
1691,sched_arr_time,real_world_error,real_dirty_value,10:35 a.m.,10:18 a.m.,10:35 a.m.,Corrigé
1692,sched_arr_time,real_world_error,real_dirty_value,7:25 p.m.,7:08 p.m.,7:25 p.m.,Corrigé
1693,sched_arr_time,real_world_error,real_dirty_value,9:10 p.m.,9:00 p.m.,9:10 p.m.,Corrigé
1694,sched_arr_time,real_world_error,real_dirty_value,3:15 p.m.,2:47 p.m.,3:15 p.m.,Corrigé
1695,sched_arr_time,real_world_error,real_dirty_value,12:21 a.m.,11:52 p.m.,12:21 a.m.,Corrigé
1696,sched_arr_time,real_world_error,real_dirty_value,12:18 p.m.,12:08 p.m.,12:18 p.m.,Corrigé
1697,sched_arr_time,real_world_error,real_dirty_value,7:30 a.m.,6:50 a.m.,7:30 a.m.,Corrigé
1698,sched_arr_time,real_world_error,real_dirty_value,9:35 a.m.,9:00 a.m.,9:35 a.m.,Corrigé
1699,sched_arr_time,real_world_error,real_dirty_value,8:05 p.m.,7:38 p.m.,8:05 p.m.,Corrigé
1700,sched_arr_time,real_world_error,real_dirty_value,6:23 p.m.,6:00 p.m.,6:23 p.m.,Corrigé
1701,sched_arr_time,real_world_error,real_dirty_value,9:45 p.m.,9:25 p.m.,9:45 p.m.,Corrigé
1702,sched_arr_time,real_world_error,real_dirty_value,2:59 p.m.,2:35 p.m.,2:59 p.m.,Corrigé
1703,sched_arr_time,real_world_error,real_dirty_value,4:31 p.m.,4:20 p.m.,4:31 p.m.,Corrigé
1704,sched_arr_time,real_world_error,real_dirty_value,4:17 p.m.,3:55 p.m.,4:17 p.m.,Corrigé
1705,sched_arr_time,real_world_error,real_dirty_value,12:29 a.m.,12:09 a.m.,12:29 a.m.,Corrigé
1706,sched_arr_time,real_world_error,real_dirty_value,12:15 a.m.,12:05 a.m.,12:15 a.m.,Corrigé
1707,sched_arr_time,real_world_error,real_dirty_value,11:50 p.m.,11:31 p.m.,11:50 p.m.,Corrigé
1708,sched_arr_time,real_world_error,real_dirty_value,10:34 a.m.,9:25 a.m.,10:34 a.m.,Corrigé
1709,sched_arr_time,real_world_error,real_dirty_value,11:50 a.m.,11:22 a.m.,11:50 a.m.,Corrigé
1710,sched_arr_time,real_world_error,real_dirty_value,3:50 p.m.,3:30 p.m.,3:50 p.m.,Corrigé
1711,sched_arr_time,real_world_error,real_dirty_value,5:11 a.m.,5:08 a.m.,5:11 a.m.,Corrigé
1712,sched_arr_time,real_world_error,real_dirty_value,6:40 p.m.,6:15 p.m.,6:40 p.m.,Corrigé
1713,sched_arr_time,real_world_error,real_dirty_value,9:20 p.m.,9:10 p.m.,9:20 p.m.,Corrigé
1714,sched_arr_time,real_world_error,real_dirty_value,4:05 p.m.,3:55 p.m.,4:05 p.m.,Corrigé
1715,sched_arr_time,real_world_error,real_dirty_value,5:55 p.m.,5:17 p.m.,5:55 p.m.,Corrigé
1716,sched_arr_time,real_world_error,real_dirty_value,11:35 a.m.,10:57 a.m.,11:35 a.m.,Corrigé
1717,sched_arr_time,real_world_error,real_dirty_value,2:15 p.m.,2:05 p.m.,2:15 p.m.,Corrigé
1718,sched_arr_time,real_world_error,real_dirty_value,2:35 p.m.,2:17 p.m.,2:35 p.m.,Corrigé
1719,sched_arr_time,real_world_error,real_dirty_value,6:30 p.m.,5:57 p.m.,6:30 p.m.,Corrigé
1720,sched_arr_time,real_world_error,real_dirty_value,6:40 p.m.,6:30 p.m.,6:40 p.m.,Corrigé
1721,sched_arr_time,real_world_error,real_dirty_value,3:30 p.m.,2:52 p.m.,3:30 p.m.,Corrigé
1722,sched_arr_time,real_world_error,real_dirty_value,6:17 p.m.,6:07 p.m.,6:17 p.m.,Corrigé
1723,sched_arr_time,real_world_error,real_dirty_value,12:55 p.m.,12:45 p.m.,12:55 p.m.,Corrigé
1724,sched_arr_time,real_world_error,real_dirty_value,7:05 p.m.,6:31 p.m.,7:05 p.m.,Corrigé
1725,sched_arr_time,real_world_error,real_dirty_value,6:40 a.m.,6:30 a.m.,6:40 a.m.,Corrigé
1726,sched_arr_time,real_world_error,real_dirty_value,10:45 a.m.,10:09 a.m.,10:45 a.m.,Corrigé
1744,sched_arr_time,real_world_error,real_dirty_value,12:29 a.m.,Fri Dec 2 12:29 a.m.,12:29 a.m.,Corrigé
1747,sched_arr_time,real_world_error,real_dirty_value,5:11 a.m.,Fri Dec 2 5:11 a.m.,5:11 a.m.,Corrigé
1759,sched_arr_time,missing_values,real_missing_value,10:15 p.m.,,10:15 p.m.,Corrigé
1762,sched_arr_time,missing_values,real_missing_value,9:54 a.m.,,9:54 a.m.,Corrigé
1766,sched_arr_time,missing_values,real_missing_value,2:50 p.m.,,2:50 p.m.,Corrigé
1767,sched_arr_time,missing_values,real_missing_value,11:19 a.m.,,11:19 a.m.,Corrigé
1768,sched_arr_time,real_world_error,real_dirty_value,6:55 a.m.,6:55 a.m.  Fri 02-Dec-2011,2:45 p.m.,Mal corrigé (valeur différente mais fausse)
1769,sched_arr_time,missing_values,real_missing_value,7:23 a.m.,,7:23 a.m.,Corrigé
1770,sched_arr_time,missing_values,real_missing_value,5:35 a.m.,,5:35 a.m.,Corrigé
1772,sched_arr_time,missing_values,real_missing_value,9:21 a.m.,,9:21 a.m.,Corrigé
1773,sched_arr_time,missing_values,real_missing_value,1:16 p.m.,,1:16 p.m.,Corrigé
1775,sched_arr_time,missing_values,real_missing_value,10:06 a.m.,,10:06 a.m.,Corrigé
1778,sched_arr_time,missing_values,real_missing_value,2:20 p.m.,,2:20 p.m.,Corrigé
1779,sched_arr_time,missing_values,real_missing_value,7:03 p.m.,,7:03 p.m.,Corrigé
1780,sched_arr_time,missing_values,real_missing_value,11:35 a.m.,,11:35 a.m.,Corrigé
1781,sched_arr_time,missing_values,real_missing_value,5:00 p.m.,,5:00 p.m.,Corrigé
1783,sched_arr_time,missing_values,real_missing_value,1:17 p.m.,,1:17 p.m.,Corrigé
1786,sched_arr_time,missing_values,real_missing_value,10:20 a.m.,,10:20 a.m.,Corrigé
1787,sched_arr_time,missing_values,real_missing_value,10:54 a.m.,,10:54 a.m.,Corrigé
1790,sched_arr_time,missing_values,real_missing_value,1:39 p.m.,,1:39 p.m.,Corrigé
1791,sched_arr_time,missing_values,real_missing_value,3:19 p.m.,,3:19 p.m.,Corrigé
1792,sched_arr_time,missing_values,real_missing_value,2:00 p.m.,,2:00 p.m.,Corrigé
1795,sched_arr_time,missing_values,real_missing_value,8:22 p.m.,,8:22 p.m.,Corrigé
1796,sched_arr_time,missing_values,real_missing_value,8:56 p.m.,,8:56 p.m.,Corrigé
1798,sched_arr_time,missing_values,real_missing_value,5:15 p.m.,,5:15 p.m.,Corrigé
1799,sched_arr_time,missing_values,real_missing_value,4:00 p.m.,,4:00 p.m.,Corrigé
1803,sched_arr_time,real_world_error,real_dirty_value,12:21 a.m.,12:21 a.m.  Fri 02-Dec-2011,12:21 a.m.,Corrigé
1804,sched_arr_time,missing_values,real_missing_value,7:53 p.m.,,7:53 p.m.,Corrigé
1808,sched_arr_time,missing_values,real_missing_value,8:05 p.m.,,8:05 p.m.,Corrigé
1810,sched_arr_time,missing_values,real_missing_value,7:35 p.m.,,7:35 p.m.,Corrigé
1812,sched_arr_time,missing_values,real_missing_value,6:44 p.m.,,6:44 p.m.,Corrigé
1813,sched_arr_time,missing_values,real_missing_value,10:31 a.m.,,10:31 a.m.,Corrigé
1814,sched_arr_time,missing_values,real_missing_value,2:59 p.m.,,2:59 p.m.,Corrigé
1817,sched_arr_time,missing_values,real_missing_value,4:17 p.m.,,4:17 p.m.,Corrigé
1818,sched_arr_time,real_world_error,real_dirty_value,5:50 a.m.,5:50 a.m.  Fri 02-Dec-2011,5:50 a.m.,Corrigé
1819,sched_arr_time,real_world_error,real_dirty_value,12:29 a.m.,12:29 a.m.  Fri 02-Dec-2011,12:29 a.m.,Corrigé
1820,sched_arr_time,real_world_error,real_dirty_value,12:15 a.m.,12:15 a.m.  Fri 02-Dec-2011,12:15 a.m.,Corrigé
1824,sched_arr_time,missing_values,real_missing_value,9:24 a.m.,,9:24 a.m.,Corrigé
1826,sched_arr_time,missing_values,real_missing_value,4:48 p.m.,,4:48 p.m.,Corrigé
1827,sched_arr_time,missing_values,real_missing_value,9:43 a.m.,,9:43 a.m.,Corrigé
1830,sched_arr_time,missing_values,real_missing_value,8:27 a.m.,,8:27 a.m.,Corrigé
1831,sched_arr_time,missing_values,real_missing_value,1:40 p.m.,,1:40 p.m.,Corrigé
1832,sched_arr_time,missing_values,real_missing_value,9:20 p.m.,,9:20 p.m.,Corrigé
1833,sched_arr_time,missing_values,real_missing_value,4:53 p.m.,,4:53 p.m.,Corrigé
1834,sched_arr_time,missing_values,real_missing_value,7:03 p.m.,,7:03 p.m.,Corrigé
1835,sched_arr_time,missing_values,real_missing_value,11:45 a.m.,,11:45 a.m.,Corrigé
1841,sched_arr_time,missing_values,real_missing_value,11:53 a.m.,,11:53 a.m.,Corrigé
1843,sched_arr_time,missing_values,real_missing_value,10:40 a.m.,,10:40 a.m.,Corrigé
1846,sched_arr_time,missing_values,real_missing_value,5:25 p.m.,,5:25 p.m.,Corrigé
1850,sched_arr_time,missing_values,real_missing_value,4:49 p.m.,,4:49 p.m.,Corrigé
1951,sched_arr_time,missing_values,real_missing_value,10:15 p.m.,,10:15 p.m.,Corrigé
1954,sched_arr_time,missing_values,real_missing_value,9:54 a.m.,,9:54 a.m.,Corrigé
1958,sched_arr_time,missing_values,real_missing_value,2:50 p.m.,,2:50 p.m.,Corrigé
1959,sched_arr_time,missing_values,real_missing_value,11:19 a.m.,,11:19 a.m.,Corrigé
1960,sched_arr_time,real_world_error,real_dirty_value,6:55 a.m.,6:55 a.m. Dec 02,2:45 p.m.,Mal corrigé (valeur différente mais fausse)
1961,sched_arr_time,missing_values,real_missing_value,7:23 a.m.,,7:23 a.m.,Corrigé
1962,sched_arr_time,missing_values,real_missing_value,5:35 a.m.,,5:35 a.m.,Corrigé
1964,sched_arr_time,missing_values,real_missing_value,9:21 a.m.,,9:21 a.m.,Corrigé
1965,sched_arr_time,missing_values,real_missing_value,1:16 p.m.,,1:16 p.m.,Corrigé
1967,sched_arr_time,missing_values,real_missing_value,10:06 a.m.,,10:06 a.m.,Corrigé
1970,sched_arr_time,missing_values,real_missing_value,2:20 p.m.,,2:20 p.m.,Corrigé
1971,sched_arr_time,missing_values,real_missing_value,7:03 p.m.,,7:03 p.m.,Corrigé
1972,sched_arr_time,missing_values,real_missing_value,11:35 a.m.,,11:35 a.m.,Corrigé
1973,sched_arr_time,missing_values,real_missing_value,5:00 p.m.,,5:00 p.m.,Corrigé
1975,sched_arr_time,missing_values,real_missing_value,1:17 p.m.,,1:17 p.m.,Corrigé
1978,sched_arr_time,missing_values,real_missing_value,10:20 a.m.,,10:20 a.m.,Corrigé
1979,sched_arr_time,missing_values,real_missing_value,10:54 a.m.,,10:54 a.m.,Corrigé
1982,sched_arr_time,missing_values,real_missing_value,1:39 p.m.,,1:39 p.m.,Corrigé
1983,sched_arr_time,missing_values,real_missing_value,3:19 p.m.,,3:19 p.m.,Corrigé
1984,sched_arr_time,missing_values,real_missing_value,2:00 p.m.,,2:00 p.m.,Corrigé
1987,sched_arr_time,missing_values,real_missing_value,8:22 p.m.,,8:22 p.m.,Corrigé
1988,sched_arr_time,missing_values,real_missing_value,8:56 p.m.,,8:56 p.m.,Corrigé
1990,sched_arr_time,missing_values,real_missing_value,5:15 p.m.,,5:15 p.m.,Corrigé
1991,sched_arr_time,missing_values,real_missing_value,4:00 p.m.,,4:00 p.m.,Corrigé
1995,sched_arr_time,real_world_error,real_dirty_value,12:21 a.m.,12:21 a.m. Dec 02,12:21 a.m.,Corrigé
1996,sched_arr_time,missing_values,real_missing_value,7:53 p.m.,,7:53 p.m.,Corrigé
2000,sched_arr_time,missing_values,real_missing_value,8:05 p.m.,,8:05 p.m.,Corrigé
2002,sched_arr_time,missing_values,real_missing_value,7:35 p.m.,,7:35 p.m.,Corrigé
2004,sched_arr_time,missing_values,real_missing_value,6:44 p.m.,,6:44 p.m.,Corrigé
2005,sched_arr_time,missing_values,real_missing_value,10:31 a.m.,,10:31 a.m.,Corrigé
2009,sched_arr_time,missing_values,real_missing_value,4:17 p.m.,,4:17 p.m.,Corrigé
2010,sched_arr_time,real_world_error,real_dirty_value,5:50 a.m.,5:50 a.m. Dec 02,5:50 a.m.,Corrigé
2011,sched_arr_time,real_world_error,real_dirty_value,12:29 a.m.,12:29 a.m. Dec 02,12:29 a.m.,Corrigé
2012,sched_arr_time,real_world_error,real_dirty_value,12:15 a.m.,12:15 a.m. Dec 02,12:15 a.m.,Corrigé
2016,sched_arr_time,missing_values,real_missing_value,9:24 a.m.,,9:24 a.m.,Corrigé
2018,sched_arr_time,missing_values,real_missing_value,4:48 p.m.,,4:48 p.m.,Corrigé
2019,sched_arr_time,missing_values,real_missing_value,9:43 a.m.,,9:43 a.m.,Corrigé
2020,sched_arr_time,real_world_error,real_dirty_value,5:11 a.m.,5:11 a.m.Dec 02,5:11 a.m.,Corrigé
2022,sched_arr_time,missing_values,real_missing_value,8:27 a.m.,,8:27 a.m.,Corrigé
2023,sched_arr_time,missing_values,real_missing_value,1:40 p.m.,,1:40 p.m.,Corrigé
2024,sched_arr_time,missing_values,real_missing_value,9:20 p.m.,,9:20 p.m.,Corrigé
2025,sched_arr_time,missing_values,real_missing_value,4:53 p.m.,,4:53 p.m.,Corrigé
2026,sched_arr_time,missing_values,real_missing_value,7:03 p.m.,,7:03 p.m.,Corrigé
2027,sched_arr_time,missing_values,real_missing_value,11:45 a.m.,,11:45 a.m.,Corrigé
2033,sched_arr_time,missing_values,real_missing_value,11:53 a.m.,,11:53 a.m.,Corrigé
2035,sched_arr_time,missing_values,real_missing_value,10:40 a.m.,,10:40 a.m.,Corrigé
2038,sched_arr_time,missing_values,real_missing_value,5:25 p.m.,,5:25 p.m.,Corrigé
2042,sched_arr_time,missing_values,real_missing_value,4:49 p.m.,,4:49 p.m.,Corrigé
2051,sched_arr_time,missing_values,real_missing_value,10:15 p.m.,,10:15 p.m.,Corrigé
2054,sched_arr_time,missing_values,real_missing_value,9:54 a.m.,,9:54 a.m.,Corrigé
2058,sched_arr_time,missing_values,real_missing_value,2:50 p.m.,,2:50 p.m.,Corrigé
2059,sched_arr_time,missing_values,real_missing_value,11:19 a.m.,,11:19 a.m.,Corrigé
2060,sched_arr_time,real_world_error,real_dirty_value,6:55 a.m.,6:55 a.m.  Fri 02-Dec-2011,2:45 p.m.,Mal corrigé (valeur différente mais fausse)
2061,sched_arr_time,missing_values,real_missing_value,7:23 a.m.,,7:23 a.m.,Corrigé
2062,sched_arr_time,missing_values,real_missing_value,5:35 a.m.,,5:35 a.m.,Corrigé
2064,sched_arr_time,missing_values,real_missing_value,9:21 a.m.,,9:21 a.m.,Corrigé
2065,sched_arr_time,missing_values,real_missing_value,1:16 p.m.,,1:16 p.m.,Corrigé
2067,sched_arr_time,missing_values,real_missing_value,10:06 a.m.,,10:06 a.m.,Corrigé
2070,sched_arr_time,missing_values,real_missing_value,2:20 p.m.,,2:20 p.m.,Corrigé
2071,sched_arr_time,missing_values,real_missing_value,7:03 p.m.,,7:03 p.m.,Corrigé
2072,sched_arr_time,missing_values,real_missing_value,11:35 a.m.,,11:35 a.m.,Corrigé
2073,sched_arr_time,missing_values,real_missing_value,5:00 p.m.,,5:00 p.m.,Corrigé
2075,sched_arr_time,missing_values,real_missing_value,1:17 p.m.,,1:17 p.m.,Corrigé
2078,sched_arr_time,missing_values,real_missing_value,10:20 a.m.,,10:20 a.m.,Corrigé
2079,sched_arr_time,missing_values,real_missing_value,10:54 a.m.,,10:54 a.m.,Corrigé
2082,sched_arr_time,missing_values,real_missing_value,1:39 p.m.,,1:39 p.m.,Corrigé
2083,sched_arr_time,missing_values,real_missing_value,3:19 p.m.,,3:19 p.m.,Corrigé
2084,sched_arr_time,missing_values,real_missing_value,2:00 p.m.,,2:00 p.m.,Corrigé
2087,sched_arr_time,missing_values,real_missing_value,8:22 p.m.,,8:22 p.m.,Corrigé
2088,sched_arr_time,missing_values,real_missing_value,8:56 p.m.,,8:56 p.m.,Corrigé
2090,sched_arr_time,missing_values,real_missing_value,5:15 p.m.,,5:15 p.m.,Corrigé
2091,sched_arr_time,missing_values,real_missing_value,4:00 p.m.,,4:00 p.m.,Corrigé
2095,sched_arr_time,real_world_error,real_dirty_value,12:21 a.m.,12:21 a.m.  Fri 02-Dec-2011,12:21 a.m.,Corrigé
2096,sched_arr_time,missing_values,real_missing_value,7:53 p.m.,,7:53 p.m.,Corrigé
2100,sched_arr_time,missing_values,real_missing_value,8:05 p.m.,,8:05 p.m.,Corrigé
2102,sched_arr_time,missing_values,real_missing_value,7:35 p.m.,,7:35 p.m.,Corrigé
2104,sched_arr_time,missing_values,real_missing_value,6:44 p.m.,,6:44 p.m.,Corrigé
2105,sched_arr_time,missing_values,real_missing_value,10:31 a.m.,,10:31 a.m.,Corrigé
2106,sched_arr_time,missing_values,real_missing_value,2:59 p.m.,,2:59 p.m.,Corrigé
2109,sched_arr_time,missing_values,real_missing_value,4:17 p.m.,,4:17 p.m.,Corrigé
2110,sched_arr_time,real_world_error,real_dirty_value,5:50 a.m.,5:50 a.m.  Fri 02-Dec-2011,5:50 a.m.,Corrigé
2111,sched_arr_time,real_world_error,real_dirty_value,12:29 a.m.,12:29 a.m.  Fri 02-Dec-2011,12:29 a.m.,Corrigé
2112,sched_arr_time,real_world_error,real_dirty_value,12:15 a.m.,12:15 a.m.  Fri 02-Dec-2011,12:15 a.m.,Corrigé
2116,sched_arr_time,missing_values,real_missing_value,9:24 a.m.,,9:24 a.m.,Corrigé
2118,sched_arr_time,missing_values,real_missing_value,4:48 p.m.,,4:48 p.m.,Corrigé
2119,sched_arr_time,missing_values,real_missing_value,9:43 a.m.,,9:43 a.m.,Corrigé
2122,sched_arr_time,missing_values,real_missing_value,8:27 a.m.,,8:27 a.m.,Corrigé
2123,sched_arr_time,missing_values,real_missing_value,1:40 p.m.,,1:40 p.m.,Corrigé
2124,sched_arr_time,missing_values,real_missing_value,9:20 p.m.,,9:20 p.m.,Corrigé
2125,sched_arr_time,missing_values,real_missing_value,4:53 p.m.,,4:53 p.m.,Corrigé
2126,sched_arr_time,missing_values,real_missing_value,7:03 p.m.,,7:03 p.m.,Corrigé
2127,sched_arr_time,missing_values,real_missing_value,11:45 a.m.,,11:45 a.m.,Corrigé
2133,sched_arr_time,missing_values,real_missing_value,11:53 a.m.,,11:53 a.m.,Corrigé
2135,sched_arr_time,missing_values,real_missing_value,10:40 a.m.,,10:40 a.m.,Corrigé
2138,sched_arr_time,missing_values,real_missing_value,5:25 p.m.,,5:25 p.m.,Corrigé
2142,sched_arr_time,missing_values,real_missing_value,4:49 p.m.,,4:49 p.m.,Corrigé
2150,sched_arr_time,missing_values,real_missing_value,2:50 p.m.,,2:50 p.m.,Corrigé
2153,sched_arr_time,missing_values,real_missing_value,7:35 p.m.,,7:35 p.m.,Corrigé
2156,sched_arr_time,missing_values,real_missing_value,10:15 p.m.,,10:15 p.m.,Corrigé
2159,sched_arr_time,missing_values,real_missing_value,9:54 a.m.,,9:54 a.m.,Corrigé
2163,sched_arr_time,missing_values,real_missing_value,2:50 p.m.,,2:50 p.m.,Corrigé
2164,sched_arr_time,missing_values,real_missing_value,11:19 a.m.,,11:19 a.m.,Corrigé
2165,sched_arr_time,real_world_error,real_dirty_value,6:55 a.m.,6:55 a.m. Dec 02,2:45 p.m.,Mal corrigé (valeur différente mais fausse)
2166,sched_arr_time,missing_values,real_missing_value,7:23 a.m.,,7:23 a.m.,Corrigé
2167,sched_arr_time,missing_values,real_missing_value,5:35 a.m.,,5:35 a.m.,Corrigé
2169,sched_arr_time,missing_values,real_missing_value,9:21 a.m.,,9:21 a.m.,Corrigé
2170,sched_arr_time,missing_values,real_missing_value,1:16 p.m.,,1:16 p.m.,Corrigé
2172,sched_arr_time,missing_values,real_missing_value,10:06 a.m.,,10:06 a.m.,Corrigé
2175,sched_arr_time,missing_values,real_missing_value,2:20 p.m.,,2:20 p.m.,Corrigé
2176,sched_arr_time,missing_values,real_missing_value,7:03 p.m.,,7:03 p.m.,Corrigé
2177,sched_arr_time,missing_values,real_missing_value,11:35 a.m.,,11:35 a.m.,Corrigé
2178,sched_arr_time,missing_values,real_missing_value,5:00 p.m.,,5:00 p.m.,Corrigé
2180,sched_arr_time,missing_values,real_missing_value,1:17 p.m.,,1:17 p.m.,Corrigé
2183,sched_arr_time,missing_values,real_missing_value,10:20 a.m.,,10:20 a.m.,Corrigé
2184,sched_arr_time,missing_values,real_missing_value,10:54 a.m.,,10:54 a.m.,Corrigé
2187,sched_arr_time,missing_values,real_missing_value,1:39 p.m.,,1:39 p.m.,Corrigé
2188,sched_arr_time,missing_values,real_missing_value,3:19 p.m.,,3:19 p.m.,Corrigé
2189,sched_arr_time,missing_values,real_missing_value,2:00 p.m.,,2:00 p.m.,Corrigé
2192,sched_arr_time,missing_values,real_missing_value,8:22 p.m.,,8:22 p.m.,Corrigé
2193,sched_arr_time,missing_values,real_missing_value,8:56 p.m.,,8:56 p.m.,Corrigé
2195,sched_arr_time,missing_values,real_missing_value,5:15 p.m.,,5:15 p.m.,Corrigé
2196,sched_arr_time,missing_values,real_missing_value,4:00 p.m.,,4:00 p.m.,Corrigé
2200,sched_arr_time,real_world_error,real_dirty_value,12:21 a.m.,12:21 a.m. Dec 02,12:21 a.m.,Corrigé
2201,sched_arr_time,missing_values,real_missing_value,7:53 p.m.,,7:53 p.m.,Corrigé
2205,sched_arr_time,missing_values,real_missing_value,8:05 p.m.,,8:05 p.m.,Corrigé
2207,sched_arr_time,missing_values,real_missing_value,7:35 p.m.,,7:35 p.m.,Corrigé
2209,sched_arr_time,missing_values,real_missing_value,6:44 p.m.,,6:44 p.m.,Corrigé
2210,sched_arr_time,missing_values,real_missing_value,10:31 a.m.,,10:31 a.m.,Corrigé
2214,sched_arr_time,missing_values,real_missing_value,4:17 p.m.,,4:17 p.m.,Corrigé
2215,sched_arr_time,real_world_error,real_dirty_value,5:50 a.m.,5:50 a.m. Dec 02,5:50 a.m.,Corrigé
2216,sched_arr_time,real_world_error,real_dirty_value,12:29 a.m.,12:29 a.m. Dec 02,12:29 a.m.,Corrigé
2217,sched_arr_time,real_world_error,real_dirty_value,12:15 a.m.,12:15 a.m. Dec 02,12:15 a.m.,Corrigé
2221,sched_arr_time,missing_values,real_missing_value,9:24 a.m.,,9:24 a.m.,Corrigé
2223,sched_arr_time,missing_values,real_missing_value,4:48 p.m.,,4:48 p.m.,Corrigé
2224,sched_arr_time,missing_values,real_missing_value,9:43 a.m.,,9:43 a.m.,Corrigé
2225,sched_arr_time,real_world_error,real_dirty_value,5:11 a.m.,5:11 a.m.Dec 02,5:11 a.m.,Corrigé
2227,sched_arr_time,missing_values,real_missing_value,8:27 a.m.,,8:27 a.m.,Corrigé
2228,sched_arr_time,missing_values,real_missing_value,1:40 p.m.,,1:40 p.m.,Corrigé
2229,sched_arr_time,missing_values,real_missing_value,9:20 p.m.,,9:20 p.m.,Corrigé
2230,sched_arr_time,missing_values,real_missing_value,4:53 p.m.,,4:53 p.m.,Corrigé
2231,sched_arr_time,missing_values,real_missing_value,7:03 p.m.,,7:03 p.m.,Corrigé
2232,sched_arr_time,missing_values,real_missing_value,11:45 a.m.,,11:45 a.m.,Corrigé
2238,sched_arr_time,missing_values,real_missing_value,11:53 a.m.,,11:53 a.m.,Corrigé
2240,sched_arr_time,missing_values,real_missing_value,10:40 a.m.,,10:40 a.m.,Corrigé
2243,sched_arr_time,missing_values,real_missing_value,5:25 p.m.,,5:25 p.m.,Corrigé
2247,sched_arr_time,missing_values,real_missing_value,4:49 p.m.,,4:49 p.m.,Corrigé
2255,sched_arr_time,real_world_error,real_dirty_value,9:40 a.m.,9:30 a.m.,9:40 a.m.,Corrigé
2256,sched_arr_time,real_world_error,real_dirty_value,9:25 a.m.,8:54 a.m.,9:25 a.m.,Corrigé
2257,sched_arr_time,real_world_error,real_dirty_value,10:15 p.m.,9:40 p.m.,10:15 p.m.,Corrigé
2258,sched_arr_time,real_world_error,real_dirty_value,9:54 a.m.,9:34 a.m.,9:54 a.m.,Corrigé
2259,sched_arr_time,real_world_error,real_dirty_value,10:30 p.m.,10:15 p.m.,10:30 p.m.,Corrigé
2260,sched_arr_time,real_world_error,real_dirty_value,6:55 a.m.,6:30 a.m.,2:45 p.m.,Mal corrigé (valeur différente mais fausse)
2261,sched_arr_time,real_world_error,real_dirty_value,6:46 p.m.,6:34 p.m.,6:46 p.m.,Corrigé
2262,sched_arr_time,real_world_error,real_dirty_value,9:21 a.m.,9:11 a.m.,9:21 a.m.,Corrigé
2263,sched_arr_time,real_world_error,real_dirty_value,9:55 a.m.,9:45 a.m.,9:55 a.m.,Corrigé
2264,sched_arr_time,real_world_error,real_dirty_value,7:55 p.m.,7:26 p.m.,7:55 p.m.,Corrigé
2265,sched_arr_time,real_world_error,real_dirty_value,12:35 p.m.,12:12 p.m.,12:35 p.m.,Corrigé
2266,sched_arr_time,real_world_error,real_dirty_value,3:50 p.m.,3:33 p.m.,3:50 p.m.,Corrigé
2267,sched_arr_time,real_world_error,real_dirty_value,1:17 p.m.,12:51 p.m.,1:17 p.m.,Corrigé
2268,sched_arr_time,real_world_error,real_dirty_value,9:20 a.m.,8:51 a.m.,9:20 a.m.,Corrigé
2269,sched_arr_time,real_world_error,real_dirty_value,4:57 p.m.,4:37 p.m.,4:57 p.m.,Corrigé
2270,sched_arr_time,real_world_error,real_dirty_value,11:05 a.m.,10:55 a.m.,11:05 a.m.,Corrigé
2271,sched_arr_time,real_world_error,real_dirty_value,12:10 p.m.,11:43 a.m.,12:10 p.m.,Corrigé
2272,sched_arr_time,real_world_error,real_dirty_value,8:00 a.m.,7:50 a.m.,8:00 a.m.,Corrigé
2273,sched_arr_time,real_world_error,real_dirty_value,2:35 p.m.,2:14 p.m.,2:35 p.m.,Corrigé
2274,sched_arr_time,real_world_error,real_dirty_value,7:45 a.m.,7:25 a.m.,7:45 a.m.,Corrigé
2275,sched_arr_time,real_world_error,real_dirty_value,2:45 p.m.,2:35 p.m.,2:45 p.m.,Corrigé
2276,sched_arr_time,real_world_error,real_dirty_value,3:19 p.m.,2:48 p.m.,3:19 p.m.,Corrigé
2277,sched_arr_time,real_world_error,real_dirty_value,6:15 p.m.,5:40 p.m.,6:15 p.m.,Corrigé
2278,sched_arr_time,real_world_error,real_dirty_value,1:45 p.m.,1:35 p.m.,1:45 p.m.,Corrigé
2279,sched_arr_time,real_world_error,real_dirty_value,8:22 p.m.,8:04 p.m.,8:22 p.m.,Corrigé
2280,sched_arr_time,real_world_error,real_dirty_value,11:10 a.m.,10:43 a.m.,11:10 a.m.,Corrigé
2281,sched_arr_time,real_world_error,real_dirty_value,8:56 p.m.,8:46 p.m.,8:56 p.m.,Corrigé
2282,sched_arr_time,real_world_error,real_dirty_value,2:25 p.m.,1:57 p.m.,2:25 p.m.,Corrigé
2283,sched_arr_time,real_world_error,real_dirty_value,2:45 p.m.,2:10 p.m.,2:45 p.m.,Corrigé
2284,sched_arr_time,real_world_error,real_dirty_value,4:00 p.m.,3:50 p.m.,4:00 p.m.,Corrigé
2285,sched_arr_time,real_world_error,real_dirty_value,10:35 a.m.,10:18 a.m.,10:35 a.m.,Corrigé
2286,sched_arr_time,real_world_error,real_dirty_value,7:25 p.m.,7:08 p.m.,7:25 p.m.,Corrigé
2287,sched_arr_time,real_world_error,real_dirty_value,9:10 p.m.,9:00 p.m.,9:10 p.m.,Corrigé
2288,sched_arr_time,real_world_error,real_dirty_value,3:15 p.m.,2:47 p.m.,3:15 p.m.,Corrigé
2289,sched_arr_time,real_world_error,real_dirty_value,12:21 a.m.,11:52 p.m.,12:21 a.m.,Corrigé
2290,sched_arr_time,real_world_error,real_dirty_value,12:18 p.m.,12:08 p.m.,12:18 p.m.,Corrigé
2291,sched_arr_time,real_world_error,real_dirty_value,7:30 a.m.,6:50 a.m.,7:30 a.m.,Corrigé
2292,sched_arr_time,real_world_error,real_dirty_value,9:35 a.m.,9:00 a.m.,9:35 a.m.,Corrigé
2293,sched_arr_time,real_world_error,real_dirty_value,8:05 p.m.,7:38 p.m.,8:05 p.m.,Corrigé
2294,sched_arr_time,real_world_error,real_dirty_value,6:23 p.m.,6:00 p.m.,6:23 p.m.,Corrigé
2295,sched_arr_time,real_world_error,real_dirty_value,9:45 p.m.,9:25 p.m.,9:45 p.m.,Corrigé
2296,sched_arr_time,real_world_error,real_dirty_value,2:59 p.m.,2:35 p.m.,2:59 p.m.,Corrigé
2297,sched_arr_time,real_world_error,real_dirty_value,4:31 p.m.,4:20 p.m.,4:31 p.m.,Corrigé
2298,sched_arr_time,real_world_error,real_dirty_value,4:17 p.m.,3:55 p.m.,4:17 p.m.,Corrigé
2299,sched_arr_time,real_world_error,real_dirty_value,12:29 a.m.,12:09 a.m.,12:29 a.m.,Corrigé
2300,sched_arr_time,real_world_error,real_dirty_value,12:15 a.m.,12:05 a.m.,12:15 a.m.,Corrigé
2301,sched_arr_time,real_world_error,real_dirty_value,11:50 p.m.,11:31 p.m.,11:50 p.m.,Corrigé
2302,sched_arr_time,real_world_error,real_dirty_value,10:34 a.m.,9:25 a.m.,10:34 a.m.,Corrigé
2303,sched_arr_time,real_world_error,real_dirty_value,11:50 a.m.,11:22 a.m.,11:50 a.m.,Corrigé
2304,sched_arr_time,real_world_error,real_dirty_value,3:50 p.m.,3:30 p.m.,3:50 p.m.,Corrigé
2305,sched_arr_time,real_world_error,real_dirty_value,5:11 a.m.,5:08 a.m.,5:11 a.m.,Corrigé
2306,sched_arr_time,real_world_error,real_dirty_value,6:40 p.m.,6:15 p.m.,6:40 p.m.,Corrigé
2307,sched_arr_time,real_world_error,real_dirty_value,9:20 p.m.,9:10 p.m.,9:20 p.m.,Corrigé
2308,sched_arr_time,real_world_error,real_dirty_value,4:05 p.m.,3:55 p.m.,4:05 p.m.,Corrigé
2309,sched_arr_time,real_world_error,real_dirty_value,5:55 p.m.,5:17 p.m.,5:55 p.m.,Corrigé
2310,sched_arr_time,real_world_error,real_dirty_value,11:35 a.m.,10:57 a.m.,11:35 a.m.,Corrigé
2311,sched_arr_time,real_world_error,real_dirty_value,2:15 p.m.,2:05 p.m.,2:15 p.m.,Corrigé
2312,sched_arr_time,real_world_error,real_dirty_value,2:35 p.m.,2:17 p.m.,2:35 p.m.,Corrigé
2313,sched_arr_time,real_world_error,real_dirty_value,6:30 p.m.,5:57 p.m.,6:30 p.m.,Corrigé
2314,sched_arr_time,real_world_error,real_dirty_value,6:40 p.m.,6:30 p.m.,6:40 p.m.,Corrigé
2315,sched_arr_time,real_world_error,real_dirty_value,3:30 p.m.,2:52 p.m.,3:30 p.m.,Corrigé
2316,sched_arr_time,real_world_error,real_dirty_value,6:17 p.m.,6:07 p.m.,6:17 p.m.,Corrigé
2317,sched_arr_time,real_world_error,real_dirty_value,12:55 p.m.,12:45 p.m.,12:55 p.m.,Corrigé
2318,sched_arr_time,real_world_error,real_dirty_value,7:05 p.m.,6:31 p.m.,7:05 p.m.,Corrigé
2319,sched_arr_time,real_world_error,real_dirty_value,6:40 a.m.,6:30 a.m.,6:40 a.m.,Corrigé
2320,sched_arr_time,real_world_error,real_dirty_value,10:45 a.m.,10:09 a.m.,10:45 a.m.,Corrigé
1,act_arr_time,missing_values,real_missing_value,10:30 p.m.,,3:13 p.m.,Mal corrigé (valeur différente mais fausse)
2,act_arr_time,missing_values,real_missing_value,7:25 p.m.,,7:25 p.m.,Corrigé
5,act_arr_time,missing_values,real_missing_value,6:55 a.m.,,3:13 p.m.,Mal corrigé (valeur différente mais fausse)
31,act_arr_time,missing_values,real_missing_value,5:50 a.m.,,3:13 p.m.,Mal corrigé (valeur différente mais fausse)
32,act_arr_time,missing_values,real_missing_value,12:15 a.m.,,11:49 p.m.,Mal corrigé (valeur différente mais fausse)
33,act_arr_time,missing_values,real_missing_value,11:50 p.m.,,11:35 p.m.,Mal corrigé (valeur différente mais fausse)
36,act_arr_time,missing_values,real_missing_value,3:50 p.m.,,3:29 p.m.,Mal corrigé (valeur différente mais fausse)
37,act_arr_time,missing_values,real_missing_value,9:20 p.m.,,9:11 p.m.,Mal corrigé (valeur différente mais fausse)
50,act_arr_time,real_world_error,real_dirty_value,9:32 a.m.,9:22 a.m.,9:22 a.m.,Non corrigé (regression)
51,act_arr_time,missing_values,real_missing_value,10:29 p.m.,,10:29 p.m.,Corrigé
52,act_arr_time,real_world_error,real_dirty_value,9:28 a.m.,9:14 a.m.,9:28 a.m.,Corrigé
53,act_arr_time,real_world_error,real_dirty_value,11:58 a.m.,11:30 a.m.,11:58 a.m.,Corrigé
54,act_arr_time,real_world_error,real_dirty_value,9:43 a.m.,9:29 a.m.,9:43 a.m.,Corrigé
55,act_arr_time,real_world_error,real_dirty_value,10:30 p.m.,10:31 p.m.,3:13 p.m.,Mal corrigé (valeur différente mais fausse)
56,act_arr_time,real_world_error,real_dirty_value,5:17 p.m.,5:14 p.m.,5:17 p.m.,Corrigé
57,act_arr_time,missing_values,real_missing_value,3:31 p.m.,,3:31 p.m.,Corrigé
58,act_arr_time,real_world_error,real_dirty_value,4:56 p.m.,4:54 p.m.,4:56 p.m.,Corrigé
59,act_arr_time,real_world_error,real_dirty_value,11:21 a.m.,11:11 a.m.,11:21 a.m.,Corrigé
60,act_arr_time,real_world_error,real_dirty_value,6:55 a.m.,12/2/11 6:35 a.m.,3:13 p.m.,Mal corrigé (valeur différente mais fausse)
61,act_arr_time,real_world_error,real_dirty_value,7:17 a.m.,7:04 a.m.,7:17 a.m.,Corrigé
62,act_arr_time,missing_values,real_missing_value,5:26 a.m.,,5:26 a.m.,Corrigé
63,act_arr_time,real_world_error,real_dirty_value,6:28 p.m.,6:25 p.m.,6:25 p.m.,Non corrigé (regression)
64,act_arr_time,missing_values,real_missing_value,9:14 a.m.,,9:09 a.m.,Mal corrigé (valeur différente mais fausse)
65,act_arr_time,missing_values,real_missing_value,1:19 p.m.,,1:19 p.m.,Corrigé
66,act_arr_time,real_world_error,real_dirty_value,1:27 p.m.,1:11 p.m.,1:27 p.m.,Corrigé
68,act_arr_time,real_world_error,real_dirty_value,9:45 a.m.,9:29 a.m.,9:45 a.m.,Corrigé
69,act_arr_time,real_world_error,real_dirty_value,7:39 p.m.,7:37 p.m.,7:39 p.m.,Corrigé
70,act_arr_time,real_world_error,real_dirty_value,1:40 p.m.,1:36 p.m.,1:40 p.m.,Corrigé
71,act_arr_time,missing_values,real_missing_value,7:10 p.m.,,7:10 p.m.,Corrigé
72,act_arr_time,missing_values,real_missing_value,11:32 a.m.,,11:32 a.m.,Corrigé
73,act_arr_time,real_world_error,real_dirty_value,4:47 p.m.,4:43 p.m.,4:47 p.m.,Corrigé
74,act_arr_time,real_world_error,real_dirty_value,4:09 p.m.,4:08 p.m.,4:09 p.m.,Corrigé
75,act_arr_time,missing_values,real_missing_value,1:14 p.m.,,1:14 p.m.,Corrigé
76,act_arr_time,real_world_error,real_dirty_value,9:05 a.m.,8:50 a.m.,9:05 a.m.,Corrigé
77,act_arr_time,real_world_error,real_dirty_value,5:05 p.m.,5:00 p.m.,5:05 p.m.,Corrigé
78,act_arr_time,missing_values,real_missing_value,10:27 a.m.,,10:27 a.m.,Corrigé
79,act_arr_time,missing_values,real_missing_value,10:56 a.m.,,10:56 a.m.,Corrigé
80,act_arr_time,real_world_error,real_dirty_value,11:56 a.m.,11:50 a.m.,11:50 a.m.,Non corrigé (regression)
81,act_arr_time,real_world_error,real_dirty_value,3:30 p.m.,3:13 p.m.,3:13 p.m.,Non corrigé (regression)
82,act_arr_time,real_world_error,real_dirty_value,1:30 p.m.,1:23 p.m.,1:30 p.m.,Corrigé
83,act_arr_time,real_world_error,real_dirty_value,3:21 p.m.,3:09 p.m.,3:21 p.m.,Corrigé
84,act_arr_time,real_world_error,real_dirty_value,2:10 p.m.,1:55 p.m.,2:10 p.m.,Corrigé
85,act_arr_time,real_world_error,real_dirty_value,5:42 p.m.,5:22 p.m.,5:42 p.m.,Corrigé
86,act_arr_time,real_world_error,real_dirty_value,1:15 p.m.,1:11 p.m.,1:15 p.m.,Corrigé
87,act_arr_time,missing_values,real_missing_value,8:03 p.m.,,8:03 p.m.,Corrigé
88,act_arr_time,missing_values,real_missing_value,9:52 p.m.,,9:38 p.m.,Mal corrigé (valeur différente mais fausse)
89,act_arr_time,real_world_error,real_dirty_value,2:46 p.m.,2:39 p.m.,2:46 p.m.,Corrigé
90,act_arr_time,real_world_error,real_dirty_value,5:34 p.m.,5:24 p.m.,5:34 p.m.,Corrigé
91,act_arr_time,missing_values,real_missing_value,3:33 p.m.,,3:33 p.m.,Corrigé
92,act_arr_time,real_world_error,real_dirty_value,10:36 a.m.,10:34 a.m.,10:29 a.m.,Mal corrigé (valeur différente mais fausse)
94,act_arr_time,real_world_error,real_dirty_value,8:53 p.m.,8:38 p.m.,8:53 p.m.,Corrigé
95,act_arr_time,real_world_error,real_dirty_value,3:16 p.m.,3:04 p.m.,3:16 p.m.,Corrigé
96,act_arr_time,missing_values,real_missing_value,12:21 a.m.,,3:13 p.m.,Mal corrigé (valeur différente mais fausse)
97,act_arr_time,real_world_error,real_dirty_value,7:58 p.m.,7:20 p.m.,7:58 p.m.,Corrigé
98,act_arr_time,missing_values,real_missing_value,12:09 p.m.,,12:09 p.m.,Corrigé
99,act_arr_time,real_world_error,real_dirty_value,7:51 a.m.,7:49 a.m.,7:51 a.m.,Corrigé
100,act_arr_time,real_world_error,real_dirty_value,9:31 a.m.,9:26 a.m.,9:26 a.m.,Non corrigé (regression)
101,act_arr_time,real_world_error,real_dirty_value,7:55 p.m.,7:43 p.m.,7:55 p.m.,Corrigé
102,act_arr_time,real_world_error,real_dirty_value,11:06 a.m.,10:43 a.m.,11:06 a.m.,Corrigé
103,act_arr_time,real_world_error,real_dirty_value,6:38 p.m.,6:28 p.m.,6:38 p.m.,Corrigé
104,act_arr_time,real_world_error,real_dirty_value,7:36 p.m.,7:23 p.m.,7:36 p.m.,Corrigé
105,act_arr_time,real_world_error,real_dirty_value,9:53 p.m.,9:47 p.m.,9:53 p.m.,Corrigé
106,act_arr_time,missing_values,real_missing_value,6:34 p.m.,,6:34 p.m.,Corrigé
107,act_arr_time,real_world_error,real_dirty_value,10:47 a.m.,10:43 a.m.,10:45 a.m.,Mal corrigé (valeur différente mais fausse)
108,act_arr_time,real_world_error,real_dirty_value,3:04 p.m.,2:58 p.m.,3:04 p.m.,Corrigé
109,act_arr_time,real_world_error,real_dirty_value,4:23 p.m.,4:20 p.m.,4:23 p.m.,Corrigé
111,act_arr_time,missing_values,real_missing_value,4:17 p.m.,,4:17 p.m.,Corrigé
112,act_arr_time,real_world_error,real_dirty_value,5:50 a.m.,5:52 a.m.,3:13 p.m.,Mal corrigé (valeur différente mais fausse)
113,act_arr_time,real_world_error,real_dirty_value,12:29 a.m.,12/2/11 12:01 a.m.,3:13 p.m.,Mal corrigé (valeur différente mais fausse)
114,act_arr_time,real_world_error,real_dirty_value,12:15 a.m.,11:49 p.m.,11:49 p.m.,Non corrigé (regression)
115,act_arr_time,real_world_error,real_dirty_value,11:50 p.m.,11:35 p.m.,11:35 p.m.,Non corrigé (regression)
116,act_arr_time,real_world_error,real_dirty_value,10:04 a.m.,9:45 a.m.,10:04 a.m.,Corrigé
117,act_arr_time,real_world_error,real_dirty_value,11:44 a.m.,11:33 a.m.,11:44 a.m.,Corrigé
119,act_arr_time,real_world_error,real_dirty_value,3:50 p.m.,3:29 p.m.,3:29 p.m.,Non corrigé (regression)
120,act_arr_time,missing_values,real_missing_value,4:59 p.m.,,4:59 p.m.,Corrigé
121,act_arr_time,real_world_error,real_dirty_value,8:45 a.m.,8:33 a.m.,8:45 a.m.,Corrigé
122,act_arr_time,missing_values,real_missing_value,5:11 a.m.,,5:21 a.m.,Mal corrigé (valeur différente mais fausse)
123,act_arr_time,real_world_error,real_dirty_value,6:40 p.m.,6:19 p.m.,6:19 p.m.,Non corrigé (regression)
124,act_arr_time,real_world_error,real_dirty_value,8:02 a.m.,7:50 a.m.,8:02 a.m.,Corrigé
125,act_arr_time,real_world_error,real_dirty_value,2:00 p.m.,1:52 p.m.,2:02 p.m.,Mal corrigé (valeur différente mais fausse)
126,act_arr_time,real_world_error,real_dirty_value,9:20 p.m.,9:12 p.m.,9:11 p.m.,Mal corrigé (valeur différente mais fausse)
127,act_arr_time,real_world_error,real_dirty_value,4:44 p.m.,4:22 p.m.,4:24 p.m.,Mal corrigé (valeur différente mais fausse)
128,act_arr_time,missing_values,real_missing_value,7:10 p.m.,,7:10 p.m.,Corrigé
129,act_arr_time,missing_values,real_missing_value,11:56 a.m.,,12:12 p.m.,Mal corrigé (valeur différente mais fausse)
130,act_arr_time,real_world_error,real_dirty_value,3:43 p.m.,3:36 p.m.,3:36 p.m.,Non corrigé (regression)
131,act_arr_time,real_world_error,real_dirty_value,5:43 p.m.,5:39 p.m.,5:43 p.m.,Corrigé
132,act_arr_time,real_world_error,real_dirty_value,11:06 a.m.,11:04 a.m.,11:04 a.m.,Non corrigé (regression)
133,act_arr_time,real_world_error,real_dirty_value,1:43 p.m.,1:42 p.m.,1:43 p.m.,Corrigé
134,act_arr_time,real_world_error,real_dirty_value,11:01 a.m.,10:58 a.m.,11:01 a.m.,Corrigé
135,act_arr_time,missing_values,real_missing_value,12:09 p.m.,,12:09 p.m.,Corrigé
136,act_arr_time,real_world_error,real_dirty_value,3:13 p.m.,2:49 p.m.,3:13 p.m.,Corrigé
137,act_arr_time,real_world_error,real_dirty_value,10:16 a.m.,10:12 a.m.,10:16 a.m.,Corrigé
138,act_arr_time,real_world_error,real_dirty_value,6:43 p.m.,6:30 p.m.,6:43 p.m.,Corrigé
139,act_arr_time,real_world_error,real_dirty_value,8:06 a.m.,7:59 a.m.,8:06 a.m.,Corrigé
140,act_arr_time,real_world_error,real_dirty_value,6:15 p.m.,6:11 p.m.,6:15 p.m.,Corrigé
141,act_arr_time,real_world_error,real_dirty_value,2:27 p.m.,2:21 p.m.,2:27 p.m.,Corrigé
142,act_arr_time,missing_values,real_missing_value,5:26 p.m.,,5:26 p.m.,Corrigé
143,act_arr_time,real_world_error,real_dirty_value,5:38 p.m.,5:34 p.m.,5:38 p.m.,Corrigé
144,act_arr_time,real_world_error,real_dirty_value,12:50 p.m.,12:37 p.m.,12:50 p.m.,Corrigé
145,act_arr_time,real_world_error,real_dirty_value,7:40 a.m.,7:37 a.m.,7:40 a.m.,Corrigé
146,act_arr_time,missing_values,real_missing_value,6:36 p.m.,,6:36 p.m.,Corrigé
147,act_arr_time,real_world_error,real_dirty_value,6:19 a.m.,6:15 a.m.,6:19 a.m.,Corrigé
148,act_arr_time,real_world_error,real_dirty_value,11:12 a.m.,10:52 a.m.,11:12 a.m.,Corrigé
149,act_arr_time,real_world_error,real_dirty_value,3:14 p.m.,3:12 p.m.,3:14 p.m.,Corrigé
150,act_arr_time,real_world_error,real_dirty_value,9:32 a.m.,9:22 a.m.,9:22 a.m.,Non corrigé (regression)
151,act_arr_time,real_world_error,real_dirty_value,10:29 p.m.,10:23 p.m.,10:29 p.m.,Corrigé
152,act_arr_time,real_world_error,real_dirty_value,9:28 a.m.,9:12 a.m.,9:28 a.m.,Corrigé
153,act_arr_time,real_world_error,real_dirty_value,11:58 a.m.,11:35 a.m.,11:58 a.m.,Corrigé
154,act_arr_time,real_world_error,real_dirty_value,9:43 a.m.,9:40 a.m.,9:43 a.m.,Corrigé
155,act_arr_time,real_world_error,real_dirty_value,10:30 p.m.,10:39 p.m.&nbsp(Estimated),3:13 p.m.,Mal corrigé (valeur différente mais fausse)
156,act_arr_time,real_world_error,real_dirty_value,3:16 p.m.,3:10 p.m.,3:16 p.m.,Corrigé
158,act_arr_time,real_world_error,real_dirty_value,3:31 p.m.,3:25 p.m.,3:31 p.m.,Corrigé
159,act_arr_time,real_world_error,real_dirty_value,11:21 a.m.,11:18 a.m.,11:21 a.m.,Corrigé
160,act_arr_time,real_world_error,real_dirty_value,6:55 a.m.,Not Available,3:13 p.m.,Mal corrigé (valeur différente mais fausse)
161,act_arr_time,real_world_error,real_dirty_value,7:17 a.m.,7:10 a.m.,7:17 a.m.,Corrigé
162,act_arr_time,real_world_error,real_dirty_value,5:26 a.m.,5:23 a.m.,5:26 a.m.,Corrigé
163,act_arr_time,real_world_error,real_dirty_value,6:28 p.m.,6:25 p.m.,6:25 p.m.,Non corrigé (regression)
164,act_arr_time,real_world_error,real_dirty_value,9:14 a.m.,9:09 a.m.,9:09 a.m.,Non corrigé (regression)
165,act_arr_time,real_world_error,real_dirty_value,1:19 p.m.,1:09 p.m.,1:19 p.m.,Corrigé
166,act_arr_time,real_world_error,real_dirty_value,1:27 p.m.,1:18 p.m.,1:27 p.m.,Corrigé
167,act_arr_time,real_world_error,real_dirty_value,9:56 a.m.,9:54 a.m.,9:56 a.m.,Corrigé
168,act_arr_time,real_world_error,real_dirty_value,9:45 a.m.,9:42 a.m.,9:45 a.m.,Corrigé
169,act_arr_time,real_world_error,real_dirty_value,7:39 p.m.,7:35 p.m.,7:39 p.m.,Corrigé
170,act_arr_time,real_world_error,real_dirty_value,1:40 p.m.,1:34 p.m.,1:40 p.m.,Corrigé
171,act_arr_time,real_world_error,real_dirty_value,7:10 p.m.,6:59 p.m.,7:10 p.m.,Corrigé
172,act_arr_time,real_world_error,real_dirty_value,11:32 a.m.,11:26 a.m.,11:32 a.m.,Corrigé
173,act_arr_time,real_world_error,real_dirty_value,4:47 p.m.,4:45 p.m.,4:47 p.m.,Corrigé
175,act_arr_time,real_world_error,real_dirty_value,1:14 p.m.,1:12 p.m.,1:14 p.m.,Corrigé
176,act_arr_time,real_world_error,real_dirty_value,9:05 a.m.,9:00 a.m.,9:05 a.m.,Corrigé
177,act_arr_time,real_world_error,real_dirty_value,5:05 p.m.,5:03 p.m.,5:05 p.m.,Corrigé
178,act_arr_time,real_world_error,real_dirty_value,10:27 a.m.,10:18 a.m.,10:27 a.m.,Corrigé
179,act_arr_time,real_world_error,real_dirty_value,10:56 a.m.,10:47 a.m.,10:56 a.m.,Corrigé
180,act_arr_time,real_world_error,real_dirty_value,11:56 a.m.,11:50 a.m.,11:50 a.m.,Non corrigé (regression)
181,act_arr_time,real_world_error,real_dirty_value,3:30 p.m.,3:19 p.m.,3:13 p.m.,Mal corrigé (valeur différente mais fausse)
182,act_arr_time,real_world_error,real_dirty_value,1:30 p.m.,1:27 p.m.,1:30 p.m.,Corrigé
183,act_arr_time,real_world_error,real_dirty_value,3:21 p.m.,3:20 p.m.,3:21 p.m.,Corrigé
184,act_arr_time,real_world_error,real_dirty_value,2:10 p.m.,2:01 p.m.,2:10 p.m.,Corrigé
185,act_arr_time,real_world_error,real_dirty_value,5:42 p.m.,5:28 p.m.,5:42 p.m.,Corrigé
186,act_arr_time,real_world_error,real_dirty_value,1:15 p.m.,1:14 p.m.,1:15 p.m.,Corrigé
187,act_arr_time,real_world_error,real_dirty_value,8:03 p.m.,7:55 p.m.,8:03 p.m.,Corrigé
188,act_arr_time,real_world_error,real_dirty_value,9:52 p.m.,9:38 p.m.,9:38 p.m.,Non corrigé (regression)
189,act_arr_time,real_world_error,real_dirty_value,2:46 p.m.,2:37 p.m.,2:46 p.m.,Corrigé
190,act_arr_time,missing_values,real_missing_value,5:34 p.m.,,5:34 p.m.,Corrigé
191,act_arr_time,real_world_error,real_dirty_value,3:33 p.m.,3:25 p.m.,3:33 p.m.,Corrigé
192,act_arr_time,real_world_error,real_dirty_value,10:36 a.m.,10:29 a.m.,10:29 a.m.,Non corrigé (regression)
193,act_arr_time,real_world_error,real_dirty_value,7:25 p.m.,Not Available,7:25 p.m.,Corrigé
194,act_arr_time,real_world_error,real_dirty_value,8:53 p.m.,8:43 p.m.,8:53 p.m.,Corrigé
195,act_arr_time,real_world_error,real_dirty_value,12:21 a.m.,Not Available,3:13 p.m.,Mal corrigé (valeur différente mais fausse)
196,act_arr_time,real_world_error,real_dirty_value,7:58 p.m.,7:53 p.m.,7:58 p.m.,Corrigé
197,act_arr_time,real_world_error,real_dirty_value,12:09 p.m.,12:03 p.m.,12:09 p.m.,Corrigé
199,act_arr_time,real_world_error,real_dirty_value,9:31 a.m.,9:29 a.m.,9:26 a.m.,Mal corrigé (valeur différente mais fausse)
200,act_arr_time,real_world_error,real_dirty_value,7:55 p.m.,7:53 p.m.,7:55 p.m.,Corrigé
201,act_arr_time,real_world_error,real_dirty_value,6:38 p.m.,6:36 p.m.,6:38 p.m.,Corrigé
202,act_arr_time,real_world_error,real_dirty_value,7:36 p.m.,7:26 p.m.,7:36 p.m.,Corrigé
203,act_arr_time,real_world_error,real_dirty_value,9:53 p.m.,9:49 p.m.,9:53 p.m.,Corrigé
204,act_arr_time,real_world_error,real_dirty_value,6:34 p.m.,6:13 p.m.,6:34 p.m.,Corrigé
205,act_arr_time,real_world_error,real_dirty_value,10:47 a.m.,10:45 a.m.,10:45 a.m.,Non corrigé (regression)
206,act_arr_time,real_world_error,real_dirty_value,3:04 p.m.,2:56 p.m.,3:04 p.m.,Corrigé
207,act_arr_time,real_world_error,real_dirty_value,4:23 p.m.,4:18 p.m.,4:23 p.m.,Corrigé
208,act_arr_time,real_world_error,real_dirty_value,2:50 p.m.,2:52 p.m.,2:50 p.m.,Corrigé
209,act_arr_time,real_world_error,real_dirty_value,4:17 p.m.,4:06 p.m.,4:17 p.m.,Corrigé
210,act_arr_time,missing_values,real_missing_value,5:50 a.m.,,3:13 p.m.,Mal corrigé (valeur différente mais fausse)
211,act_arr_time,real_world_error,real_dirty_value,12:29 a.m.,Not Available,3:13 p.m.,Mal corrigé (valeur différente mais fausse)
212,act_arr_time,real_world_error,real_dirty_value,12:15 a.m.,Not Available,11:49 p.m.,Mal corrigé (valeur différente mais fausse)
213,act_arr_time,real_world_error,real_dirty_value,11:50 p.m.,Not Available,11:35 p.m.,Mal corrigé (valeur différente mais fausse)
214,act_arr_time,real_world_error,real_dirty_value,10:04 a.m.,9:58 a.m.,10:04 a.m.,Corrigé
215,act_arr_time,real_world_error,real_dirty_value,11:44 a.m.,11:40 a.m.,11:44 a.m.,Corrigé
216,act_arr_time,real_world_error,real_dirty_value,9:13 a.m.,9:11 a.m.,9:13 a.m.,Corrigé
217,act_arr_time,real_world_error,real_dirty_value,3:50 p.m.,Not Available,3:29 p.m.,Mal corrigé (valeur différente mais fausse)
218,act_arr_time,real_world_error,real_dirty_value,4:59 p.m.,4:55 p.m.,4:59 p.m.,Corrigé
219,act_arr_time,real_world_error,real_dirty_value,8:45 a.m.,8:41 a.m.,8:45 a.m.,Corrigé
220,act_arr_time,missing_values,real_missing_value,5:11 a.m.,,5:21 a.m.,Mal corrigé (valeur différente mais fausse)
221,act_arr_time,missing_values,real_missing_value,6:40 p.m.,,6:19 p.m.,Mal corrigé (valeur différente mais fausse)
222,act_arr_time,real_world_error,real_dirty_value,8:02 a.m.,7:58 a.m.,8:02 a.m.,Corrigé
223,act_arr_time,real_world_error,real_dirty_value,2:00 p.m.,2:02 p.m.,2:02 p.m.,Non corrigé (regression)
224,act_arr_time,real_world_error,real_dirty_value,9:20 p.m.,9:11 p.m.,9:11 p.m.,Non corrigé (regression)
225,act_arr_time,real_world_error,real_dirty_value,4:44 p.m.,4:24 p.m.,4:24 p.m.,Non corrigé (regression)
226,act_arr_time,real_world_error,real_dirty_value,7:10 p.m.,6:59 p.m.,7:10 p.m.,Corrigé
227,act_arr_time,real_world_error,real_dirty_value,11:56 a.m.,12:10 p.m.,12:12 p.m.,Mal corrigé (valeur différente mais fausse)
228,act_arr_time,real_world_error,real_dirty_value,3:43 p.m.,3:36 p.m.,3:36 p.m.,Non corrigé (regression)
229,act_arr_time,real_world_error,real_dirty_value,5:43 p.m.,5:34 p.m.,5:43 p.m.,Corrigé
230,act_arr_time,real_world_error,real_dirty_value,11:06 a.m.,11:07 a.m.,11:04 a.m.,Mal corrigé (valeur différente mais fausse)
231,act_arr_time,real_world_error,real_dirty_value,1:43 p.m.,1:40 p.m.,1:43 p.m.,Corrigé
232,act_arr_time,real_world_error,real_dirty_value,11:01 a.m.,11:00 a.m.,11:01 a.m.,Corrigé
233,act_arr_time,real_world_error,real_dirty_value,12:09 p.m.,12:00 p.m.,12:09 p.m.,Corrigé
234,act_arr_time,real_world_error,real_dirty_value,3:13 p.m.,3:01 p.m.,3:13 p.m.,Corrigé
235,act_arr_time,real_world_error,real_dirty_value,10:16 a.m.,10:10 a.m.,10:16 a.m.,Corrigé
236,act_arr_time,real_world_error,real_dirty_value,6:43 p.m.,6:36 p.m.,6:43 p.m.,Corrigé
237,act_arr_time,real_world_error,real_dirty_value,8:06 a.m.,7:57 a.m.,8:06 a.m.,Corrigé
238,act_arr_time,real_world_error,real_dirty_value,4:56 p.m.,4:52 p.m.,4:56 p.m.,Corrigé
239,act_arr_time,real_world_error,real_dirty_value,6:15 p.m.,6:09 p.m.,6:15 p.m.,Corrigé
240,act_arr_time,real_world_error,real_dirty_value,2:27 p.m.,2:18 p.m.,2:27 p.m.,Corrigé
241,act_arr_time,real_world_error,real_dirty_value,11:06 a.m.,10:53 a.m.,11:06 a.m.,Corrigé
242,act_arr_time,real_world_error,real_dirty_value,5:26 p.m.,5:09 p.m.,5:26 p.m.,Corrigé
243,act_arr_time,real_world_error,real_dirty_value,5:38 p.m.,5:35 p.m.,5:38 p.m.,Corrigé
244,act_arr_time,real_world_error,real_dirty_value,12:50 p.m.,12:48 p.m.,12:50 p.m.,Corrigé
245,act_arr_time,real_world_error,real_dirty_value,7:40 a.m.,7:32 a.m.,7:40 a.m.,Corrigé
246,act_arr_time,real_world_error,real_dirty_value,6:36 p.m.,6:33 p.m.,6:36 p.m.,Corrigé
247,act_arr_time,real_world_error,real_dirty_value,6:19 a.m.,6:07 a.m.,6:19 a.m.,Corrigé
248,act_arr_time,real_world_error,real_dirty_value,11:12 a.m.,11:00 a.m.,11:12 a.m.,Corrigé
249,act_arr_time,real_world_error,real_dirty_value,3:14 p.m.,3:09 p.m.,3:14 p.m.,Corrigé
250,act_arr_time,missing_values,real_missing_value,9:32 a.m.,,9:22 a.m.,Mal corrigé (valeur différente mais fausse)
251,act_arr_time,real_world_error,real_dirty_value,9:28 a.m.,9:09 a.m.,9:28 a.m.,Corrigé
252,act_arr_time,real_world_error,real_dirty_value,11:58 a.m.,11:34 a.m.,11:58 a.m.,Corrigé
253,act_arr_time,missing_values,real_missing_value,9:43 a.m.,,9:43 a.m.,Corrigé
254,act_arr_time,missing_values,real_missing_value,10:30 p.m.,,3:13 p.m.,Mal corrigé (valeur différente mais fausse)
255,act_arr_time,real_world_error,real_dirty_value,7:25 p.m.,7:35 p.m.,7:25 p.m.,Corrigé
256,act_arr_time,missing_values,real_missing_value,5:17 p.m.,,5:17 p.m.,Corrigé
257,act_arr_time,missing_values,real_missing_value,3:31 p.m.,,3:31 p.m.,Corrigé
258,act_arr_time,missing_values,real_missing_value,4:56 p.m.,,4:56 p.m.,Corrigé
259,act_arr_time,missing_values,real_missing_value,11:21 a.m.,,11:21 a.m.,Corrigé
260,act_arr_time,real_world_error,real_dirty_value,6:55 a.m.,7:02 a.m.,3:13 p.m.,Mal corrigé (valeur différente mais fausse)
261,act_arr_time,missing_values,real_missing_value,7:17 a.m.,,7:17 a.m.,Corrigé
262,act_arr_time,missing_values,real_missing_value,2:50 p.m.,,2:50 p.m.,Corrigé
263,act_arr_time,missing_values,real_missing_value,6:28 p.m.,,6:25 p.m.,Mal corrigé (valeur différente mais fausse)
264,act_arr_time,missing_values,real_missing_value,1:19 p.m.,,1:19 p.m.,Corrigé
265,act_arr_time,missing_values,real_missing_value,9:45 a.m.,,9:45 a.m.,Corrigé
266,act_arr_time,missing_values,real_missing_value,9:56 a.m.,,9:56 a.m.,Corrigé
267,act_arr_time,missing_values,real_missing_value,7:39 p.m.,,7:39 p.m.,Corrigé
268,act_arr_time,missing_values,real_missing_value,7:10 p.m.,,7:10 p.m.,Corrigé
269,act_arr_time,missing_values,real_missing_value,4:09 p.m.,,4:09 p.m.,Corrigé
270,act_arr_time,real_world_error,real_dirty_value,9:05 a.m.,8:50 a.m.,9:05 a.m.,Corrigé
271,act_arr_time,missing_values,real_missing_value,5:05 p.m.,,5:05 p.m.,Corrigé
272,act_arr_time,missing_values,real_missing_value,10:27 a.m.,,10:27 a.m.,Corrigé
273,act_arr_time,missing_values,real_missing_value,10:56 a.m.,,10:56 a.m.,Corrigé
274,act_arr_time,missing_values,real_missing_value,1:40 p.m.,,1:40 p.m.,Corrigé
275,act_arr_time,real_world_error,real_dirty_value,11:56 a.m.,11:50 a.m.,11:50 a.m.,Non corrigé (regression)
276,act_arr_time,missing_values,real_missing_value,8:06 a.m.,,8:06 a.m.,Corrigé
277,act_arr_time,real_world_error,real_dirty_value,3:30 p.m.,3:13 p.m.,3:13 p.m.,Non corrigé (regression)
278,act_arr_time,missing_values,real_missing_value,5:26 a.m.,,5:26 a.m.,Corrigé
279,act_arr_time,real_world_error,real_dirty_value,1:27 p.m.,1:11 p.m.,1:27 p.m.,Corrigé
280,act_arr_time,missing_values,real_missing_value,2:10 p.m.,,2:10 p.m.,Corrigé
281,act_arr_time,missing_values,real_missing_value,1:15 p.m.,,1:15 p.m.,Corrigé
282,act_arr_time,real_world_error,real_dirty_value,11:06 a.m.,10:52 a.m.,11:06 a.m.,Corrigé
283,act_arr_time,real_world_error,real_dirty_value,2:27 p.m.,2:17 p.m.,2:27 p.m.,Corrigé
284,act_arr_time,real_world_error,real_dirty_value,2:46 p.m.,2:36 p.m.,2:46 p.m.,Corrigé
285,act_arr_time,real_world_error,real_dirty_value,10:36 a.m.,10:34 a.m.,10:29 a.m.,Mal corrigé (valeur différente mais fausse)
286,act_arr_time,missing_values,real_missing_value,11:32 a.m.,,11:32 a.m.,Corrigé
287,act_arr_time,missing_values,real_missing_value,8:53 p.m.,,8:53 p.m.,Corrigé
288,act_arr_time,real_world_error,real_dirty_value,3:16 p.m.,3:09 p.m.,3:16 p.m.,Corrigé
289,act_arr_time,missing_values,real_missing_value,12:21 a.m.,,3:13 p.m.,Mal corrigé (valeur différente mais fausse)
290,act_arr_time,missing_values,real_missing_value,7:58 p.m.,,7:58 p.m.,Corrigé
291,act_arr_time,missing_values,real_missing_value,12:09 p.m.,,12:09 p.m.,Corrigé
292,act_arr_time,missing_values,real_missing_value,7:51 a.m.,,7:51 a.m.,Corrigé
293,act_arr_time,real_world_error,real_dirty_value,9:31 a.m.,9:23 a.m.,9:26 a.m.,Mal corrigé (valeur différente mais fausse)
294,act_arr_time,missing_values,real_missing_value,6:38 p.m.,,6:38 p.m.,Corrigé
295,act_arr_time,missing_values,real_missing_value,7:36 p.m.,,7:36 p.m.,Corrigé
296,act_arr_time,missing_values,real_missing_value,9:53 p.m.,,9:53 p.m.,Corrigé
297,act_arr_time,missing_values,real_missing_value,6:34 p.m.,,6:34 p.m.,Corrigé
298,act_arr_time,missing_values,real_missing_value,10:47 a.m.,,10:45 a.m.,Mal corrigé (valeur différente mais fausse)
299,act_arr_time,real_world_error,real_dirty_value,3:04 p.m.,2:52 p.m.,3:04 p.m.,Corrigé
300,act_arr_time,missing_values,real_missing_value,4:23 p.m.,,4:23 p.m.,Corrigé
301,act_arr_time,real_world_error,real_dirty_value,5:50 a.m.,5:49 a.m.,3:13 p.m.,Mal corrigé (valeur différente mais fausse)
302,act_arr_time,real_world_error,real_dirty_value,12:29 a.m.,11:56 p.m.,3:13 p.m.,Mal corrigé (valeur différente mais fausse)
303,act_arr_time,missing_values,real_missing_value,12:15 a.m.,,11:49 p.m.,Mal corrigé (valeur différente mais fausse)
304,act_arr_time,real_world_error,real_dirty_value,11:50 p.m.,11:54 p.m.,11:35 p.m.,Mal corrigé (valeur différente mais fausse)
305,act_arr_time,real_world_error,real_dirty_value,10:04 a.m.,9:56 a.m.,10:04 a.m.,Corrigé
306,act_arr_time,real_world_error,real_dirty_value,11:44 a.m.,11:39 a.m.,11:44 a.m.,Corrigé
307,act_arr_time,missing_values,real_missing_value,5:42 p.m.,,5:42 p.m.,Corrigé
308,act_arr_time,missing_values,real_missing_value,9:13 a.m.,,9:13 a.m.,Corrigé
309,act_arr_time,missing_values,real_missing_value,3:50 p.m.,,3:29 p.m.,Mal corrigé (valeur différente mais fausse)
310,act_arr_time,missing_values,real_missing_value,4:59 p.m.,,4:59 p.m.,Corrigé
311,act_arr_time,missing_values,real_missing_value,8:45 a.m.,,8:45 a.m.,Corrigé
312,act_arr_time,missing_values,real_missing_value,8:02 a.m.,,8:02 a.m.,Corrigé
313,act_arr_time,missing_values,real_missing_value,2:00 p.m.,,2:02 p.m.,Mal corrigé (valeur différente mais fausse)
314,act_arr_time,missing_values,real_missing_value,9:20 p.m.,,9:11 p.m.,Mal corrigé (valeur différente mais fausse)
315,act_arr_time,missing_values,real_missing_value,4:44 p.m.,,4:24 p.m.,Mal corrigé (valeur différente mais fausse)
316,act_arr_time,missing_values,real_missing_value,7:10 p.m.,,7:10 p.m.,Corrigé
317,act_arr_time,missing_values,real_missing_value,3:43 p.m.,,3:36 p.m.,Mal corrigé (valeur différente mais fausse)
318,act_arr_time,missing_values,real_missing_value,5:43 p.m.,,5:43 p.m.,Corrigé
319,act_arr_time,real_world_error,real_dirty_value,11:06 a.m.,11:04 a.m.,11:04 a.m.,Non corrigé (regression)
320,act_arr_time,missing_values,real_missing_value,4:47 p.m.,,4:47 p.m.,Corrigé
321,act_arr_time,missing_values,real_missing_value,1:43 p.m.,,1:43 p.m.,Corrigé
322,act_arr_time,missing_values,real_missing_value,11:01 a.m.,,11:01 a.m.,Corrigé
323,act_arr_time,missing_values,real_missing_value,12:09 p.m.,,12:09 p.m.,Corrigé
324,act_arr_time,real_world_error,real_dirty_value,3:13 p.m.,2:49 p.m.,3:13 p.m.,Corrigé
325,act_arr_time,real_world_error,real_dirty_value,1:30 p.m.,1:23 p.m.,1:30 p.m.,Corrigé
326,act_arr_time,missing_values,real_missing_value,10:16 a.m.,,10:16 a.m.,Corrigé
327,act_arr_time,missing_values,real_missing_value,6:43 p.m.,,6:43 p.m.,Corrigé
328,act_arr_time,missing_values,real_missing_value,6:15 p.m.,,6:15 p.m.,Corrigé
329,act_arr_time,missing_values,real_missing_value,5:26 p.m.,,5:26 p.m.,Corrigé
330,act_arr_time,missing_values,real_missing_value,5:38 p.m.,,5:38 p.m.,Corrigé
331,act_arr_time,missing_values,real_missing_value,12:50 p.m.,,12:50 p.m.,Corrigé
333,act_arr_time,missing_values,real_missing_value,6:36 p.m.,,6:36 p.m.,Corrigé
334,act_arr_time,missing_values,real_missing_value,6:19 a.m.,,6:19 a.m.,Corrigé
335,act_arr_time,real_world_error,real_dirty_value,11:12 a.m.,10:49 a.m.,11:12 a.m.,Corrigé
336,act_arr_time,missing_values,real_missing_value,3:14 p.m.,,3:14 p.m.,Corrigé
337,act_arr_time,real_world_error,real_dirty_value,9:32 a.m.,9:22 a.m.,9:22 a.m.,Non corrigé (regression)
338,act_arr_time,missing_values,real_missing_value,10:29 p.m.,,10:29 p.m.,Corrigé
339,act_arr_time,real_world_error,real_dirty_value,9:28 a.m.,9:14 a.m.,9:28 a.m.,Corrigé
340,act_arr_time,real_world_error,real_dirty_value,11:58 a.m.,11:30 a.m.,11:58 a.m.,Corrigé
341,act_arr_time,real_world_error,real_dirty_value,9:43 a.m.,9:29 a.m.,9:43 a.m.,Corrigé
342,act_arr_time,real_world_error,real_dirty_value,10:30 p.m.,10:31 p.m.,3:13 p.m.,Mal corrigé (valeur différente mais fausse)
343,act_arr_time,real_world_error,real_dirty_value,5:17 p.m.,5:14 p.m.,5:17 p.m.,Corrigé
344,act_arr_time,missing_values,real_missing_value,3:31 p.m.,,3:31 p.m.,Corrigé
345,act_arr_time,real_world_error,real_dirty_value,4:56 p.m.,4:54 p.m.,4:56 p.m.,Corrigé
346,act_arr_time,real_world_error,real_dirty_value,11:21 a.m.,11:11 a.m.,11:21 a.m.,Corrigé
347,act_arr_time,real_world_error,real_dirty_value,6:55 a.m.,12/2/11 6:35 a.m.,3:13 p.m.,Mal corrigé (valeur différente mais fausse)
348,act_arr_time,real_world_error,real_dirty_value,7:17 a.m.,7:04 a.m.,7:17 a.m.,Corrigé
349,act_arr_time,missing_values,real_missing_value,5:26 a.m.,,5:26 a.m.,Corrigé
350,act_arr_time,real_world_error,real_dirty_value,6:28 p.m.,6:25 p.m.,6:25 p.m.,Non corrigé (regression)
351,act_arr_time,missing_values,real_missing_value,9:14 a.m.,,9:09 a.m.,Mal corrigé (valeur différente mais fausse)
352,act_arr_time,missing_values,real_missing_value,1:19 p.m.,,1:19 p.m.,Corrigé
353,act_arr_time,real_world_error,real_dirty_value,1:27 p.m.,1:11 p.m.,1:27 p.m.,Corrigé
355,act_arr_time,real_world_error,real_dirty_value,9:45 a.m.,9:29 a.m.,9:45 a.m.,Corrigé
356,act_arr_time,real_world_error,real_dirty_value,7:39 p.m.,7:37 p.m.,7:39 p.m.,Corrigé
357,act_arr_time,real_world_error,real_dirty_value,1:40 p.m.,1:36 p.m.,1:40 p.m.,Corrigé
358,act_arr_time,missing_values,real_missing_value,7:10 p.m.,,7:10 p.m.,Corrigé
359,act_arr_time,missing_values,real_missing_value,11:32 a.m.,,11:32 a.m.,Corrigé
360,act_arr_time,real_world_error,real_dirty_value,4:47 p.m.,4:43 p.m.,4:47 p.m.,Corrigé
361,act_arr_time,real_world_error,real_dirty_value,4:09 p.m.,4:08 p.m.,4:09 p.m.,Corrigé
362,act_arr_time,missing_values,real_missing_value,1:14 p.m.,,1:14 p.m.,Corrigé
363,act_arr_time,real_world_error,real_dirty_value,9:05 a.m.,8:50 a.m.,9:05 a.m.,Corrigé
364,act_arr_time,real_world_error,real_dirty_value,5:05 p.m.,5:00 p.m.,5:05 p.m.,Corrigé
365,act_arr_time,missing_values,real_missing_value,10:27 a.m.,,10:27 a.m.,Corrigé
366,act_arr_time,missing_values,real_missing_value,10:56 a.m.,,10:56 a.m.,Corrigé
367,act_arr_time,real_world_error,real_dirty_value,11:56 a.m.,11:50 a.m.,11:50 a.m.,Non corrigé (regression)
368,act_arr_time,real_world_error,real_dirty_value,3:30 p.m.,3:13 p.m.,3:13 p.m.,Non corrigé (regression)
369,act_arr_time,real_world_error,real_dirty_value,1:30 p.m.,1:23 p.m.,1:30 p.m.,Corrigé
370,act_arr_time,real_world_error,real_dirty_value,3:21 p.m.,3:09 p.m.,3:21 p.m.,Corrigé
371,act_arr_time,real_world_error,real_dirty_value,2:10 p.m.,1:55 p.m.,2:10 p.m.,Corrigé
372,act_arr_time,real_world_error,real_dirty_value,5:42 p.m.,5:22 p.m.,5:42 p.m.,Corrigé
373,act_arr_time,real_world_error,real_dirty_value,1:15 p.m.,1:11 p.m.,1:15 p.m.,Corrigé
374,act_arr_time,missing_values,real_missing_value,8:03 p.m.,,8:03 p.m.,Corrigé
375,act_arr_time,missing_values,real_missing_value,9:52 p.m.,,9:38 p.m.,Mal corrigé (valeur différente mais fausse)
376,act_arr_time,real_world_error,real_dirty_value,2:46 p.m.,2:39 p.m.,2:46 p.m.,Corrigé
377,act_arr_time,real_world_error,real_dirty_value,5:34 p.m.,5:24 p.m.,5:34 p.m.,Corrigé
378,act_arr_time,missing_values,real_missing_value,3:33 p.m.,,3:33 p.m.,Corrigé
379,act_arr_time,real_world_error,real_dirty_value,10:36 a.m.,10:34 a.m.,10:29 a.m.,Mal corrigé (valeur différente mais fausse)
381,act_arr_time,real_world_error,real_dirty_value,8:53 p.m.,8:38 p.m.,8:53 p.m.,Corrigé
382,act_arr_time,real_world_error,real_dirty_value,3:16 p.m.,3:04 p.m.,3:16 p.m.,Corrigé
383,act_arr_time,missing_values,real_missing_value,12:21 a.m.,,3:13 p.m.,Mal corrigé (valeur différente mais fausse)
384,act_arr_time,real_world_error,real_dirty_value,7:58 p.m.,7:20 p.m.,7:58 p.m.,Corrigé
385,act_arr_time,missing_values,real_missing_value,12:09 p.m.,,12:09 p.m.,Corrigé
386,act_arr_time,real_world_error,real_dirty_value,7:51 a.m.,7:49 a.m.,7:51 a.m.,Corrigé
387,act_arr_time,real_world_error,real_dirty_value,9:31 a.m.,9:26 a.m.,9:26 a.m.,Non corrigé (regression)
388,act_arr_time,real_world_error,real_dirty_value,7:55 p.m.,7:43 p.m.,7:55 p.m.,Corrigé
389,act_arr_time,real_world_error,real_dirty_value,11:06 a.m.,10:43 a.m.,11:06 a.m.,Corrigé
390,act_arr_time,real_world_error,real_dirty_value,6:38 p.m.,6:28 p.m.,6:38 p.m.,Corrigé
391,act_arr_time,real_world_error,real_dirty_value,7:36 p.m.,7:23 p.m.,7:36 p.m.,Corrigé
392,act_arr_time,real_world_error,real_dirty_value,9:53 p.m.,9:47 p.m.,9:53 p.m.,Corrigé
393,act_arr_time,missing_values,real_missing_value,6:34 p.m.,,6:34 p.m.,Corrigé
394,act_arr_time,real_world_error,real_dirty_value,10:47 a.m.,10:43 a.m.,10:45 a.m.,Mal corrigé (valeur différente mais fausse)
395,act_arr_time,real_world_error,real_dirty_value,3:04 p.m.,2:58 p.m.,3:04 p.m.,Corrigé
396,act_arr_time,real_world_error,real_dirty_value,4:23 p.m.,4:20 p.m.,4:23 p.m.,Corrigé
398,act_arr_time,missing_values,real_missing_value,4:17 p.m.,,4:17 p.m.,Corrigé
399,act_arr_time,real_world_error,real_dirty_value,5:50 a.m.,5:52 a.m.,3:13 p.m.,Mal corrigé (valeur différente mais fausse)
400,act_arr_time,real_world_error,real_dirty_value,12:29 a.m.,12/2/11 12:01 a.m.,3:13 p.m.,Mal corrigé (valeur différente mais fausse)
401,act_arr_time,real_world_error,real_dirty_value,12:15 a.m.,11:49 p.m.,11:49 p.m.,Non corrigé (regression)
402,act_arr_time,real_world_error,real_dirty_value,11:50 p.m.,11:35 p.m.,11:35 p.m.,Non corrigé (regression)
403,act_arr_time,real_world_error,real_dirty_value,10:04 a.m.,9:45 a.m.,10:04 a.m.,Corrigé
404,act_arr_time,real_world_error,real_dirty_value,11:44 a.m.,11:33 a.m.,11:44 a.m.,Corrigé
406,act_arr_time,real_world_error,real_dirty_value,3:50 p.m.,3:29 p.m.,3:29 p.m.,Non corrigé (regression)
407,act_arr_time,missing_values,real_missing_value,4:59 p.m.,,4:59 p.m.,Corrigé
408,act_arr_time,real_world_error,real_dirty_value,8:45 a.m.,8:33 a.m.,8:45 a.m.,Corrigé
409,act_arr_time,missing_values,real_missing_value,5:11 a.m.,,5:21 a.m.,Mal corrigé (valeur différente mais fausse)
410,act_arr_time,real_world_error,real_dirty_value,6:40 p.m.,6:19 p.m.,6:19 p.m.,Non corrigé (regression)
411,act_arr_time,real_world_error,real_dirty_value,8:02 a.m.,7:50 a.m.,8:02 a.m.,Corrigé
412,act_arr_time,real_world_error,real_dirty_value,2:00 p.m.,1:52 p.m.,2:02 p.m.,Mal corrigé (valeur différente mais fausse)
413,act_arr_time,real_world_error,real_dirty_value,9:20 p.m.,9:12 p.m.,9:11 p.m.,Mal corrigé (valeur différente mais fausse)
414,act_arr_time,real_world_error,real_dirty_value,4:44 p.m.,4:22 p.m.,4:24 p.m.,Mal corrigé (valeur différente mais fausse)
415,act_arr_time,missing_values,real_missing_value,7:10 p.m.,,7:10 p.m.,Corrigé
416,act_arr_time,missing_values,real_missing_value,11:56 a.m.,,12:12 p.m.,Mal corrigé (valeur différente mais fausse)
417,act_arr_time,real_world_error,real_dirty_value,3:43 p.m.,3:36 p.m.,3:36 p.m.,Non corrigé (regression)
418,act_arr_time,real_world_error,real_dirty_value,5:43 p.m.,5:39 p.m.,5:43 p.m.,Corrigé
419,act_arr_time,real_world_error,real_dirty_value,11:06 a.m.,11:04 a.m.,11:04 a.m.,Non corrigé (regression)
420,act_arr_time,real_world_error,real_dirty_value,1:43 p.m.,1:42 p.m.,1:43 p.m.,Corrigé
421,act_arr_time,real_world_error,real_dirty_value,11:01 a.m.,10:58 a.m.,11:01 a.m.,Corrigé
422,act_arr_time,missing_values,real_missing_value,12:09 p.m.,,12:09 p.m.,Corrigé
423,act_arr_time,real_world_error,real_dirty_value,3:13 p.m.,2:49 p.m.,3:13 p.m.,Corrigé
424,act_arr_time,real_world_error,real_dirty_value,10:16 a.m.,10:12 a.m.,10:16 a.m.,Corrigé
425,act_arr_time,real_world_error,real_dirty_value,6:43 p.m.,6:30 p.m.,6:43 p.m.,Corrigé
426,act_arr_time,real_world_error,real_dirty_value,8:06 a.m.,7:59 a.m.,8:06 a.m.,Corrigé
427,act_arr_time,real_world_error,real_dirty_value,6:15 p.m.,6:11 p.m.,6:15 p.m.,Corrigé
428,act_arr_time,real_world_error,real_dirty_value,2:27 p.m.,2:21 p.m.,2:27 p.m.,Corrigé
429,act_arr_time,missing_values,real_missing_value,5:26 p.m.,,5:26 p.m.,Corrigé
430,act_arr_time,real_world_error,real_dirty_value,5:38 p.m.,5:34 p.m.,5:38 p.m.,Corrigé
431,act_arr_time,real_world_error,real_dirty_value,12:50 p.m.,12:37 p.m.,12:50 p.m.,Corrigé
432,act_arr_time,real_world_error,real_dirty_value,7:40 a.m.,7:37 a.m.,7:40 a.m.,Corrigé
433,act_arr_time,missing_values,real_missing_value,6:36 p.m.,,6:36 p.m.,Corrigé
434,act_arr_time,real_world_error,real_dirty_value,6:19 a.m.,6:15 a.m.,6:19 a.m.,Corrigé
435,act_arr_time,real_world_error,real_dirty_value,11:12 a.m.,10:52 a.m.,11:12 a.m.,Corrigé
436,act_arr_time,real_world_error,real_dirty_value,3:14 p.m.,3:12 p.m.,3:14 p.m.,Corrigé
437,act_arr_time,real_world_error,real_dirty_value,9:32 a.m.,9:22 a.m.,9:22 a.m.,Non corrigé (regression)
442,act_arr_time,missing_values,real_missing_value,10:30 p.m.,,3:13 p.m.,Mal corrigé (valeur différente mais fausse)
447,act_arr_time,missing_values,real_missing_value,6:55 a.m.,,3:13 p.m.,Mal corrigé (valeur différente mais fausse)
450,act_arr_time,real_world_error,real_dirty_value,6:28 p.m.,6:25 p.m.,6:25 p.m.,Non corrigé (regression)
451,act_arr_time,real_world_error,real_dirty_value,9:14 a.m.,9:09 a.m.,9:09 a.m.,Non corrigé (regression)
453,act_arr_time,real_world_error,real_dirty_value,1:27 p.m.,1:18 p.m.,1:27 p.m.,Corrigé
460,act_arr_time,real_world_error,real_dirty_value,4:47 p.m.,5:00 p.m.,4:47 p.m.,Corrigé
464,act_arr_time,real_world_error,real_dirty_value,5:05 p.m.,5:03 p.m.,5:05 p.m.,Corrigé
467,act_arr_time,real_world_error,real_dirty_value,11:56 a.m.,11:50 a.m.,11:50 a.m.,Non corrigé (regression)
468,act_arr_time,real_world_error,real_dirty_value,3:30 p.m.,3:19 p.m.,3:13 p.m.,Mal corrigé (valeur différente mais fausse)
471,act_arr_time,real_world_error,real_dirty_value,2:10 p.m.,2:01 p.m.,2:10 p.m.,Corrigé
473,act_arr_time,real_world_error,real_dirty_value,1:15 p.m.,1:14 p.m.,1:15 p.m.,Corrigé
475,act_arr_time,real_world_error,real_dirty_value,9:52 p.m.,9:38 p.m.,9:38 p.m.,Non corrigé (regression)
478,act_arr_time,real_world_error,real_dirty_value,3:33 p.m.,3:25 p.m.,3:33 p.m.,Corrigé
479,act_arr_time,real_world_error,real_dirty_value,10:36 a.m.,10:29 a.m.,10:29 a.m.,Non corrigé (regression)
480,act_arr_time,missing_values,real_missing_value,7:25 p.m.,,7:25 p.m.,Corrigé
481,act_arr_time,real_world_error,real_dirty_value,8:53 p.m.,8:43 p.m.,8:53 p.m.,Corrigé
482,act_arr_time,missing_values,real_missing_value,12:21 a.m.,,3:13 p.m.,Mal corrigé (valeur différente mais fausse)
486,act_arr_time,real_world_error,real_dirty_value,9:31 a.m.,9:29 a.m.,9:26 a.m.,Mal corrigé (valeur différente mais fausse)
487,act_arr_time,real_world_error,real_dirty_value,7:55 p.m.,7:53 p.m.,7:55 p.m.,Corrigé
488,act_arr_time,real_world_error,real_dirty_value,6:38 p.m.,6:35 p.m.,6:38 p.m.,Corrigé
490,act_arr_time,real_world_error,real_dirty_value,9:53 p.m.,9:49 p.m.,9:53 p.m.,Corrigé
492,act_arr_time,real_world_error,real_dirty_value,10:47 a.m.,10:45 a.m.,10:45 a.m.,Non corrigé (regression)
495,act_arr_time,real_world_error,real_dirty_value,2:50 p.m.,2:52 p.m.,2:50 p.m.,Corrigé
497,act_arr_time,missing_values,real_missing_value,5:50 a.m.,,3:13 p.m.,Mal corrigé (valeur différente mais fausse)
498,act_arr_time,missing_values,real_missing_value,12:29 a.m.,,3:13 p.m.,Mal corrigé (valeur différente mais fausse)
499,act_arr_time,missing_values,real_missing_value,12:15 a.m.,,11:49 p.m.,Mal corrigé (valeur différente mais fausse)
500,act_arr_time,missing_values,real_missing_value,11:50 p.m.,,11:35 p.m.,Mal corrigé (valeur différente mais fausse)
504,act_arr_time,missing_values,real_missing_value,3:50 p.m.,,3:29 p.m.,Mal corrigé (valeur différente mais fausse)
507,act_arr_time,missing_values,real_missing_value,5:11 a.m.,,5:21 a.m.,Mal corrigé (valeur différente mais fausse)
508,act_arr_time,missing_values,real_missing_value,6:40 p.m.,,6:19 p.m.,Mal corrigé (valeur différente mais fausse)
510,act_arr_time,real_world_error,real_dirty_value,2:00 p.m.,2:02 p.m.,2:02 p.m.,Non corrigé (regression)
511,act_arr_time,real_world_error,real_dirty_value,9:20 p.m.,9:11 p.m.,9:11 p.m.,Non corrigé (regression)
512,act_arr_time,real_world_error,real_dirty_value,4:44 p.m.,4:24 p.m.,4:24 p.m.,Non corrigé (regression)
514,act_arr_time,real_world_error,real_dirty_value,11:56 a.m.,12:12 p.m.,12:12 p.m.,Non corrigé (regression)
515,act_arr_time,real_world_error,real_dirty_value,3:43 p.m.,3:36 p.m.,3:36 p.m.,Non corrigé (regression)
516,act_arr_time,real_world_error,real_dirty_value,5:43 p.m.,5:34 p.m.,5:43 p.m.,Corrigé
517,act_arr_time,real_world_error,real_dirty_value,11:06 a.m.,11:07 a.m.,11:04 a.m.,Mal corrigé (valeur différente mais fausse)
519,act_arr_time,real_world_error,real_dirty_value,11:01 a.m.,11:00 a.m.,11:01 a.m.,Corrigé
521,act_arr_time,real_world_error,real_dirty_value,3:13 p.m.,3:01 p.m.,3:13 p.m.,Corrigé
522,act_arr_time,real_world_error,real_dirty_value,10:16 a.m.,10:10 a.m.,10:16 a.m.,Corrigé
524,act_arr_time,real_world_error,real_dirty_value,8:06 a.m.,7:57 a.m.,8:06 a.m.,Corrigé
526,act_arr_time,real_world_error,real_dirty_value,6:15 p.m.,6:09 p.m.,6:15 p.m.,Corrigé
530,act_arr_time,real_world_error,real_dirty_value,5:38 p.m.,6:17 p.m.,5:38 p.m.,Corrigé
531,act_arr_time,real_world_error,real_dirty_value,12:50 p.m.,12:48 p.m.,12:50 p.m.,Corrigé
532,act_arr_time,real_world_error,real_dirty_value,7:40 a.m.,7:32 a.m.,7:40 a.m.,Corrigé
542,act_arr_time,real_world_error,real_dirty_value,10:30 p.m.,10:30 p.m. (Estimated),3:13 p.m.,Mal corrigé (valeur différente mais fausse)
544,act_arr_time,real_world_error,real_dirty_value,7:25 p.m.,7:25 p.m. (Estimated runway),7:25 p.m.,Corrigé
547,act_arr_time,real_world_error,real_dirty_value,6:55 a.m.,6:35 a.m. (Estimated runway),3:13 p.m.,Mal corrigé (valeur différente mais fausse)
568,act_arr_time,real_world_error,real_dirty_value,3:30 p.m.,3:20 p.m. (runway),3:13 p.m.,Mal corrigé (valeur différente mais fausse)
573,act_arr_time,real_world_error,real_dirty_value,9:52 p.m.,9:52 p.m. (Estimated),9:38 p.m.,Mal corrigé (valeur différente mais fausse)
582,act_arr_time,real_world_error,real_dirty_value,12:21 a.m.,12:21 a.m. (Estimated),3:13 p.m.,Mal corrigé (valeur différente mais fausse)
597,act_arr_time,real_world_error,real_dirty_value,5:50 a.m.,5:42 a.m. (Estimated runway),3:13 p.m.,Mal corrigé (valeur différente mais fausse)
598,act_arr_time,real_world_error,real_dirty_value,12:29 a.m.,12:01 a.m. (Estimated runway),3:13 p.m.,Mal corrigé (valeur différente mais fausse)
599,act_arr_time,real_world_error,real_dirty_value,12:15 a.m.,11:49 p.m. (Estimated runway),11:49 p.m.,Mal corrigé (valeur différente mais fausse)
600,act_arr_time,real_world_error,real_dirty_value,11:50 p.m.,11:35 p.m. (Estimated runway),11:35 p.m.,Mal corrigé (valeur différente mais fausse)
607,act_arr_time,missing_values,real_missing_value,5:11 a.m.,,5:21 a.m.,Mal corrigé (valeur différente mais fausse)
608,act_arr_time,real_world_error,real_dirty_value,6:40 p.m.,6:40 p.m. (Estimated),6:19 p.m.,Mal corrigé (valeur différente mais fausse)
610,act_arr_time,real_world_error,real_dirty_value,9:20 p.m.,9:19 p.m. (Estimated),9:11 p.m.,Mal corrigé (valeur différente mais fausse)
629,act_arr_time,real_world_error,real_dirty_value,9:32 a.m.,9:22 a.m.,9:22 a.m.,Non corrigé (regression)
634,act_arr_time,missing_values,real_missing_value,10:30 p.m.,,3:13 p.m.,Mal corrigé (valeur différente mais fausse)
639,act_arr_time,missing_values,real_missing_value,6:55 a.m.,,3:13 p.m.,Mal corrigé (valeur différente mais fausse)
642,act_arr_time,real_world_error,real_dirty_value,6:28 p.m.,6:25 p.m.,6:25 p.m.,Non corrigé (regression)
643,act_arr_time,real_world_error,real_dirty_value,9:14 a.m.,9:09 a.m.,9:09 a.m.,Non corrigé (regression)
645,act_arr_time,real_world_error,real_dirty_value,1:27 p.m.,1:18 p.m.,1:27 p.m.,Corrigé
652,act_arr_time,real_world_error,real_dirty_value,4:47 p.m.,5:00 p.m.,4:47 p.m.,Corrigé
656,act_arr_time,real_world_error,real_dirty_value,5:05 p.m.,5:03 p.m.,5:05 p.m.,Corrigé
659,act_arr_time,real_world_error,real_dirty_value,11:56 a.m.,11:50 a.m.,11:50 a.m.,Non corrigé (regression)
660,act_arr_time,real_world_error,real_dirty_value,3:30 p.m.,3:19 p.m.,3:13 p.m.,Mal corrigé (valeur différente mais fausse)
663,act_arr_time,real_world_error,real_dirty_value,2:10 p.m.,2:01 p.m.,2:10 p.m.,Corrigé
665,act_arr_time,real_world_error,real_dirty_value,1:15 p.m.,1:14 p.m.,1:15 p.m.,Corrigé
667,act_arr_time,real_world_error,real_dirty_value,9:52 p.m.,9:38 p.m.,9:38 p.m.,Non corrigé (regression)
670,act_arr_time,real_world_error,real_dirty_value,3:33 p.m.,3:25 p.m.,3:33 p.m.,Corrigé
671,act_arr_time,real_world_error,real_dirty_value,10:36 a.m.,10:29 a.m.,10:29 a.m.,Non corrigé (regression)
672,act_arr_time,missing_values,real_missing_value,7:25 p.m.,,7:25 p.m.,Corrigé
673,act_arr_time,real_world_error,real_dirty_value,8:53 p.m.,8:43 p.m.,8:53 p.m.,Corrigé
674,act_arr_time,missing_values,real_missing_value,12:21 a.m.,,3:13 p.m.,Mal corrigé (valeur différente mais fausse)
678,act_arr_time,real_world_error,real_dirty_value,9:31 a.m.,9:29 a.m.,9:26 a.m.,Mal corrigé (valeur différente mais fausse)
679,act_arr_time,real_world_error,real_dirty_value,7:55 p.m.,7:53 p.m.,7:55 p.m.,Corrigé
680,act_arr_time,real_world_error,real_dirty_value,6:38 p.m.,6:35 p.m.,6:38 p.m.,Corrigé
682,act_arr_time,real_world_error,real_dirty_value,9:53 p.m.,9:49 p.m.,9:53 p.m.,Corrigé
684,act_arr_time,real_world_error,real_dirty_value,10:47 a.m.,10:45 a.m.,10:45 a.m.,Non corrigé (regression)
687,act_arr_time,real_world_error,real_dirty_value,2:50 p.m.,2:52 p.m.,2:50 p.m.,Corrigé
689,act_arr_time,missing_values,real_missing_value,5:50 a.m.,,3:13 p.m.,Mal corrigé (valeur différente mais fausse)
690,act_arr_time,missing_values,real_missing_value,12:29 a.m.,,3:13 p.m.,Mal corrigé (valeur différente mais fausse)
691,act_arr_time,missing_values,real_missing_value,12:15 a.m.,,11:49 p.m.,Mal corrigé (valeur différente mais fausse)
692,act_arr_time,missing_values,real_missing_value,11:50 p.m.,,11:35 p.m.,Mal corrigé (valeur différente mais fausse)
696,act_arr_time,missing_values,real_missing_value,3:50 p.m.,,3:29 p.m.,Mal corrigé (valeur différente mais fausse)
699,act_arr_time,missing_values,real_missing_value,5:11 a.m.,,5:21 a.m.,Mal corrigé (valeur différente mais fausse)
700,act_arr_time,missing_values,real_missing_value,6:40 p.m.,,6:19 p.m.,Mal corrigé (valeur différente mais fausse)
702,act_arr_time,real_world_error,real_dirty_value,2:00 p.m.,2:02 p.m.,2:02 p.m.,Non corrigé (regression)
703,act_arr_time,real_world_error,real_dirty_value,9:20 p.m.,9:11 p.m.,9:11 p.m.,Non corrigé (regression)
704,act_arr_time,real_world_error,real_dirty_value,4:44 p.m.,4:24 p.m.,4:24 p.m.,Non corrigé (regression)
706,act_arr_time,real_world_error,real_dirty_value,11:56 a.m.,12:12 p.m.,12:12 p.m.,Non corrigé (regression)
707,act_arr_time,real_world_error,real_dirty_value,3:43 p.m.,3:36 p.m.,3:36 p.m.,Non corrigé (regression)
708,act_arr_time,real_world_error,real_dirty_value,5:43 p.m.,5:34 p.m.,5:43 p.m.,Corrigé
709,act_arr_time,real_world_error,real_dirty_value,11:06 a.m.,11:07 a.m.,11:04 a.m.,Mal corrigé (valeur différente mais fausse)
711,act_arr_time,real_world_error,real_dirty_value,11:01 a.m.,11:00 a.m.,11:01 a.m.,Corrigé
713,act_arr_time,real_world_error,real_dirty_value,3:13 p.m.,3:01 p.m.,3:13 p.m.,Corrigé
714,act_arr_time,real_world_error,real_dirty_value,10:16 a.m.,10:10 a.m.,10:16 a.m.,Corrigé
716,act_arr_time,real_world_error,real_dirty_value,8:06 a.m.,7:57 a.m.,8:06 a.m.,Corrigé
718,act_arr_time,real_world_error,real_dirty_value,6:15 p.m.,6:09 p.m.,6:15 p.m.,Corrigé
722,act_arr_time,real_world_error,real_dirty_value,5:38 p.m.,6:17 p.m.,5:38 p.m.,Corrigé
723,act_arr_time,real_world_error,real_dirty_value,12:50 p.m.,12:48 p.m.,12:50 p.m.,Corrigé
724,act_arr_time,real_world_error,real_dirty_value,7:40 a.m.,7:32 a.m.,7:40 a.m.,Corrigé
729,act_arr_time,real_world_error,real_dirty_value,9:32 a.m.,9:22 a.m.,9:22 a.m.,Non corrigé (regression)
730,act_arr_time,real_world_error,real_dirty_value,10:30 p.m.,10:28 p.m.,3:13 p.m.,Mal corrigé (valeur différente mais fausse)
731,act_arr_time,real_world_error,real_dirty_value,10:29 p.m.,10:22 p.m.,10:29 p.m.,Corrigé
732,act_arr_time,real_world_error,real_dirty_value,11:58 a.m.,11:30 a.m.,11:58 a.m.,Corrigé
733,act_arr_time,real_world_error,real_dirty_value,9:43 a.m.,9:39 a.m.,9:43 a.m.,Corrigé
734,act_arr_time,missing_values,real_missing_value,7:25 p.m.,,7:25 p.m.,Corrigé
735,act_arr_time,real_world_error,real_dirty_value,4:56 p.m.,4:54 p.m.,4:56 p.m.,Corrigé
736,act_arr_time,real_world_error,real_dirty_value,11:21 a.m.,11:16 a.m.,11:21 a.m.,Corrigé
737,act_arr_time,missing_values,real_missing_value,6:55 a.m.,,3:13 p.m.,Mal corrigé (valeur différente mais fausse)
738,act_arr_time,real_world_error,real_dirty_value,7:17 a.m.,7:04 a.m.,7:17 a.m.,Corrigé
739,act_arr_time,real_world_error,real_dirty_value,5:26 a.m.,5:25 a.m.,5:26 a.m.,Corrigé
741,act_arr_time,real_world_error,real_dirty_value,9:45 a.m.,9:29 a.m.,9:45 a.m.,Corrigé
742,act_arr_time,real_world_error,real_dirty_value,7:39 p.m.,7:37 p.m.,7:39 p.m.,Corrigé
743,act_arr_time,real_world_error,real_dirty_value,1:27 p.m.,1:19 p.m.,1:27 p.m.,Corrigé
744,act_arr_time,real_world_error,real_dirty_value,4:09 p.m.,4:08 p.m.,4:09 p.m.,Corrigé
745,act_arr_time,real_world_error,real_dirty_value,1:14 p.m.,1:06 p.m.,1:14 p.m.,Corrigé
746,act_arr_time,real_world_error,real_dirty_value,9:05 a.m.,8:50 a.m.,9:05 a.m.,Corrigé
747,act_arr_time,real_world_error,real_dirty_value,11:01 a.m.,10:58 a.m.,11:01 a.m.,Corrigé
748,act_arr_time,real_world_error,real_dirty_value,11:56 a.m.,11:50 a.m.,11:50 a.m.,Non corrigé (regression)
749,act_arr_time,real_world_error,real_dirty_value,8:06 a.m.,7:59 a.m.,8:06 a.m.,Corrigé
750,act_arr_time,real_world_error,real_dirty_value,3:30 p.m.,3:13 p.m.,3:13 p.m.,Non corrigé (regression)
751,act_arr_time,real_world_error,real_dirty_value,3:21 p.m.,3:07 p.m.,3:21 p.m.,Corrigé
752,act_arr_time,real_world_error,real_dirty_value,2:10 p.m.,1:55 p.m.,2:10 p.m.,Corrigé
753,act_arr_time,real_world_error,real_dirty_value,5:42 p.m.,5:22 p.m.,5:42 p.m.,Corrigé
754,act_arr_time,real_world_error,real_dirty_value,2:27 p.m.,2:21 p.m.,2:27 p.m.,Corrigé
755,act_arr_time,real_world_error,real_dirty_value,2:46 p.m.,2:39 p.m.,2:46 p.m.,Corrigé
756,act_arr_time,missing_values,real_missing_value,5:34 p.m.,,5:34 p.m.,Corrigé
757,act_arr_time,real_world_error,real_dirty_value,3:33 p.m.,3:26 p.m.,3:33 p.m.,Corrigé
758,act_arr_time,real_world_error,real_dirty_value,10:36 a.m.,10:34 a.m.,10:29 a.m.,Mal corrigé (valeur différente mais fausse)
759,act_arr_time,real_world_error,real_dirty_value,8:53 p.m.,8:38 p.m.,8:53 p.m.,Corrigé
760,act_arr_time,real_world_error,real_dirty_value,3:16 p.m.,3:04 p.m.,3:16 p.m.,Corrigé
761,act_arr_time,real_world_error,real_dirty_value,12:09 p.m.,12:02 p.m.,12:09 p.m.,Corrigé
762,act_arr_time,real_world_error,real_dirty_value,7:51 a.m.,7:49 a.m.,7:51 a.m.,Corrigé
763,act_arr_time,real_world_error,real_dirty_value,9:31 a.m.,9:26 a.m.,9:26 a.m.,Non corrigé (regression)
764,act_arr_time,real_world_error,real_dirty_value,7:55 p.m.,7:43 p.m.,7:55 p.m.,Corrigé
765,act_arr_time,real_world_error,real_dirty_value,11:06 a.m.,10:43 a.m.,11:06 a.m.,Corrigé
766,act_arr_time,real_world_error,real_dirty_value,7:36 p.m.,7:23 p.m.,7:36 p.m.,Corrigé
767,act_arr_time,real_world_error,real_dirty_value,9:53 p.m.,9:47 p.m.,9:53 p.m.,Corrigé
768,act_arr_time,real_world_error,real_dirty_value,1:40 p.m.,1:36 p.m.,1:40 p.m.,Corrigé
769,act_arr_time,real_world_error,real_dirty_value,4:23 p.m.,4:20 p.m.,4:23 p.m.,Corrigé
770,act_arr_time,real_world_error,real_dirty_value,4:17 p.m.,4:05 p.m.,4:17 p.m.,Corrigé
771,act_arr_time,missing_values,real_missing_value,5:50 a.m.,,3:13 p.m.,Mal corrigé (valeur différente mais fausse)
772,act_arr_time,missing_values,real_missing_value,12:15 a.m.,,11:49 p.m.,Mal corrigé (valeur différente mais fausse)
773,act_arr_time,missing_values,real_missing_value,11:50 p.m.,,11:35 p.m.,Mal corrigé (valeur différente mais fausse)
774,act_arr_time,real_world_error,real_dirty_value,10:04 a.m.,9:45 a.m.,10:04 a.m.,Corrigé
775,act_arr_time,real_world_error,real_dirty_value,11:44 a.m.,11:33 a.m.,11:44 a.m.,Corrigé
777,act_arr_time,missing_values,real_missing_value,3:50 p.m.,,3:29 p.m.,Mal corrigé (valeur différente mais fausse)
778,act_arr_time,real_world_error,real_dirty_value,5:11 a.m.,5:24 a.m.,5:21 a.m.,Mal corrigé (valeur différente mais fausse)
779,act_arr_time,missing_values,real_missing_value,6:40 p.m.,,6:19 p.m.,Mal corrigé (valeur différente mais fausse)
780,act_arr_time,real_world_error,real_dirty_value,11:32 a.m.,11:27 a.m.,11:32 a.m.,Corrigé
781,act_arr_time,real_world_error,real_dirty_value,3:43 p.m.,3:36 p.m.,3:36 p.m.,Non corrigé (regression)
782,act_arr_time,real_world_error,real_dirty_value,11:06 a.m.,11:04 a.m.,11:04 a.m.,Non corrigé (regression)
783,act_arr_time,missing_values,real_missing_value,12:29 a.m.,,3:13 p.m.,Mal corrigé (valeur différente mais fausse)
784,act_arr_time,real_world_error,real_dirty_value,8:45 a.m.,8:33 a.m.,8:45 a.m.,Corrigé
785,act_arr_time,real_world_error,real_dirty_value,1:43 p.m.,1:42 p.m.,1:43 p.m.,Corrigé
786,act_arr_time,real_world_error,real_dirty_value,3:13 p.m.,2:49 p.m.,3:13 p.m.,Corrigé
787,act_arr_time,real_world_error,real_dirty_value,3:14 p.m.,3:12 p.m.,3:14 p.m.,Corrigé
788,act_arr_time,real_world_error,real_dirty_value,12:50 p.m.,12:37 p.m.,12:50 p.m.,Corrigé
789,act_arr_time,real_world_error,real_dirty_value,7:40 a.m.,7:37 a.m.,7:40 a.m.,Corrigé
790,act_arr_time,real_world_error,real_dirty_value,6:19 a.m.,6:13 a.m.,6:19 a.m.,Corrigé
791,act_arr_time,real_world_error,real_dirty_value,11:12 a.m.,10:52 a.m.,11:12 a.m.,Corrigé
792,act_arr_time,real_world_error,real_dirty_value,2:46 p.m.,2:46P,2:46 p.m.,Corrigé
793,act_arr_time,real_world_error,real_dirty_value,10:04 a.m.,10:08A,10:04 a.m.,Corrigé
794,act_arr_time,real_world_error,real_dirty_value,7:39 p.m.,7:39P,7:39 p.m.,Corrigé
795,act_arr_time,real_world_error,real_dirty_value,9:05 a.m.,9:04A,9:05 a.m.,Corrigé
796,act_arr_time,real_world_error,real_dirty_value,11:06 a.m.,11:06A,11:06 a.m.,Corrigé
797,act_arr_time,missing_values,real_missing_value,3:21 p.m.,,3:21 p.m.,Corrigé
798,act_arr_time,missing_values,real_missing_value,3:30 p.m.,,3:13 p.m.,Mal corrigé (valeur différente mais fausse)
799,act_arr_time,missing_values,real_missing_value,11:50 p.m.,,11:35 p.m.,Mal corrigé (valeur différente mais fausse)
800,act_arr_time,missing_values,real_missing_value,4:09 p.m.,,4:09 p.m.,Corrigé
801,act_arr_time,missing_values,real_missing_value,3:04 p.m.,,3:04 p.m.,Corrigé
802,act_arr_time,missing_values,real_missing_value,7:39 p.m.,,7:39 p.m.,Corrigé
803,act_arr_time,real_world_error,real_dirty_value,10:29 p.m.,Thu  22:25,10:29 p.m.,Corrigé
804,act_arr_time,real_world_error,real_dirty_value,5:43 p.m.,Thu  17:40,5:43 p.m.,Corrigé
805,act_arr_time,real_world_error,real_dirty_value,7:25 p.m.,Thu  19:33,7:25 p.m.,Corrigé
806,act_arr_time,real_world_error,real_dirty_value,7:40 a.m.,Thu  7:31,7:40 a.m.,Corrigé
807,act_arr_time,real_world_error,real_dirty_value,6:55 a.m.,Thu  6:50,3:13 p.m.,Mal corrigé (valeur différente mais fausse)
808,act_arr_time,missing_values,real_missing_value,9:53 p.m.,,9:53 p.m.,Corrigé
809,act_arr_time,real_world_error,real_dirty_value,10:36 a.m.,Thu  10:28,10:29 a.m.,Mal corrigé (valeur différente mais fausse)
810,act_arr_time,missing_values,real_missing_value,12:09 p.m.,,12:09 p.m.,Corrigé
816,act_arr_time,missing_values,real_missing_value,10:30 p.m.,,3:13 p.m.,Mal corrigé (valeur différente mais fausse)
821,act_arr_time,missing_values,real_missing_value,6:55 a.m.,,3:13 p.m.,Mal corrigé (valeur différente mais fausse)
842,act_arr_time,real_world_error,real_dirty_value,3:30 p.m.,3:20 p.m. (Runway),3:13 p.m.,Mal corrigé (valeur différente mais fausse)
849,act_arr_time,real_world_error,real_dirty_value,9:52 p.m.,8:56 p.m.,9:38 p.m.,Mal corrigé (valeur différente mais fausse)
854,act_arr_time,missing_values,real_missing_value,7:25 p.m.,,7:25 p.m.,Corrigé
856,act_arr_time,missing_values,real_missing_value,12:21 a.m.,,3:13 p.m.,Mal corrigé (valeur différente mais fausse)
871,act_arr_time,missing_values,real_missing_value,5:50 a.m.,,3:13 p.m.,Mal corrigé (valeur différente mais fausse)
872,act_arr_time,missing_values,real_missing_value,12:29 a.m.,,3:13 p.m.,Mal corrigé (valeur différente mais fausse)
873,act_arr_time,missing_values,real_missing_value,12:15 a.m.,,11:49 p.m.,Mal corrigé (valeur différente mais fausse)
874,act_arr_time,missing_values,real_missing_value,11:50 p.m.,,11:35 p.m.,Mal corrigé (valeur différente mais fausse)
878,act_arr_time,missing_values,real_missing_value,3:50 p.m.,,3:29 p.m.,Mal corrigé (valeur différente mais fausse)
881,act_arr_time,missing_values,real_missing_value,5:11 a.m.,,5:21 a.m.,Mal corrigé (valeur différente mais fausse)
882,act_arr_time,missing_values,real_missing_value,6:40 p.m.,,6:19 p.m.,Mal corrigé (valeur différente mais fausse)
888,act_arr_time,real_world_error,real_dirty_value,11:56 a.m.,11:45 a.m.,12:12 p.m.,Mal corrigé (valeur différente mais fausse)
911,act_arr_time,real_world_error,real_dirty_value,9:32 a.m.,9:22 a.m.,9:22 a.m.,Non corrigé (regression)
912,act_arr_time,real_world_error,real_dirty_value,7:25 p.m.,7:35 p.m.,7:25 p.m.,Corrigé
913,act_arr_time,missing_values,real_missing_value,9:43 a.m.,,9:43 a.m.,Corrigé
914,act_arr_time,real_world_error,real_dirty_value,2:10 p.m.,2:01 p.m.,2:10 p.m.,Corrigé
915,act_arr_time,missing_values,real_missing_value,7:17 a.m.,,7:17 a.m.,Corrigé
916,act_arr_time,missing_values,real_missing_value,5:26 a.m.,,5:26 a.m.,Corrigé
917,act_arr_time,real_world_error,real_dirty_value,9:14 a.m.,9:09 a.m.,9:09 a.m.,Non corrigé (regression)
918,act_arr_time,missing_values,real_missing_value,1:19 p.m.,,1:19 p.m.,Corrigé
919,act_arr_time,missing_values,real_missing_value,9:45 a.m.,,9:45 a.m.,Corrigé
920,act_arr_time,missing_values,real_missing_value,7:10 p.m.,,7:10 p.m.,Corrigé
921,act_arr_time,real_world_error,real_dirty_value,9:05 a.m.,9:00 a.m.,9:05 a.m.,Corrigé
922,act_arr_time,real_world_error,real_dirty_value,11:56 a.m.,11:50 a.m.,11:50 a.m.,Non corrigé (regression)
923,act_arr_time,real_world_error,real_dirty_value,3:30 p.m.,3:19 p.m.,3:13 p.m.,Mal corrigé (valeur différente mais fausse)
925,act_arr_time,real_world_error,real_dirty_value,3:21 p.m.,3:20 p.m.,3:21 p.m.,Corrigé
926,act_arr_time,real_world_error,real_dirty_value,5:26 p.m.,5:09 p.m.,5:26 p.m.,Corrigé
927,act_arr_time,real_world_error,real_dirty_value,1:27 p.m.,1:11 p.m.,1:27 p.m.,Corrigé
928,act_arr_time,real_world_error,real_dirty_value,2:27 p.m.,2:17 p.m.,2:27 p.m.,Corrigé
929,act_arr_time,real_world_error,real_dirty_value,2:46 p.m.,2:36 p.m.,2:46 p.m.,Corrigé
931,act_arr_time,real_world_error,real_dirty_value,3:16 p.m.,3:10 p.m.,3:16 p.m.,Corrigé
932,act_arr_time,real_world_error,real_dirty_value,12:21 a.m.,12:21 a.m. (Estimated),3:13 p.m.,Mal corrigé (valeur différente mais fausse)
933,act_arr_time,missing_values,real_missing_value,12:09 p.m.,,12:09 p.m.,Corrigé
934,act_arr_time,real_world_error,real_dirty_value,6:38 p.m.,6:36 p.m.,6:38 p.m.,Corrigé
935,act_arr_time,real_world_error,real_dirty_value,7:36 p.m.,7:26 p.m.,7:36 p.m.,Corrigé
936,act_arr_time,missing_values,real_missing_value,9:53 p.m.,,9:53 p.m.,Corrigé
937,act_arr_time,missing_values,real_missing_value,6:34 p.m.,,6:34 p.m.,Corrigé
938,act_arr_time,real_world_error,real_dirty_value,10:47 a.m.,10:45 a.m.,10:45 a.m.,Non corrigé (regression)
939,act_arr_time,real_world_error,real_dirty_value,3:04 p.m.,2:52 p.m.,3:04 p.m.,Corrigé
940,act_arr_time,real_world_error,real_dirty_value,4:23 p.m.,4:18 p.m.,4:23 p.m.,Corrigé
942,act_arr_time,real_world_error,real_dirty_value,12:29 a.m.,12:01 a.m. (Estimated runway),3:13 p.m.,Mal corrigé (valeur différente mais fausse)
943,act_arr_time,real_world_error,real_dirty_value,11:50 p.m.,11:35 p.m. (Estimated runway),11:35 p.m.,Mal corrigé (valeur différente mais fausse)
944,act_arr_time,real_world_error,real_dirty_value,11:44 a.m.,11:40 a.m.,11:44 a.m.,Corrigé
945,act_arr_time,real_world_error,real_dirty_value,5:42 p.m.,5:28 p.m.,5:42 p.m.,Corrigé
946,act_arr_time,missing_values,real_missing_value,9:13 a.m.,,9:13 a.m.,Corrigé
947,act_arr_time,missing_values,real_missing_value,5:11 a.m.,,5:21 a.m.,Mal corrigé (valeur différente mais fausse)
948,act_arr_time,missing_values,real_missing_value,6:40 p.m.,,6:19 p.m.,Mal corrigé (valeur différente mais fausse)
949,act_arr_time,missing_values,real_missing_value,8:02 a.m.,,8:02 a.m.,Corrigé
950,act_arr_time,real_world_error,real_dirty_value,2:00 p.m.,2:02 p.m.,2:02 p.m.,Non corrigé (regression)
951,act_arr_time,real_world_error,real_dirty_value,9:20 p.m.,9:19 p.m. (Estimated),9:11 p.m.,Mal corrigé (valeur différente mais fausse)
952,act_arr_time,real_world_error,real_dirty_value,11:56 a.m.,12:10 p.m.,12:12 p.m.,Mal corrigé (valeur différente mais fausse)
953,act_arr_time,real_world_error,real_dirty_value,11:32 a.m.,11:26 a.m.,11:32 a.m.,Corrigé
954,act_arr_time,real_world_error,real_dirty_value,11:06 a.m.,11:04 a.m.,11:04 a.m.,Non corrigé (regression)
955,act_arr_time,missing_values,real_missing_value,4:47 p.m.,,4:47 p.m.,Corrigé
956,act_arr_time,missing_values,real_missing_value,8:45 a.m.,,8:45 a.m.,Corrigé
957,act_arr_time,real_world_error,real_dirty_value,1:43 p.m.,1:40 p.m.,1:43 p.m.,Corrigé
958,act_arr_time,missing_values,real_missing_value,11:01 a.m.,,11:01 a.m.,Corrigé
959,act_arr_time,missing_values,real_missing_value,12:09 p.m.,,12:09 p.m.,Corrigé
960,act_arr_time,real_world_error,real_dirty_value,1:30 p.m.,1:27 p.m.,1:30 p.m.,Corrigé
961,act_arr_time,real_world_error,real_dirty_value,6:43 p.m.,6:36 p.m.,6:43 p.m.,Corrigé
962,act_arr_time,missing_values,real_missing_value,4:56 p.m.,,4:56 p.m.,Corrigé
963,act_arr_time,missing_values,real_missing_value,6:15 p.m.,,6:15 p.m.,Corrigé
964,act_arr_time,real_world_error,real_dirty_value,10:56 a.m.,10:47 a.m.,10:56 a.m.,Corrigé
965,act_arr_time,real_world_error,real_dirty_value,12:50 p.m.,12:48 p.m.,12:50 p.m.,Corrigé
967,act_arr_time,real_world_error,real_dirty_value,11:12 a.m.,11:00 a.m.,11:12 a.m.,Corrigé
968,act_arr_time,real_world_error,real_dirty_value,3:14 p.m.,3:09 p.m.,3:14 p.m.,Corrigé
969,act_arr_time,real_world_error,real_dirty_value,9:32 a.m.,9:22 a.m.,9:22 a.m.,Non corrigé (regression)
970,act_arr_time,real_world_error,real_dirty_value,7:51 a.m.,7:49 a.m.,7:51 a.m.,Corrigé
971,act_arr_time,real_world_error,real_dirty_value,9:31 a.m.,9:26 a.m.,9:26 a.m.,Non corrigé (regression)
973,act_arr_time,real_world_error,real_dirty_value,11:06 a.m.,10:43 a.m.,11:06 a.m.,Corrigé
974,act_arr_time,real_world_error,real_dirty_value,5:05 p.m.,4:57 p.m.,5:05 p.m.,Corrigé
975,act_arr_time,real_world_error,real_dirty_value,9:43 a.m.,9:44 a.m.,9:43 a.m.,Corrigé
976,act_arr_time,real_world_error,real_dirty_value,4:23 p.m.,4:20 p.m.,4:23 p.m.,Corrigé
977,act_arr_time,real_world_error,real_dirty_value,3:13 p.m.,2:49 p.m.,3:13 p.m.,Corrigé
978,act_arr_time,real_world_error,real_dirty_value,11:50 p.m.,11:35 p.m.,11:35 p.m.,Non corrigé (regression)
979,act_arr_time,real_world_error,real_dirty_value,12:21 a.m.,12:02 a.m.,3:13 p.m.,Mal corrigé (valeur différente mais fausse)
980,act_arr_time,real_world_error,real_dirty_value,8:03 p.m.,7:43 p.m.,8:03 p.m.,Corrigé
981,act_arr_time,real_world_error,real_dirty_value,6:15 p.m.,6:11 p.m.,6:15 p.m.,Corrigé
982,act_arr_time,real_world_error,real_dirty_value,9:52 p.m.,8:46 p.m.,9:38 p.m.,Mal corrigé (valeur différente mais fausse)
983,act_arr_time,real_world_error,real_dirty_value,10:36 a.m.,10:29 a.m.,10:29 a.m.,Non corrigé (regression)
984,act_arr_time,real_world_error,real_dirty_value,3:33 p.m.,3:26 p.m.,3:33 p.m.,Corrigé
985,act_arr_time,real_world_error,real_dirty_value,6:19 a.m.,6:09 a.m.,6:19 a.m.,Corrigé
986,act_arr_time,real_world_error,real_dirty_value,11:12 a.m.,10:52 a.m.,11:12 a.m.,Corrigé
987,act_arr_time,real_world_error,real_dirty_value,8:53 p.m.,8:38 p.m.,8:53 p.m.,Corrigé
988,act_arr_time,real_world_error,real_dirty_value,6:43 p.m.,6:30 p.m.,6:43 p.m.,Corrigé
993,act_arr_time,real_world_error,real_dirty_value,10:30 p.m.,10:30 p.m.*,3:13 p.m.,Mal corrigé (valeur différente mais fausse)
994,act_arr_time,real_world_error,real_dirty_value,7:25 p.m.,Not Available,7:25 p.m.,Corrigé
996,act_arr_time,real_world_error,real_dirty_value,5:17 p.m.,Contact Airline,5:17 p.m.,Corrigé
998,act_arr_time,real_world_error,real_dirty_value,6:55 a.m.,Dec 02 Not Available,3:13 p.m.,Mal corrigé (valeur différente mais fausse)
1001,act_arr_time,real_world_error,real_dirty_value,6:28 p.m.,Contact Airline,6:25 p.m.,Mal corrigé (valeur différente mais fausse)
1008,act_arr_time,real_world_error,real_dirty_value,5:05 p.m.,Contact Airline,5:05 p.m.,Corrigé
1018,act_arr_time,real_world_error,real_dirty_value,1:15 p.m.,Contact Airline,1:15 p.m.,Corrigé
1025,act_arr_time,real_world_error,real_dirty_value,12:21 a.m.,Dec 02 Contact Airline,3:13 p.m.,Mal corrigé (valeur différente mais fausse)
1030,act_arr_time,real_world_error,real_dirty_value,6:38 p.m.,Contact Airline,6:38 p.m.,Corrigé
1032,act_arr_time,real_world_error,real_dirty_value,10:47 a.m.,Contact Airline,10:45 a.m.,Mal corrigé (valeur différente mais fausse)
1035,act_arr_time,real_world_error,real_dirty_value,5:50 a.m.,Dec 02 Not Available,3:13 p.m.,Mal corrigé (valeur différente mais fausse)
1036,act_arr_time,real_world_error,real_dirty_value,12:29 a.m.,Not Available,3:13 p.m.,Mal corrigé (valeur différente mais fausse)
1037,act_arr_time,real_world_error,real_dirty_value,12:15 a.m.,Dec 02 Not Available,11:49 p.m.,Mal corrigé (valeur différente mais fausse)
1038,act_arr_time,real_world_error,real_dirty_value,11:50 p.m.,Not Available,11:35 p.m.,Mal corrigé (valeur différente mais fausse)
1043,act_arr_time,real_world_error,real_dirty_value,3:50 p.m.,Not Available,3:29 p.m.,Mal corrigé (valeur différente mais fausse)
1047,act_arr_time,real_world_error,real_dirty_value,2:00 p.m.,Contact Airline,2:02 p.m.,Mal corrigé (valeur différente mais fausse)
1048,act_arr_time,real_world_error,real_dirty_value,9:20 p.m.,9:19 p.m.*,9:11 p.m.,Mal corrigé (valeur différente mais fausse)
1049,act_arr_time,real_world_error,real_dirty_value,4:44 p.m.,Contact Airline,4:24 p.m.,Mal corrigé (valeur différente mais fausse)
1050,act_arr_time,real_world_error,real_dirty_value,7:10 p.m.,Contact Airline,7:10 p.m.,Corrigé
1054,act_arr_time,real_world_error,real_dirty_value,4:47 p.m.,Contact Airline,4:47 p.m.,Corrigé
1056,act_arr_time,real_world_error,real_dirty_value,12:09 p.m.,Contact Airline,12:09 p.m.,Corrigé
1063,act_arr_time,real_world_error,real_dirty_value,5:38 p.m.,Contact Airline,5:38 p.m.,Corrigé
1070,act_arr_time,real_world_error,real_dirty_value,9:32 a.m.,9:22 a.m.,9:22 a.m.,Non corrigé (regression)
1075,act_arr_time,missing_values,real_missing_value,10:30 p.m.,,3:13 p.m.,Mal corrigé (valeur différente mais fausse)
1080,act_arr_time,missing_values,real_missing_value,6:55 a.m.,,3:13 p.m.,Mal corrigé (valeur différente mais fausse)
1083,act_arr_time,real_world_error,real_dirty_value,6:28 p.m.,6:25 p.m.,6:25 p.m.,Non corrigé (regression)
1084,act_arr_time,real_world_error,real_dirty_value,9:14 a.m.,9:09 a.m.,9:09 a.m.,Non corrigé (regression)
1086,act_arr_time,real_world_error,real_dirty_value,1:27 p.m.,1:18 p.m.,1:27 p.m.,Corrigé
1093,act_arr_time,real_world_error,real_dirty_value,4:47 p.m.,5:00 p.m.,4:47 p.m.,Corrigé
1097,act_arr_time,real_world_error,real_dirty_value,5:05 p.m.,5:03 p.m.,5:05 p.m.,Corrigé
1100,act_arr_time,real_world_error,real_dirty_value,11:56 a.m.,11:50 a.m.,11:50 a.m.,Non corrigé (regression)
1101,act_arr_time,real_world_error,real_dirty_value,3:30 p.m.,3:19 p.m.,3:13 p.m.,Mal corrigé (valeur différente mais fausse)
1104,act_arr_time,real_world_error,real_dirty_value,2:10 p.m.,2:01 p.m.,2:10 p.m.,Corrigé
1106,act_arr_time,real_world_error,real_dirty_value,1:15 p.m.,1:14 p.m.,1:15 p.m.,Corrigé
1108,act_arr_time,real_world_error,real_dirty_value,9:52 p.m.,9:38 p.m.,9:38 p.m.,Non corrigé (regression)
1111,act_arr_time,real_world_error,real_dirty_value,3:33 p.m.,3:25 p.m.,3:33 p.m.,Corrigé
1112,act_arr_time,real_world_error,real_dirty_value,10:36 a.m.,10:29 a.m.,10:29 a.m.,Non corrigé (regression)
1113,act_arr_time,missing_values,real_missing_value,7:25 p.m.,,7:25 p.m.,Corrigé
1114,act_arr_time,real_world_error,real_dirty_value,8:53 p.m.,8:43 p.m.,8:53 p.m.,Corrigé
1115,act_arr_time,missing_values,real_missing_value,12:21 a.m.,,3:13 p.m.,Mal corrigé (valeur différente mais fausse)
1119,act_arr_time,real_world_error,real_dirty_value,9:31 a.m.,9:29 a.m.,9:26 a.m.,Mal corrigé (valeur différente mais fausse)
1120,act_arr_time,real_world_error,real_dirty_value,7:55 p.m.,7:53 p.m.,7:55 p.m.,Corrigé
1121,act_arr_time,real_world_error,real_dirty_value,6:38 p.m.,6:35 p.m.,6:38 p.m.,Corrigé
1123,act_arr_time,real_world_error,real_dirty_value,9:53 p.m.,9:49 p.m.,9:53 p.m.,Corrigé
1125,act_arr_time,real_world_error,real_dirty_value,10:47 a.m.,10:45 a.m.,10:45 a.m.,Non corrigé (regression)
1128,act_arr_time,real_world_error,real_dirty_value,2:50 p.m.,2:52 p.m.,2:50 p.m.,Corrigé
1130,act_arr_time,missing_values,real_missing_value,5:50 a.m.,,3:13 p.m.,Mal corrigé (valeur différente mais fausse)
1131,act_arr_time,missing_values,real_missing_value,12:29 a.m.,,3:13 p.m.,Mal corrigé (valeur différente mais fausse)
1132,act_arr_time,missing_values,real_missing_value,12:15 a.m.,,11:49 p.m.,Mal corrigé (valeur différente mais fausse)
1133,act_arr_time,missing_values,real_missing_value,11:50 p.m.,,11:35 p.m.,Mal corrigé (valeur différente mais fausse)
1137,act_arr_time,missing_values,real_missing_value,3:50 p.m.,,3:29 p.m.,Mal corrigé (valeur différente mais fausse)
1140,act_arr_time,missing_values,real_missing_value,5:11 a.m.,,5:21 a.m.,Mal corrigé (valeur différente mais fausse)
1141,act_arr_time,missing_values,real_missing_value,6:40 p.m.,,6:19 p.m.,Mal corrigé (valeur différente mais fausse)
1143,act_arr_time,real_world_error,real_dirty_value,2:00 p.m.,2:02 p.m.,2:02 p.m.,Non corrigé (regression)
1144,act_arr_time,real_world_error,real_dirty_value,9:20 p.m.,9:11 p.m.,9:11 p.m.,Non corrigé (regression)
1145,act_arr_time,real_world_error,real_dirty_value,4:44 p.m.,4:24 p.m.,4:24 p.m.,Non corrigé (regression)
1147,act_arr_time,real_world_error,real_dirty_value,11:56 a.m.,12:12 p.m.,12:12 p.m.,Non corrigé (regression)
1148,act_arr_time,real_world_error,real_dirty_value,3:43 p.m.,3:36 p.m.,3:36 p.m.,Non corrigé (regression)
1149,act_arr_time,real_world_error,real_dirty_value,5:43 p.m.,5:34 p.m.,5:43 p.m.,Corrigé
1150,act_arr_time,real_world_error,real_dirty_value,11:06 a.m.,11:07 a.m.,11:04 a.m.,Mal corrigé (valeur différente mais fausse)
1152,act_arr_time,real_world_error,real_dirty_value,11:01 a.m.,11:00 a.m.,11:01 a.m.,Corrigé
1154,act_arr_time,real_world_error,real_dirty_value,3:13 p.m.,3:01 p.m.,3:13 p.m.,Corrigé
1155,act_arr_time,real_world_error,real_dirty_value,10:16 a.m.,10:10 a.m.,10:16 a.m.,Corrigé
1157,act_arr_time,real_world_error,real_dirty_value,8:06 a.m.,7:57 a.m.,8:06 a.m.,Corrigé
1159,act_arr_time,real_world_error,real_dirty_value,6:15 p.m.,6:09 p.m.,6:15 p.m.,Corrigé
1163,act_arr_time,real_world_error,real_dirty_value,5:38 p.m.,6:17 p.m.,5:38 p.m.,Corrigé
1164,act_arr_time,real_world_error,real_dirty_value,12:50 p.m.,12:48 p.m.,12:50 p.m.,Corrigé
1165,act_arr_time,real_world_error,real_dirty_value,7:40 a.m.,7:32 a.m.,7:40 a.m.,Corrigé
1170,act_arr_time,missing_values,real_missing_value,9:32 a.m.,,9:22 a.m.,Mal corrigé (valeur différente mais fausse)
1171,act_arr_time,real_world_error,real_dirty_value,9:28 a.m.,9:09 a.m.,9:28 a.m.,Corrigé
1172,act_arr_time,real_world_error,real_dirty_value,10:29 p.m.,10:23 p.m.,10:29 p.m.,Corrigé
1173,act_arr_time,missing_values,real_missing_value,9:43 a.m.,,9:43 a.m.,Corrigé
1174,act_arr_time,missing_values,real_missing_value,10:30 p.m.,,3:13 p.m.,Mal corrigé (valeur différente mais fausse)
1175,act_arr_time,real_world_error,real_dirty_value,7:17 a.m.,7:10 a.m.,7:17 a.m.,Corrigé
1176,act_arr_time,real_world_error,real_dirty_value,9:56 a.m.,9:54 a.m.,9:56 a.m.,Corrigé
1178,act_arr_time,missing_values,real_missing_value,7:39 p.m.,,7:39 p.m.,Corrigé
1179,act_arr_time,real_world_error,real_dirty_value,8:03 p.m.,7:55 p.m.,8:03 p.m.,Corrigé
1180,act_arr_time,real_world_error,real_dirty_value,9:05 a.m.,9:00 a.m.,9:05 a.m.,Corrigé
1181,act_arr_time,missing_values,real_missing_value,5:05 p.m.,,5:05 p.m.,Corrigé
1182,act_arr_time,missing_values,real_missing_value,1:40 p.m.,,1:40 p.m.,Corrigé
1183,act_arr_time,real_world_error,real_dirty_value,11:56 a.m.,11:50 a.m.,11:50 a.m.,Non corrigé (regression)
1185,act_arr_time,real_world_error,real_dirty_value,2:50 p.m.,2:52 p.m.,2:50 p.m.,Corrigé
1186,act_arr_time,real_world_error,real_dirty_value,3:21 p.m.,3:20 p.m.,3:21 p.m.,Corrigé
1187,act_arr_time,real_world_error,real_dirty_value,1:15 p.m.,1:14 p.m.,1:15 p.m.,Corrigé
1188,act_arr_time,real_world_error,real_dirty_value,2:46 p.m.,2:36 p.m.,2:46 p.m.,Corrigé
1189,act_arr_time,missing_values,real_missing_value,5:34 p.m.,,5:34 p.m.,Corrigé
1191,act_arr_time,missing_values,real_missing_value,8:53 p.m.,,8:53 p.m.,Corrigé
1192,act_arr_time,real_world_error,real_dirty_value,12:21 a.m.,Not Available,3:13 p.m.,Mal corrigé (valeur différente mais fausse)
1193,act_arr_time,real_world_error,real_dirty_value,7:58 p.m.,7:53 p.m.,7:58 p.m.,Corrigé
1195,act_arr_time,real_world_error,real_dirty_value,9:53 p.m.,9:49 p.m.,9:53 p.m.,Corrigé
1196,act_arr_time,missing_values,real_missing_value,6:34 p.m.,,6:34 p.m.,Corrigé
1198,act_arr_time,missing_values,real_missing_value,4:23 p.m.,,4:23 p.m.,Corrigé
1199,act_arr_time,real_world_error,real_dirty_value,5:50 a.m.,5:42 a.m. (Estimated runway),3:13 p.m.,Mal corrigé (valeur différente mais fausse)
1200,act_arr_time,real_world_error,real_dirty_value,5:42 p.m.,5:28 p.m.,5:42 p.m.,Corrigé
1202,act_arr_time,real_world_error,real_dirty_value,4:59 p.m.,4:55 p.m.,4:59 p.m.,Corrigé
1203,act_arr_time,real_world_error,real_dirty_value,8:45 a.m.,8:41 a.m.,8:45 a.m.,Corrigé
1204,act_arr_time,missing_values,real_missing_value,5:11 a.m.,,5:21 a.m.,Mal corrigé (valeur différente mais fausse)
1205,act_arr_time,missing_values,real_missing_value,6:40 p.m.,,6:19 p.m.,Mal corrigé (valeur différente mais fausse)
1206,act_arr_time,real_world_error,real_dirty_value,2:00 p.m.,2:02 p.m.,2:02 p.m.,Non corrigé (regression)
1207,act_arr_time,real_world_error,real_dirty_value,4:44 p.m.,4:24 p.m.,4:24 p.m.,Non corrigé (regression)
1208,act_arr_time,real_world_error,real_dirty_value,11:56 a.m.,12:10 p.m.,12:12 p.m.,Mal corrigé (valeur différente mais fausse)
1210,act_arr_time,real_world_error,real_dirty_value,11:06 a.m.,11:07 a.m.,11:04 a.m.,Mal corrigé (valeur différente mais fausse)
1211,act_arr_time,real_world_error,real_dirty_value,12:29 a.m.,Not Available,3:13 p.m.,Mal corrigé (valeur différente mais fausse)
1212,act_arr_time,missing_values,real_missing_value,1:43 p.m.,,1:43 p.m.,Corrigé
1213,act_arr_time,missing_values,real_missing_value,11:01 a.m.,,11:01 a.m.,Corrigé
1214,act_arr_time,missing_values,real_missing_value,12:09 p.m.,,12:09 p.m.,Corrigé
1217,act_arr_time,real_world_error,real_dirty_value,6:43 p.m.,6:36 p.m.,6:43 p.m.,Corrigé
1218,act_arr_time,real_world_error,real_dirty_value,7:25 p.m.,7:35 p.m.,7:25 p.m.,Corrigé
1219,act_arr_time,missing_values,real_missing_value,4:56 p.m.,,4:56 p.m.,Corrigé
1220,act_arr_time,missing_values,real_missing_value,6:15 p.m.,,6:15 p.m.,Corrigé
1221,act_arr_time,missing_values,real_missing_value,6:19 a.m.,,6:19 a.m.,Corrigé
1222,act_arr_time,real_world_error,real_dirty_value,11:12 a.m.,10:49 a.m.,11:12 a.m.,Corrigé
1223,act_arr_time,real_world_error,real_dirty_value,9:32 a.m.,9:22 a.m.,9:22 a.m.,Non corrigé (regression)
1224,act_arr_time,missing_values,real_missing_value,10:29 p.m.,,10:29 p.m.,Corrigé
1225,act_arr_time,real_world_error,real_dirty_value,9:28 a.m.,9:14 a.m.,9:28 a.m.,Corrigé
1226,act_arr_time,real_world_error,real_dirty_value,11:58 a.m.,11:30 a.m.,11:58 a.m.,Corrigé
1227,act_arr_time,real_world_error,real_dirty_value,9:43 a.m.,9:29 a.m.,9:43 a.m.,Corrigé
1228,act_arr_time,real_world_error,real_dirty_value,10:30 p.m.,10:31 p.m.,3:13 p.m.,Mal corrigé (valeur différente mais fausse)
1229,act_arr_time,real_world_error,real_dirty_value,5:17 p.m.,5:14 p.m.,5:17 p.m.,Corrigé
1230,act_arr_time,missing_values,real_missing_value,3:31 p.m.,,3:31 p.m.,Corrigé
1231,act_arr_time,real_world_error,real_dirty_value,4:56 p.m.,4:54 p.m.,4:56 p.m.,Corrigé
1232,act_arr_time,real_world_error,real_dirty_value,11:21 a.m.,11:11 a.m.,11:21 a.m.,Corrigé
1233,act_arr_time,real_world_error,real_dirty_value,6:55 a.m.,12/2/11 6:35 a.m.,3:13 p.m.,Mal corrigé (valeur différente mais fausse)
1234,act_arr_time,real_world_error,real_dirty_value,7:17 a.m.,7:04 a.m.,7:17 a.m.,Corrigé
1235,act_arr_time,missing_values,real_missing_value,5:26 a.m.,,5:26 a.m.,Corrigé
1236,act_arr_time,real_world_error,real_dirty_value,6:28 p.m.,6:25 p.m.,6:25 p.m.,Non corrigé (regression)
1237,act_arr_time,missing_values,real_missing_value,9:14 a.m.,,9:09 a.m.,Mal corrigé (valeur différente mais fausse)
1238,act_arr_time,missing_values,real_missing_value,1:19 p.m.,,1:19 p.m.,Corrigé
1239,act_arr_time,real_world_error,real_dirty_value,1:27 p.m.,1:11 p.m.,1:27 p.m.,Corrigé
1241,act_arr_time,real_world_error,real_dirty_value,9:45 a.m.,9:29 a.m.,9:45 a.m.,Corrigé
1242,act_arr_time,real_world_error,real_dirty_value,7:39 p.m.,7:37 p.m.,7:39 p.m.,Corrigé
1243,act_arr_time,real_world_error,real_dirty_value,1:40 p.m.,1:36 p.m.,1:40 p.m.,Corrigé
1244,act_arr_time,missing_values,real_missing_value,7:10 p.m.,,7:10 p.m.,Corrigé
1245,act_arr_time,missing_values,real_missing_value,11:32 a.m.,,11:32 a.m.,Corrigé
1246,act_arr_time,real_world_error,real_dirty_value,4:47 p.m.,4:43 p.m.,4:47 p.m.,Corrigé
1247,act_arr_time,real_world_error,real_dirty_value,4:09 p.m.,4:08 p.m.,4:09 p.m.,Corrigé
1248,act_arr_time,missing_values,real_missing_value,1:14 p.m.,,1:14 p.m.,Corrigé
1249,act_arr_time,real_world_error,real_dirty_value,9:05 a.m.,8:50 a.m.,9:05 a.m.,Corrigé
1250,act_arr_time,real_world_error,real_dirty_value,5:05 p.m.,5:00 p.m.,5:05 p.m.,Corrigé
1251,act_arr_time,missing_values,real_missing_value,10:27 a.m.,,10:27 a.m.,Corrigé
1252,act_arr_time,missing_values,real_missing_value,10:56 a.m.,,10:56 a.m.,Corrigé
1253,act_arr_time,real_world_error,real_dirty_value,11:56 a.m.,11:50 a.m.,11:50 a.m.,Non corrigé (regression)
1254,act_arr_time,real_world_error,real_dirty_value,3:30 p.m.,3:13 p.m.,3:13 p.m.,Non corrigé (regression)
1255,act_arr_time,real_world_error,real_dirty_value,1:30 p.m.,1:23 p.m.,1:30 p.m.,Corrigé
1256,act_arr_time,real_world_error,real_dirty_value,3:21 p.m.,3:09 p.m.,3:21 p.m.,Corrigé
1257,act_arr_time,real_world_error,real_dirty_value,2:10 p.m.,1:55 p.m.,2:10 p.m.,Corrigé
1258,act_arr_time,real_world_error,real_dirty_value,5:42 p.m.,5:22 p.m.,5:42 p.m.,Corrigé
1259,act_arr_time,real_world_error,real_dirty_value,1:15 p.m.,1:11 p.m.,1:15 p.m.,Corrigé
1260,act_arr_time,missing_values,real_missing_value,8:03 p.m.,,8:03 p.m.,Corrigé
1261,act_arr_time,missing_values,real_missing_value,9:52 p.m.,,9:38 p.m.,Mal corrigé (valeur différente mais fausse)
1262,act_arr_time,real_world_error,real_dirty_value,2:46 p.m.,2:39 p.m.,2:46 p.m.,Corrigé
1263,act_arr_time,real_world_error,real_dirty_value,5:34 p.m.,5:24 p.m.,5:34 p.m.,Corrigé
1264,act_arr_time,missing_values,real_missing_value,3:33 p.m.,,3:33 p.m.,Corrigé
1265,act_arr_time,real_world_error,real_dirty_value,10:36 a.m.,10:34 a.m.,10:29 a.m.,Mal corrigé (valeur différente mais fausse)
1267,act_arr_time,real_world_error,real_dirty_value,8:53 p.m.,8:38 p.m.,8:53 p.m.,Corrigé
1268,act_arr_time,real_world_error,real_dirty_value,3:16 p.m.,3:04 p.m.,3:16 p.m.,Corrigé
1269,act_arr_time,missing_values,real_missing_value,12:21 a.m.,,3:13 p.m.,Mal corrigé (valeur différente mais fausse)
1270,act_arr_time,real_world_error,real_dirty_value,7:58 p.m.,7:20 p.m.,7:58 p.m.,Corrigé
1271,act_arr_time,missing_values,real_missing_value,12:09 p.m.,,12:09 p.m.,Corrigé
1272,act_arr_time,real_world_error,real_dirty_value,7:51 a.m.,7:49 a.m.,7:51 a.m.,Corrigé
1273,act_arr_time,real_world_error,real_dirty_value,9:31 a.m.,9:26 a.m.,9:26 a.m.,Non corrigé (regression)
1274,act_arr_time,real_world_error,real_dirty_value,7:55 p.m.,7:43 p.m.,7:55 p.m.,Corrigé
1275,act_arr_time,real_world_error,real_dirty_value,11:06 a.m.,10:43 a.m.,11:06 a.m.,Corrigé
1276,act_arr_time,real_world_error,real_dirty_value,6:38 p.m.,6:28 p.m.,6:38 p.m.,Corrigé
1277,act_arr_time,real_world_error,real_dirty_value,7:36 p.m.,7:23 p.m.,7:36 p.m.,Corrigé
1278,act_arr_time,real_world_error,real_dirty_value,9:53 p.m.,9:47 p.m.,9:53 p.m.,Corrigé
1279,act_arr_time,missing_values,real_missing_value,6:34 p.m.,,6:34 p.m.,Corrigé
1280,act_arr_time,real_world_error,real_dirty_value,10:47 a.m.,10:43 a.m.,10:45 a.m.,Mal corrigé (valeur différente mais fausse)
1281,act_arr_time,real_world_error,real_dirty_value,3:04 p.m.,2:58 p.m.,3:04 p.m.,Corrigé
1282,act_arr_time,real_world_error,real_dirty_value,4:23 p.m.,4:20 p.m.,4:23 p.m.,Corrigé
1284,act_arr_time,missing_values,real_missing_value,4:17 p.m.,,4:17 p.m.,Corrigé
1285,act_arr_time,real_world_error,real_dirty_value,5:50 a.m.,5:52 a.m.,3:13 p.m.,Mal corrigé (valeur différente mais fausse)
1286,act_arr_time,real_world_error,real_dirty_value,12:29 a.m.,12/2/11 12:01 a.m.,3:13 p.m.,Mal corrigé (valeur différente mais fausse)
1287,act_arr_time,real_world_error,real_dirty_value,12:15 a.m.,11:49 p.m.,11:49 p.m.,Non corrigé (regression)
1288,act_arr_time,real_world_error,real_dirty_value,11:50 p.m.,11:35 p.m.,11:35 p.m.,Non corrigé (regression)
1289,act_arr_time,real_world_error,real_dirty_value,10:04 a.m.,9:45 a.m.,10:04 a.m.,Corrigé
1290,act_arr_time,real_world_error,real_dirty_value,11:44 a.m.,11:33 a.m.,11:44 a.m.,Corrigé
1292,act_arr_time,real_world_error,real_dirty_value,3:50 p.m.,3:29 p.m.,3:29 p.m.,Non corrigé (regression)
1293,act_arr_time,missing_values,real_missing_value,4:59 p.m.,,4:59 p.m.,Corrigé
1294,act_arr_time,real_world_error,real_dirty_value,8:45 a.m.,8:33 a.m.,8:45 a.m.,Corrigé
1295,act_arr_time,missing_values,real_missing_value,5:11 a.m.,,5:21 a.m.,Mal corrigé (valeur différente mais fausse)
1296,act_arr_time,real_world_error,real_dirty_value,6:40 p.m.,6:19 p.m.,6:19 p.m.,Non corrigé (regression)
1297,act_arr_time,real_world_error,real_dirty_value,8:02 a.m.,7:50 a.m.,8:02 a.m.,Corrigé
1298,act_arr_time,real_world_error,real_dirty_value,2:00 p.m.,1:52 p.m.,2:02 p.m.,Mal corrigé (valeur différente mais fausse)
1299,act_arr_time,real_world_error,real_dirty_value,9:20 p.m.,9:12 p.m.,9:11 p.m.,Mal corrigé (valeur différente mais fausse)
1300,act_arr_time,real_world_error,real_dirty_value,4:44 p.m.,4:22 p.m.,4:24 p.m.,Mal corrigé (valeur différente mais fausse)
1301,act_arr_time,missing_values,real_missing_value,7:10 p.m.,,7:10 p.m.,Corrigé
1302,act_arr_time,missing_values,real_missing_value,11:56 a.m.,,12:12 p.m.,Mal corrigé (valeur différente mais fausse)
1303,act_arr_time,real_world_error,real_dirty_value,3:43 p.m.,3:36 p.m.,3:36 p.m.,Non corrigé (regression)
1304,act_arr_time,real_world_error,real_dirty_value,5:43 p.m.,5:39 p.m.,5:43 p.m.,Corrigé
1305,act_arr_time,real_world_error,real_dirty_value,11:06 a.m.,11:04 a.m.,11:04 a.m.,Non corrigé (regression)
1306,act_arr_time,real_world_error,real_dirty_value,1:43 p.m.,1:42 p.m.,1:43 p.m.,Corrigé
1307,act_arr_time,real_world_error,real_dirty_value,11:01 a.m.,10:58 a.m.,11:01 a.m.,Corrigé
1308,act_arr_time,missing_values,real_missing_value,12:09 p.m.,,12:09 p.m.,Corrigé
1309,act_arr_time,real_world_error,real_dirty_value,3:13 p.m.,2:49 p.m.,3:13 p.m.,Corrigé
1310,act_arr_time,real_world_error,real_dirty_value,10:16 a.m.,10:12 a.m.,10:16 a.m.,Corrigé
1311,act_arr_time,real_world_error,real_dirty_value,6:43 p.m.,6:30 p.m.,6:43 p.m.,Corrigé
1312,act_arr_time,real_world_error,real_dirty_value,8:06 a.m.,7:59 a.m.,8:06 a.m.,Corrigé
1313,act_arr_time,real_world_error,real_dirty_value,6:15 p.m.,6:11 p.m.,6:15 p.m.,Corrigé
1314,act_arr_time,real_world_error,real_dirty_value,2:27 p.m.,2:21 p.m.,2:27 p.m.,Corrigé
1315,act_arr_time,missing_values,real_missing_value,5:26 p.m.,,5:26 p.m.,Corrigé
1316,act_arr_time,real_world_error,real_dirty_value,5:38 p.m.,5:34 p.m.,5:38 p.m.,Corrigé
1317,act_arr_time,real_world_error,real_dirty_value,12:50 p.m.,12:37 p.m.,12:50 p.m.,Corrigé
1318,act_arr_time,real_world_error,real_dirty_value,7:40 a.m.,7:37 a.m.,7:40 a.m.,Corrigé
1319,act_arr_time,missing_values,real_missing_value,6:36 p.m.,,6:36 p.m.,Corrigé
1320,act_arr_time,real_world_error,real_dirty_value,6:19 a.m.,6:15 a.m.,6:19 a.m.,Corrigé
1321,act_arr_time,real_world_error,real_dirty_value,11:12 a.m.,10:52 a.m.,11:12 a.m.,Corrigé
1322,act_arr_time,real_world_error,real_dirty_value,3:14 p.m.,3:12 p.m.,3:14 p.m.,Corrigé
1323,act_arr_time,real_world_error,real_dirty_value,9:32 a.m.,9:32aDec 1,9:22 a.m.,Mal corrigé (valeur différente mais fausse)
1324,act_arr_time,real_world_error,real_dirty_value,10:29 p.m.,10:02 p.m.,10:29 p.m.,Corrigé
1325,act_arr_time,real_world_error,real_dirty_value,9:28 a.m.,9:28aDec 1,9:28 a.m.,Corrigé
1326,act_arr_time,real_world_error,real_dirty_value,11:58 a.m.,11:58aDec 1,11:58 a.m.,Corrigé
1327,act_arr_time,missing_values,real_missing_value,9:43 a.m.,,9:43 a.m.,Corrigé
1328,act_arr_time,missing_values,real_missing_value,10:30 p.m.,,3:13 p.m.,Mal corrigé (valeur différente mais fausse)
1332,act_arr_time,missing_values,real_missing_value,11:21 a.m.,,11:21 a.m.,Corrigé
1333,act_arr_time,missing_values,real_missing_value,6:55 a.m.,,3:13 p.m.,Mal corrigé (valeur différente mais fausse)
1334,act_arr_time,real_world_error,real_dirty_value,7:17 a.m.,7:17aDec 1,7:17 a.m.,Corrigé
1335,act_arr_time,real_world_error,real_dirty_value,5:26 a.m.,5:26aDec 1,5:26 a.m.,Corrigé
1337,act_arr_time,missing_values,real_missing_value,9:14 a.m.,,9:09 a.m.,Mal corrigé (valeur différente mais fausse)
1340,act_arr_time,real_world_error,real_dirty_value,9:56 a.m.,9:56aDec 1,9:56 a.m.,Corrigé
1341,act_arr_time,real_world_error,real_dirty_value,9:45 a.m.,9:45aDec 1,9:45 a.m.,Corrigé
1345,act_arr_time,real_world_error,real_dirty_value,11:32 a.m.,11:32aDec 1,11:32 a.m.,Corrigé
1349,act_arr_time,real_world_error,real_dirty_value,9:05 a.m.,9:05aDec 1,9:05 a.m.,Corrigé
1351,act_arr_time,real_world_error,real_dirty_value,10:27 a.m.,10:27aDec 1,10:27 a.m.,Corrigé
1352,act_arr_time,real_world_error,real_dirty_value,10:56 a.m.,10:56aDec 1,10:56 a.m.,Corrigé
1353,act_arr_time,real_world_error,real_dirty_value,11:56 a.m.,11:56aDec 1,11:50 a.m.,Mal corrigé (valeur différente mais fausse)
1356,act_arr_time,missing_values,real_missing_value,3:21 p.m.,,3:21 p.m.,Corrigé
1361,act_arr_time,missing_values,real_missing_value,9:52 p.m.,,9:38 p.m.,Mal corrigé (valeur différente mais fausse)
1365,act_arr_time,real_world_error,real_dirty_value,10:36 a.m.,10:36aDec 1,10:29 a.m.,Mal corrigé (valeur différente mais fausse)
1366,act_arr_time,missing_values,real_missing_value,7:25 p.m.,,7:25 p.m.,Corrigé
1368,act_arr_time,missing_values,real_missing_value,12:21 a.m.,,3:13 p.m.,Mal corrigé (valeur différente mais fausse)
1371,act_arr_time,real_world_error,real_dirty_value,7:51 a.m.,7:51aDec 1,7:51 a.m.,Corrigé
1372,act_arr_time,real_world_error,real_dirty_value,9:31 a.m.,9:31aDec 1,9:26 a.m.,Mal corrigé (valeur différente mais fausse)
1378,act_arr_time,real_world_error,real_dirty_value,10:47 a.m.,10:47aDec 1,10:45 a.m.,Mal corrigé (valeur différente mais fausse)
1383,act_arr_time,missing_values,real_missing_value,5:50 a.m.,,3:13 p.m.,Mal corrigé (valeur différente mais fausse)
1384,act_arr_time,missing_values,real_missing_value,12:29 a.m.,,3:13 p.m.,Mal corrigé (valeur différente mais fausse)
1385,act_arr_time,missing_values,real_missing_value,12:15 a.m.,,11:49 p.m.,Mal corrigé (valeur différente mais fausse)
1386,act_arr_time,missing_values,real_missing_value,11:50 p.m.,,11:35 p.m.,Mal corrigé (valeur différente mais fausse)
1387,act_arr_time,real_world_error,real_dirty_value,10:04 a.m.,10:04aDec 1,10:04 a.m.,Corrigé
1388,act_arr_time,real_world_error,real_dirty_value,11:44 a.m.,11:44aDec 1,11:44 a.m.,Corrigé
1389,act_arr_time,missing_values,real_missing_value,3:50 p.m.,,3:29 p.m.,Mal corrigé (valeur différente mais fausse)
1391,act_arr_time,real_world_error,real_dirty_value,8:45 a.m.,8:45aDec 1,8:45 a.m.,Corrigé
1392,act_arr_time,missing_values,real_missing_value,5:11 a.m.,,5:21 a.m.,Mal corrigé (valeur différente mais fausse)
1393,act_arr_time,missing_values,real_missing_value,6:40 p.m.,,6:19 p.m.,Mal corrigé (valeur différente mais fausse)
1394,act_arr_time,real_world_error,real_dirty_value,8:02 a.m.,8:02aDec 1,8:02 a.m.,Corrigé
1396,act_arr_time,missing_values,real_missing_value,9:20 p.m.,,9:11 p.m.,Mal corrigé (valeur différente mais fausse)
1399,act_arr_time,missing_values,real_missing_value,11:56 a.m.,,12:12 p.m.,Mal corrigé (valeur différente mais fausse)
1402,act_arr_time,real_world_error,real_dirty_value,11:06 a.m.,11:06aDec 1,11:04 a.m.,Mal corrigé (valeur différente mais fausse)
1404,act_arr_time,real_world_error,real_dirty_value,11:01 a.m.,11:01aDec 1,11:01 a.m.,Corrigé
1407,act_arr_time,real_world_error,real_dirty_value,10:16 a.m.,10:16aDec 1,10:16 a.m.,Corrigé
1409,act_arr_time,real_world_error,real_dirty_value,8:06 a.m.,8:06aDec 1,8:06 a.m.,Corrigé
1413,act_arr_time,real_world_error,real_dirty_value,11:06 a.m.,11:06aDec 1,11:06 a.m.,Corrigé
1417,act_arr_time,real_world_error,real_dirty_value,7:40 a.m.,7:40aDec 1,7:40 a.m.,Corrigé
1419,act_arr_time,real_world_error,real_dirty_value,6:19 a.m.,6:19aDec 1,6:19 a.m.,Corrigé
1420,act_arr_time,real_world_error,real_dirty_value,11:12 a.m.,11:12aDec 1,11:12 a.m.,Corrigé
1422,act_arr_time,missing_values,real_missing_value,4:09 p.m.,,4:09 p.m.,Corrigé
1423,act_arr_time,missing_values,real_missing_value,9:13 a.m.,,9:13 a.m.,Corrigé
1424,act_arr_time,missing_values,real_missing_value,3:43 p.m.,,3:36 p.m.,Mal corrigé (valeur différente mais fausse)
1425,act_arr_time,missing_values,real_missing_value,4:23 p.m.,,4:23 p.m.,Corrigé
1459,act_arr_time,real_world_error,real_dirty_value,12:29 a.m.,12:01 a.m. (Estimated runway),3:13 p.m.,Mal corrigé (valeur différente mais fausse)
1461,act_arr_time,real_world_error,real_dirty_value,12:15 a.m.,11:49 p.m. (Estimated runway),11:49 p.m.,Mal corrigé (valeur différente mais fausse)
1464,act_arr_time,real_world_error,real_dirty_value,10:30 p.m.,10:30 p.m. (Estimated),3:13 p.m.,Mal corrigé (valeur différente mais fausse)
1473,act_arr_time,real_world_error,real_dirty_value,9:20 p.m.,9:19 p.m. (Estimated),9:11 p.m.,Mal corrigé (valeur différente mais fausse)
1479,act_arr_time,real_world_error,real_dirty_value,12:21 a.m.,12:21 a.m. (Estimated),3:13 p.m.,Mal corrigé (valeur différente mais fausse)
1481,act_arr_time,missing_values,real_missing_value,11:58 a.m.,,11:58 a.m.,Corrigé
1482,act_arr_time,missing_values,real_missing_value,6:43 p.m.,,6:43 p.m.,Corrigé
1483,act_arr_time,missing_values,real_missing_value,11:44 a.m.,,11:44 a.m.,Corrigé
1484,act_arr_time,missing_values,real_missing_value,11:12 a.m.,,11:12 a.m.,Corrigé
1485,act_arr_time,missing_values,real_missing_value,5:42 p.m.,,5:42 p.m.,Corrigé
1486,act_arr_time,missing_values,real_missing_value,7:17 a.m.,,7:17 a.m.,Corrigé
1487,act_arr_time,real_world_error,real_dirty_value,9:32 a.m.,9:22 a.m.,9:22 a.m.,Non corrigé (regression)
1488,act_arr_time,missing_values,real_missing_value,10:29 p.m.,,10:29 p.m.,Corrigé
1489,act_arr_time,real_world_error,real_dirty_value,9:28 a.m.,9:14 a.m.,9:28 a.m.,Corrigé
1490,act_arr_time,real_world_error,real_dirty_value,11:58 a.m.,11:30 a.m.,11:58 a.m.,Corrigé
1491,act_arr_time,real_world_error,real_dirty_value,9:43 a.m.,9:29 a.m.,9:43 a.m.,Corrigé
1492,act_arr_time,real_world_error,real_dirty_value,10:30 p.m.,10:31 p.m.,3:13 p.m.,Mal corrigé (valeur différente mais fausse)
1493,act_arr_time,real_world_error,real_dirty_value,5:17 p.m.,5:14 p.m.,5:17 p.m.,Corrigé
1494,act_arr_time,missing_values,real_missing_value,3:31 p.m.,,3:31 p.m.,Corrigé
1495,act_arr_time,real_world_error,real_dirty_value,4:56 p.m.,4:54 p.m.,4:56 p.m.,Corrigé
1496,act_arr_time,real_world_error,real_dirty_value,11:21 a.m.,11:11 a.m.,11:21 a.m.,Corrigé
1497,act_arr_time,real_world_error,real_dirty_value,6:55 a.m.,12/2/11 6:35 a.m.,3:13 p.m.,Mal corrigé (valeur différente mais fausse)
1498,act_arr_time,real_world_error,real_dirty_value,7:17 a.m.,7:04 a.m.,7:17 a.m.,Corrigé
1499,act_arr_time,missing_values,real_missing_value,5:26 a.m.,,5:26 a.m.,Corrigé
1500,act_arr_time,real_world_error,real_dirty_value,6:28 p.m.,6:25 p.m.,6:25 p.m.,Non corrigé (regression)
1501,act_arr_time,missing_values,real_missing_value,9:14 a.m.,,9:09 a.m.,Mal corrigé (valeur différente mais fausse)
1502,act_arr_time,missing_values,real_missing_value,1:19 p.m.,,1:19 p.m.,Corrigé
1503,act_arr_time,real_world_error,real_dirty_value,1:27 p.m.,1:11 p.m.,1:27 p.m.,Corrigé
1505,act_arr_time,real_world_error,real_dirty_value,9:45 a.m.,9:29 a.m.,9:45 a.m.,Corrigé
1506,act_arr_time,real_world_error,real_dirty_value,7:39 p.m.,7:37 p.m.,7:39 p.m.,Corrigé
1507,act_arr_time,real_world_error,real_dirty_value,1:40 p.m.,1:36 p.m.,1:40 p.m.,Corrigé
1508,act_arr_time,missing_values,real_missing_value,7:10 p.m.,,7:10 p.m.,Corrigé
1509,act_arr_time,missing_values,real_missing_value,11:32 a.m.,,11:32 a.m.,Corrigé
1510,act_arr_time,real_world_error,real_dirty_value,4:47 p.m.,4:43 p.m.,4:47 p.m.,Corrigé
1511,act_arr_time,real_world_error,real_dirty_value,4:09 p.m.,4:08 p.m.,4:09 p.m.,Corrigé
1512,act_arr_time,missing_values,real_missing_value,1:14 p.m.,,1:14 p.m.,Corrigé
1513,act_arr_time,real_world_error,real_dirty_value,9:05 a.m.,8:50 a.m.,9:05 a.m.,Corrigé
1514,act_arr_time,real_world_error,real_dirty_value,5:05 p.m.,5:00 p.m.,5:05 p.m.,Corrigé
1515,act_arr_time,missing_values,real_missing_value,10:27 a.m.,,10:27 a.m.,Corrigé
1516,act_arr_time,missing_values,real_missing_value,10:56 a.m.,,10:56 a.m.,Corrigé
1517,act_arr_time,real_world_error,real_dirty_value,11:56 a.m.,11:50 a.m.,11:50 a.m.,Non corrigé (regression)
1518,act_arr_time,real_world_error,real_dirty_value,3:30 p.m.,3:13 p.m.,3:13 p.m.,Non corrigé (regression)
1519,act_arr_time,real_world_error,real_dirty_value,1:30 p.m.,1:23 p.m.,1:30 p.m.,Corrigé
1520,act_arr_time,real_world_error,real_dirty_value,3:21 p.m.,3:09 p.m.,3:21 p.m.,Corrigé
1521,act_arr_time,real_world_error,real_dirty_value,2:10 p.m.,1:55 p.m.,2:10 p.m.,Corrigé
1522,act_arr_time,real_world_error,real_dirty_value,5:42 p.m.,5:22 p.m.,5:42 p.m.,Corrigé
1523,act_arr_time,real_world_error,real_dirty_value,1:15 p.m.,1:11 p.m.,1:15 p.m.,Corrigé
1524,act_arr_time,missing_values,real_missing_value,8:03 p.m.,,8:03 p.m.,Corrigé
1525,act_arr_time,missing_values,real_missing_value,9:52 p.m.,,9:38 p.m.,Mal corrigé (valeur différente mais fausse)
1526,act_arr_time,real_world_error,real_dirty_value,2:46 p.m.,2:39 p.m.,2:46 p.m.,Corrigé
1527,act_arr_time,real_world_error,real_dirty_value,5:34 p.m.,5:24 p.m.,5:34 p.m.,Corrigé
1528,act_arr_time,missing_values,real_missing_value,3:33 p.m.,,3:33 p.m.,Corrigé
1529,act_arr_time,real_world_error,real_dirty_value,10:36 a.m.,10:34 a.m.,10:29 a.m.,Mal corrigé (valeur différente mais fausse)
1531,act_arr_time,real_world_error,real_dirty_value,8:53 p.m.,8:38 p.m.,8:53 p.m.,Corrigé
1532,act_arr_time,real_world_error,real_dirty_value,3:16 p.m.,3:04 p.m.,3:16 p.m.,Corrigé
1533,act_arr_time,missing_values,real_missing_value,12:21 a.m.,,3:13 p.m.,Mal corrigé (valeur différente mais fausse)
1534,act_arr_time,real_world_error,real_dirty_value,7:58 p.m.,7:20 p.m.,7:58 p.m.,Corrigé
1535,act_arr_time,missing_values,real_missing_value,12:09 p.m.,,12:09 p.m.,Corrigé
1536,act_arr_time,real_world_error,real_dirty_value,7:51 a.m.,7:49 a.m.,7:51 a.m.,Corrigé
1537,act_arr_time,real_world_error,real_dirty_value,9:31 a.m.,9:26 a.m.,9:26 a.m.,Non corrigé (regression)
1538,act_arr_time,real_world_error,real_dirty_value,7:55 p.m.,7:43 p.m.,7:55 p.m.,Corrigé
1539,act_arr_time,real_world_error,real_dirty_value,11:06 a.m.,10:43 a.m.,11:06 a.m.,Corrigé
1540,act_arr_time,real_world_error,real_dirty_value,6:38 p.m.,6:28 p.m.,6:38 p.m.,Corrigé
1541,act_arr_time,real_world_error,real_dirty_value,7:36 p.m.,7:23 p.m.,7:36 p.m.,Corrigé
1542,act_arr_time,real_world_error,real_dirty_value,9:53 p.m.,9:47 p.m.,9:53 p.m.,Corrigé
1543,act_arr_time,missing_values,real_missing_value,6:34 p.m.,,6:34 p.m.,Corrigé
1544,act_arr_time,real_world_error,real_dirty_value,10:47 a.m.,10:43 a.m.,10:45 a.m.,Mal corrigé (valeur différente mais fausse)
1545,act_arr_time,real_world_error,real_dirty_value,3:04 p.m.,2:58 p.m.,3:04 p.m.,Corrigé
1546,act_arr_time,real_world_error,real_dirty_value,4:23 p.m.,4:20 p.m.,4:23 p.m.,Corrigé
1548,act_arr_time,missing_values,real_missing_value,4:17 p.m.,,4:17 p.m.,Corrigé
1549,act_arr_time,real_world_error,real_dirty_value,5:50 a.m.,5:52 a.m.,3:13 p.m.,Mal corrigé (valeur différente mais fausse)
1550,act_arr_time,real_world_error,real_dirty_value,12:29 a.m.,12/2/11 12:01 a.m.,3:13 p.m.,Mal corrigé (valeur différente mais fausse)
1551,act_arr_time,real_world_error,real_dirty_value,12:15 a.m.,11:49 p.m.,11:49 p.m.,Non corrigé (regression)
1552,act_arr_time,real_world_error,real_dirty_value,11:50 p.m.,11:35 p.m.,11:35 p.m.,Non corrigé (regression)
1553,act_arr_time,real_world_error,real_dirty_value,10:04 a.m.,9:45 a.m.,10:04 a.m.,Corrigé
1554,act_arr_time,real_world_error,real_dirty_value,11:44 a.m.,11:33 a.m.,11:44 a.m.,Corrigé
1556,act_arr_time,real_world_error,real_dirty_value,3:50 p.m.,3:29 p.m.,3:29 p.m.,Non corrigé (regression)
1557,act_arr_time,missing_values,real_missing_value,4:59 p.m.,,4:59 p.m.,Corrigé
1558,act_arr_time,real_world_error,real_dirty_value,8:45 a.m.,8:33 a.m.,8:45 a.m.,Corrigé
1559,act_arr_time,missing_values,real_missing_value,5:11 a.m.,,5:21 a.m.,Mal corrigé (valeur différente mais fausse)
1560,act_arr_time,real_world_error,real_dirty_value,6:40 p.m.,6:19 p.m.,6:19 p.m.,Non corrigé (regression)
1561,act_arr_time,real_world_error,real_dirty_value,8:02 a.m.,7:50 a.m.,8:02 a.m.,Corrigé
1562,act_arr_time,real_world_error,real_dirty_value,2:00 p.m.,1:52 p.m.,2:02 p.m.,Mal corrigé (valeur différente mais fausse)
1563,act_arr_time,real_world_error,real_dirty_value,9:20 p.m.,9:12 p.m.,9:11 p.m.,Mal corrigé (valeur différente mais fausse)
1564,act_arr_time,real_world_error,real_dirty_value,4:44 p.m.,4:22 p.m.,4:24 p.m.,Mal corrigé (valeur différente mais fausse)
1565,act_arr_time,missing_values,real_missing_value,7:10 p.m.,,7:10 p.m.,Corrigé
1566,act_arr_time,missing_values,real_missing_value,11:56 a.m.,,12:12 p.m.,Mal corrigé (valeur différente mais fausse)
1567,act_arr_time,real_world_error,real_dirty_value,3:43 p.m.,3:36 p.m.,3:36 p.m.,Non corrigé (regression)
1568,act_arr_time,real_world_error,real_dirty_value,5:43 p.m.,5:39 p.m.,5:43 p.m.,Corrigé
1569,act_arr_time,real_world_error,real_dirty_value,11:06 a.m.,11:04 a.m.,11:04 a.m.,Non corrigé (regression)
1570,act_arr_time,real_world_error,real_dirty_value,1:43 p.m.,1:42 p.m.,1:43 p.m.,Corrigé
1571,act_arr_time,real_world_error,real_dirty_value,11:01 a.m.,10:58 a.m.,11:01 a.m.,Corrigé
1572,act_arr_time,missing_values,real_missing_value,12:09 p.m.,,12:09 p.m.,Corrigé
1573,act_arr_time,real_world_error,real_dirty_value,3:13 p.m.,2:49 p.m.,3:13 p.m.,Corrigé
1574,act_arr_time,real_world_error,real_dirty_value,10:16 a.m.,10:12 a.m.,10:16 a.m.,Corrigé
1575,act_arr_time,real_world_error,real_dirty_value,6:43 p.m.,6:30 p.m.,6:43 p.m.,Corrigé
1576,act_arr_time,real_world_error,real_dirty_value,8:06 a.m.,7:59 a.m.,8:06 a.m.,Corrigé
1577,act_arr_time,real_world_error,real_dirty_value,6:15 p.m.,6:11 p.m.,6:15 p.m.,Corrigé
1578,act_arr_time,real_world_error,real_dirty_value,2:27 p.m.,2:21 p.m.,2:27 p.m.,Corrigé
1579,act_arr_time,missing_values,real_missing_value,5:26 p.m.,,5:26 p.m.,Corrigé
1580,act_arr_time,real_world_error,real_dirty_value,5:38 p.m.,5:34 p.m.,5:38 p.m.,Corrigé
1581,act_arr_time,real_world_error,real_dirty_value,12:50 p.m.,12:37 p.m.,12:50 p.m.,Corrigé
1582,act_arr_time,real_world_error,real_dirty_value,7:40 a.m.,7:37 a.m.,7:40 a.m.,Corrigé
1583,act_arr_time,missing_values,real_missing_value,6:36 p.m.,,6:36 p.m.,Corrigé
1584,act_arr_time,real_world_error,real_dirty_value,6:19 a.m.,6:15 a.m.,6:19 a.m.,Corrigé
1585,act_arr_time,real_world_error,real_dirty_value,11:12 a.m.,10:52 a.m.,11:12 a.m.,Corrigé
1586,act_arr_time,real_world_error,real_dirty_value,3:14 p.m.,3:12 p.m.,3:14 p.m.,Corrigé
1587,act_arr_time,missing_values,real_missing_value,10:30 p.m.,,3:13 p.m.,Mal corrigé (valeur différente mais fausse)
1588,act_arr_time,real_world_error,real_dirty_value,10:29 p.m.,10:02 p.m.,10:29 p.m.,Corrigé
1589,act_arr_time,missing_values,real_missing_value,9:43 a.m.,,9:43 a.m.,Corrigé
1590,act_arr_time,missing_values,real_missing_value,7:25 p.m.,,7:25 p.m.,Corrigé
1591,act_arr_time,real_world_error,real_dirty_value,5:17 p.m.,Contact Airline,5:17 p.m.,Corrigé
1592,act_arr_time,missing_values,real_missing_value,11:21 a.m.,,11:21 a.m.,Corrigé
1593,act_arr_time,missing_values,real_missing_value,6:55 a.m.,,3:13 p.m.,Mal corrigé (valeur différente mais fausse)
1594,act_arr_time,real_world_error,real_dirty_value,5:26 a.m.,5:26aDec 1,5:26 a.m.,Corrigé
1597,act_arr_time,real_world_error,real_dirty_value,9:45 a.m.,9:45aDec 1,9:45 a.m.,Corrigé
1600,act_arr_time,real_world_error,real_dirty_value,9:05 a.m.,9:05aDec 1,9:05 a.m.,Corrigé
1603,act_arr_time,real_world_error,real_dirty_value,8:06 a.m.,8:06aDec 1,8:06 a.m.,Corrigé
1604,act_arr_time,missing_values,real_missing_value,3:21 p.m.,,3:21 p.m.,Corrigé
1608,act_arr_time,missing_values,real_missing_value,9:52 p.m.,,9:38 p.m.,Mal corrigé (valeur différente mais fausse)
1610,act_arr_time,real_world_error,real_dirty_value,7:51 a.m.,7:51aDec 1,7:51 a.m.,Corrigé
1611,act_arr_time,real_world_error,real_dirty_value,9:31 a.m.,9:31aDec 1,9:26 a.m.,Mal corrigé (valeur différente mais fausse)
1613,act_arr_time,real_world_error,real_dirty_value,11:06 a.m.,11:06aDec 1,11:06 a.m.,Corrigé
1615,act_arr_time,real_world_error,real_dirty_value,10:47 a.m.,10:47aDec 1,10:45 a.m.,Mal corrigé (valeur différente mais fausse)
1617,act_arr_time,missing_values,real_missing_value,12:29 a.m.,,3:13 p.m.,Mal corrigé (valeur différente mais fausse)
1618,act_arr_time,real_world_error,real_dirty_value,12:15 a.m.,Dec 02 Not Available,11:49 p.m.,Mal corrigé (valeur différente mais fausse)
1619,act_arr_time,missing_values,real_missing_value,11:50 p.m.,,11:35 p.m.,Mal corrigé (valeur différente mais fausse)
1620,act_arr_time,real_world_error,real_dirty_value,10:04 a.m.,10:04aDec 1,10:04 a.m.,Corrigé
1621,act_arr_time,real_world_error,real_dirty_value,11:44 a.m.,11:44aDec 1,11:44 a.m.,Corrigé
1623,act_arr_time,real_world_error,real_dirty_value,3:50 p.m.,Not Available,3:29 p.m.,Mal corrigé (valeur différente mais fausse)
1625,act_arr_time,missing_values,real_missing_value,5:11 a.m.,,5:21 a.m.,Mal corrigé (valeur différente mais fausse)
1626,act_arr_time,missing_values,real_missing_value,9:20 p.m.,,9:11 p.m.,Mal corrigé (valeur différente mais fausse)
1631,act_arr_time,real_world_error,real_dirty_value,11:12 a.m.,11:12aDec 1,11:12 a.m.,Corrigé
1632,act_arr_time,real_world_error,real_dirty_value,10:16 a.m.,10:16aDec 1,10:16 a.m.,Corrigé
1636,act_arr_time,real_world_error,real_dirty_value,7:40 a.m.,7:40aDec 1,7:40 a.m.,Corrigé
1637,act_arr_time,missing_values,real_missing_value,9:32 a.m.,,9:22 a.m.,Mal corrigé (valeur différente mais fausse)
1638,act_arr_time,missing_values,real_missing_value,7:51 a.m.,,7:51 a.m.,Corrigé
1639,act_arr_time,missing_values,real_missing_value,9:31 a.m.,,9:26 a.m.,Mal corrigé (valeur différente mais fausse)
1640,act_arr_time,missing_values,real_missing_value,3:43 p.m.,,3:36 p.m.,Mal corrigé (valeur différente mais fausse)
1641,act_arr_time,missing_values,real_missing_value,11:06 a.m.,,11:04 a.m.,Mal corrigé (valeur différente mais fausse)
1642,act_arr_time,missing_values,real_missing_value,9:53 p.m.,,9:53 p.m.,Corrigé
1643,act_arr_time,missing_values,real_missing_value,7:36 p.m.,,7:36 p.m.,Corrigé
1644,act_arr_time,missing_values,real_missing_value,3:13 p.m.,,3:13 p.m.,Corrigé
1645,act_arr_time,missing_values,real_missing_value,8:53 p.m.,,8:53 p.m.,Corrigé
1646,act_arr_time,missing_values,real_missing_value,8:06 a.m.,,8:06 a.m.,Corrigé
1647,act_arr_time,missing_values,real_missing_value,4:23 p.m.,,4:23 p.m.,Corrigé
1648,act_arr_time,missing_values,real_missing_value,2:50 p.m.,,2:50 p.m.,Corrigé
1649,act_arr_time,missing_values,real_missing_value,6:15 p.m.,,6:15 p.m.,Corrigé
1650,act_arr_time,missing_values,real_missing_value,5:50 a.m.,,3:13 p.m.,Mal corrigé (valeur différente mais fausse)
1651,act_arr_time,missing_values,real_missing_value,4:56 p.m.,,4:56 p.m.,Corrigé
1652,act_arr_time,missing_values,real_missing_value,2:10 p.m.,,2:10 p.m.,Corrigé
1653,act_arr_time,missing_values,real_missing_value,10:30 p.m.,,3:13 p.m.,Mal corrigé (valeur différente mais fausse)
1654,act_arr_time,missing_values,real_missing_value,12:50 p.m.,,12:50 p.m.,Corrigé
1655,act_arr_time,missing_values,real_missing_value,5:11 a.m.,,5:21 a.m.,Mal corrigé (valeur différente mais fausse)
1656,act_arr_time,missing_values,real_missing_value,2:46 p.m.,,2:46 p.m.,Corrigé
1657,act_arr_time,missing_values,real_missing_value,5:34 p.m.,,5:34 p.m.,Corrigé
1658,act_arr_time,missing_values,real_missing_value,10:16 a.m.,,10:16 a.m.,Corrigé
1659,act_arr_time,missing_values,real_missing_value,3:33 p.m.,,3:33 p.m.,Corrigé
1660,act_arr_time,missing_values,real_missing_value,7:58 p.m.,,7:58 p.m.,Corrigé
1661,act_arr_time,real_world_error,real_dirty_value,9:32 a.m.,9:22 a.m.,9:22 a.m.,Non corrigé (regression)
1662,act_arr_time,real_world_error,real_dirty_value,9:28 a.m.,9:14 a.m.,9:28 a.m.,Corrigé
1663,act_arr_time,real_world_error,real_dirty_value,10:29 p.m.,10:24 p.m.,10:29 p.m.,Corrigé
1664,act_arr_time,real_world_error,real_dirty_value,9:43 a.m.,9:44 a.m.,9:43 a.m.,Corrigé
1665,act_arr_time,real_world_error,real_dirty_value,10:30 p.m.,10:28 p.m.,3:13 p.m.,Mal corrigé (valeur différente mais fausse)
1667,act_arr_time,real_world_error,real_dirty_value,6:28 p.m.,6:23 p.m.,6:25 p.m.,Mal corrigé (valeur différente mais fausse)
1668,act_arr_time,real_world_error,real_dirty_value,9:14 a.m.,9:08 a.m.,9:09 a.m.,Mal corrigé (valeur différente mais fausse)
1669,act_arr_time,real_world_error,real_dirty_value,9:45 a.m.,9:29 a.m.,9:45 a.m.,Corrigé
1670,act_arr_time,real_world_error,real_dirty_value,7:39 p.m.,7:37 p.m.,7:39 p.m.,Corrigé
1671,act_arr_time,real_world_error,real_dirty_value,1:27 p.m.,1:11 p.m.,1:27 p.m.,Corrigé
1672,act_arr_time,real_world_error,real_dirty_value,4:09 p.m.,3:59 p.m.,4:09 p.m.,Corrigé
1673,act_arr_time,real_world_error,real_dirty_value,1:14 p.m.,1:07 p.m.,1:14 p.m.,Corrigé
1674,act_arr_time,real_world_error,real_dirty_value,9:05 a.m.,8:50 a.m.,9:05 a.m.,Corrigé
1675,act_arr_time,real_world_error,real_dirty_value,5:05 p.m.,4:57 p.m.,5:05 p.m.,Corrigé
1676,act_arr_time,real_world_error,real_dirty_value,11:01 a.m.,10:58 a.m.,11:01 a.m.,Corrigé
1677,act_arr_time,real_world_error,real_dirty_value,11:56 a.m.,11:50 a.m.,11:50 a.m.,Non corrigé (regression)
1678,act_arr_time,real_world_error,real_dirty_value,8:06 a.m.,7:59 a.m.,8:06 a.m.,Corrigé
1679,act_arr_time,real_world_error,real_dirty_value,3:30 p.m.,3:13 p.m.,3:13 p.m.,Non corrigé (regression)
1680,act_arr_time,real_world_error,real_dirty_value,7:40 a.m.,7:35 a.m.,7:40 a.m.,Corrigé
1681,act_arr_time,real_world_error,real_dirty_value,2:50 p.m.,2:40 p.m.,2:50 p.m.,Corrigé
1682,act_arr_time,real_world_error,real_dirty_value,3:21 p.m.,3:07 p.m.,3:21 p.m.,Corrigé
1683,act_arr_time,real_world_error,real_dirty_value,5:42 p.m.,5:27 p.m.,5:42 p.m.,Corrigé
1684,act_arr_time,real_world_error,real_dirty_value,1:15 p.m.,1:08 p.m.,1:15 p.m.,Corrigé
1685,act_arr_time,real_world_error,real_dirty_value,8:03 p.m.,7:43 p.m.,8:03 p.m.,Corrigé
1686,act_arr_time,real_world_error,real_dirty_value,11:06 a.m.,10:43 a.m.,11:06 a.m.,Corrigé
1687,act_arr_time,real_world_error,real_dirty_value,9:52 p.m.,8:46 p.m.,9:38 p.m.,Mal corrigé (valeur différente mais fausse)
1688,act_arr_time,real_world_error,real_dirty_value,2:27 p.m.,2:21 p.m.,2:27 p.m.,Corrigé
1689,act_arr_time,real_world_error,real_dirty_value,2:46 p.m.,2:39 p.m.,2:46 p.m.,Corrigé
1690,act_arr_time,real_world_error,real_dirty_value,3:33 p.m.,3:26 p.m.,3:33 p.m.,Corrigé
1691,act_arr_time,real_world_error,real_dirty_value,10:36 a.m.,10:29 a.m.,10:29 a.m.,Non corrigé (regression)
1693,act_arr_time,real_world_error,real_dirty_value,8:53 p.m.,8:38 p.m.,8:53 p.m.,Corrigé
1694,act_arr_time,real_world_error,real_dirty_value,3:16 p.m.,3:04 p.m.,3:16 p.m.,Corrigé
1695,act_arr_time,real_world_error,real_dirty_value,12:21 a.m.,12:02 a.m.,3:13 p.m.,Mal corrigé (valeur différente mais fausse)
1696,act_arr_time,real_world_error,real_dirty_value,12:09 p.m.,12:02 p.m.,12:09 p.m.,Corrigé
1697,act_arr_time,real_world_error,real_dirty_value,7:51 a.m.,7:49 a.m.,7:51 a.m.,Corrigé
1698,act_arr_time,real_world_error,real_dirty_value,9:31 a.m.,9:26 a.m.,9:26 a.m.,Non corrigé (regression)
1699,act_arr_time,real_world_error,real_dirty_value,7:55 p.m.,7:43 p.m.,7:55 p.m.,Corrigé
1700,act_arr_time,real_world_error,real_dirty_value,6:38 p.m.,6:34 p.m.,6:38 p.m.,Corrigé
1701,act_arr_time,real_world_error,real_dirty_value,9:53 p.m.,9:47 p.m.,9:53 p.m.,Corrigé
1702,act_arr_time,real_world_error,real_dirty_value,3:04 p.m.,2:58 p.m.,3:04 p.m.,Corrigé
1703,act_arr_time,real_world_error,real_dirty_value,4:23 p.m.,4:20 p.m.,4:23 p.m.,Corrigé
1704,act_arr_time,real_world_error,real_dirty_value,4:17 p.m.,4:06 p.m.,4:17 p.m.,Corrigé
1705,act_arr_time,real_world_error,real_dirty_value,12:29 a.m.,12:19 a.m.,3:13 p.m.,Mal corrigé (valeur différente mais fausse)
1706,act_arr_time,real_world_error,real_dirty_value,12:15 a.m.,12:01 a.m.,11:49 p.m.,Mal corrigé (valeur différente mais fausse)
1707,act_arr_time,real_world_error,real_dirty_value,11:50 p.m.,11:35 p.m.,11:35 p.m.,Non corrigé (regression)
1708,act_arr_time,real_world_error,real_dirty_value,10:04 a.m.,9:45 a.m.,10:04 a.m.,Corrigé
1709,act_arr_time,real_world_error,real_dirty_value,11:44 a.m.,11:33 a.m.,11:44 a.m.,Corrigé
1710,act_arr_time,real_world_error,real_dirty_value,3:50 p.m.,3:40 p.m.,3:29 p.m.,Mal corrigé (valeur différente mais fausse)
1711,act_arr_time,real_world_error,real_dirty_value,5:11 a.m.,5:21 a.m.,5:21 a.m.,Non corrigé (regression)
1712,act_arr_time,real_world_error,real_dirty_value,6:40 p.m.,6:56 p.m.,6:19 p.m.,Mal corrigé (valeur différente mais fausse)
1713,act_arr_time,real_world_error,real_dirty_value,9:20 p.m.,9:11 p.m.,9:11 p.m.,Non corrigé (regression)
1714,act_arr_time,real_world_error,real_dirty_value,3:43 p.m.,3:36 p.m.,3:36 p.m.,Non corrigé (regression)
1715,act_arr_time,real_world_error,real_dirty_value,5:43 p.m.,5:39 p.m.,5:43 p.m.,Corrigé
1716,act_arr_time,real_world_error,real_dirty_value,11:06 a.m.,11:04 a.m.,11:04 a.m.,Non corrigé (regression)
1717,act_arr_time,real_world_error,real_dirty_value,1:43 p.m.,1:42 p.m.,1:43 p.m.,Corrigé
1718,act_arr_time,real_world_error,real_dirty_value,3:13 p.m.,2:49 p.m.,3:13 p.m.,Corrigé
1719,act_arr_time,real_world_error,real_dirty_value,6:43 p.m.,6:30 p.m.,6:43 p.m.,Corrigé
1720,act_arr_time,real_world_error,real_dirty_value,6:15 p.m.,6:11 p.m.,6:15 p.m.,Corrigé
1721,act_arr_time,real_world_error,real_dirty_value,3:14 p.m.,3:12 p.m.,3:14 p.m.,Corrigé
1722,act_arr_time,real_world_error,real_dirty_value,5:38 p.m.,5:34 p.m.,5:38 p.m.,Corrigé
1723,act_arr_time,real_world_error,real_dirty_value,12:50 p.m.,12:37 p.m.,12:50 p.m.,Corrigé
1724,act_arr_time,real_world_error,real_dirty_value,6:36 p.m.,6:33 p.m.,6:36 p.m.,Corrigé
1725,act_arr_time,real_world_error,real_dirty_value,6:19 a.m.,6:09 a.m.,6:19 a.m.,Corrigé
1726,act_arr_time,real_world_error,real_dirty_value,11:12 a.m.,10:52 a.m.,11:12 a.m.,Corrigé
1744,act_arr_time,real_world_error,real_dirty_value,12:29 a.m.,Fri Dec 2 12:29 a.m.,3:13 p.m.,Mal corrigé (valeur différente mais fausse)
1747,act_arr_time,real_world_error,real_dirty_value,5:11 a.m.,Fri Dec 2 5:11 a.m.,5:21 a.m.,Mal corrigé (valeur différente mais fausse)
1763,act_arr_time,missing_values,real_missing_value,10:30 p.m.,,3:13 p.m.,Mal corrigé (valeur différente mais fausse)
1768,act_arr_time,missing_values,real_missing_value,6:55 a.m.,,3:13 p.m.,Mal corrigé (valeur différente mais fausse)
1789,act_arr_time,real_world_error,real_dirty_value,3:30 p.m.,3:20 p.m. (Runway),3:13 p.m.,Mal corrigé (valeur différente mais fausse)
1796,act_arr_time,real_world_error,real_dirty_value,9:52 p.m.,8:56 p.m.,9:38 p.m.,Mal corrigé (valeur différente mais fausse)
1801,act_arr_time,missing_values,real_missing_value,7:25 p.m.,,7:25 p.m.,Corrigé
1803,act_arr_time,missing_values,real_missing_value,12:21 a.m.,,3:13 p.m.,Mal corrigé (valeur différente mais fausse)
1818,act_arr_time,missing_values,real_missing_value,5:50 a.m.,,3:13 p.m.,Mal corrigé (valeur différente mais fausse)
1819,act_arr_time,missing_values,real_missing_value,12:29 a.m.,,3:13 p.m.,Mal corrigé (valeur différente mais fausse)
1820,act_arr_time,missing_values,real_missing_value,12:15 a.m.,,11:49 p.m.,Mal corrigé (valeur différente mais fausse)
1821,act_arr_time,missing_values,real_missing_value,11:50 p.m.,,11:35 p.m.,Mal corrigé (valeur différente mais fausse)
1825,act_arr_time,missing_values,real_missing_value,3:50 p.m.,,3:29 p.m.,Mal corrigé (valeur différente mais fausse)
1828,act_arr_time,missing_values,real_missing_value,5:11 a.m.,,5:21 a.m.,Mal corrigé (valeur différente mais fausse)
1829,act_arr_time,missing_values,real_missing_value,6:40 p.m.,,6:19 p.m.,Mal corrigé (valeur différente mais fausse)
1835,act_arr_time,real_world_error,real_dirty_value,11:56 a.m.,11:45 a.m.,12:12 p.m.,Mal corrigé (valeur différente mais fausse)
1863,act_arr_time,real_world_error,real_dirty_value,10:30 p.m.,10:30 p.m. (Estimated),3:13 p.m.,Mal corrigé (valeur différente mais fausse)
1865,act_arr_time,real_world_error,real_dirty_value,7:25 p.m.,7:25 p.m. (Estimated runway),7:25 p.m.,Corrigé
1868,act_arr_time,real_world_error,real_dirty_value,6:55 a.m.,6:35 a.m. (Estimated runway),3:13 p.m.,Mal corrigé (valeur différente mais fausse)
1889,act_arr_time,real_world_error,real_dirty_value,3:30 p.m.,3:20 p.m. (runway),3:13 p.m.,Mal corrigé (valeur différente mais fausse)
1894,act_arr_time,real_world_error,real_dirty_value,9:52 p.m.,9:52 p.m. (Estimated),9:38 p.m.,Mal corrigé (valeur différente mais fausse)
1903,act_arr_time,real_world_error,real_dirty_value,12:21 a.m.,12:21 a.m. (Estimated),3:13 p.m.,Mal corrigé (valeur différente mais fausse)
1918,act_arr_time,real_world_error,real_dirty_value,5:50 a.m.,5:42 a.m. (Estimated runway),3:13 p.m.,Mal corrigé (valeur différente mais fausse)
1919,act_arr_time,real_world_error,real_dirty_value,12:29 a.m.,12:01 a.m. (Estimated runway),3:13 p.m.,Mal corrigé (valeur différente mais fausse)
1920,act_arr_time,real_world_error,real_dirty_value,12:15 a.m.,11:49 p.m. (Estimated runway),11:49 p.m.,Mal corrigé (valeur différente mais fausse)
1921,act_arr_time,real_world_error,real_dirty_value,11:50 p.m.,11:35 p.m. (Estimated runway),11:35 p.m.,Mal corrigé (valeur différente mais fausse)
1928,act_arr_time,missing_values,real_missing_value,5:11 a.m.,,5:21 a.m.,Mal corrigé (valeur différente mais fausse)
1929,act_arr_time,real_world_error,real_dirty_value,6:40 p.m.,6:40 p.m. (Estimated),6:19 p.m.,Mal corrigé (valeur différente mais fausse)
1931,act_arr_time,real_world_error,real_dirty_value,9:20 p.m.,9:19 p.m. (Estimated),9:11 p.m.,Mal corrigé (valeur différente mais fausse)
1950,act_arr_time,real_world_error,real_dirty_value,9:32 a.m.,9:22 a.m.,9:22 a.m.,Non corrigé (regression)
1955,act_arr_time,missing_values,real_missing_value,10:30 p.m.,,3:13 p.m.,Mal corrigé (valeur différente mais fausse)
1960,act_arr_time,missing_values,real_missing_value,6:55 a.m.,,3:13 p.m.,Mal corrigé (valeur différente mais fausse)
1963,act_arr_time,real_world_error,real_dirty_value,6:28 p.m.,6:25 p.m.,6:25 p.m.,Non corrigé (regression)
1964,act_arr_time,real_world_error,real_dirty_value,9:14 a.m.,9:09 a.m.,9:09 a.m.,Non corrigé (regression)
1966,act_arr_time,real_world_error,real_dirty_value,1:27 p.m.,1:18 p.m.,1:27 p.m.,Corrigé
1973,act_arr_time,real_world_error,real_dirty_value,4:47 p.m.,5:00 p.m.,4:47 p.m.,Corrigé
1977,act_arr_time,real_world_error,real_dirty_value,5:05 p.m.,5:03 p.m.,5:05 p.m.,Corrigé
1980,act_arr_time,real_world_error,real_dirty_value,11:56 a.m.,11:50 a.m.,11:50 a.m.,Non corrigé (regression)
1981,act_arr_time,real_world_error,real_dirty_value,3:30 p.m.,3:19 p.m.,3:13 p.m.,Mal corrigé (valeur différente mais fausse)
1984,act_arr_time,real_world_error,real_dirty_value,2:10 p.m.,2:01 p.m.,2:10 p.m.,Corrigé
1986,act_arr_time,real_world_error,real_dirty_value,1:15 p.m.,1:14 p.m.,1:15 p.m.,Corrigé
1988,act_arr_time,real_world_error,real_dirty_value,9:52 p.m.,9:38 p.m.,9:38 p.m.,Non corrigé (regression)
1991,act_arr_time,real_world_error,real_dirty_value,3:33 p.m.,3:25 p.m.,3:33 p.m.,Corrigé
1992,act_arr_time,real_world_error,real_dirty_value,10:36 a.m.,10:29 a.m.,10:29 a.m.,Non corrigé (regression)
1993,act_arr_time,missing_values,real_missing_value,7:25 p.m.,,7:25 p.m.,Corrigé
1994,act_arr_time,real_world_error,real_dirty_value,8:53 p.m.,8:43 p.m.,8:53 p.m.,Corrigé
1995,act_arr_time,missing_values,real_missing_value,12:21 a.m.,,3:13 p.m.,Mal corrigé (valeur différente mais fausse)
1999,act_arr_time,real_world_error,real_dirty_value,9:31 a.m.,9:29 a.m.,9:26 a.m.,Mal corrigé (valeur différente mais fausse)
2000,act_arr_time,real_world_error,real_dirty_value,7:55 p.m.,7:53 p.m.,7:55 p.m.,Corrigé
2001,act_arr_time,real_world_error,real_dirty_value,6:38 p.m.,6:35 p.m.,6:38 p.m.,Corrigé
2003,act_arr_time,real_world_error,real_dirty_value,9:53 p.m.,9:49 p.m.,9:53 p.m.,Corrigé
2005,act_arr_time,real_world_error,real_dirty_value,10:47 a.m.,10:45 a.m.,10:45 a.m.,Non corrigé (regression)
2008,act_arr_time,real_world_error,real_dirty_value,2:50 p.m.,2:52 p.m.,2:50 p.m.,Corrigé
2010,act_arr_time,missing_values,real_missing_value,5:50 a.m.,,3:13 p.m.,Mal corrigé (valeur différente mais fausse)
2011,act_arr_time,missing_values,real_missing_value,12:29 a.m.,,3:13 p.m.,Mal corrigé (valeur différente mais fausse)
2012,act_arr_time,missing_values,real_missing_value,12:15 a.m.,,11:49 p.m.,Mal corrigé (valeur différente mais fausse)
2013,act_arr_time,missing_values,real_missing_value,11:50 p.m.,,11:35 p.m.,Mal corrigé (valeur différente mais fausse)
2017,act_arr_time,missing_values,real_missing_value,3:50 p.m.,,3:29 p.m.,Mal corrigé (valeur différente mais fausse)
2020,act_arr_time,missing_values,real_missing_value,5:11 a.m.,,5:21 a.m.,Mal corrigé (valeur différente mais fausse)
2021,act_arr_time,missing_values,real_missing_value,6:40 p.m.,,6:19 p.m.,Mal corrigé (valeur différente mais fausse)
2023,act_arr_time,real_world_error,real_dirty_value,2:00 p.m.,2:02 p.m.,2:02 p.m.,Non corrigé (regression)
2024,act_arr_time,real_world_error,real_dirty_value,9:20 p.m.,9:11 p.m.,9:11 p.m.,Non corrigé (regression)
2025,act_arr_time,real_world_error,real_dirty_value,4:44 p.m.,4:24 p.m.,4:24 p.m.,Non corrigé (regression)
2027,act_arr_time,real_world_error,real_dirty_value,11:56 a.m.,12:12 p.m.,12:12 p.m.,Non corrigé (regression)
2028,act_arr_time,real_world_error,real_dirty_value,3:43 p.m.,3:36 p.m.,3:36 p.m.,Non corrigé (regression)
2029,act_arr_time,real_world_error,real_dirty_value,5:43 p.m.,5:34 p.m.,5:43 p.m.,Corrigé
2030,act_arr_time,real_world_error,real_dirty_value,11:06 a.m.,11:07 a.m.,11:04 a.m.,Mal corrigé (valeur différente mais fausse)
2032,act_arr_time,real_world_error,real_dirty_value,11:01 a.m.,11:00 a.m.,11:01 a.m.,Corrigé
2034,act_arr_time,real_world_error,real_dirty_value,3:13 p.m.,3:01 p.m.,3:13 p.m.,Corrigé
2035,act_arr_time,real_world_error,real_dirty_value,10:16 a.m.,10:10 a.m.,10:16 a.m.,Corrigé
2037,act_arr_time,real_world_error,real_dirty_value,8:06 a.m.,7:57 a.m.,8:06 a.m.,Corrigé
2039,act_arr_time,real_world_error,real_dirty_value,6:15 p.m.,6:09 p.m.,6:15 p.m.,Corrigé
2043,act_arr_time,real_world_error,real_dirty_value,5:38 p.m.,6:17 p.m.,5:38 p.m.,Corrigé
2044,act_arr_time,real_world_error,real_dirty_value,12:50 p.m.,12:48 p.m.,12:50 p.m.,Corrigé
2045,act_arr_time,real_world_error,real_dirty_value,7:40 a.m.,7:32 a.m.,7:40 a.m.,Corrigé
2055,act_arr_time,missing_values,real_missing_value,10:30 p.m.,,3:13 p.m.,Mal corrigé (valeur différente mais fausse)
2060,act_arr_time,missing_values,real_missing_value,6:55 a.m.,,3:13 p.m.,Mal corrigé (valeur différente mais fausse)
2081,act_arr_time,real_world_error,real_dirty_value,3:30 p.m.,3:20 p.m. (Runway),3:13 p.m.,Mal corrigé (valeur différente mais fausse)
2088,act_arr_time,real_world_error,real_dirty_value,9:52 p.m.,8:56 p.m.,9:38 p.m.,Mal corrigé (valeur différente mais fausse)
2093,act_arr_time,missing_values,real_missing_value,7:25 p.m.,,7:25 p.m.,Corrigé
2095,act_arr_time,missing_values,real_missing_value,12:21 a.m.,,3:13 p.m.,Mal corrigé (valeur différente mais fausse)
2110,act_arr_time,missing_values,real_missing_value,5:50 a.m.,,3:13 p.m.,Mal corrigé (valeur différente mais fausse)
2111,act_arr_time,missing_values,real_missing_value,12:29 a.m.,,3:13 p.m.,Mal corrigé (valeur différente mais fausse)
2112,act_arr_time,missing_values,real_missing_value,12:15 a.m.,,11:49 p.m.,Mal corrigé (valeur différente mais fausse)
2113,act_arr_time,missing_values,real_missing_value,11:50 p.m.,,11:35 p.m.,Mal corrigé (valeur différente mais fausse)
2117,act_arr_time,missing_values,real_missing_value,3:50 p.m.,,3:29 p.m.,Mal corrigé (valeur différente mais fausse)
2120,act_arr_time,missing_values,real_missing_value,5:11 a.m.,,5:21 a.m.,Mal corrigé (valeur différente mais fausse)
2121,act_arr_time,missing_values,real_missing_value,6:40 p.m.,,6:19 p.m.,Mal corrigé (valeur différente mais fausse)
2127,act_arr_time,real_world_error,real_dirty_value,11:56 a.m.,11:45 a.m.,12:12 p.m.,Mal corrigé (valeur différente mais fausse)
2150,act_arr_time,missing_values,real_missing_value,3:31 p.m.,,3:31 p.m.,Corrigé
2151,act_arr_time,missing_values,real_missing_value,1:14 p.m.,,1:14 p.m.,Corrigé
2152,act_arr_time,missing_values,real_missing_value,12:15 a.m.,,11:49 p.m.,Mal corrigé (valeur différente mais fausse)
2153,act_arr_time,missing_values,real_missing_value,7:36 p.m.,,7:36 p.m.,Corrigé
2154,act_arr_time,missing_values,real_missing_value,3:13 p.m.,,3:13 p.m.,Corrigé
2155,act_arr_time,real_world_error,real_dirty_value,9:32 a.m.,9:22 a.m.,9:22 a.m.,Non corrigé (regression)
2160,act_arr_time,missing_values,real_missing_value,10:30 p.m.,,3:13 p.m.,Mal corrigé (valeur différente mais fausse)
2165,act_arr_time,missing_values,real_missing_value,6:55 a.m.,,3:13 p.m.,Mal corrigé (valeur différente mais fausse)
2168,act_arr_time,real_world_error,real_dirty_value,6:28 p.m.,6:25 p.m.,6:25 p.m.,Non corrigé (regression)
2169,act_arr_time,real_world_error,real_dirty_value,9:14 a.m.,9:09 a.m.,9:09 a.m.,Non corrigé (regression)
2171,act_arr_time,real_world_error,real_dirty_value,1:27 p.m.,1:18 p.m.,1:27 p.m.,Corrigé
2178,act_arr_time,real_world_error,real_dirty_value,4:47 p.m.,5:00 p.m.,4:47 p.m.,Corrigé
2182,act_arr_time,real_world_error,real_dirty_value,5:05 p.m.,5:03 p.m.,5:05 p.m.,Corrigé
2185,act_arr_time,real_world_error,real_dirty_value,11:56 a.m.,11:50 a.m.,11:50 a.m.,Non corrigé (regression)
2186,act_arr_time,real_world_error,real_dirty_value,3:30 p.m.,3:19 p.m.,3:13 p.m.,Mal corrigé (valeur différente mais fausse)
2189,act_arr_time,real_world_error,real_dirty_value,2:10 p.m.,2:01 p.m.,2:10 p.m.,Corrigé
2191,act_arr_time,real_world_error,real_dirty_value,1:15 p.m.,1:14 p.m.,1:15 p.m.,Corrigé
2193,act_arr_time,real_world_error,real_dirty_value,9:52 p.m.,9:38 p.m.,9:38 p.m.,Non corrigé (regression)
2196,act_arr_time,real_world_error,real_dirty_value,3:33 p.m.,3:25 p.m.,3:33 p.m.,Corrigé
2197,act_arr_time,real_world_error,real_dirty_value,10:36 a.m.,10:29 a.m.,10:29 a.m.,Non corrigé (regression)
2198,act_arr_time,missing_values,real_missing_value,7:25 p.m.,,7:25 p.m.,Corrigé
2199,act_arr_time,real_world_error,real_dirty_value,8:53 p.m.,8:43 p.m.,8:53 p.m.,Corrigé
2200,act_arr_time,missing_values,real_missing_value,12:21 a.m.,,3:13 p.m.,Mal corrigé (valeur différente mais fausse)
2204,act_arr_time,real_world_error,real_dirty_value,9:31 a.m.,9:29 a.m.,9:26 a.m.,Mal corrigé (valeur différente mais fausse)
2205,act_arr_time,real_world_error,real_dirty_value,7:55 p.m.,7:53 p.m.,7:55 p.m.,Corrigé
2206,act_arr_time,real_world_error,real_dirty_value,6:38 p.m.,6:35 p.m.,6:38 p.m.,Corrigé
2208,act_arr_time,real_world_error,real_dirty_value,9:53 p.m.,9:49 p.m.,9:53 p.m.,Corrigé
2210,act_arr_time,real_world_error,real_dirty_value,10:47 a.m.,10:45 a.m.,10:45 a.m.,Non corrigé (regression)
2213,act_arr_time,real_world_error,real_dirty_value,2:50 p.m.,2:52 p.m.,2:50 p.m.,Corrigé
2215,act_arr_time,missing_values,real_missing_value,5:50 a.m.,,3:13 p.m.,Mal corrigé (valeur différente mais fausse)
2216,act_arr_time,missing_values,real_missing_value,12:29 a.m.,,3:13 p.m.,Mal corrigé (valeur différente mais fausse)
2217,act_arr_time,missing_values,real_missing_value,12:15 a.m.,,11:49 p.m.,Mal corrigé (valeur différente mais fausse)
2218,act_arr_time,missing_values,real_missing_value,11:50 p.m.,,11:35 p.m.,Mal corrigé (valeur différente mais fausse)
2222,act_arr_time,missing_values,real_missing_value,3:50 p.m.,,3:29 p.m.,Mal corrigé (valeur différente mais fausse)
2225,act_arr_time,missing_values,real_missing_value,5:11 a.m.,,5:21 a.m.,Mal corrigé (valeur différente mais fausse)
2226,act_arr_time,missing_values,real_missing_value,6:40 p.m.,,6:19 p.m.,Mal corrigé (valeur différente mais fausse)
2228,act_arr_time,real_world_error,real_dirty_value,2:00 p.m.,2:02 p.m.,2:02 p.m.,Non corrigé (regression)
2229,act_arr_time,real_world_error,real_dirty_value,9:20 p.m.,9:11 p.m.,9:11 p.m.,Non corrigé (regression)
2230,act_arr_time,real_world_error,real_dirty_value,4:44 p.m.,4:24 p.m.,4:24 p.m.,Non corrigé (regression)
2232,act_arr_time,real_world_error,real_dirty_value,11:56 a.m.,12:12 p.m.,12:12 p.m.,Non corrigé (regression)
2233,act_arr_time,real_world_error,real_dirty_value,3:43 p.m.,3:36 p.m.,3:36 p.m.,Non corrigé (regression)
2234,act_arr_time,real_world_error,real_dirty_value,5:43 p.m.,5:34 p.m.,5:43 p.m.,Corrigé
2235,act_arr_time,real_world_error,real_dirty_value,11:06 a.m.,11:07 a.m.,11:04 a.m.,Mal corrigé (valeur différente mais fausse)
2237,act_arr_time,real_world_error,real_dirty_value,11:01 a.m.,11:00 a.m.,11:01 a.m.,Corrigé
2239,act_arr_time,real_world_error,real_dirty_value,3:13 p.m.,3:01 p.m.,3:13 p.m.,Corrigé
2240,act_arr_time,real_world_error,real_dirty_value,10:16 a.m.,10:10 a.m.,10:16 a.m.,Corrigé
2242,act_arr_time,real_world_error,real_dirty_value,8:06 a.m.,7:57 a.m.,8:06 a.m.,Corrigé
2244,act_arr_time,real_world_error,real_dirty_value,6:15 p.m.,6:09 p.m.,6:15 p.m.,Corrigé
2248,act_arr_time,real_world_error,real_dirty_value,5:38 p.m.,6:17 p.m.,5:38 p.m.,Corrigé
2249,act_arr_time,real_world_error,real_dirty_value,12:50 p.m.,12:48 p.m.,12:50 p.m.,Corrigé
2250,act_arr_time,real_world_error,real_dirty_value,7:40 a.m.,7:32 a.m.,7:40 a.m.,Corrigé
2255,act_arr_time,real_world_error,real_dirty_value,9:32 a.m.,9:22 a.m.,9:22 a.m.,Non corrigé (regression)
2256,act_arr_time,real_world_error,real_dirty_value,9:28 a.m.,9:14 a.m.,9:28 a.m.,Corrigé
2257,act_arr_time,real_world_error,real_dirty_value,10:29 p.m.,10:24 p.m.,10:29 p.m.,Corrigé
2258,act_arr_time,real_world_error,real_dirty_value,9:43 a.m.,9:44 a.m.,9:43 a.m.,Corrigé
2259,act_arr_time,real_world_error,real_dirty_value,10:30 p.m.,10:28 p.m.,3:13 p.m.,Mal corrigé (valeur différente mais fausse)
2261,act_arr_time,real_world_error,real_dirty_value,6:28 p.m.,6:23 p.m.,6:25 p.m.,Mal corrigé (valeur différente mais fausse)
2262,act_arr_time,real_world_error,real_dirty_value,9:14 a.m.,9:08 a.m.,9:09 a.m.,Mal corrigé (valeur différente mais fausse)
2263,act_arr_time,real_world_error,real_dirty_value,9:45 a.m.,9:29 a.m.,9:45 a.m.,Corrigé
2264,act_arr_time,real_world_error,real_dirty_value,7:39 p.m.,7:37 p.m.,7:39 p.m.,Corrigé
2265,act_arr_time,real_world_error,real_dirty_value,1:27 p.m.,1:11 p.m.,1:27 p.m.,Corrigé
2266,act_arr_time,real_world_error,real_dirty_value,4:09 p.m.,3:59 p.m.,4:09 p.m.,Corrigé
2267,act_arr_time,real_world_error,real_dirty_value,1:14 p.m.,1:07 p.m.,1:14 p.m.,Corrigé
2268,act_arr_time,real_world_error,real_dirty_value,9:05 a.m.,8:50 a.m.,9:05 a.m.,Corrigé
2269,act_arr_time,real_world_error,real_dirty_value,5:05 p.m.,4:57 p.m.,5:05 p.m.,Corrigé
2270,act_arr_time,real_world_error,real_dirty_value,11:01 a.m.,10:58 a.m.,11:01 a.m.,Corrigé
2271,act_arr_time,real_world_error,real_dirty_value,11:56 a.m.,11:50 a.m.,11:50 a.m.,Non corrigé (regression)
2272,act_arr_time,real_world_error,real_dirty_value,8:06 a.m.,7:59 a.m.,8:06 a.m.,Corrigé
2273,act_arr_time,real_world_error,real_dirty_value,3:30 p.m.,3:13 p.m.,3:13 p.m.,Non corrigé (regression)
2274,act_arr_time,real_world_error,real_dirty_value,7:40 a.m.,7:35 a.m.,7:40 a.m.,Corrigé
2275,act_arr_time,real_world_error,real_dirty_value,2:50 p.m.,2:40 p.m.,2:50 p.m.,Corrigé
2276,act_arr_time,real_world_error,real_dirty_value,3:21 p.m.,3:07 p.m.,3:21 p.m.,Corrigé
2277,act_arr_time,real_world_error,real_dirty_value,5:42 p.m.,5:27 p.m.,5:42 p.m.,Corrigé
2278,act_arr_time,real_world_error,real_dirty_value,1:15 p.m.,1:08 p.m.,1:15 p.m.,Corrigé
2279,act_arr_time,real_world_error,real_dirty_value,8:03 p.m.,7:43 p.m.,8:03 p.m.,Corrigé
2280,act_arr_time,real_world_error,real_dirty_value,11:06 a.m.,10:43 a.m.,11:06 a.m.,Corrigé
2281,act_arr_time,real_world_error,real_dirty_value,9:52 p.m.,8:46 p.m.,9:38 p.m.,Mal corrigé (valeur différente mais fausse)
2282,act_arr_time,real_world_error,real_dirty_value,2:27 p.m.,2:21 p.m.,2:27 p.m.,Corrigé
2283,act_arr_time,real_world_error,real_dirty_value,2:46 p.m.,2:39 p.m.,2:46 p.m.,Corrigé
2284,act_arr_time,real_world_error,real_dirty_value,3:33 p.m.,3:26 p.m.,3:33 p.m.,Corrigé
2285,act_arr_time,real_world_error,real_dirty_value,10:36 a.m.,10:29 a.m.,10:29 a.m.,Non corrigé (regression)
2287,act_arr_time,real_world_error,real_dirty_value,8:53 p.m.,8:38 p.m.,8:53 p.m.,Corrigé
2288,act_arr_time,real_world_error,real_dirty_value,3:16 p.m.,3:04 p.m.,3:16 p.m.,Corrigé
2289,act_arr_time,real_world_error,real_dirty_value,12:21 a.m.,12:02 a.m.,3:13 p.m.,Mal corrigé (valeur différente mais fausse)
2290,act_arr_time,real_world_error,real_dirty_value,12:09 p.m.,12:02 p.m.,12:09 p.m.,Corrigé
2291,act_arr_time,real_world_error,real_dirty_value,7:51 a.m.,7:49 a.m.,7:51 a.m.,Corrigé
2292,act_arr_time,real_world_error,real_dirty_value,9:31 a.m.,9:26 a.m.,9:26 a.m.,Non corrigé (regression)
2293,act_arr_time,real_world_error,real_dirty_value,7:55 p.m.,7:43 p.m.,7:55 p.m.,Corrigé
2294,act_arr_time,real_world_error,real_dirty_value,6:38 p.m.,6:34 p.m.,6:38 p.m.,Corrigé
2295,act_arr_time,real_world_error,real_dirty_value,9:53 p.m.,9:47 p.m.,9:53 p.m.,Corrigé
2296,act_arr_time,real_world_error,real_dirty_value,3:04 p.m.,2:58 p.m.,3:04 p.m.,Corrigé
2297,act_arr_time,real_world_error,real_dirty_value,4:23 p.m.,4:20 p.m.,4:23 p.m.,Corrigé
2298,act_arr_time,real_world_error,real_dirty_value,4:17 p.m.,4:06 p.m.,4:17 p.m.,Corrigé
2299,act_arr_time,real_world_error,real_dirty_value,12:29 a.m.,12:19 a.m.,3:13 p.m.,Mal corrigé (valeur différente mais fausse)
2300,act_arr_time,real_world_error,real_dirty_value,12:15 a.m.,12:01 a.m.,11:49 p.m.,Mal corrigé (valeur différente mais fausse)
2301,act_arr_time,real_world_error,real_dirty_value,11:50 p.m.,11:35 p.m.,11:35 p.m.,Non corrigé (regression)
2302,act_arr_time,real_world_error,real_dirty_value,10:04 a.m.,9:45 a.m.,10:04 a.m.,Corrigé
2303,act_arr_time,real_world_error,real_dirty_value,11:44 a.m.,11:33 a.m.,11:44 a.m.,Corrigé
2304,act_arr_time,real_world_error,real_dirty_value,3:50 p.m.,3:40 p.m.,3:29 p.m.,Mal corrigé (valeur différente mais fausse)
2305,act_arr_time,real_world_error,real_dirty_value,5:11 a.m.,5:21 a.m.,5:21 a.m.,Non corrigé (regression)
2306,act_arr_time,real_world_error,real_dirty_value,6:40 p.m.,6:56 p.m.,6:19 p.m.,Mal corrigé (valeur différente mais fausse)
2307,act_arr_time,real_world_error,real_dirty_value,9:20 p.m.,9:11 p.m.,9:11 p.m.,Non corrigé (regression)
2308,act_arr_time,real_world_error,real_dirty_value,3:43 p.m.,3:36 p.m.,3:36 p.m.,Non corrigé (regression)
2309,act_arr_time,real_world_error,real_dirty_value,5:43 p.m.,5:39 p.m.,5:43 p.m.,Corrigé
2310,act_arr_time,real_world_error,real_dirty_value,11:06 a.m.,11:04 a.m.,11:04 a.m.,Non corrigé (regression)
2311,act_arr_time,real_world_error,real_dirty_value,1:43 p.m.,1:42 p.m.,1:43 p.m.,Corrigé
2312,act_arr_time,real_world_error,real_dirty_value,3:13 p.m.,2:49 p.m.,3:13 p.m.,Corrigé
2313,act_arr_time,real_world_error,real_dirty_value,6:43 p.m.,6:30 p.m.,6:43 p.m.,Corrigé
2314,act_arr_time,real_world_error,real_dirty_value,6:15 p.m.,6:11 p.m.,6:15 p.m.,Corrigé
2315,act_arr_time,real_world_error,real_dirty_value,3:14 p.m.,3:12 p.m.,3:14 p.m.,Corrigé
2316,act_arr_time,real_world_error,real_dirty_value,5:38 p.m.,5:34 p.m.,5:38 p.m.,Corrigé
2317,act_arr_time,real_world_error,real_dirty_value,12:50 p.m.,12:37 p.m.,12:50 p.m.,Corrigé
2318,act_arr_time,real_world_error,real_dirty_value,6:36 p.m.,6:33 p.m.,6:36 p.m.,Corrigé
2319,act_arr_time,real_world_error,real_dirty_value,6:19 a.m.,6:09 a.m.,6:19 a.m.,Corrigé
2320,act_arr_time,real_world_error,real_dirty_value,11:12 a.m.,10:52 a.m.,11:12 a.m.,Corrigé
2324,act_arr_time,real_world_error,real_dirty_value,10:30 p.m.,10:30 p.m. (Estimated),3:13 p.m.,Mal corrigé (valeur différente mais fausse)
2325,act_arr_time,real_world_error,real_dirty_value,7:25 p.m.,7:25 p.m. (Estimated runway),7:25 p.m.,Corrigé
2326,act_arr_time,real_world_error,real_dirty_value,12:21 a.m.,12:21 a.m. (Estimated),3:13 p.m.,Mal corrigé (valeur différente mais fausse)
2328,act_arr_time,real_world_error,real_dirty_value,6:55 a.m.,6:35 a.m. (Estimated runway),3:13 p.m.,Mal corrigé (valeur différente mais fausse)
2339,act_arr_time,real_world_error,real_dirty_value,3:30 p.m.,3:20 p.m. (runway),3:13 p.m.,Mal corrigé (valeur différente mais fausse)
2355,act_arr_time,real_world_error,real_dirty_value,5:50 a.m.,5:42 a.m. (Estimated runway),3:13 p.m.,Mal corrigé (valeur différente mais fausse)
2356,act_arr_time,real_world_error,real_dirty_value,12:29 a.m.,12:01 a.m. (Estimated runway),3:13 p.m.,Mal corrigé (valeur différente mais fausse)
2357,act_arr_time,real_world_error,real_dirty_value,12:15 a.m.,11:49 p.m. (Estimated runway),11:49 p.m.,Mal corrigé (valeur différente mais fausse)
2358,act_arr_time,real_world_error,real_dirty_value,11:50 p.m.,11:35 p.m. (Estimated runway),11:35 p.m.,Mal corrigé (valeur différente mais fausse)
2362,act_arr_time,real_world_error,real_dirty_value,3:50 p.m.,3:29 p.m. (Estimated runway),3:29 p.m.,Mal corrigé (valeur différente mais fausse)
