tuple_id,src,flight,sched_dep_time,act_dep_time,sched_arr_time,act_arr_time
1,aa,AA-3859-IAH-ORD,7:10 p.m.m. a.m. p.m. a.m. p.m. a.m. a....,7:16 p.m.m. a.m. p.m. a.m. p.m. a.m. a....,9:40 p.m.m. a.m. p.m. a.m. p.m. a.m. a....,9:22 p.m.m. a.m. p.m. a.m. p.m. a.m. a....
2,aa,AA-1733-ORD-PHX,7:45 p.m.m. a.m. p.m. a.m. p.m. a.m. p....,7:59 p.m.m. a.m. p.m. a.m. p.m. a.m. p....,10:30 p.m.m. a.m. p.m. a.m. p.m. a.m. p....,10:30 p.m.m. a.m. p.m. a.m. p.m. a.m. p....
3,aa,AA-1640-MIA-MCO,6:30 p.m.m. a.m. p.m. a.m. p.m. a.m. p....,6:47 p.m.m. a.m. p.m. a.m. p.m. a.m. p....,7:25 p.m.m. a.m. p.m. a.m. p.m. a.m. p....,7:25 p.m.m. a.m. p.m. a.m. p.m. a.m. p....
4,aa,AA-518-MIA-JFK,6:40 p.m.m. a.m. p.m. a.m. p.m. a.m. a....,6:54 p.m.m. a.m. p.m. a.m. p.m. a.m. a....,9:25 p.m.m. a.m. p.m. a.m. p.m. a.m. a....,9:28 p.m.m. a.m. p.m. a.m. p.m. a.m. a....
5,aa,AA-3756-ORD-SLC,12:15 p.m.m. a.m. p.m. a.m. p.m. a.m. p....,12:42 p.m.m. a.m. p.m. a.m. p.m. a.m. p....,2:45 p.m.m. a.m. p.m. a.m. p.m. a.m. p....,2:50 p.m.m. a.m. p.m. a.m. p.m. a.m. p....
6,aa,AA-204-LAX-MCO,11:25 p.m.m. a.m. p.m. a.m. p.m. a.m. p....,11:29 p.m.m. a.m. p.m. a.m. p.m. a.m. p....,6:55 p.m.m. a.m. p.m. a.m. p.m. a.m. a....,12211 6:35 p.m.m. a.m. p.m. a.m. p.m. a.m. a....
7,aa,AA-3468-CVG-MIA,7:00 p.m.m. a.m. p.m. a.m. p.m. a.m. a....,7:25 p.m.m. a.m. p.m. a.m. p.m. a.m. a....,9:55 p.m.m. a.m. p.m. a.m. p.m. a.m. a....,9:45 p.m.m. a.m. p.m. a.m. p.m. a.m. a....
8,aa,AA-484-DFW-MIA,4:15 p.m.m. a.m. p.m. a.m. p.m. a.m. p....,4:29 p.m.m. a.m. p.m. a.m. p.m. a.m. p....,7:55 p.m.m. a.m. p.m. a.m. p.m. a.m. p....,7:39 p.m.m. a.m. p.m. a.m. p.m. a.m. p....
9,aa,AA-446-DFW-PHL,11:50 p.m.m. a.m. p.m. a.m. p.m. a.m. a....,12:13 p.m.m. a.m. p.m. a.m. p.m. a.m. p....,3:50 p.m.m. a.m. p.m. a.m. p.m. a.m. p....,4:09 p.m.m. a.m. p.m. a.m. p.m. a.m. p....
10,aa,AA-466-IAH-MIA,6:00 p.m.m. a.m. p.m. a.m. p.m. a.m. a....,6:09 p.m.m. a.m. p.m. a.m. p.m. a.m. a....,9:20 p.m.m. a.m. p.m. a.m. p.m. a.m. a....,9:05 p.m.m. a.m. p.m. a.m. p.m. a.m. a....
11,aa,AA-1886-BOS-MIA,10:45 p.m.m. a.m. p.m. a.m. p.m. a.m. a....,10:55 p.m.m. a.m. p.m. a.m. p.m. a.m. a....,2:20 p.m.m. a.m. p.m. a.m. p.m. a.m. p....,1:40 p.m.m. a.m. p.m. a.m. p.m. a.m. p....
12,aa,AA-2957-DFW-CVG,7:55 p.m.m. a.m. p.m. a.m. p.m. a.m. a....,8:04 p.m.m. a.m. p.m. a.m. p.m. a.m. a....,11:05 p.m.m. a.m. p.m. a.m. p.m. a.m. a....,11:01 p.m.m. a.m. p.m. a.m. p.m. a.m. a....
13,aa,AA-1664-MIA-ATL,10:15 p.m.m. a.m. p.m. a.m. p.m. a.m. a....,10:19 p.m.m. a.m. p.m. a.m. p.m. a.m. a....,12:10 p.m.m. a.m. p.m. a.m. p.m. a.m. p....,11:50 p.m.m. a.m. p.m. a.m. p.m. a.m. a....
14,aa,AA-3979-CVG-ORD,7:30 p.m.m. a.m. p.m. a.m. p.m. a.m. a....,8:04 p.m.m. a.m. p.m. a.m. p.m. a.m. a....,8:00 p.m.m. a.m. p.m. a.m. p.m. a.m. a....,8:06 p.m.m. a.m. p.m. a.m. p.m. a.m. a....
15,aa,AA-1279-DFW-PHX,1:00 p.m.m. a.m. p.m. a.m. p.m. a.m. p....,2:04 p.m.m. a.m. p.m. a.m. p.m. a.m. p....,2:35 p.m.m. a.m. p.m. a.m. p.m. a.m. p....,3:13 p.m.m. a.m. p.m. a.m. p.m. a.m. p....
16,aa,AA-616-DFW-DTW,9:05 p.m.m. a.m. p.m. a.m. p.m. a.m. a....,10:11 p.m.m. a.m. p.m. a.m. p.m. a.m. a....,12:35 p.m.m. a.m. p.m. a.m. p.m. a.m. p....,1:27 p.m.m. a.m. p.m. a.m. p.m. a.m. p....
17,aa,AA-4344-ORD-DTW,11:45 p.m.m. a.m. p.m. a.m. p.m. a.m. a....,12:14 p.m.m. a.m. p.m. a.m. p.m. a.m. p....,2:00 p.m.m. a.m. p.m. a.m. p.m. a.m. p....,2:10 p.m.m. a.m. p.m. a.m. p.m. a.m. p....
18,aa,AA-2525-DFW-MIA,7:25 p.m.m. a.m. p.m. a.m. p.m. a.m. a....,7:39 p.m.m. a.m. p.m. a.m. p.m. a.m. a....,11:10 p.m.m. a.m. p.m. a.m. p.m. a.m. a....,11:06 p.m.m. a.m. p.m. a.m. p.m. a.m. a....
19,aa,AA-404-MIA-MCO,6:45 p.m.m. a.m. p.m. a.m. p.m. a.m. a....,6:58 p.m.m. a.m. p.m. a.m. p.m. a.m. a....,7:45 p.m.m. a.m. p.m. a.m. p.m. a.m. a....,7:40 p.m.m. a.m. p.m. a.m. p.m. a.m. a....
20,aa,AA-271-MIA-LAX,11:35 p.m.m. a.m. p.m. a.m. p.m. a.m. a....,11:52 p.m.m. a.m. p.m. a.m. p.m. a.m. a....,2:25 p.m.m. a.m. p.m. a.m. p.m. a.m. p....,2:27 p.m.m. a.m. p.m. a.m. p.m. a.m. p....
21,aa,AA-2050-ORD-MIA,10:40 p.m.m. a.m. p.m. a.m. p.m. a.m. a....,11:06 p.m.m. a.m. p.m. a.m. p.m. a.m. a....,2:45 p.m.m. a.m. p.m. a.m. p.m. a.m. p....,2:46 p.m.m. a.m. p.m. a.m. p.m. a.m. p....
22,aa,AA-4330-CVG-ORD,3:35 p.m.m. a.m. p.m. a.m. p.m. a.m. p....,3:36 p.m.m. a.m. p.m. a.m. p.m. a.m. p....,4:00 p.m.m. a.m. p.m. a.m. p.m. a.m. p....,3:33 p.m.m. a.m. p.m. a.m. p.m. a.m. p....
23,aa,AA-1434-DFW-MCO,7:15 p.m.m. a.m. p.m. a.m. p.m. a.m. a....,7:22 p.m.m. a.m. p.m. a.m. p.m. a.m. a....,10:35 p.m.m. a.m. p.m. a.m. p.m. a.m. a....,10:29 p.m.m. a.m. p.m. a.m. p.m. a.m. a....
24,aa,AA-4307-ORD-DTW,6:45 p.m.m. a.m. p.m. a.m. p.m. a.m. p....,6:56 p.m.m. a.m. p.m. a.m. p.m. a.m. p....,9:10 p.m.m. a.m. p.m. a.m. p.m. a.m. p....,8:53 p.m.m. a.m. p.m. a.m. p.m. a.m. p....
25,aa,AA-3-JFK-LAX,12:00 p.m.m. a.m. p.m. a.m. p.m. a.m. p....,12:12 p.m.m. a.m. p.m. a.m. p.m. a.m. p....,3:15 p.m.m. a.m. p.m. a.m. p.m. a.m. p....,3:16 p.m.m. a.m. p.m. a.m. p.m. a.m. p....
26,aa,AA-3842-MSP-ORD,6:00 p.m.m. a.m. p.m. a.m. p.m. a.m. a....,6:56 p.m.m. a.m. p.m. a.m. p.m. a.m. a....,7:30 p.m.m. a.m. p.m. a.m. p.m. a.m. a....,7:51 p.m.m. a.m. p.m. a.m. p.m. a.m. a....
27,aa,AA-643-MIA-ORD,7:10 p.m.m. a.m. p.m. a.m. p.m. a.m. a....,7:31 p.m.m. a.m. p.m. a.m. p.m. a.m. a....,9:35 p.m.m. a.m. p.m. a.m. p.m. a.m. a....,9:26 p.m.m. a.m. p.m. a.m. p.m. a.m. a....
28,aa,AA-1007-MIA-PHX,4:55 p.m.m. a.m. p.m. a.m. p.m. a.m. p....,5:09 p.m.m. a.m. p.m. a.m. p.m. a.m. p....,8:05 p.m.m. a.m. p.m. a.m. p.m. a.m. p....,7:55 p.m.m. a.m. p.m. a.m. p.m. a.m. p....
29,aa,AA-1221-MCO-ORD,8:00 p.m.m. a.m. p.m. a.m. p.m. a.m. p....,8:23 p.m.m. a.m. p.m. a.m. p.m. a.m. p....,9:45 p.m.m. a.m. p.m. a.m. p.m. a.m. p....,9:53 p.m.m. a.m. p.m. a.m. p.m. a.m. p....
30,aa,AA-400-DFW-JFK,10:40 p.m.m. a.m. p.m. a.m. p.m. a.m. a....,11:02 p.m.m. a.m. p.m. a.m. p.m. a.m. a....,2:59 p.m.m. a.m. p.m. a.m. p.m. a.m. p....,3:04 p.m.m. a.m. p.m. a.m. p.m. a.m. p....
31,aa,AA-4198-ORD-CLE,10:40 p.m.m. a.m. p.m. a.m. p.m. a.m. a....,10:55 p.m.m. a.m. p.m. a.m. p.m. a.m. a....,12:55 p.m.m. a.m. p.m. a.m. p.m. a.m. p....,12:50 p.m.m. a.m. p.m. a.m. p.m. a.m. p....
32,aa,AA-1522-SFO-ORD,11:55 p.m.m. a.m. p.m. a.m. p.m. a.m. p....,12:11 p.m.m. a.m. p.m. a.m. p.m. a.m. a....,5:50 p.m.m. a.m. p.m. a.m. p.m. a.m. a....,5:42 p.m.m. a.m. p.m. a.m. p.m. a.m. a....
33,aa,AA-3823-LAX-DEN,9:00 p.m.m. a.m. p.m. a.m. p.m. a.m. p....,9:06 p.m.m. a.m. p.m. a.m. p.m. a.m. p....,12:15 p.m.m. a.m. p.m. a.m. p.m. a.m. a....,11:49 p.m.m. a.m. p.m. a.m. p.m. a.m. p....
34,aa,AA-2312-DFW-DTW,8:25 p.m.m. a.m. p.m. a.m. p.m. a.m. p....,8:29 p.m.m. a.m. p.m. a.m. p.m. a.m. p....,11:50 p.m.m. a.m. p.m. a.m. p.m. a.m. p....,11:35 p.m.m. a.m. p.m. a.m. p.m. a.m. p....
35,aa,AA-1165-JFK-MIA,6:59 p.m.m. a.m. p.m. a.m. p.m. a.m. a....,7:23 p.m.m. a.m. p.m. a.m. p.m. a.m. a....,10:34 p.m.m. a.m. p.m. a.m. p.m. a.m. a....,10:04 p.m.m. a.m. p.m. a.m. p.m. a.m. a....
36,aa,AA-431-MIA-SFO,8:35 p.m.m. a.m. p.m. a.m. p.m. a.m. a....,8:52 p.m.m. a.m. p.m. a.m. p.m. a.m. a....,11:50 p.m.m. a.m. p.m. a.m. p.m. a.m. a....,11:44 p.m.m. a.m. p.m. a.m. p.m. a.m. a....
37,aa,AA-649-ORD-SNA,1:30 p.m.m. a.m. p.m. a.m. p.m. a.m. p....,1:41 p.m.m. a.m. p.m. a.m. p.m. a.m. p....,3:50 p.m.m. a.m. p.m. a.m. p.m. a.m. p....,3:29 p.m.m. a.m. p.m. a.m. p.m. a.m. p....
38,aa,AA-3063-SLC-LAX,8:20 p.m.m. a.m. p.m. a.m. p.m. a.m. p....,8:40 p.m.m. a.m. p.m. a.m. p.m. a.m. p....,9:20 p.m.m. a.m. p.m. a.m. p.m. a.m. p....,9:11 p.m.m. a.m. p.m. a.m. p.m. a.m. p....
39,aa,AA-3804-PHL-ORD,2:35 p.m.m. a.m. p.m. a.m. p.m. a.m. p....,2:44 p.m.m. a.m. p.m. a.m. p.m. a.m. p....,4:05 p.m.m. a.m. p.m. a.m. p.m. a.m. p....,3:36 p.m.m. a.m. p.m. a.m. p.m. a.m. p....
40,aa,AA-1917-JFK-MCO,2:55 p.m.m. a.m. p.m. a.m. p.m. a.m. p....,3:27 p.m.m. a.m. p.m. a.m. p.m. a.m. p....,5:55 p.m.m. a.m. p.m. a.m. p.m. a.m. p....,5:43 p.m.m. a.m. p.m. a.m. p.m. a.m. p....
41,aa,AA-2268-PHX-ORD,7:15 p.m.m. a.m. p.m. a.m. p.m. a.m. a....,7:23 p.m.m. a.m. p.m. a.m. p.m. a.m. a....,11:35 p.m.m. a.m. p.m. a.m. p.m. a.m. a....,11:04 p.m.m. a.m. p.m. a.m. p.m. a.m. a....
42,aa,AA-4277-CVG-JFK,12:10 p.m.m. a.m. p.m. a.m. p.m. a.m. p....,12:11 p.m.m. a.m. p.m. a.m. p.m. a.m. p....,2:15 p.m.m. a.m. p.m. a.m. p.m. a.m. p....,1:43 p.m.m. a.m. p.m. a.m. p.m. a.m. p....
43,aa,AA-789-ORD-DEN,1:05 p.m.m. a.m. p.m. a.m. p.m. a.m. p....,1:19 p.m.m. a.m. p.m. a.m. p.m. a.m. p....,2:35 p.m.m. a.m. p.m. a.m. p.m. a.m. p....,3:13 p.m.m. a.m. p.m. a.m. p.m. a.m. p....
44,aa,AA-415-BOS-ORD,8:35 p.m.m. a.m. p.m. a.m. p.m. a.m. a....,8:56 p.m.m. a.m. p.m. a.m. p.m. a.m. a....,10:40 p.m.m. a.m. p.m. a.m. p.m. a.m. a....,10:16 p.m.m. a.m. p.m. a.m. p.m. a.m. a....
45,aa,AA-85-JFK-SFO,3:05 p.m.m. a.m. p.m. a.m. p.m. a.m. p....,3:38 p.m.m. a.m. p.m. a.m. p.m. a.m. p....,6:30 p.m.m. a.m. p.m. a.m. p.m. a.m. p....,6:43 p.m.m. a.m. p.m. a.m. p.m. a.m. p....
46,aa,AA-1544-SAN-ORD,11:25 p.m.m. a.m. p.m. a.m. p.m. a.m. a....,11:41 p.m.m. a.m. p.m. a.m. p.m. a.m. a....,5:25 p.m.m. a.m. p.m. a.m. p.m. a.m. p....,4:56 p.m.m. a.m. p.m. a.m. p.m. a.m. p....
47,aa,AA-3786-IAH-ORD,4:00 p.m.m. a.m. p.m. a.m. p.m. a.m. p....,4:12 p.m.m. a.m. p.m. a.m. p.m. a.m. p....,6:40 p.m.m. a.m. p.m. a.m. p.m. a.m. p....,6:15 p.m.m. a.m. p.m. a.m. p.m. a.m. p....
48,aa,AA-222-LAX-BOS,7:10 p.m.m. a.m. p.m. a.m. p.m. a.m. a....,7:32 p.m.m. a.m. p.m. a.m. p.m. a.m. a....,3:30 p.m.m. a.m. p.m. a.m. p.m. a.m. p....,3:14 p.m.m. a.m. p.m. a.m. p.m. a.m. p....
49,aa,AA-3809-PHX-LAX,6:00 p.m.m. a.m. p.m. a.m. p.m. a.m. a....,6:10 p.m.m. a.m. p.m. a.m. p.m. a.m. a....,6:40 p.m.m. a.m. p.m. a.m. p.m. a.m. a....,6:19 p.m.m. a.m. p.m. a.m. p.m. a.m. a....
50,aa,AA-59-JFK-SFO,7:10 p.m.m. a.m. p.m. a.m. p.m. a.m. a....,7:40 p.m.m. a.m. p.m. a.m. p.m. a.m. a....,10:45 p.m.m. a.m. p.m. a.m. p.m. a.m. a....,11:12 p.m.m. a.m. p.m. a.m. p.m. a.m. a....
51,helloflight,AA-3859-IAH-ORD,7:10 p.m.m. a.m. p.m. a.m. p.m. a.m. a....,7:16 p.m.m. a.m. p.m. a.m. p.m. a.m. a....,9:40 p.m.m. a.m. p.m. a.m. p.m. a.m. a....,9:22 p.m.m. a.m. p.m. a.m. p.m. a.m. a....
52,helloflight,CO-1586-IAH-MCO,7:00 p.m.m. a.m. p.m. a.m. p.m. a.m. p....,7:42 p.m.m. a.m. p.m. a.m. p.m. a.m. p....,10:15 p.m.m. a.m. p.m. a.m. p.m. a.m. p....,10:29 p.m.m. a.m. p.m. a.m. p.m. a.m. p....
53,helloflight,AA-518-MIA-JFK,6:40 p.m.m. a.m. p.m. a.m. p.m. a.m. a....,6:54 p.m.m. a.m. p.m. a.m. p.m. a.m. a....,9:25 p.m.m. a.m. p.m. a.m. p.m. a.m. a....,9:28 p.m.m. a.m. p.m. a.m. p.m. a.m. a....
54,helloflight,UA-397-JFK-SFO,8:00 p.m.m. a.m. p.m. a.m. p.m. a.m. a....,8:29 p.m.m. a.m. p.m. a.m. p.m. a.m. a....,11:55 p.m.m. a.m. p.m. a.m. p.m. a.m. a....,11:58 p.m.m. a.m. p.m. a.m. p.m. a.m. a....
55,helloflight,UA-3925-IAD-ORF,8:41 p.m.m. a.m. p.m. a.m. p.m. a.m. a....,8:42 p.m.m. a.m. p.m. a.m. p.m. a.m. a....,9:54 p.m.m. a.m. p.m. a.m. p.m. a.m. a....,9:43 p.m.m. a.m. p.m. a.m. p.m. a.m. a....
56,helloflight,AA-1733-ORD-PHX,7:45 p.m.m. a.m. p.m. a.m. p.m. a.m. p....,7:59 p.m.m. a.m. p.m. a.m. p.m. a.m. p....,10:30 p.m.m. a.m. p.m. a.m. p.m. a.m. p....,10:30 p.m.m. a.m. p.m. a.m. p.m. a.m. p....
57,helloflight,UA-2830-MCO-CLT,3:27 p.m.m. a.m. p.m. a.m. p.m. a.m. p....,3:50 p.m.m. a.m. p.m. a.m. p.m. a.m. p....,5:05 p.m.m. a.m. p.m. a.m. p.m. a.m. p....,5:17 p.m.m. a.m. p.m. a.m. p.m. a.m. p....
58,helloflight,CO-58-DEN-IAH,11:25 p.m.m. a.m. p.m. a.m. p.m. a.m. a....,11:32 p.m.m. a.m. p.m. a.m. p.m. a.m. a....,2:50 p.m.m. a.m. p.m. a.m. p.m. a.m. p....,3:31 p.m.m. a.m. p.m. a.m. p.m. a.m. p....
59,helloflight,AA-1544-SAN-ORD,11:25 p.m.m. a.m. p.m. a.m. p.m. a.m. a....,11:41 p.m.m. a.m. p.m. a.m. p.m. a.m. a....,5:25 p.m.m. a.m. p.m. a.m. p.m. a.m. p....,4:56 p.m.m. a.m. p.m. a.m. p.m. a.m. p....
60,helloflight,UA-5487-SFO-MRY,10:39 p.m.m. a.m. p.m. a.m. p.m. a.m. a....,10:53 p.m.m. a.m. p.m. a.m. p.m. a.m. a....,11:19 p.m.m. a.m. p.m. a.m. p.m. a.m. a....,11:21 p.m.m. a.m. p.m. a.m. p.m. a.m. a....
61,helloflight,AA-204-LAX-MCO,11:25 p.m.m. a.m. p.m. a.m. p.m. a.m. p....,11:29 p.m.m. a.m. p.m. a.m. p.m. a.m. p....,6:55 p.m.m. a.m. p.m. a.m. p.m. a.m. a....,12211 6:35 p.m.m. a.m. p.m. a.m. p.m. a.m. a....
62,helloflight,UA-414-LAX-SFO,6:00 p.m.m. a.m. p.m. a.m. p.m. a.m. a....,6:10 p.m.m. a.m. p.m. a.m. p.m. a.m. a....,7:23 p.m.m. a.m. p.m. a.m. p.m. a.m. a....,7:17 p.m.m. a.m. p.m. a.m. p.m. a.m. a....
63,helloflight,CO-1614-LAX-IAH,12:30 p.m.m. a.m. p.m. a.m. p.m. a.m. a....,12:41 p.m.m. a.m. p.m. a.m. p.m. a.m. a....,5:35 p.m.m. a.m. p.m. a.m. p.m. a.m. a....,5:26 p.m.m. a.m. p.m. a.m. p.m. a.m. a....
64,helloflight,UA-2726-FLL-PHL,4:00 p.m.m. a.m. p.m. a.m. p.m. a.m. p....,4:10 p.m.m. a.m. p.m. a.m. p.m. a.m. p....,6:46 p.m.m. a.m. p.m. a.m. p.m. a.m. p....,6:25 p.m.m. a.m. p.m. a.m. p.m. a.m. p....
65,helloflight,CO-52-IAH-LAX,7:35 p.m.m. a.m. p.m. a.m. p.m. a.m. a....,7:56 p.m.m. a.m. p.m. a.m. p.m. a.m. a....,9:21 p.m.m. a.m. p.m. a.m. p.m. a.m. a....,9:09 p.m.m. a.m. p.m. a.m. p.m. a.m. a....
66,helloflight,CO-1090-BOS-IAH,9:45 p.m.m. a.m. p.m. a.m. p.m. a.m. a....,10:19 p.m.m. a.m. p.m. a.m. p.m. a.m. a....,1:16 p.m.m. a.m. p.m. a.m. p.m. a.m. p....,1:19 p.m.m. a.m. p.m. a.m. p.m. a.m. p....
67,helloflight,AA-616-DFW-DTW,9:05 p.m.m. a.m. p.m. a.m. p.m. a.m. a....,10:11 p.m.m. a.m. p.m. a.m. p.m. a.m. a....,12:35 p.m.m. a.m. p.m. a.m. p.m. a.m. p....,1:27 p.m.m. a.m. p.m. a.m. p.m. a.m. p....
68,helloflight,UA-3515-IAD-MSP,8:15 p.m.m. a.m. p.m. a.m. p.m. a.m. a....,8:26 p.m.m. a.m. p.m. a.m. p.m. a.m. a....,10:06 p.m.m. a.m. p.m. a.m. p.m. a.m. a....,9:56 p.m.m. a.m. p.m. a.m. p.m. a.m. a....
69,helloflight,AA-3468-CVG-MIA,7:00 p.m.m. a.m. p.m. a.m. p.m. a.m. a....,7:25 p.m.m. a.m. p.m. a.m. p.m. a.m. a....,9:55 p.m.m. a.m. p.m. a.m. p.m. a.m. a....,9:45 p.m.m. a.m. p.m. a.m. p.m. a.m. a....
70,helloflight,AA-484-DFW-MIA,4:15 p.m.m. a.m. p.m. a.m. p.m. a.m. p....,4:29 p.m.m. a.m. p.m. a.m. p.m. a.m. p....,7:55 p.m.m. a.m. p.m. a.m. p.m. a.m. p....,7:39 p.m.m. a.m. p.m. a.m. p.m. a.m. p....
71,helloflight,AA-1886-BOS-MIA,10:45 p.m.m. a.m. p.m. a.m. p.m. a.m. a....,10:55 p.m.m. a.m. p.m. a.m. p.m. a.m. a....,2:20 p.m.m. a.m. p.m. a.m. p.m. a.m. p....,1:40 p.m.m. a.m. p.m. a.m. p.m. a.m. p....
72,helloflight,CO-62-IAH-EWR,2:30 p.m.m. a.m. p.m. a.m. p.m. a.m. p....,2:48 p.m.m. a.m. p.m. a.m. p.m. a.m. p....,7:03 p.m.m. a.m. p.m. a.m. p.m. a.m. p....,7:10 p.m.m. a.m. p.m. a.m. p.m. a.m. p....
73,helloflight,CO-1561-PHX-IAH,8:05 p.m.m. a.m. p.m. a.m. p.m. a.m. a....,8:00 p.m.m. a.m. p.m. a.m. p.m. a.m. a....,11:35 p.m.m. a.m. p.m. a.m. p.m. a.m. a....,11:32 p.m.m. a.m. p.m. a.m. p.m. a.m. a....
74,helloflight,UA-2314-ATL-PHL,2:55 p.m.m. a.m. p.m. a.m. p.m. a.m. p....,3:04 p.m.m. a.m. p.m. a.m. p.m. a.m. p....,5:00 p.m.m. a.m. p.m. a.m. p.m. a.m. p....,4:47 p.m.m. a.m. p.m. a.m. p.m. a.m. p....
75,helloflight,AA-446-DFW-PHL,11:50 p.m.m. a.m. p.m. a.m. p.m. a.m. a....,12:13 p.m.m. a.m. p.m. a.m. p.m. a.m. p....,3:50 p.m.m. a.m. p.m. a.m. p.m. a.m. p....,4:09 p.m.m. a.m. p.m. a.m. p.m. a.m. p....
76,helloflight,CO-1023-IAH-DEN,11:40 p.m.m. a.m. p.m. a.m. p.m. a.m. a....,12:06 p.m.m. a.m. p.m. a.m. p.m. a.m. p....,1:17 p.m.m. a.m. p.m. a.m. p.m. a.m. p....,1:14 p.m.m. a.m. p.m. a.m. p.m. a.m. p....
77,helloflight,AA-466-IAH-MIA,6:00 p.m.m. a.m. p.m. a.m. p.m. a.m. a....,6:09 p.m.m. a.m. p.m. a.m. p.m. a.m. a....,9:20 p.m.m. a.m. p.m. a.m. p.m. a.m. a....,9:05 p.m.m. a.m. p.m. a.m. p.m. a.m. a....
78,helloflight,UA-3050-PHX-CLT,11:05 p.m.m. a.m. p.m. a.m. p.m. a.m. a....,11:45 p.m.m. a.m. p.m. a.m. p.m. a.m. a....,4:57 p.m.m. a.m. p.m. a.m. p.m. a.m. p....,5:05 p.m.m. a.m. p.m. a.m. p.m. a.m. p....
79,helloflight,CO-89-IAH-EWR,6:00 p.m.m. a.m. p.m. a.m. p.m. a.m. a....,6:02 p.m.m. a.m. p.m. a.m. p.m. a.m. a....,10:20 p.m.m. a.m. p.m. a.m. p.m. a.m. a....,10:27 p.m.m. a.m. p.m. a.m. p.m. a.m. a....
80,helloflight,CO-1088-CLE-IAH,8:40 p.m.m. a.m. p.m. a.m. p.m. a.m. a....,8:40 p.m.m. a.m. p.m. a.m. p.m. a.m. a....,10:54 p.m.m. a.m. p.m. a.m. p.m. a.m. a....,10:56 p.m.m. a.m. p.m. a.m. p.m. a.m. a....
81,helloflight,AA-1664-MIA-ATL,10:15 p.m.m. a.m. p.m. a.m. p.m. a.m. a....,10:19 p.m.m. a.m. p.m. a.m. p.m. a.m. a....,12:10 p.m.m. a.m. p.m. a.m. p.m. a.m. p....,11:50 p.m.m. a.m. p.m. a.m. p.m. a.m. a....
82,helloflight,AA-1279-DFW-PHX,1:00 p.m.m. a.m. p.m. a.m. p.m. a.m. p....,2:04 p.m.m. a.m. p.m. a.m. p.m. a.m. p....,2:35 p.m.m. a.m. p.m. a.m. p.m. a.m. p....,3:13 p.m.m. a.m. p.m. a.m. p.m. a.m. p....
83,helloflight,UA-854-SFO-IAH,7:53 p.m.m. a.m. p.m. a.m. p.m. a.m. a....,8:07 p.m.m. a.m. p.m. a.m. p.m. a.m. a....,1:39 p.m.m. a.m. p.m. a.m. p.m. a.m. p....,1:30 p.m.m. a.m. p.m. a.m. p.m. a.m. p....
84,helloflight,UA-382-IAD-LAX,12:30 p.m.m. a.m. p.m. a.m. p.m. a.m. p....,12:56 p.m.m. a.m. p.m. a.m. p.m. a.m. p....,3:19 p.m.m. a.m. p.m. a.m. p.m. a.m. p....,3:21 p.m.m. a.m. p.m. a.m. p.m. a.m. p....
85,helloflight,AA-4344-ORD-DTW,11:45 p.m.m. a.m. p.m. a.m. p.m. a.m. a....,12:14 p.m.m. a.m. p.m. a.m. p.m. a.m. p....,2:00 p.m.m. a.m. p.m. a.m. p.m. a.m. p....,2:10 p.m.m. a.m. p.m. a.m. p.m. a.m. p....
86,helloflight,UA-257-JFK-SFO,2:30 p.m.m. a.m. p.m. a.m. p.m. a.m. p....,2:43 p.m.m. a.m. p.m. a.m. p.m. a.m. p....,6:15 p.m.m. a.m. p.m. a.m. p.m. a.m. p....,5:42 p.m.m. a.m. p.m. a.m. p.m. a.m. p....
87,helloflight,UA-2945-PHL-CLT,12:00 p.m.m. a.m. p.m. a.m. p.m. a.m. p....,12:08 p.m.m. a.m. p.m. a.m. p.m. a.m. p....,1:45 p.m.m. a.m. p.m. a.m. p.m. a.m. p....,1:15 p.m.m. a.m. p.m. a.m. p.m. a.m. p....
88,helloflight,CO-63-EWR-IAH,5:25 p.m.m. a.m. p.m. a.m. p.m. a.m. p....,5:38 p.m.m. a.m. p.m. a.m. p.m. a.m. p....,8:22 p.m.m. a.m. p.m. a.m. p.m. a.m. p....,8:03 p.m.m. a.m. p.m. a.m. p.m. a.m. p....
89,helloflight,CO-47-IAH-LAX,7:10 p.m.m. a.m. p.m. a.m. p.m. a.m. p....,8:25 p.m.m. a.m. p.m. a.m. p.m. a.m. p....,8:56 p.m.m. a.m. p.m. a.m. p.m. a.m. p....,9:38 p.m.m. a.m. p.m. a.m. p.m. a.m. p....
90,helloflight,AA-2050-ORD-MIA,10:40 p.m.m. a.m. p.m. a.m. p.m. a.m. a....,11:06 p.m.m. a.m. p.m. a.m. p.m. a.m. a....,2:45 p.m.m. a.m. p.m. a.m. p.m. a.m. p....,2:46 p.m.m. a.m. p.m. a.m. p.m. a.m. p....
91,helloflight,UA-248-PHX-ORD,12:57 p.m.m. a.m. p.m. a.m. p.m. a.m. p....,1:43 p.m.m. a.m. p.m. a.m. p.m. a.m. p....,5:15 p.m.m. a.m. p.m. a.m. p.m. a.m. p....,5:34 p.m.m. a.m. p.m. a.m. p.m. a.m. p....
92,helloflight,AA-4330-CVG-ORD,3:35 p.m.m. a.m. p.m. a.m. p.m. a.m. p....,3:36 p.m.m. a.m. p.m. a.m. p.m. a.m. p....,4:00 p.m.m. a.m. p.m. a.m. p.m. a.m. p....,3:33 p.m.m. a.m. p.m. a.m. p.m. a.m. p....
93,helloflight,AA-1434-DFW-MCO,7:15 p.m.m. a.m. p.m. a.m. p.m. a.m. a....,7:22 p.m.m. a.m. p.m. a.m. p.m. a.m. a....,10:35 p.m.m. a.m. p.m. a.m. p.m. a.m. a....,10:29 p.m.m. a.m. p.m. a.m. p.m. a.m. a....
94,helloflight,AA-1640-MIA-MCO,6:30 p.m.m. a.m. p.m. a.m. p.m. a.m. p....,6:47 p.m.m. a.m. p.m. a.m. p.m. a.m. p....,7:25 p.m.m. a.m. p.m. a.m. p.m. a.m. p....,7:25 p.m.m. a.m. p.m. a.m. p.m. a.m. p....
95,helloflight,AA-4307-ORD-DTW,6:45 p.m.m. a.m. p.m. a.m. p.m. a.m. p....,6:56 p.m.m. a.m. p.m. a.m. p.m. a.m. p....,9:10 p.m.m. a.m. p.m. a.m. p.m. a.m. p....,8:53 p.m.m. a.m. p.m. a.m. p.m. a.m. p....
96,helloflight,AA-3-JFK-LAX,12:00 p.m.m. a.m. p.m. a.m. p.m. a.m. p....,12:12 p.m.m. a.m. p.m. a.m. p.m. a.m. p....,3:15 p.m.m. a.m. p.m. a.m. p.m. a.m. p....,3:16 p.m.m. a.m. p.m. a.m. p.m. a.m. p....
97,helloflight,CO-1694-LAX-IAH,7:15 p.m.m. a.m. p.m. a.m. p.m. a.m. p....,7:15 p.m.m. a.m. p.m. a.m. p.m. a.m. p....,12:21 p.m.m. a.m. p.m. a.m. p.m. a.m. a....,12:21 p.m.m. a.m. p.m. a.m. p.m. a.m. a....
98,helloflight,UA-843-LAX-ORD,1:55 p.m.m. a.m. p.m. a.m. p.m. a.m. p....,2:38 p.m.m. a.m. p.m. a.m. p.m. a.m. p....,7:53 p.m.m. a.m. p.m. a.m. p.m. a.m. p....,7:58 p.m.m. a.m. p.m. a.m. p.m. a.m. p....
99,helloflight,CO-1193-EWR-MCO,9:15 p.m.m. a.m. p.m. a.m. p.m. a.m. a....,9:14 p.m.m. a.m. p.m. a.m. p.m. a.m. a....,12:18 p.m.m. a.m. p.m. a.m. p.m. a.m. p....,12:09 p.m.m. a.m. p.m. a.m. p.m. a.m. p....
100,helloflight,AA-3842-MSP-ORD,6:00 p.m.m. a.m. p.m. a.m. p.m. a.m. a....,6:56 p.m.m. a.m. p.m. a.m. p.m. a.m. a....,7:30 p.m.m. a.m. p.m. a.m. p.m. a.m. a....,7:51 p.m.m. a.m. p.m. a.m. p.m. a.m. a....
101,helloflight,AA-643-MIA-ORD,7:10 p.m.m. a.m. p.m. a.m. p.m. a.m. a....,7:31 p.m.m. a.m. p.m. a.m. p.m. a.m. a....,9:35 p.m.m. a.m. p.m. a.m. p.m. a.m. a....,9:26 p.m.m. a.m. p.m. a.m. p.m. a.m. a....
102,helloflight,AA-1007-MIA-PHX,4:55 p.m.m. a.m. p.m. a.m. p.m. a.m. p....,5:09 p.m.m. a.m. p.m. a.m. p.m. a.m. p....,8:05 p.m.m. a.m. p.m. a.m. p.m. a.m. p....,7:55 p.m.m. a.m. p.m. a.m. p.m. a.m. p....
103,helloflight,AA-2525-DFW-MIA,7:25 p.m.m. a.m. p.m. a.m. p.m. a.m. a....,7:39 p.m.m. a.m. p.m. a.m. p.m. a.m. a....,11:10 p.m.m. a.m. p.m. a.m. p.m. a.m. a....,11:06 p.m.m. a.m. p.m. a.m. p.m. a.m. a....
104,helloflight,UA-2906-PHL-MCO,3:50 p.m.m. a.m. p.m. a.m. p.m. a.m. p....,4:28 p.m.m. a.m. p.m. a.m. p.m. a.m. p....,6:23 p.m.m. a.m. p.m. a.m. p.m. a.m. p....,6:38 p.m.m. a.m. p.m. a.m. p.m. a.m. p....
105,helloflight,UA-938-DEN-ORD,4:16 p.m.m. a.m. p.m. a.m. p.m. a.m. p....,4:37 p.m.m. a.m. p.m. a.m. p.m. a.m. p....,7:35 p.m.m. a.m. p.m. a.m. p.m. a.m. p....,7:36 p.m.m. a.m. p.m. a.m. p.m. a.m. p....
106,helloflight,AA-1221-MCO-ORD,8:00 p.m.m. a.m. p.m. a.m. p.m. a.m. p....,8:23 p.m.m. a.m. p.m. a.m. p.m. a.m. p....,9:45 p.m.m. a.m. p.m. a.m. p.m. a.m. p....,9:53 p.m.m. a.m. p.m. a.m. p.m. a.m. p....
107,helloflight,CO-16-LAX-EWR,10:25 p.m.m. a.m. p.m. a.m. p.m. a.m. a....,10:20 p.m.m. a.m. p.m. a.m. p.m. a.m. a....,6:44 p.m.m. a.m. p.m. a.m. p.m. a.m. p....,6:34 p.m.m. a.m. p.m. a.m. p.m. a.m. p....
108,helloflight,UA-2515-DFW-CLT,7:05 p.m.m. a.m. p.m. a.m. p.m. a.m. a....,7:31 p.m.m. a.m. p.m. a.m. p.m. a.m. a....,10:31 p.m.m. a.m. p.m. a.m. p.m. a.m. a....,10:45 p.m.m. a.m. p.m. a.m. p.m. a.m. a....
109,helloflight,AA-400-DFW-JFK,10:40 p.m.m. a.m. p.m. a.m. p.m. a.m. a....,11:02 p.m.m. a.m. p.m. a.m. p.m. a.m. a....,2:59 p.m.m. a.m. p.m. a.m. p.m. a.m. p....,3:04 p.m.m. a.m. p.m. a.m. p.m. a.m. p....
110,helloflight,UA-664-ORD-PHL,1:33 p.m.m. a.m. p.m. a.m. p.m. a.m. p....,1:48 p.m.m. a.m. p.m. a.m. p.m. a.m. p....,4:31 p.m.m. a.m. p.m. a.m. p.m. a.m. p....,4:23 p.m.m. a.m. p.m. a.m. p.m. a.m. p....
111,helloflight,AA-3756-ORD-SLC,12:15 p.m.m. a.m. p.m. a.m. p.m. a.m. p....,12:42 p.m.m. a.m. p.m. a.m. p.m. a.m. p....,2:45 p.m.m. a.m. p.m. a.m. p.m. a.m. p....,2:50 p.m.m. a.m. p.m. a.m. p.m. a.m. p....
112,helloflight,UA-37-EWR-MCO,1:29 p.m.m. a.m. p.m. a.m. p.m. a.m. p....,2:01 p.m.m. a.m. p.m. a.m. p.m. a.m. p....,4:17 p.m.m. a.m. p.m. a.m. p.m. a.m. p....,4:17 p.m.m. a.m. p.m. a.m. p.m. a.m. p....
113,helloflight,AA-1522-SFO-ORD,11:55 p.m.m. a.m. p.m. a.m. p.m. a.m. p....,12:11 p.m.m. a.m. p.m. a.m. p.m. a.m. a....,5:50 p.m.m. a.m. p.m. a.m. p.m. a.m. a....,5:42 p.m.m. a.m. p.m. a.m. p.m. a.m. a....
114,helloflight,UA-233-LAX-JFK,4:25 p.m.m. a.m. p.m. a.m. p.m. a.m. p....,4:28 p.m.m. a.m. p.m. a.m. p.m. a.m. p....,12:29 p.m.m. a.m. p.m. a.m. p.m. a.m. a....,12:01 p.m.m. a.m. p.m. a.m. p.m. a.m. a....
115,helloflight,AA-3823-LAX-DEN,9:00 p.m.m. a.m. p.m. a.m. p.m. a.m. p....,9:06 p.m.m. a.m. p.m. a.m. p.m. a.m. p....,12:15 p.m.m. a.m. p.m. a.m. p.m. a.m. a....,11:49 p.m.m. a.m. p.m. a.m. p.m. a.m. p....
116,helloflight,AA-2312-DFW-DTW,8:25 p.m.m. a.m. p.m. a.m. p.m. a.m. p....,8:29 p.m.m. a.m. p.m. a.m. p.m. a.m. p....,11:50 p.m.m. a.m. p.m. a.m. p.m. a.m. p....,11:35 p.m.m. a.m. p.m. a.m. p.m. a.m. p....
117,helloflight,AA-1165-JFK-MIA,6:59 p.m.m. a.m. p.m. a.m. p.m. a.m. a....,7:23 p.m.m. a.m. p.m. a.m. p.m. a.m. a....,10:34 p.m.m. a.m. p.m. a.m. p.m. a.m. a....,10:04 p.m.m. a.m. p.m. a.m. p.m. a.m. a....
118,helloflight,AA-431-MIA-SFO,8:35 p.m.m. a.m. p.m. a.m. p.m. a.m. a....,8:52 p.m.m. a.m. p.m. a.m. p.m. a.m. a....,11:50 p.m.m. a.m. p.m. a.m. p.m. a.m. a....,11:44 p.m.m. a.m. p.m. a.m. p.m. a.m. a....
119,helloflight,UA-3373-IAD-PHL,8:29 p.m.m. a.m. p.m. a.m. p.m. a.m. a....,8:37 p.m.m. a.m. p.m. a.m. p.m. a.m. a....,9:24 p.m.m. a.m. p.m. a.m. p.m. a.m. a....,9:13 p.m.m. a.m. p.m. a.m. p.m. a.m. a....
120,helloflight,AA-649-ORD-SNA,1:30 p.m.m. a.m. p.m. a.m. p.m. a.m. p....,1:41 p.m.m. a.m. p.m. a.m. p.m. a.m. p....,3:50 p.m.m. a.m. p.m. a.m. p.m. a.m. p....,3:29 p.m.m. a.m. p.m. a.m. p.m. a.m. p....
121,helloflight,CO-1250-MIA-IAH,2:53 p.m.m. a.m. p.m. a.m. p.m. a.m. p....,3:01 p.m.m. a.m. p.m. a.m. p.m. a.m. p....,4:48 p.m.m. a.m. p.m. a.m. p.m. a.m. p....,4:59 p.m.m. a.m. p.m. a.m. p.m. a.m. p....
122,helloflight,UA-6273-YYC-SFO,7:35 p.m.m. a.m. p.m. a.m. p.m. a.m. a....,7:41 p.m.m. a.m. p.m. a.m. p.m. a.m. a....,9:43 p.m.m. a.m. p.m. a.m. p.m. a.m. a....,8:45 p.m.m. a.m. p.m. a.m. p.m. a.m. a....
123,helloflight,UA-828-SFO-ORD,11:08 p.m.m. a.m. p.m. a.m. p.m. a.m. p....,11:35 p.m.m. a.m. p.m. a.m. p.m. a.m. p....,5:11 p.m.m. a.m. p.m. a.m. p.m. a.m. a....,5:21 p.m.m. a.m. p.m. a.m. p.m. a.m. a....
124,helloflight,CO-4888-IAH-DAL,5:30 p.m.m. a.m. p.m. a.m. p.m. a.m. p....,5:38 p.m.m. a.m. p.m. a.m. p.m. a.m. p....,6:40 p.m.m. a.m. p.m. a.m. p.m. a.m. p....,6:19 p.m.m. a.m. p.m. a.m. p.m. a.m. p....
125,helloflight,UA-858-PVG-SFO,1:45 p.m.m. a.m. p.m. a.m. p.m. a.m. p....,1:32 p.m.m. a.m. p.m. a.m. p.m. a.m. p....,8:27 p.m.m. a.m. p.m. a.m. p.m. a.m. a....,8:02 p.m.m. a.m. p.m. a.m. p.m. a.m. a....
126,helloflight,UA-2704-DTW-PHX,11:15 p.m.m. a.m. p.m. a.m. p.m. a.m. a....,11:47 p.m.m. a.m. p.m. a.m. p.m. a.m. a....,1:40 p.m.m. a.m. p.m. a.m. p.m. a.m. p....,2:02 p.m.m. a.m. p.m. a.m. p.m. a.m. p....
127,helloflight,AA-3063-SLC-LAX,8:20 p.m.m. a.m. p.m. a.m. p.m. a.m. p....,8:40 p.m.m. a.m. p.m. a.m. p.m. a.m. p....,9:20 p.m.m. a.m. p.m. a.m. p.m. a.m. p....,9:11 p.m.m. a.m. p.m. a.m. p.m. a.m. p....
128,helloflight,UA-2708-EWR-CLT,2:55 p.m.m. a.m. p.m. a.m. p.m. a.m. p....,3:04 p.m.m. a.m. p.m. a.m. p.m. a.m. p....,4:53 p.m.m. a.m. p.m. a.m. p.m. a.m. p....,4:24 p.m.m. a.m. p.m. a.m. p.m. a.m. p....
129,helloflight,UA-62-IAH-EWR,2:30 p.m.m. a.m. p.m. a.m. p.m. a.m. p....,2:48 p.m.m. a.m. p.m. a.m. p.m. a.m. p....,7:03 p.m.m. a.m. p.m. a.m. p.m. a.m. p....,7:10 p.m.m. a.m. p.m. a.m. p.m. a.m. p....
130,helloflight,UA-1500-IAH-GUA,8:55 p.m.m. a.m. p.m. a.m. p.m. a.m. a....,9:43 p.m.m. a.m. p.m. a.m. p.m. a.m. a....,11:45 p.m.m. a.m. p.m. a.m. p.m. a.m. a....,12:12 p.m.m. a.m. p.m. a.m. p.m. a.m. p....
131,helloflight,AA-3804-PHL-ORD,2:35 p.m.m. a.m. p.m. a.m. p.m. a.m. p....,2:44 p.m.m. a.m. p.m. a.m. p.m. a.m. p....,4:05 p.m.m. a.m. p.m. a.m. p.m. a.m. p....,3:36 p.m.m. a.m. p.m. a.m. p.m. a.m. p....
132,helloflight,AA-1917-JFK-MCO,2:55 p.m.m. a.m. p.m. a.m. p.m. a.m. p....,3:27 p.m.m. a.m. p.m. a.m. p.m. a.m. p....,5:55 p.m.m. a.m. p.m. a.m. p.m. a.m. p....,5:43 p.m.m. a.m. p.m. a.m. p.m. a.m. p....
133,helloflight,AA-2268-PHX-ORD,7:15 p.m.m. a.m. p.m. a.m. p.m. a.m. a....,7:23 p.m.m. a.m. p.m. a.m. p.m. a.m. a....,11:35 p.m.m. a.m. p.m. a.m. p.m. a.m. a....,11:04 p.m.m. a.m. p.m. a.m. p.m. a.m. a....
134,helloflight,AA-4277-CVG-JFK,12:10 p.m.m. a.m. p.m. a.m. p.m. a.m. p....,12:11 p.m.m. a.m. p.m. a.m. p.m. a.m. p....,2:15 p.m.m. a.m. p.m. a.m. p.m. a.m. p....,1:43 p.m.m. a.m. p.m. a.m. p.m. a.m. p....
135,helloflight,AA-2957-DFW-CVG,7:55 p.m.m. a.m. p.m. a.m. p.m. a.m. a....,8:04 p.m.m. a.m. p.m. a.m. p.m. a.m. a....,11:05 p.m.m. a.m. p.m. a.m. p.m. a.m. a....,11:01 p.m.m. a.m. p.m. a.m. p.m. a.m. a....
136,helloflight,UA-37-EDI-EWR,9:05 p.m.m. a.m. p.m. a.m. p.m. a.m. a....,9:05 p.m.m. a.m. p.m. a.m. p.m. a.m. a....,11:53 p.m.m. a.m. p.m. a.m. p.m. a.m. a....,12:09 p.m.m. a.m. p.m. a.m. p.m. a.m. p....
137,helloflight,AA-789-ORD-DEN,1:05 p.m.m. a.m. p.m. a.m. p.m. a.m. p....,1:19 p.m.m. a.m. p.m. a.m. p.m. a.m. p....,2:35 p.m.m. a.m. p.m. a.m. p.m. a.m. p....,3:13 p.m.m. a.m. p.m. a.m. p.m. a.m. p....
138,helloflight,AA-415-BOS-ORD,8:35 p.m.m. a.m. p.m. a.m. p.m. a.m. a....,8:56 p.m.m. a.m. p.m. a.m. p.m. a.m. a....,10:40 p.m.m. a.m. p.m. a.m. p.m. a.m. a....,10:16 p.m.m. a.m. p.m. a.m. p.m. a.m. a....
139,helloflight,AA-85-JFK-SFO,3:05 p.m.m. a.m. p.m. a.m. p.m. a.m. p....,3:38 p.m.m. a.m. p.m. a.m. p.m. a.m. p....,6:30 p.m.m. a.m. p.m. a.m. p.m. a.m. p....,6:43 p.m.m. a.m. p.m. a.m. p.m. a.m. p....
140,helloflight,AA-3979-CVG-ORD,7:30 p.m.m. a.m. p.m. a.m. p.m. a.m. a....,8:04 p.m.m. a.m. p.m. a.m. p.m. a.m. a....,8:00 p.m.m. a.m. p.m. a.m. p.m. a.m. a....,8:06 p.m.m. a.m. p.m. a.m. p.m. a.m. a....
141,helloflight,AA-3786-IAH-ORD,4:00 p.m.m. a.m. p.m. a.m. p.m. a.m. p....,4:12 p.m.m. a.m. p.m. a.m. p.m. a.m. p....,6:40 p.m.m. a.m. p.m. a.m. p.m. a.m. p....,6:15 p.m.m. a.m. p.m. a.m. p.m. a.m. p....
142,helloflight,AA-271-MIA-LAX,11:35 p.m.m. a.m. p.m. a.m. p.m. a.m. a....,11:52 p.m.m. a.m. p.m. a.m. p.m. a.m. a....,2:25 p.m.m. a.m. p.m. a.m. p.m. a.m. p....,2:27 p.m.m. a.m. p.m. a.m. p.m. a.m. p....
143,helloflight,CO-50-CLE-EWR,2:55 p.m.m. a.m. p.m. a.m. p.m. a.m. p....,3:31 p.m.m. a.m. p.m. a.m. p.m. a.m. p....,4:49 p.m.m. a.m. p.m. a.m. p.m. a.m. p....,5:26 p.m.m. a.m. p.m. a.m. p.m. a.m. p....
144,helloflight,UA-3099-PHX-PHL,11:55 p.m.m. a.m. p.m. a.m. p.m. a.m. a....,11:55 p.m.m. a.m. p.m. a.m. p.m. a.m. a....,6:17 p.m.m. a.m. p.m. a.m. p.m. a.m. p....,5:38 p.m.m. a.m. p.m. a.m. p.m. a.m. p....
145,helloflight,AA-4198-ORD-CLE,10:40 p.m.m. a.m. p.m. a.m. p.m. a.m. a....,10:55 p.m.m. a.m. p.m. a.m. p.m. a.m. a....,12:55 p.m.m. a.m. p.m. a.m. p.m. a.m. p....,12:50 p.m.m. a.m. p.m. a.m. p.m. a.m. p....
146,helloflight,AA-404-MIA-MCO,6:45 p.m.m. a.m. p.m. a.m. p.m. a.m. a....,6:58 p.m.m. a.m. p.m. a.m. p.m. a.m. a....,7:45 p.m.m. a.m. p.m. a.m. p.m. a.m. a....,7:40 p.m.m. a.m. p.m. a.m. p.m. a.m. a....
147,helloflight,CO-45-EWR-MIA,4:00 p.m.m. a.m. p.m. a.m. p.m. a.m. p....,3:58 p.m.m. a.m. p.m. a.m. p.m. a.m. p....,7:05 p.m.m. a.m. p.m. a.m. p.m. a.m. p....,6:36 p.m.m. a.m. p.m. a.m. p.m. a.m. p....
148,helloflight,AA-3809-PHX-LAX,6:00 p.m.m. a.m. p.m. a.m. p.m. a.m. a....,6:10 p.m.m. a.m. p.m. a.m. p.m. a.m. a....,6:40 p.m.m. a.m. p.m. a.m. p.m. a.m. a....,6:19 p.m.m. a.m. p.m. a.m. p.m. a.m. a....
149,helloflight,AA-59-JFK-SFO,7:10 p.m.m. a.m. p.m. a.m. p.m. a.m. a....,7:40 p.m.m. a.m. p.m. a.m. p.m. a.m. a....,10:45 p.m.m. a.m. p.m. a.m. p.m. a.m. a....,11:12 p.m.m. a.m. p.m. a.m. p.m. a.m. a....
150,helloflight,AA-222-LAX-BOS,7:10 p.m.m. a.m. p.m. a.m. p.m. a.m. a....,7:32 p.m.m. a.m. p.m. a.m. p.m. a.m. a....,3:30 p.m.m. a.m. p.m. a.m. p.m. a.m. p....,3:14 p.m.m. a.m. p.m. a.m. p.m. a.m. p....
151,boston,AA-3859-IAH-ORD,7:10 p.m.m. a.m. p.m. a.m. p.m. a.m. a....,7:16 p.m.m. a.m. p.m. a.m. p.m. a.m. a....,9:40 p.m.m. a.m. p.m. a.m. p.m. a.m. a....,9:22 p.m.m. a.m. p.m. a.m. p.m. a.m. a....
152,boston,CO-1586-IAH-MCO,7:00 p.m.m. a.m. p.m. a.m. p.m. a.m. p....,7:42 p.m.m. a.m. p.m. a.m. p.m. a.m. p....,10:15 p.m.m. a.m. p.m. a.m. p.m. a.m. p....,10:29 p.m.m. a.m. p.m. a.m. p.m. a.m. p....
153,boston,AA-518-MIA-JFK,6:40 p.m.m. a.m. p.m. a.m. p.m. a.m. a....,6:54 p.m.m. a.m. p.m. a.m. p.m. a.m. a....,9:25 p.m.m. a.m. p.m. a.m. p.m. a.m. a....,9:28 p.m.m. a.m. p.m. a.m. p.m. a.m. a....
154,boston,UA-397-JFK-SFO,8:00 p.m.m. a.m. p.m. a.m. p.m. a.m. a....,8:29 p.m.m. a.m. p.m. a.m. p.m. a.m. a....,11:55 p.m.m. a.m. p.m. a.m. p.m. a.m. a....,11:58 p.m.m. a.m. p.m. a.m. p.m. a.m. a....
155,boston,UA-3925-IAD-ORF,8:41 p.m.m. a.m. p.m. a.m. p.m. a.m. a....,8:42 p.m.m. a.m. p.m. a.m. p.m. a.m. a....,9:54 p.m.m. a.m. p.m. a.m. p.m. a.m. a....,9:43 p.m.m. a.m. p.m. a.m. p.m. a.m. a....
156,boston,AA-1733-ORD-PHX,7:45 p.m.m. a.m. p.m. a.m. p.m. a.m. p....,7:59 p.m.m. a.m. p.m. a.m. p.m. a.m. p....,10:30 p.m.m. a.m. p.m. a.m. p.m. a.m. p....,10:30 p.m.m. a.m. p.m. a.m. p.m. a.m. p....
157,boston,AA-3-JFK-LAX,12:00 p.m.m. a.m. p.m. a.m. p.m. a.m. p....,12:12 p.m.m. a.m. p.m. a.m. p.m. a.m. p....,3:15 p.m.m. a.m. p.m. a.m. p.m. a.m. p....,3:16 p.m.m. a.m. p.m. a.m. p.m. a.m. p....
158,boston,UA-2830-MCO-CLT,3:27 p.m.m. a.m. p.m. a.m. p.m. a.m. p....,3:50 p.m.m. a.m. p.m. a.m. p.m. a.m. p....,5:05 p.m.m. a.m. p.m. a.m. p.m. a.m. p....,5:17 p.m.m. a.m. p.m. a.m. p.m. a.m. p....
159,boston,CO-58-DEN-IAH,11:25 p.m.m. a.m. p.m. a.m. p.m. a.m. a....,11:32 p.m.m. a.m. p.m. a.m. p.m. a.m. a....,2:50 p.m.m. a.m. p.m. a.m. p.m. a.m. p....,3:31 p.m.m. a.m. p.m. a.m. p.m. a.m. p....
160,boston,UA-5487-SFO-MRY,10:39 p.m.m. a.m. p.m. a.m. p.m. a.m. a....,10:53 p.m.m. a.m. p.m. a.m. p.m. a.m. a....,11:19 p.m.m. a.m. p.m. a.m. p.m. a.m. a....,11:21 p.m.m. a.m. p.m. a.m. p.m. a.m. a....
161,boston,AA-204-LAX-MCO,11:25 p.m.m. a.m. p.m. a.m. p.m. a.m. p....,11:29 p.m.m. a.m. p.m. a.m. p.m. a.m. p....,6:55 p.m.m. a.m. p.m. a.m. p.m. a.m. a....,12211 6:35 p.m.m. a.m. p.m. a.m. p.m. a.m. a....
162,boston,UA-414-LAX-SFO,6:00 p.m.m. a.m. p.m. a.m. p.m. a.m. a....,6:10 p.m.m. a.m. p.m. a.m. p.m. a.m. a....,7:23 p.m.m. a.m. p.m. a.m. p.m. a.m. a....,7:17 p.m.m. a.m. p.m. a.m. p.m. a.m. a....
163,boston,CO-1614-LAX-IAH,12:30 p.m.m. a.m. p.m. a.m. p.m. a.m. a....,12:41 p.m.m. a.m. p.m. a.m. p.m. a.m. a....,5:35 p.m.m. a.m. p.m. a.m. p.m. a.m. a....,5:26 p.m.m. a.m. p.m. a.m. p.m. a.m. a....
164,boston,UA-2726-FLL-PHL,4:00 p.m.m. a.m. p.m. a.m. p.m. a.m. p....,4:10 p.m.m. a.m. p.m. a.m. p.m. a.m. p....,6:46 p.m.m. a.m. p.m. a.m. p.m. a.m. p....,6:25 p.m.m. a.m. p.m. a.m. p.m. a.m. p....
165,boston,CO-52-IAH-LAX,7:35 p.m.m. a.m. p.m. a.m. p.m. a.m. a....,7:56 p.m.m. a.m. p.m. a.m. p.m. a.m. a....,9:21 p.m.m. a.m. p.m. a.m. p.m. a.m. a....,9:09 p.m.m. a.m. p.m. a.m. p.m. a.m. a....
166,boston,CO-1090-BOS-IAH,9:45 p.m.m. a.m. p.m. a.m. p.m. a.m. a....,10:19 p.m.m. a.m. p.m. a.m. p.m. a.m. a....,1:16 p.m.m. a.m. p.m. a.m. p.m. a.m. p....,1:19 p.m.m. a.m. p.m. a.m. p.m. a.m. p....
167,boston,AA-616-DFW-DTW,9:05 p.m.m. a.m. p.m. a.m. p.m. a.m. a....,10:11 p.m.m. a.m. p.m. a.m. p.m. a.m. a....,12:35 p.m.m. a.m. p.m. a.m. p.m. a.m. p....,1:27 p.m.m. a.m. p.m. a.m. p.m. a.m. p....
168,boston,UA-3515-IAD-MSP,8:15 p.m.m. a.m. p.m. a.m. p.m. a.m. a....,8:26 p.m.m. a.m. p.m. a.m. p.m. a.m. a....,10:06 p.m.m. a.m. p.m. a.m. p.m. a.m. a....,9:56 p.m.m. a.m. p.m. a.m. p.m. a.m. a....
169,boston,AA-3468-CVG-MIA,7:00 p.m.m. a.m. p.m. a.m. p.m. a.m. a....,7:25 p.m.m. a.m. p.m. a.m. p.m. a.m. a....,9:55 p.m.m. a.m. p.m. a.m. p.m. a.m. a....,9:45 p.m.m. a.m. p.m. a.m. p.m. a.m. a....
170,boston,AA-484-DFW-MIA,4:15 p.m.m. a.m. p.m. a.m. p.m. a.m. p....,4:29 p.m.m. a.m. p.m. a.m. p.m. a.m. p....,7:55 p.m.m. a.m. p.m. a.m. p.m. a.m. p....,7:39 p.m.m. a.m. p.m. a.m. p.m. a.m. p....
171,boston,AA-1886-BOS-MIA,10:45 p.m.m. a.m. p.m. a.m. p.m. a.m. a....,10:55 p.m.m. a.m. p.m. a.m. p.m. a.m. a....,2:20 p.m.m. a.m. p.m. a.m. p.m. a.m. p....,1:40 p.m.m. a.m. p.m. a.m. p.m. a.m. p....
172,boston,CO-62-IAH-EWR,2:30 p.m.m. a.m. p.m. a.m. p.m. a.m. p....,2:48 p.m.m. a.m. p.m. a.m. p.m. a.m. p....,7:03 p.m.m. a.m. p.m. a.m. p.m. a.m. p....,7:10 p.m.m. a.m. p.m. a.m. p.m. a.m. p....
173,boston,CO-1561-PHX-IAH,8:05 p.m.m. a.m. p.m. a.m. p.m. a.m. a....,8:00 p.m.m. a.m. p.m. a.m. p.m. a.m. a....,11:35 p.m.m. a.m. p.m. a.m. p.m. a.m. a....,11:32 p.m.m. a.m. p.m. a.m. p.m. a.m. a....
174,boston,UA-2314-ATL-PHL,2:55 p.m.m. a.m. p.m. a.m. p.m. a.m. p....,3:04 p.m.m. a.m. p.m. a.m. p.m. a.m. p....,5:00 p.m.m. a.m. p.m. a.m. p.m. a.m. p....,4:47 p.m.m. a.m. p.m. a.m. p.m. a.m. p....
175,boston,AA-446-DFW-PHL,11:50 p.m.m. a.m. p.m. a.m. p.m. a.m. a....,12:13 p.m.m. a.m. p.m. a.m. p.m. a.m. p....,3:50 p.m.m. a.m. p.m. a.m. p.m. a.m. p....,4:09 p.m.m. a.m. p.m. a.m. p.m. a.m. p....
176,boston,CO-1023-IAH-DEN,11:40 p.m.m. a.m. p.m. a.m. p.m. a.m. a....,12:06 p.m.m. a.m. p.m. a.m. p.m. a.m. p....,1:17 p.m.m. a.m. p.m. a.m. p.m. a.m. p....,1:14 p.m.m. a.m. p.m. a.m. p.m. a.m. p....
177,boston,AA-466-IAH-MIA,6:00 p.m.m. a.m. p.m. a.m. p.m. a.m. a....,6:09 p.m.m. a.m. p.m. a.m. p.m. a.m. a....,9:20 p.m.m. a.m. p.m. a.m. p.m. a.m. a....,9:05 p.m.m. a.m. p.m. a.m. p.m. a.m. a....
178,boston,UA-3050-PHX-CLT,11:05 p.m.m. a.m. p.m. a.m. p.m. a.m. a....,11:45 p.m.m. a.m. p.m. a.m. p.m. a.m. a....,4:57 p.m.m. a.m. p.m. a.m. p.m. a.m. p....,5:05 p.m.m. a.m. p.m. a.m. p.m. a.m. p....
179,boston,CO-89-IAH-EWR,6:00 p.m.m. a.m. p.m. a.m. p.m. a.m. a....,6:02 p.m.m. a.m. p.m. a.m. p.m. a.m. a....,10:20 p.m.m. a.m. p.m. a.m. p.m. a.m. a....,10:27 p.m.m. a.m. p.m. a.m. p.m. a.m. a....
180,boston,CO-1088-CLE-IAH,8:40 p.m.m. a.m. p.m. a.m. p.m. a.m. a....,8:40 p.m.m. a.m. p.m. a.m. p.m. a.m. a....,10:54 p.m.m. a.m. p.m. a.m. p.m. a.m. a....,10:56 p.m.m. a.m. p.m. a.m. p.m. a.m. a....
181,boston,AA-1664-MIA-ATL,10:15 p.m.m. a.m. p.m. a.m. p.m. a.m. a....,10:19 p.m.m. a.m. p.m. a.m. p.m. a.m. a....,12:10 p.m.m. a.m. p.m. a.m. p.m. a.m. p....,11:50 p.m.m. a.m. p.m. a.m. p.m. a.m. a....
182,boston,AA-1279-DFW-PHX,1:00 p.m.m. a.m. p.m. a.m. p.m. a.m. p....,2:04 p.m.m. a.m. p.m. a.m. p.m. a.m. p....,2:35 p.m.m. a.m. p.m. a.m. p.m. a.m. p....,3:13 p.m.m. a.m. p.m. a.m. p.m. a.m. p....
183,boston,UA-854-SFO-IAH,7:53 p.m.m. a.m. p.m. a.m. p.m. a.m. a....,8:07 p.m.m. a.m. p.m. a.m. p.m. a.m. a....,1:39 p.m.m. a.m. p.m. a.m. p.m. a.m. p....,1:30 p.m.m. a.m. p.m. a.m. p.m. a.m. p....
184,boston,UA-382-IAD-LAX,12:30 p.m.m. a.m. p.m. a.m. p.m. a.m. p....,12:56 p.m.m. a.m. p.m. a.m. p.m. a.m. p....,3:19 p.m.m. a.m. p.m. a.m. p.m. a.m. p....,3:21 p.m.m. a.m. p.m. a.m. p.m. a.m. p....
185,boston,AA-4344-ORD-DTW,11:45 p.m.m. a.m. p.m. a.m. p.m. a.m. a....,12:14 p.m.m. a.m. p.m. a.m. p.m. a.m. p....,2:00 p.m.m. a.m. p.m. a.m. p.m. a.m. p....,2:10 p.m.m. a.m. p.m. a.m. p.m. a.m. p....
186,boston,UA-257-JFK-SFO,2:30 p.m.m. a.m. p.m. a.m. p.m. a.m. p....,2:43 p.m.m. a.m. p.m. a.m. p.m. a.m. p....,6:15 p.m.m. a.m. p.m. a.m. p.m. a.m. p....,5:42 p.m.m. a.m. p.m. a.m. p.m. a.m. p....
187,boston,UA-2945-PHL-CLT,12:00 p.m.m. a.m. p.m. a.m. p.m. a.m. p....,12:08 p.m.m. a.m. p.m. a.m. p.m. a.m. p....,1:45 p.m.m. a.m. p.m. a.m. p.m. a.m. p....,1:15 p.m.m. a.m. p.m. a.m. p.m. a.m. p....
188,boston,CO-63-EWR-IAH,5:25 p.m.m. a.m. p.m. a.m. p.m. a.m. p....,5:38 p.m.m. a.m. p.m. a.m. p.m. a.m. p....,8:22 p.m.m. a.m. p.m. a.m. p.m. a.m. p....,8:03 p.m.m. a.m. p.m. a.m. p.m. a.m. p....
189,boston,CO-47-IAH-LAX,7:10 p.m.m. a.m. p.m. a.m. p.m. a.m. p....,8:25 p.m.m. a.m. p.m. a.m. p.m. a.m. p....,8:56 p.m.m. a.m. p.m. a.m. p.m. a.m. p....,9:38 p.m.m. a.m. p.m. a.m. p.m. a.m. p....
190,boston,AA-2050-ORD-MIA,10:40 p.m.m. a.m. p.m. a.m. p.m. a.m. a....,11:06 p.m.m. a.m. p.m. a.m. p.m. a.m. a....,2:45 p.m.m. a.m. p.m. a.m. p.m. a.m. p....,2:46 p.m.m. a.m. p.m. a.m. p.m. a.m. p....
191,boston,UA-248-PHX-ORD,12:57 p.m.m. a.m. p.m. a.m. p.m. a.m. p....,1:43 p.m.m. a.m. p.m. a.m. p.m. a.m. p....,5:15 p.m.m. a.m. p.m. a.m. p.m. a.m. p....,5:34 p.m.m. a.m. p.m. a.m. p.m. a.m. p....
192,boston,AA-4330-CVG-ORD,3:35 p.m.m. a.m. p.m. a.m. p.m. a.m. p....,3:36 p.m.m. a.m. p.m. a.m. p.m. a.m. p....,4:00 p.m.m. a.m. p.m. a.m. p.m. a.m. p....,3:33 p.m.m. a.m. p.m. a.m. p.m. a.m. p....
193,boston,AA-1434-DFW-MCO,7:15 p.m.m. a.m. p.m. a.m. p.m. a.m. a....,7:22 p.m.m. a.m. p.m. a.m. p.m. a.m. a....,10:35 p.m.m. a.m. p.m. a.m. p.m. a.m. a....,10:29 p.m.m. a.m. p.m. a.m. p.m. a.m. a....
194,boston,AA-1640-MIA-MCO,6:30 p.m.m. a.m. p.m. a.m. p.m. a.m. p....,6:47 p.m.m. a.m. p.m. a.m. p.m. a.m. p....,7:25 p.m.m. a.m. p.m. a.m. p.m. a.m. p....,7:25 p.m.m. a.m. p.m. a.m. p.m. a.m. p....
195,boston,AA-4307-ORD-DTW,6:45 p.m.m. a.m. p.m. a.m. p.m. a.m. p....,6:56 p.m.m. a.m. p.m. a.m. p.m. a.m. p....,9:10 p.m.m. a.m. p.m. a.m. p.m. a.m. p....,8:53 p.m.m. a.m. p.m. a.m. p.m. a.m. p....
196,boston,CO-1694-LAX-IAH,7:15 p.m.m. a.m. p.m. a.m. p.m. a.m. p....,7:15 p.m.m. a.m. p.m. a.m. p.m. a.m. p....,12:21 p.m.m. a.m. p.m. a.m. p.m. a.m. a....,12:21 p.m.m. a.m. p.m. a.m. p.m. a.m. a....
197,boston,UA-843-LAX-ORD,1:55 p.m.m. a.m. p.m. a.m. p.m. a.m. p....,2:38 p.m.m. a.m. p.m. a.m. p.m. a.m. p....,7:53 p.m.m. a.m. p.m. a.m. p.m. a.m. p....,7:58 p.m.m. a.m. p.m. a.m. p.m. a.m. p....
198,boston,CO-1193-EWR-MCO,9:15 p.m.m. a.m. p.m. a.m. p.m. a.m. a....,9:14 p.m.m. a.m. p.m. a.m. p.m. a.m. a....,12:18 p.m.m. a.m. p.m. a.m. p.m. a.m. p....,12:09 p.m.m. a.m. p.m. a.m. p.m. a.m. p....
199,boston,AA-3842-MSP-ORD,6:00 p.m.m. a.m. p.m. a.m. p.m. a.m. a....,6:56 p.m.m. a.m. p.m. a.m. p.m. a.m. a....,7:30 p.m.m. a.m. p.m. a.m. p.m. a.m. a....,7:51 p.m.m. a.m. p.m. a.m. p.m. a.m. a....
200,boston,AA-643-MIA-ORD,7:10 p.m.m. a.m. p.m. a.m. p.m. a.m. a....,7:31 p.m.m. a.m. p.m. a.m. p.m. a.m. a....,9:35 p.m.m. a.m. p.m. a.m. p.m. a.m. a....,9:26 p.m.m. a.m. p.m. a.m. p.m. a.m. a....
201,boston,AA-1007-MIA-PHX,4:55 p.m.m. a.m. p.m. a.m. p.m. a.m. p....,5:09 p.m.m. a.m. p.m. a.m. p.m. a.m. p....,8:05 p.m.m. a.m. p.m. a.m. p.m. a.m. p....,7:55 p.m.m. a.m. p.m. a.m. p.m. a.m. p....
202,boston,UA-2906-PHL-MCO,3:50 p.m.m. a.m. p.m. a.m. p.m. a.m. p....,4:28 p.m.m. a.m. p.m. a.m. p.m. a.m. p....,6:23 p.m.m. a.m. p.m. a.m. p.m. a.m. p....,6:38 p.m.m. a.m. p.m. a.m. p.m. a.m. p....
203,boston,UA-938-DEN-ORD,4:16 p.m.m. a.m. p.m. a.m. p.m. a.m. p....,4:37 p.m.m. a.m. p.m. a.m. p.m. a.m. p....,7:35 p.m.m. a.m. p.m. a.m. p.m. a.m. p....,7:36 p.m.m. a.m. p.m. a.m. p.m. a.m. p....
204,boston,AA-1221-MCO-ORD,8:00 p.m.m. a.m. p.m. a.m. p.m. a.m. p....,8:23 p.m.m. a.m. p.m. a.m. p.m. a.m. p....,9:45 p.m.m. a.m. p.m. a.m. p.m. a.m. p....,9:53 p.m.m. a.m. p.m. a.m. p.m. a.m. p....
205,boston,CO-16-LAX-EWR,10:25 p.m.m. a.m. p.m. a.m. p.m. a.m. a....,10:20 p.m.m. a.m. p.m. a.m. p.m. a.m. a....,6:44 p.m.m. a.m. p.m. a.m. p.m. a.m. p....,6:34 p.m.m. a.m. p.m. a.m. p.m. a.m. p....
206,boston,UA-2515-DFW-CLT,7:05 p.m.m. a.m. p.m. a.m. p.m. a.m. a....,7:31 p.m.m. a.m. p.m. a.m. p.m. a.m. a....,10:31 p.m.m. a.m. p.m. a.m. p.m. a.m. a....,10:45 p.m.m. a.m. p.m. a.m. p.m. a.m. a....
207,boston,AA-400-DFW-JFK,10:40 p.m.m. a.m. p.m. a.m. p.m. a.m. a....,11:02 p.m.m. a.m. p.m. a.m. p.m. a.m. a....,2:59 p.m.m. a.m. p.m. a.m. p.m. a.m. p....,3:04 p.m.m. a.m. p.m. a.m. p.m. a.m. p....
208,boston,UA-664-ORD-PHL,1:33 p.m.m. a.m. p.m. a.m. p.m. a.m. p....,1:48 p.m.m. a.m. p.m. a.m. p.m. a.m. p....,4:31 p.m.m. a.m. p.m. a.m. p.m. a.m. p....,4:23 p.m.m. a.m. p.m. a.m. p.m. a.m. p....
209,boston,AA-3756-ORD-SLC,12:15 p.m.m. a.m. p.m. a.m. p.m. a.m. p....,12:42 p.m.m. a.m. p.m. a.m. p.m. a.m. p....,2:45 p.m.m. a.m. p.m. a.m. p.m. a.m. p....,2:50 p.m.m. a.m. p.m. a.m. p.m. a.m. p....
210,boston,UA-37-EWR-MCO,1:29 p.m.m. a.m. p.m. a.m. p.m. a.m. p....,2:01 p.m.m. a.m. p.m. a.m. p.m. a.m. p....,4:17 p.m.m. a.m. p.m. a.m. p.m. a.m. p....,4:17 p.m.m. a.m. p.m. a.m. p.m. a.m. p....
211,boston,AA-1522-SFO-ORD,11:55 p.m.m. a.m. p.m. a.m. p.m. a.m. p....,12:11 p.m.m. a.m. p.m. a.m. p.m. a.m. a....,5:50 p.m.m. a.m. p.m. a.m. p.m. a.m. a....,5:42 p.m.m. a.m. p.m. a.m. p.m. a.m. a....
212,boston,UA-233-LAX-JFK,4:25 p.m.m. a.m. p.m. a.m. p.m. a.m. p....,4:28 p.m.m. a.m. p.m. a.m. p.m. a.m. p....,12:29 p.m.m. a.m. p.m. a.m. p.m. a.m. a....,12:01 p.m.m. a.m. p.m. a.m. p.m. a.m. a....
213,boston,AA-3823-LAX-DEN,9:00 p.m.m. a.m. p.m. a.m. p.m. a.m. p....,9:06 p.m.m. a.m. p.m. a.m. p.m. a.m. p....,12:15 p.m.m. a.m. p.m. a.m. p.m. a.m. a....,11:49 p.m.m. a.m. p.m. a.m. p.m. a.m. p....
214,boston,AA-2312-DFW-DTW,8:25 p.m.m. a.m. p.m. a.m. p.m. a.m. p....,8:29 p.m.m. a.m. p.m. a.m. p.m. a.m. p....,11:50 p.m.m. a.m. p.m. a.m. p.m. a.m. p....,11:35 p.m.m. a.m. p.m. a.m. p.m. a.m. p....
215,boston,AA-1165-JFK-MIA,6:59 p.m.m. a.m. p.m. a.m. p.m. a.m. a....,7:23 p.m.m. a.m. p.m. a.m. p.m. a.m. a....,10:34 p.m.m. a.m. p.m. a.m. p.m. a.m. a....,10:04 p.m.m. a.m. p.m. a.m. p.m. a.m. a....
216,boston,AA-431-MIA-SFO,8:35 p.m.m. a.m. p.m. a.m. p.m. a.m. a....,8:52 p.m.m. a.m. p.m. a.m. p.m. a.m. a....,11:50 p.m.m. a.m. p.m. a.m. p.m. a.m. a....,11:44 p.m.m. a.m. p.m. a.m. p.m. a.m. a....
217,boston,UA-3373-IAD-PHL,8:29 p.m.m. a.m. p.m. a.m. p.m. a.m. a....,8:37 p.m.m. a.m. p.m. a.m. p.m. a.m. a....,9:24 p.m.m. a.m. p.m. a.m. p.m. a.m. a....,9:13 p.m.m. a.m. p.m. a.m. p.m. a.m. a....
218,boston,AA-649-ORD-SNA,1:30 p.m.m. a.m. p.m. a.m. p.m. a.m. p....,1:41 p.m.m. a.m. p.m. a.m. p.m. a.m. p....,3:50 p.m.m. a.m. p.m. a.m. p.m. a.m. p....,3:29 p.m.m. a.m. p.m. a.m. p.m. a.m. p....
219,boston,CO-1250-MIA-IAH,2:53 p.m.m. a.m. p.m. a.m. p.m. a.m. p....,3:01 p.m.m. a.m. p.m. a.m. p.m. a.m. p....,4:48 p.m.m. a.m. p.m. a.m. p.m. a.m. p....,4:59 p.m.m. a.m. p.m. a.m. p.m. a.m. p....
220,boston,UA-6273-YYC-SFO,7:35 p.m.m. a.m. p.m. a.m. p.m. a.m. a....,7:41 p.m.m. a.m. p.m. a.m. p.m. a.m. a....,9:43 p.m.m. a.m. p.m. a.m. p.m. a.m. a....,8:45 p.m.m. a.m. p.m. a.m. p.m. a.m. a....
221,boston,UA-828-SFO-ORD,11:08 p.m.m. a.m. p.m. a.m. p.m. a.m. p....,11:35 p.m.m. a.m. p.m. a.m. p.m. a.m. p....,5:11 p.m.m. a.m. p.m. a.m. p.m. a.m. a....,5:21 p.m.m. a.m. p.m. a.m. p.m. a.m. a....
222,boston,CO-4888-IAH-DAL,5:30 p.m.m. a.m. p.m. a.m. p.m. a.m. p....,5:38 p.m.m. a.m. p.m. a.m. p.m. a.m. p....,6:40 p.m.m. a.m. p.m. a.m. p.m. a.m. p....,6:19 p.m.m. a.m. p.m. a.m. p.m. a.m. p....
223,boston,UA-858-PVG-SFO,1:45 p.m.m. a.m. p.m. a.m. p.m. a.m. p....,1:32 p.m.m. a.m. p.m. a.m. p.m. a.m. p....,8:27 p.m.m. a.m. p.m. a.m. p.m. a.m. a....,8:02 p.m.m. a.m. p.m. a.m. p.m. a.m. a....
224,boston,UA-2704-DTW-PHX,11:15 p.m.m. a.m. p.m. a.m. p.m. a.m. a....,11:47 p.m.m. a.m. p.m. a.m. p.m. a.m. a....,1:40 p.m.m. a.m. p.m. a.m. p.m. a.m. p....,2:02 p.m.m. a.m. p.m. a.m. p.m. a.m. p....
225,boston,AA-3063-SLC-LAX,8:20 p.m.m. a.m. p.m. a.m. p.m. a.m. p....,8:40 p.m.m. a.m. p.m. a.m. p.m. a.m. p....,9:20 p.m.m. a.m. p.m. a.m. p.m. a.m. p....,9:11 p.m.m. a.m. p.m. a.m. p.m. a.m. p....
226,boston,UA-2708-EWR-CLT,2:55 p.m.m. a.m. p.m. a.m. p.m. a.m. p....,3:04 p.m.m. a.m. p.m. a.m. p.m. a.m. p....,4:53 p.m.m. a.m. p.m. a.m. p.m. a.m. p....,4:24 p.m.m. a.m. p.m. a.m. p.m. a.m. p....
227,boston,UA-62-IAH-EWR,2:30 p.m.m. a.m. p.m. a.m. p.m. a.m. p....,2:48 p.m.m. a.m. p.m. a.m. p.m. a.m. p....,7:03 p.m.m. a.m. p.m. a.m. p.m. a.m. p....,7:10 p.m.m. a.m. p.m. a.m. p.m. a.m. p....
228,boston,UA-1500-IAH-GUA,8:55 p.m.m. a.m. p.m. a.m. p.m. a.m. a....,9:43 p.m.m. a.m. p.m. a.m. p.m. a.m. a....,11:45 p.m.m. a.m. p.m. a.m. p.m. a.m. a....,12:12 p.m.m. a.m. p.m. a.m. p.m. a.m. p....
229,boston,AA-3804-PHL-ORD,2:35 p.m.m. a.m. p.m. a.m. p.m. a.m. p....,2:44 p.m.m. a.m. p.m. a.m. p.m. a.m. p....,4:05 p.m.m. a.m. p.m. a.m. p.m. a.m. p....,3:36 p.m.m. a.m. p.m. a.m. p.m. a.m. p....
230,boston,AA-1917-JFK-MCO,2:55 p.m.m. a.m. p.m. a.m. p.m. a.m. p....,3:27 p.m.m. a.m. p.m. a.m. p.m. a.m. p....,5:55 p.m.m. a.m. p.m. a.m. p.m. a.m. p....,5:43 p.m.m. a.m. p.m. a.m. p.m. a.m. p....
231,boston,AA-2268-PHX-ORD,7:15 p.m.m. a.m. p.m. a.m. p.m. a.m. a....,7:23 p.m.m. a.m. p.m. a.m. p.m. a.m. a....,11:35 p.m.m. a.m. p.m. a.m. p.m. a.m. a....,11:04 p.m.m. a.m. p.m. a.m. p.m. a.m. a....
232,boston,AA-4277-CVG-JFK,12:10 p.m.m. a.m. p.m. a.m. p.m. a.m. p....,12:11 p.m.m. a.m. p.m. a.m. p.m. a.m. p....,2:15 p.m.m. a.m. p.m. a.m. p.m. a.m. p....,1:43 p.m.m. a.m. p.m. a.m. p.m. a.m. p....
233,boston,AA-2957-DFW-CVG,7:55 p.m.m. a.m. p.m. a.m. p.m. a.m. a....,8:04 p.m.m. a.m. p.m. a.m. p.m. a.m. a....,11:05 p.m.m. a.m. p.m. a.m. p.m. a.m. a....,11:01 p.m.m. a.m. p.m. a.m. p.m. a.m. a....
234,boston,UA-37-EDI-EWR,9:05 p.m.m. a.m. p.m. a.m. p.m. a.m. a....,9:05 p.m.m. a.m. p.m. a.m. p.m. a.m. a....,11:53 p.m.m. a.m. p.m. a.m. p.m. a.m. a....,12:09 p.m.m. a.m. p.m. a.m. p.m. a.m. p....
235,boston,AA-789-ORD-DEN,1:05 p.m.m. a.m. p.m. a.m. p.m. a.m. p....,1:19 p.m.m. a.m. p.m. a.m. p.m. a.m. p....,2:35 p.m.m. a.m. p.m. a.m. p.m. a.m. p....,3:13 p.m.m. a.m. p.m. a.m. p.m. a.m. p....
236,boston,AA-415-BOS-ORD,8:35 p.m.m. a.m. p.m. a.m. p.m. a.m. a....,8:56 p.m.m. a.m. p.m. a.m. p.m. a.m. a....,10:40 p.m.m. a.m. p.m. a.m. p.m. a.m. a....,10:16 p.m.m. a.m. p.m. a.m. p.m. a.m. a....
237,boston,AA-85-JFK-SFO,3:05 p.m.m. a.m. p.m. a.m. p.m. a.m. p....,3:38 p.m.m. a.m. p.m. a.m. p.m. a.m. p....,6:30 p.m.m. a.m. p.m. a.m. p.m. a.m. p....,6:43 p.m.m. a.m. p.m. a.m. p.m. a.m. p....
238,boston,AA-3979-CVG-ORD,7:30 p.m.m. a.m. p.m. a.m. p.m. a.m. a....,8:04 p.m.m. a.m. p.m. a.m. p.m. a.m. a....,8:00 p.m.m. a.m. p.m. a.m. p.m. a.m. a....,8:06 p.m.m. a.m. p.m. a.m. p.m. a.m. a....
239,boston,AA-1544-SAN-ORD,11:25 p.m.m. a.m. p.m. a.m. p.m. a.m. a....,11:41 p.m.m. a.m. p.m. a.m. p.m. a.m. a....,5:25 p.m.m. a.m. p.m. a.m. p.m. a.m. p....,4:56 p.m.m. a.m. p.m. a.m. p.m. a.m. p....
240,boston,AA-3786-IAH-ORD,4:00 p.m.m. a.m. p.m. a.m. p.m. a.m. p....,4:12 p.m.m. a.m. p.m. a.m. p.m. a.m. p....,6:40 p.m.m. a.m. p.m. a.m. p.m. a.m. p....,6:15 p.m.m. a.m. p.m. a.m. p.m. a.m. p....
241,boston,AA-271-MIA-LAX,11:35 p.m.m. a.m. p.m. a.m. p.m. a.m. a....,11:52 p.m.m. a.m. p.m. a.m. p.m. a.m. a....,2:25 p.m.m. a.m. p.m. a.m. p.m. a.m. p....,2:27 p.m.m. a.m. p.m. a.m. p.m. a.m. p....
242,boston,AA-2525-DFW-MIA,7:25 p.m.m. a.m. p.m. a.m. p.m. a.m. a....,7:39 p.m.m. a.m. p.m. a.m. p.m. a.m. a....,11:10 p.m.m. a.m. p.m. a.m. p.m. a.m. a....,11:06 p.m.m. a.m. p.m. a.m. p.m. a.m. a....
243,boston,CO-50-CLE-EWR,2:55 p.m.m. a.m. p.m. a.m. p.m. a.m. p....,3:31 p.m.m. a.m. p.m. a.m. p.m. a.m. p....,4:49 p.m.m. a.m. p.m. a.m. p.m. a.m. p....,5:26 p.m.m. a.m. p.m. a.m. p.m. a.m. p....
244,boston,UA-3099-PHX-PHL,11:55 p.m.m. a.m. p.m. a.m. p.m. a.m. a....,11:55 p.m.m. a.m. p.m. a.m. p.m. a.m. a....,6:17 p.m.m. a.m. p.m. a.m. p.m. a.m. p....,5:38 p.m.m. a.m. p.m. a.m. p.m. a.m. p....
245,boston,AA-4198-ORD-CLE,10:40 p.m.m. a.m. p.m. a.m. p.m. a.m. a....,10:55 p.m.m. a.m. p.m. a.m. p.m. a.m. a....,12:55 p.m.m. a.m. p.m. a.m. p.m. a.m. p....,12:50 p.m.m. a.m. p.m. a.m. p.m. a.m. p....
246,boston,AA-404-MIA-MCO,6:45 p.m.m. a.m. p.m. a.m. p.m. a.m. a....,6:58 p.m.m. a.m. p.m. a.m. p.m. a.m. a....,7:45 p.m.m. a.m. p.m. a.m. p.m. a.m. a....,7:40 p.m.m. a.m. p.m. a.m. p.m. a.m. a....
247,boston,CO-45-EWR-MIA,4:00 p.m.m. a.m. p.m. a.m. p.m. a.m. p....,3:58 p.m.m. a.m. p.m. a.m. p.m. a.m. p....,7:05 p.m.m. a.m. p.m. a.m. p.m. a.m. p....,6:36 p.m.m. a.m. p.m. a.m. p.m. a.m. p....
248,boston,AA-3809-PHX-LAX,6:00 p.m.m. a.m. p.m. a.m. p.m. a.m. a....,6:10 p.m.m. a.m. p.m. a.m. p.m. a.m. a....,6:40 p.m.m. a.m. p.m. a.m. p.m. a.m. a....,6:19 p.m.m. a.m. p.m. a.m. p.m. a.m. a....
249,boston,AA-59-JFK-SFO,7:10 p.m.m. a.m. p.m. a.m. p.m. a.m. a....,7:40 p.m.m. a.m. p.m. a.m. p.m. a.m. a....,10:45 p.m.m. a.m. p.m. a.m. p.m. a.m. a....,11:12 p.m.m. a.m. p.m. a.m. p.m. a.m. a....
250,boston,AA-222-LAX-BOS,7:10 p.m.m. a.m. p.m. a.m. p.m. a.m. a....,7:32 p.m.m. a.m. p.m. a.m. p.m. a.m. a....,3:30 p.m.m. a.m. p.m. a.m. p.m. a.m. p....,3:14 p.m.m. a.m. p.m. a.m. p.m. a.m. p....
251,weather,AA-3859-IAH-ORD,7:10 p.m.m. a.m. p.m. a.m. p.m. a.m. a....,7:16 p.m.m. a.m. p.m. a.m. p.m. a.m. a....,9:40 p.m.m. a.m. p.m. a.m. p.m. a.m. a....,9:22 p.m.m. a.m. p.m. a.m. p.m. a.m. a....
252,weather,AA-518-MIA-JFK,6:40 p.m.m. a.m. p.m. a.m. p.m. a.m. a....,6:54 p.m.m. a.m. p.m. a.m. p.m. a.m. a....,9:25 p.m.m. a.m. p.m. a.m. p.m. a.m. a....,9:28 p.m.m. a.m. p.m. a.m. p.m. a.m. a....
253,weather,UA-397-JFK-SFO,8:00 p.m.m. a.m. p.m. a.m. p.m. a.m. a....,8:29 p.m.m. a.m. p.m. a.m. p.m. a.m. a....,11:55 p.m.m. a.m. p.m. a.m. p.m. a.m. a....,11:58 p.m.m. a.m. p.m. a.m. p.m. a.m. a....
254,weather,UA-3925-IAD-ORF,8:41 p.m.m. a.m. p.m. a.m. p.m. a.m. a....,8:42 p.m.m. a.m. p.m. a.m. p.m. a.m. a....,9:54 p.m.m. a.m. p.m. a.m. p.m. a.m. a....,9:43 p.m.m. a.m. p.m. a.m. p.m. a.m. a....
255,weather,AA-1733-ORD-PHX,7:45 p.m.m. a.m. p.m. a.m. p.m. a.m. p....,7:59 p.m.m. a.m. p.m. a.m. p.m. a.m. p....,10:30 p.m.m. a.m. p.m. a.m. p.m. a.m. p....,10:30 p.m.m. a.m. p.m. a.m. p.m. a.m. p....
256,weather,AA-1640-MIA-MCO,6:30 p.m.m. a.m. p.m. a.m. p.m. a.m. p....,6:47 p.m.m. a.m. p.m. a.m. p.m. a.m. p....,7:25 p.m.m. a.m. p.m. a.m. p.m. a.m. p....,7:25 p.m.m. a.m. p.m. a.m. p.m. a.m. p....
257,weather,UA-2830-MCO-CLT,3:27 p.m.m. a.m. p.m. a.m. p.m. a.m. p....,3:50 p.m.m. a.m. p.m. a.m. p.m. a.m. p....,5:05 p.m.m. a.m. p.m. a.m. p.m. a.m. p....,5:17 p.m.m. a.m. p.m. a.m. p.m. a.m. p....
258,weather,CO-58-DEN-IAH,11:25 p.m.m. a.m. p.m. a.m. p.m. a.m. a....,11:32 p.m.m. a.m. p.m. a.m. p.m. a.m. a....,2:50 p.m.m. a.m. p.m. a.m. p.m. a.m. p....,3:31 p.m.m. a.m. p.m. a.m. p.m. a.m. p....
259,weather,AA-1544-SAN-ORD,11:25 p.m.m. a.m. p.m. a.m. p.m. a.m. a....,11:41 p.m.m. a.m. p.m. a.m. p.m. a.m. a....,5:25 p.m.m. a.m. p.m. a.m. p.m. a.m. p....,4:56 p.m.m. a.m. p.m. a.m. p.m. a.m. p....
260,weather,UA-5487-SFO-MRY,10:39 p.m.m. a.m. p.m. a.m. p.m. a.m. a....,10:53 p.m.m. a.m. p.m. a.m. p.m. a.m. a....,11:19 p.m.m. a.m. p.m. a.m. p.m. a.m. a....,11:21 p.m.m. a.m. p.m. a.m. p.m. a.m. a....
261,weather,AA-204-LAX-MCO,11:25 p.m.m. a.m. p.m. a.m. p.m. a.m. p....,11:29 p.m.m. a.m. p.m. a.m. p.m. a.m. p....,6:55 p.m.m. a.m. p.m. a.m. p.m. a.m. a....,12211 6:35 p.m.m. a.m. p.m. a.m. p.m. a.m. a....
262,weather,UA-414-LAX-SFO,6:00 p.m.m. a.m. p.m. a.m. p.m. a.m. a....,6:10 p.m.m. a.m. p.m. a.m. p.m. a.m. a....,7:23 p.m.m. a.m. p.m. a.m. p.m. a.m. a....,7:17 p.m.m. a.m. p.m. a.m. p.m. a.m. a....
263,weather,AA-3756-ORD-SLC,12:15 p.m.m. a.m. p.m. a.m. p.m. a.m. p....,12:42 p.m.m. a.m. p.m. a.m. p.m. a.m. p....,2:45 p.m.m. a.m. p.m. a.m. p.m. a.m. p....,2:50 p.m.m. a.m. p.m. a.m. p.m. a.m. p....
264,weather,UA-2726-FLL-PHL,4:00 p.m.m. a.m. p.m. a.m. p.m. a.m. p....,4:10 p.m.m. a.m. p.m. a.m. p.m. a.m. p....,6:46 p.m.m. a.m. p.m. a.m. p.m. a.m. p....,6:25 p.m.m. a.m. p.m. a.m. p.m. a.m. p....
265,weather,CO-1090-BOS-IAH,9:45 p.m.m. a.m. p.m. a.m. p.m. a.m. a....,10:19 p.m.m. a.m. p.m. a.m. p.m. a.m. a....,1:16 p.m.m. a.m. p.m. a.m. p.m. a.m. p....,1:19 p.m.m. a.m. p.m. a.m. p.m. a.m. p....
266,weather,AA-3468-CVG-MIA,7:00 p.m.m. a.m. p.m. a.m. p.m. a.m. a....,7:25 p.m.m. a.m. p.m. a.m. p.m. a.m. a....,9:55 p.m.m. a.m. p.m. a.m. p.m. a.m. a....,9:45 p.m.m. a.m. p.m. a.m. p.m. a.m. a....
267,weather,UA-3515-IAD-MSP,8:15 p.m.m. a.m. p.m. a.m. p.m. a.m. a....,8:26 p.m.m. a.m. p.m. a.m. p.m. a.m. a....,10:06 p.m.m. a.m. p.m. a.m. p.m. a.m. a....,9:56 p.m.m. a.m. p.m. a.m. p.m. a.m. a....
268,weather,AA-484-DFW-MIA,4:15 p.m.m. a.m. p.m. a.m. p.m. a.m. p....,4:29 p.m.m. a.m. p.m. a.m. p.m. a.m. p....,7:55 p.m.m. a.m. p.m. a.m. p.m. a.m. p....,7:39 p.m.m. a.m. p.m. a.m. p.m. a.m. p....
269,weather,CO-62-IAH-EWR,2:30 p.m.m. a.m. p.m. a.m. p.m. a.m. p....,2:48 p.m.m. a.m. p.m. a.m. p.m. a.m. p....,7:03 p.m.m. a.m. p.m. a.m. p.m. a.m. p....,7:10 p.m.m. a.m. p.m. a.m. p.m. a.m. p....
270,weather,AA-446-DFW-PHL,11:50 p.m.m. a.m. p.m. a.m. p.m. a.m. a....,12:13 p.m.m. a.m. p.m. a.m. p.m. a.m. p....,3:50 p.m.m. a.m. p.m. a.m. p.m. a.m. p....,4:09 p.m.m. a.m. p.m. a.m. p.m. a.m. p....
271,weather,AA-466-IAH-MIA,6:00 p.m.m. a.m. p.m. a.m. p.m. a.m. a....,6:09 p.m.m. a.m. p.m. a.m. p.m. a.m. a....,9:20 p.m.m. a.m. p.m. a.m. p.m. a.m. a....,9:05 p.m.m. a.m. p.m. a.m. p.m. a.m. a....
272,weather,UA-3050-PHX-CLT,11:05 p.m.m. a.m. p.m. a.m. p.m. a.m. a....,11:45 p.m.m. a.m. p.m. a.m. p.m. a.m. a....,4:57 p.m.m. a.m. p.m. a.m. p.m. a.m. p....,5:05 p.m.m. a.m. p.m. a.m. p.m. a.m. p....
273,weather,CO-89-IAH-EWR,6:00 p.m.m. a.m. p.m. a.m. p.m. a.m. a....,6:02 p.m.m. a.m. p.m. a.m. p.m. a.m. a....,10:20 p.m.m. a.m. p.m. a.m. p.m. a.m. a....,10:27 p.m.m. a.m. p.m. a.m. p.m. a.m. a....
274,weather,CO-1088-CLE-IAH,8:40 p.m.m. a.m. p.m. a.m. p.m. a.m. a....,8:40 p.m.m. a.m. p.m. a.m. p.m. a.m. a....,10:54 p.m.m. a.m. p.m. a.m. p.m. a.m. a....,10:56 p.m.m. a.m. p.m. a.m. p.m. a.m. a....
275,weather,AA-1886-BOS-MIA,10:45 p.m.m. a.m. p.m. a.m. p.m. a.m. a....,10:55 p.m.m. a.m. p.m. a.m. p.m. a.m. a....,2:20 p.m.m. a.m. p.m. a.m. p.m. a.m. p....,1:40 p.m.m. a.m. p.m. a.m. p.m. a.m. p....
276,weather,AA-1664-MIA-ATL,10:15 p.m.m. a.m. p.m. a.m. p.m. a.m. a....,10:19 p.m.m. a.m. p.m. a.m. p.m. a.m. a....,12:10 p.m.m. a.m. p.m. a.m. p.m. a.m. p....,11:50 p.m.m. a.m. p.m. a.m. p.m. a.m. a....
277,weather,AA-3979-CVG-ORD,7:30 p.m.m. a.m. p.m. a.m. p.m. a.m. a....,8:04 p.m.m. a.m. p.m. a.m. p.m. a.m. a....,8:00 p.m.m. a.m. p.m. a.m. p.m. a.m. a....,8:06 p.m.m. a.m. p.m. a.m. p.m. a.m. a....
278,weather,AA-1279-DFW-PHX,1:00 p.m.m. a.m. p.m. a.m. p.m. a.m. p....,2:04 p.m.m. a.m. p.m. a.m. p.m. a.m. p....,2:35 p.m.m. a.m. p.m. a.m. p.m. a.m. p....,3:13 p.m.m. a.m. p.m. a.m. p.m. a.m. p....
279,weather,CO-1614-LAX-IAH,12:30 p.m.m. a.m. p.m. a.m. p.m. a.m. a....,12:41 p.m.m. a.m. p.m. a.m. p.m. a.m. a....,5:35 p.m.m. a.m. p.m. a.m. p.m. a.m. a....,5:26 p.m.m. a.m. p.m. a.m. p.m. a.m. a....
280,weather,AA-616-DFW-DTW,9:05 p.m.m. a.m. p.m. a.m. p.m. a.m. a....,10:11 p.m.m. a.m. p.m. a.m. p.m. a.m. a....,12:35 p.m.m. a.m. p.m. a.m. p.m. a.m. p....,1:27 p.m.m. a.m. p.m. a.m. p.m. a.m. p....
281,weather,AA-4344-ORD-DTW,11:45 p.m.m. a.m. p.m. a.m. p.m. a.m. a....,12:14 p.m.m. a.m. p.m. a.m. p.m. a.m. p....,2:00 p.m.m. a.m. p.m. a.m. p.m. a.m. p....,2:10 p.m.m. a.m. p.m. a.m. p.m. a.m. p....
282,weather,UA-2945-PHL-CLT,12:00 p.m.m. a.m. p.m. a.m. p.m. a.m. p....,12:08 p.m.m. a.m. p.m. a.m. p.m. a.m. p....,1:45 p.m.m. a.m. p.m. a.m. p.m. a.m. p....,1:15 p.m.m. a.m. p.m. a.m. p.m. a.m. p....
283,weather,AA-2525-DFW-MIA,7:25 p.m.m. a.m. p.m. a.m. p.m. a.m. a....,7:39 p.m.m. a.m. p.m. a.m. p.m. a.m. a....,11:10 p.m.m. a.m. p.m. a.m. p.m. a.m. a....,11:06 p.m.m. a.m. p.m. a.m. p.m. a.m. a....
284,weather,AA-271-MIA-LAX,11:35 p.m.m. a.m. p.m. a.m. p.m. a.m. a....,11:52 p.m.m. a.m. p.m. a.m. p.m. a.m. a....,2:25 p.m.m. a.m. p.m. a.m. p.m. a.m. p....,2:27 p.m.m. a.m. p.m. a.m. p.m. a.m. p....
285,weather,AA-2050-ORD-MIA,10:40 p.m.m. a.m. p.m. a.m. p.m. a.m. a....,11:06 p.m.m. a.m. p.m. a.m. p.m. a.m. a....,2:45 p.m.m. a.m. p.m. a.m. p.m. a.m. p....,2:46 p.m.m. a.m. p.m. a.m. p.m. a.m. p....
286,weather,AA-1434-DFW-MCO,7:15 p.m.m. a.m. p.m. a.m. p.m. a.m. a....,7:22 p.m.m. a.m. p.m. a.m. p.m. a.m. a....,10:35 p.m.m. a.m. p.m. a.m. p.m. a.m. a....,10:29 p.m.m. a.m. p.m. a.m. p.m. a.m. a....
287,weather,CO-1561-PHX-IAH,8:05 p.m.m. a.m. p.m. a.m. p.m. a.m. a....,8:00 p.m.m. a.m. p.m. a.m. p.m. a.m. a....,11:35 p.m.m. a.m. p.m. a.m. p.m. a.m. a....,11:32 p.m.m. a.m. p.m. a.m. p.m. a.m. a....
288,weather,AA-4307-ORD-DTW,6:45 p.m.m. a.m. p.m. a.m. p.m. a.m. p....,6:56 p.m.m. a.m. p.m. a.m. p.m. a.m. p....,9:10 p.m.m. a.m. p.m. a.m. p.m. a.m. p....,8:53 p.m.m. a.m. p.m. a.m. p.m. a.m. p....
289,weather,AA-3-JFK-LAX,12:00 p.m.m. a.m. p.m. a.m. p.m. a.m. p....,12:12 p.m.m. a.m. p.m. a.m. p.m. a.m. p....,3:15 p.m.m. a.m. p.m. a.m. p.m. a.m. p....,3:16 p.m.m. a.m. p.m. a.m. p.m. a.m. p....
290,weather,CO-1694-LAX-IAH,7:15 p.m.m. a.m. p.m. a.m. p.m. a.m. p....,7:15 p.m.m. a.m. p.m. a.m. p.m. a.m. p....,12:21 p.m.m. a.m. p.m. a.m. p.m. a.m. a....,12:21 p.m.m. a.m. p.m. a.m. p.m. a.m. a....
291,weather,UA-843-LAX-ORD,1:55 p.m.m. a.m. p.m. a.m. p.m. a.m. p....,2:38 p.m.m. a.m. p.m. a.m. p.m. a.m. p....,7:53 p.m.m. a.m. p.m. a.m. p.m. a.m. p....,7:58 p.m.m. a.m. p.m. a.m. p.m. a.m. p....
292,weather,CO-1193-EWR-MCO,9:15 p.m.m. a.m. p.m. a.m. p.m. a.m. a....,9:14 p.m.m. a.m. p.m. a.m. p.m. a.m. a....,12:18 p.m.m. a.m. p.m. a.m. p.m. a.m. p....,12:09 p.m.m. a.m. p.m. a.m. p.m. a.m. p....
293,weather,AA-3842-MSP-ORD,6:00 p.m.m. a.m. p.m. a.m. p.m. a.m. a....,6:56 p.m.m. a.m. p.m. a.m. p.m. a.m. a....,7:30 p.m.m. a.m. p.m. a.m. p.m. a.m. a....,7:51 p.m.m. a.m. p.m. a.m. p.m. a.m. a....
294,weather,AA-643-MIA-ORD,7:10 p.m.m. a.m. p.m. a.m. p.m. a.m. a....,7:31 p.m.m. a.m. p.m. a.m. p.m. a.m. a....,9:35 p.m.m. a.m. p.m. a.m. p.m. a.m. a....,9:26 p.m.m. a.m. p.m. a.m. p.m. a.m. a....
295,weather,UA-2906-PHL-MCO,3:50 p.m.m. a.m. p.m. a.m. p.m. a.m. p....,4:28 p.m.m. a.m. p.m. a.m. p.m. a.m. p....,6:23 p.m.m. a.m. p.m. a.m. p.m. a.m. p....,6:38 p.m.m. a.m. p.m. a.m. p.m. a.m. p....
296,weather,UA-938-DEN-ORD,4:16 p.m.m. a.m. p.m. a.m. p.m. a.m. p....,4:37 p.m.m. a.m. p.m. a.m. p.m. a.m. p....,7:35 p.m.m. a.m. p.m. a.m. p.m. a.m. p....,7:36 p.m.m. a.m. p.m. a.m. p.m. a.m. p....
297,weather,AA-1221-MCO-ORD,8:00 p.m.m. a.m. p.m. a.m. p.m. a.m. p....,8:23 p.m.m. a.m. p.m. a.m. p.m. a.m. p....,9:45 p.m.m. a.m. p.m. a.m. p.m. a.m. p....,9:53 p.m.m. a.m. p.m. a.m. p.m. a.m. p....
298,weather,CO-16-LAX-EWR,10:25 p.m.m. a.m. p.m. a.m. p.m. a.m. a....,10:20 p.m.m. a.m. p.m. a.m. p.m. a.m. a....,6:44 p.m.m. a.m. p.m. a.m. p.m. a.m. p....,6:34 p.m.m. a.m. p.m. a.m. p.m. a.m. p....
299,weather,UA-2515-DFW-CLT,7:05 p.m.m. a.m. p.m. a.m. p.m. a.m. a....,7:31 p.m.m. a.m. p.m. a.m. p.m. a.m. a....,10:31 p.m.m. a.m. p.m. a.m. p.m. a.m. a....,10:45 p.m.m. a.m. p.m. a.m. p.m. a.m. a....
300,weather,AA-400-DFW-JFK,10:40 p.m.m. a.m. p.m. a.m. p.m. a.m. a....,11:02 p.m.m. a.m. p.m. a.m. p.m. a.m. a....,2:59 p.m.m. a.m. p.m. a.m. p.m. a.m. p....,3:04 p.m.m. a.m. p.m. a.m. p.m. a.m. p....
301,weather,UA-664-ORD-PHL,1:33 p.m.m. a.m. p.m. a.m. p.m. a.m. p....,1:48 p.m.m. a.m. p.m. a.m. p.m. a.m. p....,4:31 p.m.m. a.m. p.m. a.m. p.m. a.m. p....,4:23 p.m.m. a.m. p.m. a.m. p.m. a.m. p....
302,weather,AA-1522-SFO-ORD,11:55 p.m.m. a.m. p.m. a.m. p.m. a.m. p....,12:11 p.m.m. a.m. p.m. a.m. p.m. a.m. a....,5:50 p.m.m. a.m. p.m. a.m. p.m. a.m. a....,5:42 p.m.m. a.m. p.m. a.m. p.m. a.m. a....
303,weather,UA-233-LAX-JFK,4:25 p.m.m. a.m. p.m. a.m. p.m. a.m. p....,4:28 p.m.m. a.m. p.m. a.m. p.m. a.m. p....,12:29 p.m.m. a.m. p.m. a.m. p.m. a.m. a....,12:01 p.m.m. a.m. p.m. a.m. p.m. a.m. a....
304,weather,AA-3823-LAX-DEN,9:00 p.m.m. a.m. p.m. a.m. p.m. a.m. p....,9:06 p.m.m. a.m. p.m. a.m. p.m. a.m. p....,12:15 p.m.m. a.m. p.m. a.m. p.m. a.m. a....,11:49 p.m.m. a.m. p.m. a.m. p.m. a.m. p....
305,weather,AA-2312-DFW-DTW,8:25 p.m.m. a.m. p.m. a.m. p.m. a.m. p....,8:29 p.m.m. a.m. p.m. a.m. p.m. a.m. p....,11:50 p.m.m. a.m. p.m. a.m. p.m. a.m. p....,11:35 p.m.m. a.m. p.m. a.m. p.m. a.m. p....
306,weather,AA-1165-JFK-MIA,6:59 p.m.m. a.m. p.m. a.m. p.m. a.m. a....,7:23 p.m.m. a.m. p.m. a.m. p.m. a.m. a....,10:34 p.m.m. a.m. p.m. a.m. p.m. a.m. a....,10:04 p.m.m. a.m. p.m. a.m. p.m. a.m. a....
307,weather,AA-431-MIA-SFO,8:35 p.m.m. a.m. p.m. a.m. p.m. a.m. a....,8:52 p.m.m. a.m. p.m. a.m. p.m. a.m. a....,11:50 p.m.m. a.m. p.m. a.m. p.m. a.m. a....,11:44 p.m.m. a.m. p.m. a.m. p.m. a.m. a....
308,weather,UA-257-JFK-SFO,2:30 p.m.m. a.m. p.m. a.m. p.m. a.m. p....,2:43 p.m.m. a.m. p.m. a.m. p.m. a.m. p....,6:15 p.m.m. a.m. p.m. a.m. p.m. a.m. p....,5:42 p.m.m. a.m. p.m. a.m. p.m. a.m. p....
309,weather,UA-3373-IAD-PHL,8:29 p.m.m. a.m. p.m. a.m. p.m. a.m. a....,8:37 p.m.m. a.m. p.m. a.m. p.m. a.m. a....,9:24 p.m.m. a.m. p.m. a.m. p.m. a.m. a....,9:13 p.m.m. a.m. p.m. a.m. p.m. a.m. a....
310,weather,AA-649-ORD-SNA,1:30 p.m.m. a.m. p.m. a.m. p.m. a.m. p....,1:41 p.m.m. a.m. p.m. a.m. p.m. a.m. p....,3:50 p.m.m. a.m. p.m. a.m. p.m. a.m. p....,3:29 p.m.m. a.m. p.m. a.m. p.m. a.m. p....
311,weather,CO-1250-MIA-IAH,2:53 p.m.m. a.m. p.m. a.m. p.m. a.m. p....,3:01 p.m.m. a.m. p.m. a.m. p.m. a.m. p....,4:48 p.m.m. a.m. p.m. a.m. p.m. a.m. p....,4:59 p.m.m. a.m. p.m. a.m. p.m. a.m. p....
312,weather,UA-6273-YYC-SFO,7:35 p.m.m. a.m. p.m. a.m. p.m. a.m. a....,7:41 p.m.m. a.m. p.m. a.m. p.m. a.m. a....,9:43 p.m.m. a.m. p.m. a.m. p.m. a.m. a....,8:45 p.m.m. a.m. p.m. a.m. p.m. a.m. a....
313,weather,UA-858-PVG-SFO,1:45 p.m.m. a.m. p.m. a.m. p.m. a.m. p....,1:32 p.m.m. a.m. p.m. a.m. p.m. a.m. p....,8:27 p.m.m. a.m. p.m. a.m. p.m. a.m. a....,8:02 p.m.m. a.m. p.m. a.m. p.m. a.m. a....
314,weather,UA-2704-DTW-PHX,11:15 p.m.m. a.m. p.m. a.m. p.m. a.m. a....,11:47 p.m.m. a.m. p.m. a.m. p.m. a.m. a....,1:40 p.m.m. a.m. p.m. a.m. p.m. a.m. p....,2:02 p.m.m. a.m. p.m. a.m. p.m. a.m. p....
315,weather,AA-3063-SLC-LAX,8:20 p.m.m. a.m. p.m. a.m. p.m. a.m. p....,8:40 p.m.m. a.m. p.m. a.m. p.m. a.m. p....,9:20 p.m.m. a.m. p.m. a.m. p.m. a.m. p....,9:11 p.m.m. a.m. p.m. a.m. p.m. a.m. p....
316,weather,UA-2708-EWR-CLT,2:55 p.m.m. a.m. p.m. a.m. p.m. a.m. p....,3:04 p.m.m. a.m. p.m. a.m. p.m. a.m. p....,4:53 p.m.m. a.m. p.m. a.m. p.m. a.m. p....,4:24 p.m.m. a.m. p.m. a.m. p.m. a.m. p....
317,weather,UA-62-IAH-EWR,2:30 p.m.m. a.m. p.m. a.m. p.m. a.m. p....,2:48 p.m.m. a.m. p.m. a.m. p.m. a.m. p....,7:03 p.m.m. a.m. p.m. a.m. p.m. a.m. p....,7:10 p.m.m. a.m. p.m. a.m. p.m. a.m. p....
318,weather,AA-3804-PHL-ORD,2:35 p.m.m. a.m. p.m. a.m. p.m. a.m. p....,2:44 p.m.m. a.m. p.m. a.m. p.m. a.m. p....,4:05 p.m.m. a.m. p.m. a.m. p.m. a.m. p....,3:36 p.m.m. a.m. p.m. a.m. p.m. a.m. p....
319,weather,AA-1917-JFK-MCO,2:55 p.m.m. a.m. p.m. a.m. p.m. a.m. p....,3:27 p.m.m. a.m. p.m. a.m. p.m. a.m. p....,5:55 p.m.m. a.m. p.m. a.m. p.m. a.m. p....,5:43 p.m.m. a.m. p.m. a.m. p.m. a.m. p....
320,weather,AA-2268-PHX-ORD,7:15 p.m.m. a.m. p.m. a.m. p.m. a.m. a....,7:23 p.m.m. a.m. p.m. a.m. p.m. a.m. a....,11:35 p.m.m. a.m. p.m. a.m. p.m. a.m. a....,11:04 p.m.m. a.m. p.m. a.m. p.m. a.m. a....
321,weather,UA-2314-ATL-PHL,2:55 p.m.m. a.m. p.m. a.m. p.m. a.m. p....,3:04 p.m.m. a.m. p.m. a.m. p.m. a.m. p....,5:00 p.m.m. a.m. p.m. a.m. p.m. a.m. p....,4:47 p.m.m. a.m. p.m. a.m. p.m. a.m. p....
322,weather,AA-4277-CVG-JFK,12:10 p.m.m. a.m. p.m. a.m. p.m. a.m. p....,12:11 p.m.m. a.m. p.m. a.m. p.m. a.m. p....,2:15 p.m.m. a.m. p.m. a.m. p.m. a.m. p....,1:43 p.m.m. a.m. p.m. a.m. p.m. a.m. p....
323,weather,AA-2957-DFW-CVG,7:55 p.m.m. a.m. p.m. a.m. p.m. a.m. a....,8:04 p.m.m. a.m. p.m. a.m. p.m. a.m. a....,11:05 p.m.m. a.m. p.m. a.m. p.m. a.m. a....,11:01 p.m.m. a.m. p.m. a.m. p.m. a.m. a....
324,weather,UA-37-EDI-EWR,9:05 p.m.m. a.m. p.m. a.m. p.m. a.m. a....,9:05 p.m.m. a.m. p.m. a.m. p.m. a.m. a....,11:53 p.m.m. a.m. p.m. a.m. p.m. a.m. a....,12:09 p.m.m. a.m. p.m. a.m. p.m. a.m. p....
325,weather,AA-789-ORD-DEN,1:05 p.m.m. a.m. p.m. a.m. p.m. a.m. p....,1:19 p.m.m. a.m. p.m. a.m. p.m. a.m. p....,2:35 p.m.m. a.m. p.m. a.m. p.m. a.m. p....,3:13 p.m.m. a.m. p.m. a.m. p.m. a.m. p....
326,weather,UA-854-SFO-IAH,7:53 p.m.m. a.m. p.m. a.m. p.m. a.m. a....,8:07 p.m.m. a.m. p.m. a.m. p.m. a.m. a....,1:39 p.m.m. a.m. p.m. a.m. p.m. a.m. p....,1:30 p.m.m. a.m. p.m. a.m. p.m. a.m. p....
327,weather,AA-415-BOS-ORD,8:35 p.m.m. a.m. p.m. a.m. p.m. a.m. a....,8:56 p.m.m. a.m. p.m. a.m. p.m. a.m. a....,10:40 p.m.m. a.m. p.m. a.m. p.m. a.m. a....,10:16 p.m.m. a.m. p.m. a.m. p.m. a.m. a....
328,weather,AA-85-JFK-SFO,3:05 p.m.m. a.m. p.m. a.m. p.m. a.m. p....,3:38 p.m.m. a.m. p.m. a.m. p.m. a.m. p....,6:30 p.m.m. a.m. p.m. a.m. p.m. a.m. p....,6:43 p.m.m. a.m. p.m. a.m. p.m. a.m. p....
329,weather,AA-3786-IAH-ORD,4:00 p.m.m. a.m. p.m. a.m. p.m. a.m. p....,4:12 p.m.m. a.m. p.m. a.m. p.m. a.m. p....,6:40 p.m.m. a.m. p.m. a.m. p.m. a.m. p....,6:15 p.m.m. a.m. p.m. a.m. p.m. a.m. p....
330,weather,CO-50-CLE-EWR,2:55 p.m.m. a.m. p.m. a.m. p.m. a.m. p....,3:31 p.m.m. a.m. p.m. a.m. p.m. a.m. p....,4:49 p.m.m. a.m. p.m. a.m. p.m. a.m. p....,5:26 p.m.m. a.m. p.m. a.m. p.m. a.m. p....
331,weather,UA-3099-PHX-PHL,11:55 p.m.m. a.m. p.m. a.m. p.m. a.m. a....,11:55 p.m.m. a.m. p.m. a.m. p.m. a.m. a....,6:17 p.m.m. a.m. p.m. a.m. p.m. a.m. p....,5:38 p.m.m. a.m. p.m. a.m. p.m. a.m. p....
332,weather,AA-4198-ORD-CLE,10:40 p.m.m. a.m. p.m. a.m. p.m. a.m. a....,10:55 p.m.m. a.m. p.m. a.m. p.m. a.m. a....,12:55 p.m.m. a.m. p.m. a.m. p.m. a.m. p....,12:50 p.m.m. a.m. p.m. a.m. p.m. a.m. p....
333,weather,AA-404-MIA-MCO,6:45 p.m.m. a.m. p.m. a.m. p.m. a.m. a....,6:58 p.m.m. a.m. p.m. a.m. p.m. a.m. a....,7:45 p.m.m. a.m. p.m. a.m. p.m. a.m. a....,7:40 p.m.m. a.m. p.m. a.m. p.m. a.m. a....
334,weather,CO-45-EWR-MIA,4:00 p.m.m. a.m. p.m. a.m. p.m. a.m. p....,3:58 p.m.m. a.m. p.m. a.m. p.m. a.m. p....,7:05 p.m.m. a.m. p.m. a.m. p.m. a.m. p....,6:36 p.m.m. a.m. p.m. a.m. p.m. a.m. p....
335,weather,AA-3809-PHX-LAX,6:00 p.m.m. a.m. p.m. a.m. p.m. a.m. a....,6:10 p.m.m. a.m. p.m. a.m. p.m. a.m. a....,6:40 p.m.m. a.m. p.m. a.m. p.m. a.m. a....,6:19 p.m.m. a.m. p.m. a.m. p.m. a.m. a....
336,weather,AA-59-JFK-SFO,7:10 p.m.m. a.m. p.m. a.m. p.m. a.m. a....,7:40 p.m.m. a.m. p.m. a.m. p.m. a.m. a....,10:45 p.m.m. a.m. p.m. a.m. p.m. a.m. a....,11:12 p.m.m. a.m. p.m. a.m. p.m. a.m. a....
337,weather,AA-222-LAX-BOS,7:10 p.m.m. a.m. p.m. a.m. p.m. a.m. a....,7:32 p.m.m. a.m. p.m. a.m. p.m. a.m. a....,3:30 p.m.m. a.m. p.m. a.m. p.m. a.m. p....,3:14 p.m.m. a.m. p.m. a.m. p.m. a.m. p....
338,airtravelcenter,AA-3859-IAH-ORD,7:10 p.m.m. a.m. p.m. a.m. p.m. a.m. a....,7:16 p.m.m. a.m. p.m. a.m. p.m. a.m. a....,9:40 p.m.m. a.m. p.m. a.m. p.m. a.m. a....,9:22 p.m.m. a.m. p.m. a.m. p.m. a.m. a....
339,airtravelcenter,CO-1586-IAH-MCO,7:00 p.m.m. a.m. p.m. a.m. p.m. a.m. p....,7:42 p.m.m. a.m. p.m. a.m. p.m. a.m. p....,10:15 p.m.m. a.m. p.m. a.m. p.m. a.m. p....,10:29 p.m.m. a.m. p.m. a.m. p.m. a.m. p....
340,airtravelcenter,AA-518-MIA-JFK,6:40 p.m.m. a.m. p.m. a.m. p.m. a.m. a....,6:54 p.m.m. a.m. p.m. a.m. p.m. a.m. a....,9:25 p.m.m. a.m. p.m. a.m. p.m. a.m. a....,9:28 p.m.m. a.m. p.m. a.m. p.m. a.m. a....
341,airtravelcenter,UA-397-JFK-SFO,8:00 p.m.m. a.m. p.m. a.m. p.m. a.m. a....,8:29 p.m.m. a.m. p.m. a.m. p.m. a.m. a....,11:55 p.m.m. a.m. p.m. a.m. p.m. a.m. a....,11:58 p.m.m. a.m. p.m. a.m. p.m. a.m. a....
342,airtravelcenter,UA-3925-IAD-ORF,8:41 p.m.m. a.m. p.m. a.m. p.m. a.m. a....,8:42 p.m.m. a.m. p.m. a.m. p.m. a.m. a....,9:54 p.m.m. a.m. p.m. a.m. p.m. a.m. a....,9:43 p.m.m. a.m. p.m. a.m. p.m. a.m. a....
343,airtravelcenter,AA-1733-ORD-PHX,7:45 p.m.m. a.m. p.m. a.m. p.m. a.m. p....,7:59 p.m.m. a.m. p.m. a.m. p.m. a.m. p....,10:30 p.m.m. a.m. p.m. a.m. p.m. a.m. p....,10:30 p.m.m. a.m. p.m. a.m. p.m. a.m. p....
344,airtravelcenter,UA-2830-MCO-CLT,3:27 p.m.m. a.m. p.m. a.m. p.m. a.m. p....,3:50 p.m.m. a.m. p.m. a.m. p.m. a.m. p....,5:05 p.m.m. a.m. p.m. a.m. p.m. a.m. p....,5:17 p.m.m. a.m. p.m. a.m. p.m. a.m. p....
345,airtravelcenter,CO-58-DEN-IAH,11:25 p.m.m. a.m. p.m. a.m. p.m. a.m. a....,11:32 p.m.m. a.m. p.m. a.m. p.m. a.m. a....,2:50 p.m.m. a.m. p.m. a.m. p.m. a.m. p....,3:31 p.m.m. a.m. p.m. a.m. p.m. a.m. p....
346,airtravelcenter,AA-1544-SAN-ORD,11:25 p.m.m. a.m. p.m. a.m. p.m. a.m. a....,11:41 p.m.m. a.m. p.m. a.m. p.m. a.m. a....,5:25 p.m.m. a.m. p.m. a.m. p.m. a.m. p....,4:56 p.m.m. a.m. p.m. a.m. p.m. a.m. p....
347,airtravelcenter,UA-5487-SFO-MRY,10:39 p.m.m. a.m. p.m. a.m. p.m. a.m. a....,10:53 p.m.m. a.m. p.m. a.m. p.m. a.m. a....,11:19 p.m.m. a.m. p.m. a.m. p.m. a.m. a....,11:21 p.m.m. a.m. p.m. a.m. p.m. a.m. a....
348,airtravelcenter,AA-204-LAX-MCO,11:25 p.m.m. a.m. p.m. a.m. p.m. a.m. p....,11:29 p.m.m. a.m. p.m. a.m. p.m. a.m. p....,6:55 p.m.m. a.m. p.m. a.m. p.m. a.m. a....,12211 6:35 p.m.m. a.m. p.m. a.m. p.m. a.m. a....
349,airtravelcenter,UA-414-LAX-SFO,6:00 p.m.m. a.m. p.m. a.m. p.m. a.m. a....,6:10 p.m.m. a.m. p.m. a.m. p.m. a.m. a....,7:23 p.m.m. a.m. p.m. a.m. p.m. a.m. a....,7:17 p.m.m. a.m. p.m. a.m. p.m. a.m. a....
350,airtravelcenter,CO-1614-LAX-IAH,12:30 p.m.m. a.m. p.m. a.m. p.m. a.m. a....,12:41 p.m.m. a.m. p.m. a.m. p.m. a.m. a....,5:35 p.m.m. a.m. p.m. a.m. p.m. a.m. a....,5:26 p.m.m. a.m. p.m. a.m. p.m. a.m. a....
351,airtravelcenter,UA-2726-FLL-PHL,4:00 p.m.m. a.m. p.m. a.m. p.m. a.m. p....,4:10 p.m.m. a.m. p.m. a.m. p.m. a.m. p....,6:46 p.m.m. a.m. p.m. a.m. p.m. a.m. p....,6:25 p.m.m. a.m. p.m. a.m. p.m. a.m. p....
352,airtravelcenter,CO-52-IAH-LAX,7:35 p.m.m. a.m. p.m. a.m. p.m. a.m. a....,7:56 p.m.m. a.m. p.m. a.m. p.m. a.m. a....,9:21 p.m.m. a.m. p.m. a.m. p.m. a.m. a....,9:09 p.m.m. a.m. p.m. a.m. p.m. a.m. a....
353,airtravelcenter,CO-1090-BOS-IAH,9:45 p.m.m. a.m. p.m. a.m. p.m. a.m. a....,10:19 p.m.m. a.m. p.m. a.m. p.m. a.m. a....,1:16 p.m.m. a.m. p.m. a.m. p.m. a.m. p....,1:19 p.m.m. a.m. p.m. a.m. p.m. a.m. p....
354,airtravelcenter,AA-616-DFW-DTW,9:05 p.m.m. a.m. p.m. a.m. p.m. a.m. a....,10:11 p.m.m. a.m. p.m. a.m. p.m. a.m. a....,12:35 p.m.m. a.m. p.m. a.m. p.m. a.m. p....,1:27 p.m.m. a.m. p.m. a.m. p.m. a.m. p....
355,airtravelcenter,UA-3515-IAD-MSP,8:15 p.m.m. a.m. p.m. a.m. p.m. a.m. a....,8:26 p.m.m. a.m. p.m. a.m. p.m. a.m. a....,10:06 p.m.m. a.m. p.m. a.m. p.m. a.m. a....,9:56 p.m.m. a.m. p.m. a.m. p.m. a.m. a....
356,airtravelcenter,AA-3468-CVG-MIA,7:00 p.m.m. a.m. p.m. a.m. p.m. a.m. a....,7:25 p.m.m. a.m. p.m. a.m. p.m. a.m. a....,9:55 p.m.m. a.m. p.m. a.m. p.m. a.m. a....,9:45 p.m.m. a.m. p.m. a.m. p.m. a.m. a....
357,airtravelcenter,AA-484-DFW-MIA,4:15 p.m.m. a.m. p.m. a.m. p.m. a.m. p....,4:29 p.m.m. a.m. p.m. a.m. p.m. a.m. p....,7:55 p.m.m. a.m. p.m. a.m. p.m. a.m. p....,7:39 p.m.m. a.m. p.m. a.m. p.m. a.m. p....
358,airtravelcenter,AA-1886-BOS-MIA,10:45 p.m.m. a.m. p.m. a.m. p.m. a.m. a....,10:55 p.m.m. a.m. p.m. a.m. p.m. a.m. a....,2:20 p.m.m. a.m. p.m. a.m. p.m. a.m. p....,1:40 p.m.m. a.m. p.m. a.m. p.m. a.m. p....
359,airtravelcenter,CO-62-IAH-EWR,2:30 p.m.m. a.m. p.m. a.m. p.m. a.m. p....,2:48 p.m.m. a.m. p.m. a.m. p.m. a.m. p....,7:03 p.m.m. a.m. p.m. a.m. p.m. a.m. p....,7:10 p.m.m. a.m. p.m. a.m. p.m. a.m. p....
360,airtravelcenter,CO-1561-PHX-IAH,8:05 p.m.m. a.m. p.m. a.m. p.m. a.m. a....,8:00 p.m.m. a.m. p.m. a.m. p.m. a.m. a....,11:35 p.m.m. a.m. p.m. a.m. p.m. a.m. a....,11:32 p.m.m. a.m. p.m. a.m. p.m. a.m. a....
361,airtravelcenter,UA-2314-ATL-PHL,2:55 p.m.m. a.m. p.m. a.m. p.m. a.m. p....,3:04 p.m.m. a.m. p.m. a.m. p.m. a.m. p....,5:00 p.m.m. a.m. p.m. a.m. p.m. a.m. p....,4:47 p.m.m. a.m. p.m. a.m. p.m. a.m. p....
362,airtravelcenter,AA-446-DFW-PHL,11:50 p.m.m. a.m. p.m. a.m. p.m. a.m. a....,12:13 p.m.m. a.m. p.m. a.m. p.m. a.m. p....,3:50 p.m.m. a.m. p.m. a.m. p.m. a.m. p....,4:09 p.m.m. a.m. p.m. a.m. p.m. a.m. p....
363,airtravelcenter,CO-1023-IAH-DEN,11:40 p.m.m. a.m. p.m. a.m. p.m. a.m. a....,12:06 p.m.m. a.m. p.m. a.m. p.m. a.m. p....,1:17 p.m.m. a.m. p.m. a.m. p.m. a.m. p....,1:14 p.m.m. a.m. p.m. a.m. p.m. a.m. p....
364,airtravelcenter,AA-466-IAH-MIA,6:00 p.m.m. a.m. p.m. a.m. p.m. a.m. a....,6:09 p.m.m. a.m. p.m. a.m. p.m. a.m. a....,9:20 p.m.m. a.m. p.m. a.m. p.m. a.m. a....,9:05 p.m.m. a.m. p.m. a.m. p.m. a.m. a....
365,airtravelcenter,UA-3050-PHX-CLT,11:05 p.m.m. a.m. p.m. a.m. p.m. a.m. a....,11:45 p.m.m. a.m. p.m. a.m. p.m. a.m. a....,4:57 p.m.m. a.m. p.m. a.m. p.m. a.m. p....,5:05 p.m.m. a.m. p.m. a.m. p.m. a.m. p....
366,airtravelcenter,CO-89-IAH-EWR,6:00 p.m.m. a.m. p.m. a.m. p.m. a.m. a....,6:02 p.m.m. a.m. p.m. a.m. p.m. a.m. a....,10:20 p.m.m. a.m. p.m. a.m. p.m. a.m. a....,10:27 p.m.m. a.m. p.m. a.m. p.m. a.m. a....
367,airtravelcenter,CO-1088-CLE-IAH,8:40 p.m.m. a.m. p.m. a.m. p.m. a.m. a....,8:40 p.m.m. a.m. p.m. a.m. p.m. a.m. a....,10:54 p.m.m. a.m. p.m. a.m. p.m. a.m. a....,10:56 p.m.m. a.m. p.m. a.m. p.m. a.m. a....
368,airtravelcenter,AA-1664-MIA-ATL,10:15 p.m.m. a.m. p.m. a.m. p.m. a.m. a....,10:19 p.m.m. a.m. p.m. a.m. p.m. a.m. a....,12:10 p.m.m. a.m. p.m. a.m. p.m. a.m. p....,11:50 p.m.m. a.m. p.m. a.m. p.m. a.m. a....
369,airtravelcenter,AA-1279-DFW-PHX,1:00 p.m.m. a.m. p.m. a.m. p.m. a.m. p....,2:04 p.m.m. a.m. p.m. a.m. p.m. a.m. p....,2:35 p.m.m. a.m. p.m. a.m. p.m. a.m. p....,3:13 p.m.m. a.m. p.m. a.m. p.m. a.m. p....
370,airtravelcenter,UA-854-SFO-IAH,7:53 p.m.m. a.m. p.m. a.m. p.m. a.m. a....,8:07 p.m.m. a.m. p.m. a.m. p.m. a.m. a....,1:39 p.m.m. a.m. p.m. a.m. p.m. a.m. p....,1:30 p.m.m. a.m. p.m. a.m. p.m. a.m. p....
371,airtravelcenter,UA-382-IAD-LAX,12:30 p.m.m. a.m. p.m. a.m. p.m. a.m. p....,12:56 p.m.m. a.m. p.m. a.m. p.m. a.m. p....,3:19 p.m.m. a.m. p.m. a.m. p.m. a.m. p....,3:21 p.m.m. a.m. p.m. a.m. p.m. a.m. p....
372,airtravelcenter,AA-4344-ORD-DTW,11:45 p.m.m. a.m. p.m. a.m. p.m. a.m. a....,12:14 p.m.m. a.m. p.m. a.m. p.m. a.m. p....,2:00 p.m.m. a.m. p.m. a.m. p.m. a.m. p....,2:10 p.m.m. a.m. p.m. a.m. p.m. a.m. p....
373,airtravelcenter,UA-257-JFK-SFO,2:30 p.m.m. a.m. p.m. a.m. p.m. a.m. p....,2:43 p.m.m. a.m. p.m. a.m. p.m. a.m. p....,6:15 p.m.m. a.m. p.m. a.m. p.m. a.m. p....,5:42 p.m.m. a.m. p.m. a.m. p.m. a.m. p....
374,airtravelcenter,UA-2945-PHL-CLT,12:00 p.m.m. a.m. p.m. a.m. p.m. a.m. p....,12:08 p.m.m. a.m. p.m. a.m. p.m. a.m. p....,1:45 p.m.m. a.m. p.m. a.m. p.m. a.m. p....,1:15 p.m.m. a.m. p.m. a.m. p.m. a.m. p....
375,airtravelcenter,CO-63-EWR-IAH,5:25 p.m.m. a.m. p.m. a.m. p.m. a.m. p....,5:38 p.m.m. a.m. p.m. a.m. p.m. a.m. p....,8:22 p.m.m. a.m. p.m. a.m. p.m. a.m. p....,8:03 p.m.m. a.m. p.m. a.m. p.m. a.m. p....
376,airtravelcenter,CO-47-IAH-LAX,7:10 p.m.m. a.m. p.m. a.m. p.m. a.m. p....,8:25 p.m.m. a.m. p.m. a.m. p.m. a.m. p....,8:56 p.m.m. a.m. p.m. a.m. p.m. a.m. p....,9:38 p.m.m. a.m. p.m. a.m. p.m. a.m. p....
377,airtravelcenter,AA-2050-ORD-MIA,10:40 p.m.m. a.m. p.m. a.m. p.m. a.m. a....,11:06 p.m.m. a.m. p.m. a.m. p.m. a.m. a....,2:45 p.m.m. a.m. p.m. a.m. p.m. a.m. p....,2:46 p.m.m. a.m. p.m. a.m. p.m. a.m. p....
378,airtravelcenter,UA-248-PHX-ORD,12:57 p.m.m. a.m. p.m. a.m. p.m. a.m. p....,1:43 p.m.m. a.m. p.m. a.m. p.m. a.m. p....,5:15 p.m.m. a.m. p.m. a.m. p.m. a.m. p....,5:34 p.m.m. a.m. p.m. a.m. p.m. a.m. p....
379,airtravelcenter,AA-4330-CVG-ORD,3:35 p.m.m. a.m. p.m. a.m. p.m. a.m. p....,3:36 p.m.m. a.m. p.m. a.m. p.m. a.m. p....,4:00 p.m.m. a.m. p.m. a.m. p.m. a.m. p....,3:33 p.m.m. a.m. p.m. a.m. p.m. a.m. p....
380,airtravelcenter,AA-1434-DFW-MCO,7:15 p.m.m. a.m. p.m. a.m. p.m. a.m. a....,7:22 p.m.m. a.m. p.m. a.m. p.m. a.m. a....,10:35 p.m.m. a.m. p.m. a.m. p.m. a.m. a....,10:29 p.m.m. a.m. p.m. a.m. p.m. a.m. a....
381,airtravelcenter,AA-1640-MIA-MCO,6:30 p.m.m. a.m. p.m. a.m. p.m. a.m. p....,6:47 p.m.m. a.m. p.m. a.m. p.m. a.m. p....,7:25 p.m.m. a.m. p.m. a.m. p.m. a.m. p....,7:25 p.m.m. a.m. p.m. a.m. p.m. a.m. p....
382,airtravelcenter,AA-4307-ORD-DTW,6:45 p.m.m. a.m. p.m. a.m. p.m. a.m. p....,6:56 p.m.m. a.m. p.m. a.m. p.m. a.m. p....,9:10 p.m.m. a.m. p.m. a.m. p.m. a.m. p....,8:53 p.m.m. a.m. p.m. a.m. p.m. a.m. p....
383,airtravelcenter,AA-3-JFK-LAX,12:00 p.m.m. a.m. p.m. a.m. p.m. a.m. p....,12:12 p.m.m. a.m. p.m. a.m. p.m. a.m. p....,3:15 p.m.m. a.m. p.m. a.m. p.m. a.m. p....,3:16 p.m.m. a.m. p.m. a.m. p.m. a.m. p....
384,airtravelcenter,CO-1694-LAX-IAH,7:15 p.m.m. a.m. p.m. a.m. p.m. a.m. p....,7:15 p.m.m. a.m. p.m. a.m. p.m. a.m. p....,12:21 p.m.m. a.m. p.m. a.m. p.m. a.m. a....,12:21 p.m.m. a.m. p.m. a.m. p.m. a.m. a....
385,airtravelcenter,UA-843-LAX-ORD,1:55 p.m.m. a.m. p.m. a.m. p.m. a.m. p....,2:38 p.m.m. a.m. p.m. a.m. p.m. a.m. p....,7:53 p.m.m. a.m. p.m. a.m. p.m. a.m. p....,7:58 p.m.m. a.m. p.m. a.m. p.m. a.m. p....
386,airtravelcenter,CO-1193-EWR-MCO,9:15 p.m.m. a.m. p.m. a.m. p.m. a.m. a....,9:14 p.m.m. a.m. p.m. a.m. p.m. a.m. a....,12:18 p.m.m. a.m. p.m. a.m. p.m. a.m. p....,12:09 p.m.m. a.m. p.m. a.m. p.m. a.m. p....
387,airtravelcenter,AA-3842-MSP-ORD,6:00 p.m.m. a.m. p.m. a.m. p.m. a.m. a....,6:56 p.m.m. a.m. p.m. a.m. p.m. a.m. a....,7:30 p.m.m. a.m. p.m. a.m. p.m. a.m. a....,7:51 p.m.m. a.m. p.m. a.m. p.m. a.m. a....
388,airtravelcenter,AA-643-MIA-ORD,7:10 p.m.m. a.m. p.m. a.m. p.m. a.m. a....,7:31 p.m.m. a.m. p.m. a.m. p.m. a.m. a....,9:35 p.m.m. a.m. p.m. a.m. p.m. a.m. a....,9:26 p.m.m. a.m. p.m. a.m. p.m. a.m. a....
389,airtravelcenter,AA-1007-MIA-PHX,4:55 p.m.m. a.m. p.m. a.m. p.m. a.m. p....,5:09 p.m.m. a.m. p.m. a.m. p.m. a.m. p....,8:05 p.m.m. a.m. p.m. a.m. p.m. a.m. p....,7:55 p.m.m. a.m. p.m. a.m. p.m. a.m. p....
390,airtravelcenter,AA-2525-DFW-MIA,7:25 p.m.m. a.m. p.m. a.m. p.m. a.m. a....,7:39 p.m.m. a.m. p.m. a.m. p.m. a.m. a....,11:10 p.m.m. a.m. p.m. a.m. p.m. a.m. a....,11:06 p.m.m. a.m. p.m. a.m. p.m. a.m. a....
391,airtravelcenter,UA-2906-PHL-MCO,3:50 p.m.m. a.m. p.m. a.m. p.m. a.m. p....,4:28 p.m.m. a.m. p.m. a.m. p.m. a.m. p....,6:23 p.m.m. a.m. p.m. a.m. p.m. a.m. p....,6:38 p.m.m. a.m. p.m. a.m. p.m. a.m. p....
392,airtravelcenter,UA-938-DEN-ORD,4:16 p.m.m. a.m. p.m. a.m. p.m. a.m. p....,4:37 p.m.m. a.m. p.m. a.m. p.m. a.m. p....,7:35 p.m.m. a.m. p.m. a.m. p.m. a.m. p....,7:36 p.m.m. a.m. p.m. a.m. p.m. a.m. p....
393,airtravelcenter,AA-1221-MCO-ORD,8:00 p.m.m. a.m. p.m. a.m. p.m. a.m. p....,8:23 p.m.m. a.m. p.m. a.m. p.m. a.m. p....,9:45 p.m.m. a.m. p.m. a.m. p.m. a.m. p....,9:53 p.m.m. a.m. p.m. a.m. p.m. a.m. p....
394,airtravelcenter,CO-16-LAX-EWR,10:25 p.m.m. a.m. p.m. a.m. p.m. a.m. a....,10:20 p.m.m. a.m. p.m. a.m. p.m. a.m. a....,6:44 p.m.m. a.m. p.m. a.m. p.m. a.m. p....,6:34 p.m.m. a.m. p.m. a.m. p.m. a.m. p....
395,airtravelcenter,UA-2515-DFW-CLT,7:05 p.m.m. a.m. p.m. a.m. p.m. a.m. a....,7:31 p.m.m. a.m. p.m. a.m. p.m. a.m. a....,10:31 p.m.m. a.m. p.m. a.m. p.m. a.m. a....,10:45 p.m.m. a.m. p.m. a.m. p.m. a.m. a....
396,airtravelcenter,AA-400-DFW-JFK,10:40 p.m.m. a.m. p.m. a.m. p.m. a.m. a....,11:02 p.m.m. a.m. p.m. a.m. p.m. a.m. a....,2:59 p.m.m. a.m. p.m. a.m. p.m. a.m. p....,3:04 p.m.m. a.m. p.m. a.m. p.m. a.m. p....
397,airtravelcenter,UA-664-ORD-PHL,1:33 p.m.m. a.m. p.m. a.m. p.m. a.m. p....,1:48 p.m.m. a.m. p.m. a.m. p.m. a.m. p....,4:31 p.m.m. a.m. p.m. a.m. p.m. a.m. p....,4:23 p.m.m. a.m. p.m. a.m. p.m. a.m. p....
398,airtravelcenter,AA-3756-ORD-SLC,12:15 p.m.m. a.m. p.m. a.m. p.m. a.m. p....,12:42 p.m.m. a.m. p.m. a.m. p.m. a.m. p....,2:45 p.m.m. a.m. p.m. a.m. p.m. a.m. p....,2:50 p.m.m. a.m. p.m. a.m. p.m. a.m. p....
399,airtravelcenter,UA-37-EWR-MCO,1:29 p.m.m. a.m. p.m. a.m. p.m. a.m. p....,2:01 p.m.m. a.m. p.m. a.m. p.m. a.m. p....,4:17 p.m.m. a.m. p.m. a.m. p.m. a.m. p....,4:17 p.m.m. a.m. p.m. a.m. p.m. a.m. p....
400,airtravelcenter,AA-1522-SFO-ORD,11:55 p.m.m. a.m. p.m. a.m. p.m. a.m. p....,12:11 p.m.m. a.m. p.m. a.m. p.m. a.m. a....,5:50 p.m.m. a.m. p.m. a.m. p.m. a.m. a....,5:42 p.m.m. a.m. p.m. a.m. p.m. a.m. a....
401,airtravelcenter,UA-233-LAX-JFK,4:25 p.m.m. a.m. p.m. a.m. p.m. a.m. p....,4:28 p.m.m. a.m. p.m. a.m. p.m. a.m. p....,12:29 p.m.m. a.m. p.m. a.m. p.m. a.m. a....,12:01 p.m.m. a.m. p.m. a.m. p.m. a.m. a....
402,airtravelcenter,AA-3823-LAX-DEN,9:00 p.m.m. a.m. p.m. a.m. p.m. a.m. p....,9:06 p.m.m. a.m. p.m. a.m. p.m. a.m. p....,12:15 p.m.m. a.m. p.m. a.m. p.m. a.m. a....,11:49 p.m.m. a.m. p.m. a.m. p.m. a.m. p....
403,airtravelcenter,AA-2312-DFW-DTW,8:25 p.m.m. a.m. p.m. a.m. p.m. a.m. p....,8:29 p.m.m. a.m. p.m. a.m. p.m. a.m. p....,11:50 p.m.m. a.m. p.m. a.m. p.m. a.m. p....,11:35 p.m.m. a.m. p.m. a.m. p.m. a.m. p....
404,airtravelcenter,AA-1165-JFK-MIA,6:59 p.m.m. a.m. p.m. a.m. p.m. a.m. a....,7:23 p.m.m. a.m. p.m. a.m. p.m. a.m. a....,10:34 p.m.m. a.m. p.m. a.m. p.m. a.m. a....,10:04 p.m.m. a.m. p.m. a.m. p.m. a.m. a....
405,airtravelcenter,AA-431-MIA-SFO,8:35 p.m.m. a.m. p.m. a.m. p.m. a.m. a....,8:52 p.m.m. a.m. p.m. a.m. p.m. a.m. a....,11:50 p.m.m. a.m. p.m. a.m. p.m. a.m. a....,11:44 p.m.m. a.m. p.m. a.m. p.m. a.m. a....
406,airtravelcenter,UA-3373-IAD-PHL,8:29 p.m.m. a.m. p.m. a.m. p.m. a.m. a....,8:37 p.m.m. a.m. p.m. a.m. p.m. a.m. a....,9:24 p.m.m. a.m. p.m. a.m. p.m. a.m. a....,9:13 p.m.m. a.m. p.m. a.m. p.m. a.m. a....
407,airtravelcenter,AA-649-ORD-SNA,1:30 p.m.m. a.m. p.m. a.m. p.m. a.m. p....,1:41 p.m.m. a.m. p.m. a.m. p.m. a.m. p....,3:50 p.m.m. a.m. p.m. a.m. p.m. a.m. p....,3:29 p.m.m. a.m. p.m. a.m. p.m. a.m. p....
408,airtravelcenter,CO-1250-MIA-IAH,2:53 p.m.m. a.m. p.m. a.m. p.m. a.m. p....,3:01 p.m.m. a.m. p.m. a.m. p.m. a.m. p....,4:48 p.m.m. a.m. p.m. a.m. p.m. a.m. p....,4:59 p.m.m. a.m. p.m. a.m. p.m. a.m. p....
409,airtravelcenter,UA-6273-YYC-SFO,7:35 p.m.m. a.m. p.m. a.m. p.m. a.m. a....,7:41 p.m.m. a.m. p.m. a.m. p.m. a.m. a....,9:43 p.m.m. a.m. p.m. a.m. p.m. a.m. a....,8:45 p.m.m. a.m. p.m. a.m. p.m. a.m. a....
410,airtravelcenter,UA-828-SFO-ORD,11:08 p.m.m. a.m. p.m. a.m. p.m. a.m. p....,11:35 p.m.m. a.m. p.m. a.m. p.m. a.m. p....,5:11 p.m.m. a.m. p.m. a.m. p.m. a.m. a....,5:21 p.m.m. a.m. p.m. a.m. p.m. a.m. a....
411,airtravelcenter,CO-4888-IAH-DAL,5:30 p.m.m. a.m. p.m. a.m. p.m. a.m. p....,5:38 p.m.m. a.m. p.m. a.m. p.m. a.m. p....,6:40 p.m.m. a.m. p.m. a.m. p.m. a.m. p....,6:19 p.m.m. a.m. p.m. a.m. p.m. a.m. p....
412,airtravelcenter,UA-858-PVG-SFO,1:45 p.m.m. a.m. p.m. a.m. p.m. a.m. p....,1:32 p.m.m. a.m. p.m. a.m. p.m. a.m. p....,8:27 p.m.m. a.m. p.m. a.m. p.m. a.m. a....,8:02 p.m.m. a.m. p.m. a.m. p.m. a.m. a....
413,airtravelcenter,UA-2704-DTW-PHX,11:15 p.m.m. a.m. p.m. a.m. p.m. a.m. a....,11:47 p.m.m. a.m. p.m. a.m. p.m. a.m. a....,1:40 p.m.m. a.m. p.m. a.m. p.m. a.m. p....,2:02 p.m.m. a.m. p.m. a.m. p.m. a.m. p....
414,airtravelcenter,AA-3063-SLC-LAX,8:20 p.m.m. a.m. p.m. a.m. p.m. a.m. p....,8:40 p.m.m. a.m. p.m. a.m. p.m. a.m. p....,9:20 p.m.m. a.m. p.m. a.m. p.m. a.m. p....,9:11 p.m.m. a.m. p.m. a.m. p.m. a.m. p....
415,airtravelcenter,UA-2708-EWR-CLT,2:55 p.m.m. a.m. p.m. a.m. p.m. a.m. p....,3:04 p.m.m. a.m. p.m. a.m. p.m. a.m. p....,4:53 p.m.m. a.m. p.m. a.m. p.m. a.m. p....,4:24 p.m.m. a.m. p.m. a.m. p.m. a.m. p....
416,airtravelcenter,UA-62-IAH-EWR,2:30 p.m.m. a.m. p.m. a.m. p.m. a.m. p....,2:48 p.m.m. a.m. p.m. a.m. p.m. a.m. p....,7:03 p.m.m. a.m. p.m. a.m. p.m. a.m. p....,7:10 p.m.m. a.m. p.m. a.m. p.m. a.m. p....
417,airtravelcenter,UA-1500-IAH-GUA,8:55 p.m.m. a.m. p.m. a.m. p.m. a.m. a....,9:43 p.m.m. a.m. p.m. a.m. p.m. a.m. a....,11:45 p.m.m. a.m. p.m. a.m. p.m. a.m. a....,12:12 p.m.m. a.m. p.m. a.m. p.m. a.m. p....
418,airtravelcenter,AA-3804-PHL-ORD,2:35 p.m.m. a.m. p.m. a.m. p.m. a.m. p....,2:44 p.m.m. a.m. p.m. a.m. p.m. a.m. p....,4:05 p.m.m. a.m. p.m. a.m. p.m. a.m. p....,3:36 p.m.m. a.m. p.m. a.m. p.m. a.m. p....
419,airtravelcenter,AA-1917-JFK-MCO,2:55 p.m.m. a.m. p.m. a.m. p.m. a.m. p....,3:27 p.m.m. a.m. p.m. a.m. p.m. a.m. p....,5:55 p.m.m. a.m. p.m. a.m. p.m. a.m. p....,5:43 p.m.m. a.m. p.m. a.m. p.m. a.m. p....
420,airtravelcenter,AA-2268-PHX-ORD,7:15 p.m.m. a.m. p.m. a.m. p.m. a.m. a....,7:23 p.m.m. a.m. p.m. a.m. p.m. a.m. a....,11:35 p.m.m. a.m. p.m. a.m. p.m. a.m. a....,11:04 p.m.m. a.m. p.m. a.m. p.m. a.m. a....
421,airtravelcenter,AA-4277-CVG-JFK,12:10 p.m.m. a.m. p.m. a.m. p.m. a.m. p....,12:11 p.m.m. a.m. p.m. a.m. p.m. a.m. p....,2:15 p.m.m. a.m. p.m. a.m. p.m. a.m. p....,1:43 p.m.m. a.m. p.m. a.m. p.m. a.m. p....
422,airtravelcenter,AA-2957-DFW-CVG,7:55 p.m.m. a.m. p.m. a.m. p.m. a.m. a....,8:04 p.m.m. a.m. p.m. a.m. p.m. a.m. a....,11:05 p.m.m. a.m. p.m. a.m. p.m. a.m. a....,11:01 p.m.m. a.m. p.m. a.m. p.m. a.m. a....
423,airtravelcenter,UA-37-EDI-EWR,9:05 p.m.m. a.m. p.m. a.m. p.m. a.m. a....,9:05 p.m.m. a.m. p.m. a.m. p.m. a.m. a....,11:53 p.m.m. a.m. p.m. a.m. p.m. a.m. a....,12:09 p.m.m. a.m. p.m. a.m. p.m. a.m. p....
424,airtravelcenter,AA-789-ORD-DEN,1:05 p.m.m. a.m. p.m. a.m. p.m. a.m. p....,1:19 p.m.m. a.m. p.m. a.m. p.m. a.m. p....,2:35 p.m.m. a.m. p.m. a.m. p.m. a.m. p....,3:13 p.m.m. a.m. p.m. a.m. p.m. a.m. p....
425,airtravelcenter,AA-415-BOS-ORD,8:35 p.m.m. a.m. p.m. a.m. p.m. a.m. a....,8:56 p.m.m. a.m. p.m. a.m. p.m. a.m. a....,10:40 p.m.m. a.m. p.m. a.m. p.m. a.m. a....,10:16 p.m.m. a.m. p.m. a.m. p.m. a.m. a....
426,airtravelcenter,AA-85-JFK-SFO,3:05 p.m.m. a.m. p.m. a.m. p.m. a.m. p....,3:38 p.m.m. a.m. p.m. a.m. p.m. a.m. p....,6:30 p.m.m. a.m. p.m. a.m. p.m. a.m. p....,6:43 p.m.m. a.m. p.m. a.m. p.m. a.m. p....
427,airtravelcenter,AA-3979-CVG-ORD,7:30 p.m.m. a.m. p.m. a.m. p.m. a.m. a....,8:04 p.m.m. a.m. p.m. a.m. p.m. a.m. a....,8:00 p.m.m. a.m. p.m. a.m. p.m. a.m. a....,8:06 p.m.m. a.m. p.m. a.m. p.m. a.m. a....
428,airtravelcenter,AA-3786-IAH-ORD,4:00 p.m.m. a.m. p.m. a.m. p.m. a.m. p....,4:12 p.m.m. a.m. p.m. a.m. p.m. a.m. p....,6:40 p.m.m. a.m. p.m. a.m. p.m. a.m. p....,6:15 p.m.m. a.m. p.m. a.m. p.m. a.m. p....
429,airtravelcenter,AA-271-MIA-LAX,11:35 p.m.m. a.m. p.m. a.m. p.m. a.m. a....,11:52 p.m.m. a.m. p.m. a.m. p.m. a.m. a....,2:25 p.m.m. a.m. p.m. a.m. p.m. a.m. p....,2:27 p.m.m. a.m. p.m. a.m. p.m. a.m. p....
430,airtravelcenter,CO-50-CLE-EWR,2:55 p.m.m. a.m. p.m. a.m. p.m. a.m. p....,3:31 p.m.m. a.m. p.m. a.m. p.m. a.m. p....,4:49 p.m.m. a.m. p.m. a.m. p.m. a.m. p....,5:26 p.m.m. a.m. p.m. a.m. p.m. a.m. p....
431,airtravelcenter,UA-3099-PHX-PHL,11:55 p.m.m. a.m. p.m. a.m. p.m. a.m. a....,11:55 p.m.m. a.m. p.m. a.m. p.m. a.m. a....,6:17 p.m.m. a.m. p.m. a.m. p.m. a.m. p....,5:38 p.m.m. a.m. p.m. a.m. p.m. a.m. p....
432,airtravelcenter,AA-4198-ORD-CLE,10:40 p.m.m. a.m. p.m. a.m. p.m. a.m. a....,10:55 p.m.m. a.m. p.m. a.m. p.m. a.m. a....,12:55 p.m.m. a.m. p.m. a.m. p.m. a.m. p....,12:50 p.m.m. a.m. p.m. a.m. p.m. a.m. p....
433,airtravelcenter,AA-404-MIA-MCO,6:45 p.m.m. a.m. p.m. a.m. p.m. a.m. a....,6:58 p.m.m. a.m. p.m. a.m. p.m. a.m. a....,7:45 p.m.m. a.m. p.m. a.m. p.m. a.m. a....,7:40 p.m.m. a.m. p.m. a.m. p.m. a.m. a....
434,airtravelcenter,CO-45-EWR-MIA,4:00 p.m.m. a.m. p.m. a.m. p.m. a.m. p....,3:58 p.m.m. a.m. p.m. a.m. p.m. a.m. p....,7:05 p.m.m. a.m. p.m. a.m. p.m. a.m. p....,6:36 p.m.m. a.m. p.m. a.m. p.m. a.m. p....
435,airtravelcenter,AA-3809-PHX-LAX,6:00 p.m.m. a.m. p.m. a.m. p.m. a.m. a....,6:10 p.m.m. a.m. p.m. a.m. p.m. a.m. a....,6:40 p.m.m. a.m. p.m. a.m. p.m. a.m. a....,6:19 p.m.m. a.m. p.m. a.m. p.m. a.m. a....
436,airtravelcenter,AA-59-JFK-SFO,7:10 p.m.m. a.m. p.m. a.m. p.m. a.m. a....,7:40 p.m.m. a.m. p.m. a.m. p.m. a.m. a....,10:45 p.m.m. a.m. p.m. a.m. p.m. a.m. a....,11:12 p.m.m. a.m. p.m. a.m. p.m. a.m. a....
437,airtravelcenter,AA-222-LAX-BOS,7:10 p.m.m. a.m. p.m. a.m. p.m. a.m. a....,7:32 p.m.m. a.m. p.m. a.m. p.m. a.m. a....,3:30 p.m.m. a.m. p.m. a.m. p.m. a.m. p....,3:14 p.m.m. a.m. p.m. a.m. p.m. a.m. p....
438,flightview,AA-3859-IAH-ORD,7:10 p.m.m. a.m. p.m. a.m. p.m. a.m. a....,7:16 p.m.m. a.m. p.m. a.m. p.m. a.m. a....,9:40 p.m.m. a.m. p.m. a.m. p.m. a.m. a....,9:22 p.m.m. a.m. p.m. a.m. p.m. a.m. a....
439,flightview,CO-1586-IAH-MCO,7:00 p.m.m. a.m. p.m. a.m. p.m. a.m. p....,7:42 p.m.m. a.m. p.m. a.m. p.m. a.m. p....,10:15 p.m.m. a.m. p.m. a.m. p.m. a.m. p....,10:29 p.m.m. a.m. p.m. a.m. p.m. a.m. p....
440,flightview,AA-518-MIA-JFK,6:40 p.m.m. a.m. p.m. a.m. p.m. a.m. a....,6:54 p.m.m. a.m. p.m. a.m. p.m. a.m. a....,9:25 p.m.m. a.m. p.m. a.m. p.m. a.m. a....,9:28 p.m.m. a.m. p.m. a.m. p.m. a.m. a....
441,flightview,UA-397-JFK-SFO,8:00 p.m.m. a.m. p.m. a.m. p.m. a.m. a....,8:29 p.m.m. a.m. p.m. a.m. p.m. a.m. a....,11:55 p.m.m. a.m. p.m. a.m. p.m. a.m. a....,11:58 p.m.m. a.m. p.m. a.m. p.m. a.m. a....
442,flightview,UA-3925-IAD-ORF,8:41 p.m.m. a.m. p.m. a.m. p.m. a.m. a....,8:42 p.m.m. a.m. p.m. a.m. p.m. a.m. a....,9:54 p.m.m. a.m. p.m. a.m. p.m. a.m. a....,9:43 p.m.m. a.m. p.m. a.m. p.m. a.m. a....
443,flightview,AA-1733-ORD-PHX,7:45 p.m.m. a.m. p.m. a.m. p.m. a.m. p....,7:59 p.m.m. a.m. p.m. a.m. p.m. a.m. p....,10:30 p.m.m. a.m. p.m. a.m. p.m. a.m. p....,10:30 p.m.m. a.m. p.m. a.m. p.m. a.m. p....
444,flightview,AA-3-JFK-LAX,12:00 p.m.m. a.m. p.m. a.m. p.m. a.m. p....,12:12 p.m.m. a.m. p.m. a.m. p.m. a.m. p....,3:15 p.m.m. a.m. p.m. a.m. p.m. a.m. p....,3:16 p.m.m. a.m. p.m. a.m. p.m. a.m. p....
445,flightview,UA-2830-MCO-CLT,3:27 p.m.m. a.m. p.m. a.m. p.m. a.m. p....,3:50 p.m.m. a.m. p.m. a.m. p.m. a.m. p....,5:05 p.m.m. a.m. p.m. a.m. p.m. a.m. p....,5:17 p.m.m. a.m. p.m. a.m. p.m. a.m. p....
446,flightview,CO-58-DEN-IAH,11:25 p.m.m. a.m. p.m. a.m. p.m. a.m. a....,11:32 p.m.m. a.m. p.m. a.m. p.m. a.m. a....,2:50 p.m.m. a.m. p.m. a.m. p.m. a.m. p....,3:31 p.m.m. a.m. p.m. a.m. p.m. a.m. p....
447,flightview,UA-5487-SFO-MRY,10:39 p.m.m. a.m. p.m. a.m. p.m. a.m. a....,10:53 p.m.m. a.m. p.m. a.m. p.m. a.m. a....,11:19 p.m.m. a.m. p.m. a.m. p.m. a.m. a....,11:21 p.m.m. a.m. p.m. a.m. p.m. a.m. a....
448,flightview,AA-204-LAX-MCO,11:25 p.m.m. a.m. p.m. a.m. p.m. a.m. p....,11:29 p.m.m. a.m. p.m. a.m. p.m. a.m. p....,6:55 p.m.m. a.m. p.m. a.m. p.m. a.m. a....,12211 6:35 p.m.m. a.m. p.m. a.m. p.m. a.m. a....
449,flightview,UA-414-LAX-SFO,6:00 p.m.m. a.m. p.m. a.m. p.m. a.m. a....,6:10 p.m.m. a.m. p.m. a.m. p.m. a.m. a....,7:23 p.m.m. a.m. p.m. a.m. p.m. a.m. a....,7:17 p.m.m. a.m. p.m. a.m. p.m. a.m. a....
450,flightview,CO-1614-LAX-IAH,12:30 p.m.m. a.m. p.m. a.m. p.m. a.m. a....,12:41 p.m.m. a.m. p.m. a.m. p.m. a.m. a....,5:35 p.m.m. a.m. p.m. a.m. p.m. a.m. a....,5:26 p.m.m. a.m. p.m. a.m. p.m. a.m. a....
451,flightview,UA-2726-FLL-PHL,4:00 p.m.m. a.m. p.m. a.m. p.m. a.m. p....,4:10 p.m.m. a.m. p.m. a.m. p.m. a.m. p....,6:46 p.m.m. a.m. p.m. a.m. p.m. a.m. p....,6:25 p.m.m. a.m. p.m. a.m. p.m. a.m. p....
452,flightview,CO-52-IAH-LAX,7:35 p.m.m. a.m. p.m. a.m. p.m. a.m. a....,7:56 p.m.m. a.m. p.m. a.m. p.m. a.m. a....,9:21 p.m.m. a.m. p.m. a.m. p.m. a.m. a....,9:09 p.m.m. a.m. p.m. a.m. p.m. a.m. a....
453,flightview,CO-1090-BOS-IAH,9:45 p.m.m. a.m. p.m. a.m. p.m. a.m. a....,10:19 p.m.m. a.m. p.m. a.m. p.m. a.m. a....,1:16 p.m.m. a.m. p.m. a.m. p.m. a.m. p....,1:19 p.m.m. a.m. p.m. a.m. p.m. a.m. p....
454,flightview,AA-616-DFW-DTW,9:05 p.m.m. a.m. p.m. a.m. p.m. a.m. a....,10:11 p.m.m. a.m. p.m. a.m. p.m. a.m. a....,12:35 p.m.m. a.m. p.m. a.m. p.m. a.m. p....,1:27 p.m.m. a.m. p.m. a.m. p.m. a.m. p....
455,flightview,UA-3515-IAD-MSP,8:15 p.m.m. a.m. p.m. a.m. p.m. a.m. a....,8:26 p.m.m. a.m. p.m. a.m. p.m. a.m. a....,10:06 p.m.m. a.m. p.m. a.m. p.m. a.m. a....,9:56 p.m.m. a.m. p.m. a.m. p.m. a.m. a....
456,flightview,AA-3468-CVG-MIA,7:00 p.m.m. a.m. p.m. a.m. p.m. a.m. a....,7:25 p.m.m. a.m. p.m. a.m. p.m. a.m. a....,9:55 p.m.m. a.m. p.m. a.m. p.m. a.m. a....,9:45 p.m.m. a.m. p.m. a.m. p.m. a.m. a....
457,flightview,AA-484-DFW-MIA,4:15 p.m.m. a.m. p.m. a.m. p.m. a.m. p....,4:29 p.m.m. a.m. p.m. a.m. p.m. a.m. p....,7:55 p.m.m. a.m. p.m. a.m. p.m. a.m. p....,7:39 p.m.m. a.m. p.m. a.m. p.m. a.m. p....
458,flightview,AA-1886-BOS-MIA,10:45 p.m.m. a.m. p.m. a.m. p.m. a.m. a....,10:55 p.m.m. a.m. p.m. a.m. p.m. a.m. a....,2:20 p.m.m. a.m. p.m. a.m. p.m. a.m. p....,1:40 p.m.m. a.m. p.m. a.m. p.m. a.m. p....
459,flightview,CO-62-IAH-EWR,2:30 p.m.m. a.m. p.m. a.m. p.m. a.m. p....,2:48 p.m.m. a.m. p.m. a.m. p.m. a.m. p....,7:03 p.m.m. a.m. p.m. a.m. p.m. a.m. p....,7:10 p.m.m. a.m. p.m. a.m. p.m. a.m. p....
460,flightview,CO-1561-PHX-IAH,8:05 p.m.m. a.m. p.m. a.m. p.m. a.m. a....,8:00 p.m.m. a.m. p.m. a.m. p.m. a.m. a....,11:35 p.m.m. a.m. p.m. a.m. p.m. a.m. a....,11:32 p.m.m. a.m. p.m. a.m. p.m. a.m. a....
461,flightview,UA-2314-ATL-PHL,2:55 p.m.m. a.m. p.m. a.m. p.m. a.m. p....,3:04 p.m.m. a.m. p.m. a.m. p.m. a.m. p....,5:00 p.m.m. a.m. p.m. a.m. p.m. a.m. p....,4:47 p.m.m. a.m. p.m. a.m. p.m. a.m. p....
462,flightview,AA-446-DFW-PHL,11:50 p.m.m. a.m. p.m. a.m. p.m. a.m. a....,12:13 p.m.m. a.m. p.m. a.m. p.m. a.m. p....,3:50 p.m.m. a.m. p.m. a.m. p.m. a.m. p....,4:09 p.m.m. a.m. p.m. a.m. p.m. a.m. p....
463,flightview,CO-1023-IAH-DEN,11:40 p.m.m. a.m. p.m. a.m. p.m. a.m. a....,12:06 p.m.m. a.m. p.m. a.m. p.m. a.m. p....,1:17 p.m.m. a.m. p.m. a.m. p.m. a.m. p....,1:14 p.m.m. a.m. p.m. a.m. p.m. a.m. p....
464,flightview,AA-466-IAH-MIA,6:00 p.m.m. a.m. p.m. a.m. p.m. a.m. a....,6:09 p.m.m. a.m. p.m. a.m. p.m. a.m. a....,9:20 p.m.m. a.m. p.m. a.m. p.m. a.m. a....,9:05 p.m.m. a.m. p.m. a.m. p.m. a.m. a....
465,flightview,UA-3050-PHX-CLT,11:05 p.m.m. a.m. p.m. a.m. p.m. a.m. a....,11:45 p.m.m. a.m. p.m. a.m. p.m. a.m. a....,4:57 p.m.m. a.m. p.m. a.m. p.m. a.m. p....,5:05 p.m.m. a.m. p.m. a.m. p.m. a.m. p....
466,flightview,CO-89-IAH-EWR,6:00 p.m.m. a.m. p.m. a.m. p.m. a.m. a....,6:02 p.m.m. a.m. p.m. a.m. p.m. a.m. a....,10:20 p.m.m. a.m. p.m. a.m. p.m. a.m. a....,10:27 p.m.m. a.m. p.m. a.m. p.m. a.m. a....
467,flightview,CO-1088-CLE-IAH,8:40 p.m.m. a.m. p.m. a.m. p.m. a.m. a....,8:40 p.m.m. a.m. p.m. a.m. p.m. a.m. a....,10:54 p.m.m. a.m. p.m. a.m. p.m. a.m. a....,10:56 p.m.m. a.m. p.m. a.m. p.m. a.m. a....
468,flightview,AA-1664-MIA-ATL,10:15 p.m.m. a.m. p.m. a.m. p.m. a.m. a....,10:19 p.m.m. a.m. p.m. a.m. p.m. a.m. a....,12:10 p.m.m. a.m. p.m. a.m. p.m. a.m. p....,11:50 p.m.m. a.m. p.m. a.m. p.m. a.m. a....
469,flightview,AA-1279-DFW-PHX,1:00 p.m.m. a.m. p.m. a.m. p.m. a.m. p....,2:04 p.m.m. a.m. p.m. a.m. p.m. a.m. p....,2:35 p.m.m. a.m. p.m. a.m. p.m. a.m. p....,3:13 p.m.m. a.m. p.m. a.m. p.m. a.m. p....
470,flightview,UA-854-SFO-IAH,7:53 p.m.m. a.m. p.m. a.m. p.m. a.m. a....,8:07 p.m.m. a.m. p.m. a.m. p.m. a.m. a....,1:39 p.m.m. a.m. p.m. a.m. p.m. a.m. p....,1:30 p.m.m. a.m. p.m. a.m. p.m. a.m. p....
471,flightview,UA-382-IAD-LAX,12:30 p.m.m. a.m. p.m. a.m. p.m. a.m. p....,12:56 p.m.m. a.m. p.m. a.m. p.m. a.m. p....,3:19 p.m.m. a.m. p.m. a.m. p.m. a.m. p....,3:21 p.m.m. a.m. p.m. a.m. p.m. a.m. p....
472,flightview,AA-4344-ORD-DTW,11:45 p.m.m. a.m. p.m. a.m. p.m. a.m. a....,12:14 p.m.m. a.m. p.m. a.m. p.m. a.m. p....,2:00 p.m.m. a.m. p.m. a.m. p.m. a.m. p....,2:10 p.m.m. a.m. p.m. a.m. p.m. a.m. p....
473,flightview,UA-257-JFK-SFO,2:30 p.m.m. a.m. p.m. a.m. p.m. a.m. p....,2:43 p.m.m. a.m. p.m. a.m. p.m. a.m. p....,6:15 p.m.m. a.m. p.m. a.m. p.m. a.m. p....,5:42 p.m.m. a.m. p.m. a.m. p.m. a.m. p....
474,flightview,UA-2945-PHL-CLT,12:00 p.m.m. a.m. p.m. a.m. p.m. a.m. p....,12:08 p.m.m. a.m. p.m. a.m. p.m. a.m. p....,1:45 p.m.m. a.m. p.m. a.m. p.m. a.m. p....,1:15 p.m.m. a.m. p.m. a.m. p.m. a.m. p....
475,flightview,CO-63-EWR-IAH,5:25 p.m.m. a.m. p.m. a.m. p.m. a.m. p....,5:38 p.m.m. a.m. p.m. a.m. p.m. a.m. p....,8:22 p.m.m. a.m. p.m. a.m. p.m. a.m. p....,8:03 p.m.m. a.m. p.m. a.m. p.m. a.m. p....
476,flightview,CO-47-IAH-LAX,7:10 p.m.m. a.m. p.m. a.m. p.m. a.m. p....,8:25 p.m.m. a.m. p.m. a.m. p.m. a.m. p....,8:56 p.m.m. a.m. p.m. a.m. p.m. a.m. p....,9:38 p.m.m. a.m. p.m. a.m. p.m. a.m. p....
477,flightview,AA-2050-ORD-MIA,10:40 p.m.m. a.m. p.m. a.m. p.m. a.m. a....,11:06 p.m.m. a.m. p.m. a.m. p.m. a.m. a....,2:45 p.m.m. a.m. p.m. a.m. p.m. a.m. p....,2:46 p.m.m. a.m. p.m. a.m. p.m. a.m. p....
478,flightview,UA-248-PHX-ORD,12:57 p.m.m. a.m. p.m. a.m. p.m. a.m. p....,1:43 p.m.m. a.m. p.m. a.m. p.m. a.m. p....,5:15 p.m.m. a.m. p.m. a.m. p.m. a.m. p....,5:34 p.m.m. a.m. p.m. a.m. p.m. a.m. p....
479,flightview,AA-4330-CVG-ORD,3:35 p.m.m. a.m. p.m. a.m. p.m. a.m. p....,3:36 p.m.m. a.m. p.m. a.m. p.m. a.m. p....,4:00 p.m.m. a.m. p.m. a.m. p.m. a.m. p....,3:33 p.m.m. a.m. p.m. a.m. p.m. a.m. p....
480,flightview,AA-1434-DFW-MCO,7:15 p.m.m. a.m. p.m. a.m. p.m. a.m. a....,7:22 p.m.m. a.m. p.m. a.m. p.m. a.m. a....,10:35 p.m.m. a.m. p.m. a.m. p.m. a.m. a....,10:29 p.m.m. a.m. p.m. a.m. p.m. a.m. a....
481,flightview,AA-1640-MIA-MCO,6:30 p.m.m. a.m. p.m. a.m. p.m. a.m. p....,6:47 p.m.m. a.m. p.m. a.m. p.m. a.m. p....,7:25 p.m.m. a.m. p.m. a.m. p.m. a.m. p....,7:25 p.m.m. a.m. p.m. a.m. p.m. a.m. p....
482,flightview,AA-4307-ORD-DTW,6:45 p.m.m. a.m. p.m. a.m. p.m. a.m. p....,6:56 p.m.m. a.m. p.m. a.m. p.m. a.m. p....,9:10 p.m.m. a.m. p.m. a.m. p.m. a.m. p....,8:53 p.m.m. a.m. p.m. a.m. p.m. a.m. p....
483,flightview,CO-1694-LAX-IAH,7:15 p.m.m. a.m. p.m. a.m. p.m. a.m. p....,7:15 p.m.m. a.m. p.m. a.m. p.m. a.m. p....,12:21 p.m.m. a.m. p.m. a.m. p.m. a.m. a....,12:21 p.m.m. a.m. p.m. a.m. p.m. a.m. a....
484,flightview,UA-843-LAX-ORD,1:55 p.m.m. a.m. p.m. a.m. p.m. a.m. p....,2:38 p.m.m. a.m. p.m. a.m. p.m. a.m. p....,7:53 p.m.m. a.m. p.m. a.m. p.m. a.m. p....,7:58 p.m.m. a.m. p.m. a.m. p.m. a.m. p....
485,flightview,CO-1193-EWR-MCO,9:15 p.m.m. a.m. p.m. a.m. p.m. a.m. a....,9:14 p.m.m. a.m. p.m. a.m. p.m. a.m. a....,12:18 p.m.m. a.m. p.m. a.m. p.m. a.m. p....,12:09 p.m.m. a.m. p.m. a.m. p.m. a.m. p....
486,flightview,AA-3842-MSP-ORD,6:00 p.m.m. a.m. p.m. a.m. p.m. a.m. a....,6:56 p.m.m. a.m. p.m. a.m. p.m. a.m. a....,7:30 p.m.m. a.m. p.m. a.m. p.m. a.m. a....,7:51 p.m.m. a.m. p.m. a.m. p.m. a.m. a....
487,flightview,AA-643-MIA-ORD,7:10 p.m.m. a.m. p.m. a.m. p.m. a.m. a....,7:31 p.m.m. a.m. p.m. a.m. p.m. a.m. a....,9:35 p.m.m. a.m. p.m. a.m. p.m. a.m. a....,9:26 p.m.m. a.m. p.m. a.m. p.m. a.m. a....
488,flightview,AA-1007-MIA-PHX,4:55 p.m.m. a.m. p.m. a.m. p.m. a.m. p....,5:09 p.m.m. a.m. p.m. a.m. p.m. a.m. p....,8:05 p.m.m. a.m. p.m. a.m. p.m. a.m. p....,7:55 p.m.m. a.m. p.m. a.m. p.m. a.m. p....
489,flightview,UA-2906-PHL-MCO,3:50 p.m.m. a.m. p.m. a.m. p.m. a.m. p....,4:28 p.m.m. a.m. p.m. a.m. p.m. a.m. p....,6:23 p.m.m. a.m. p.m. a.m. p.m. a.m. p....,6:38 p.m.m. a.m. p.m. a.m. p.m. a.m. p....
490,flightview,UA-938-DEN-ORD,4:16 p.m.m. a.m. p.m. a.m. p.m. a.m. p....,4:37 p.m.m. a.m. p.m. a.m. p.m. a.m. p....,7:35 p.m.m. a.m. p.m. a.m. p.m. a.m. p....,7:36 p.m.m. a.m. p.m. a.m. p.m. a.m. p....
491,flightview,AA-1221-MCO-ORD,8:00 p.m.m. a.m. p.m. a.m. p.m. a.m. p....,8:23 p.m.m. a.m. p.m. a.m. p.m. a.m. p....,9:45 p.m.m. a.m. p.m. a.m. p.m. a.m. p....,9:53 p.m.m. a.m. p.m. a.m. p.m. a.m. p....
492,flightview,CO-16-LAX-EWR,10:25 p.m.m. a.m. p.m. a.m. p.m. a.m. a....,10:20 p.m.m. a.m. p.m. a.m. p.m. a.m. a....,6:44 p.m.m. a.m. p.m. a.m. p.m. a.m. p....,6:34 p.m.m. a.m. p.m. a.m. p.m. a.m. p....
493,flightview,UA-2515-DFW-CLT,7:05 p.m.m. a.m. p.m. a.m. p.m. a.m. a....,7:31 p.m.m. a.m. p.m. a.m. p.m. a.m. a....,10:31 p.m.m. a.m. p.m. a.m. p.m. a.m. a....,10:45 p.m.m. a.m. p.m. a.m. p.m. a.m. a....
494,flightview,AA-400-DFW-JFK,10:40 p.m.m. a.m. p.m. a.m. p.m. a.m. a....,11:02 p.m.m. a.m. p.m. a.m. p.m. a.m. a....,2:59 p.m.m. a.m. p.m. a.m. p.m. a.m. p....,3:04 p.m.m. a.m. p.m. a.m. p.m. a.m. p....
495,flightview,UA-664-ORD-PHL,1:33 p.m.m. a.m. p.m. a.m. p.m. a.m. p....,1:48 p.m.m. a.m. p.m. a.m. p.m. a.m. p....,4:31 p.m.m. a.m. p.m. a.m. p.m. a.m. p....,4:23 p.m.m. a.m. p.m. a.m. p.m. a.m. p....
496,flightview,AA-3756-ORD-SLC,12:15 p.m.m. a.m. p.m. a.m. p.m. a.m. p....,12:42 p.m.m. a.m. p.m. a.m. p.m. a.m. p....,2:45 p.m.m. a.m. p.m. a.m. p.m. a.m. p....,2:50 p.m.m. a.m. p.m. a.m. p.m. a.m. p....
497,flightview,UA-37-EWR-MCO,1:29 p.m.m. a.m. p.m. a.m. p.m. a.m. p....,2:01 p.m.m. a.m. p.m. a.m. p.m. a.m. p....,4:17 p.m.m. a.m. p.m. a.m. p.m. a.m. p....,4:17 p.m.m. a.m. p.m. a.m. p.m. a.m. p....
498,flightview,AA-1522-SFO-ORD,11:55 p.m.m. a.m. p.m. a.m. p.m. a.m. p....,12:11 p.m.m. a.m. p.m. a.m. p.m. a.m. a....,5:50 p.m.m. a.m. p.m. a.m. p.m. a.m. a....,5:42 p.m.m. a.m. p.m. a.m. p.m. a.m. a....
499,flightview,UA-233-LAX-JFK,4:25 p.m.m. a.m. p.m. a.m. p.m. a.m. p....,4:28 p.m.m. a.m. p.m. a.m. p.m. a.m. p....,12:29 p.m.m. a.m. p.m. a.m. p.m. a.m. a....,12:01 p.m.m. a.m. p.m. a.m. p.m. a.m. a....
500,flightview,AA-3823-LAX-DEN,9:00 p.m.m. a.m. p.m. a.m. p.m. a.m. p....,9:06 p.m.m. a.m. p.m. a.m. p.m. a.m. p....,12:15 p.m.m. a.m. p.m. a.m. p.m. a.m. a....,11:49 p.m.m. a.m. p.m. a.m. p.m. a.m. p....
501,flightview,AA-2312-DFW-DTW,8:25 p.m.m. a.m. p.m. a.m. p.m. a.m. p....,8:29 p.m.m. a.m. p.m. a.m. p.m. a.m. p....,11:50 p.m.m. a.m. p.m. a.m. p.m. a.m. p....,11:35 p.m.m. a.m. p.m. a.m. p.m. a.m. p....
502,flightview,AA-1165-JFK-MIA,6:59 p.m.m. a.m. p.m. a.m. p.m. a.m. a....,7:23 p.m.m. a.m. p.m. a.m. p.m. a.m. a....,10:34 p.m.m. a.m. p.m. a.m. p.m. a.m. a....,10:04 p.m.m. a.m. p.m. a.m. p.m. a.m. a....
503,flightview,AA-431-MIA-SFO,8:35 p.m.m. a.m. p.m. a.m. p.m. a.m. a....,8:52 p.m.m. a.m. p.m. a.m. p.m. a.m. a....,11:50 p.m.m. a.m. p.m. a.m. p.m. a.m. a....,11:44 p.m.m. a.m. p.m. a.m. p.m. a.m. a....
504,flightview,UA-3373-IAD-PHL,8:29 p.m.m. a.m. p.m. a.m. p.m. a.m. a....,8:37 p.m.m. a.m. p.m. a.m. p.m. a.m. a....,9:24 p.m.m. a.m. p.m. a.m. p.m. a.m. a....,9:13 p.m.m. a.m. p.m. a.m. p.m. a.m. a....
505,flightview,AA-649-ORD-SNA,1:30 p.m.m. a.m. p.m. a.m. p.m. a.m. p....,1:41 p.m.m. a.m. p.m. a.m. p.m. a.m. p....,3:50 p.m.m. a.m. p.m. a.m. p.m. a.m. p....,3:29 p.m.m. a.m. p.m. a.m. p.m. a.m. p....
506,flightview,CO-1250-MIA-IAH,2:53 p.m.m. a.m. p.m. a.m. p.m. a.m. p....,3:01 p.m.m. a.m. p.m. a.m. p.m. a.m. p....,4:48 p.m.m. a.m. p.m. a.m. p.m. a.m. p....,4:59 p.m.m. a.m. p.m. a.m. p.m. a.m. p....
507,flightview,UA-6273-YYC-SFO,7:35 p.m.m. a.m. p.m. a.m. p.m. a.m. a....,7:41 p.m.m. a.m. p.m. a.m. p.m. a.m. a....,9:43 p.m.m. a.m. p.m. a.m. p.m. a.m. a....,8:45 p.m.m. a.m. p.m. a.m. p.m. a.m. a....
508,flightview,UA-828-SFO-ORD,11:08 p.m.m. a.m. p.m. a.m. p.m. a.m. p....,11:35 p.m.m. a.m. p.m. a.m. p.m. a.m. p....,5:11 p.m.m. a.m. p.m. a.m. p.m. a.m. a....,5:21 p.m.m. a.m. p.m. a.m. p.m. a.m. a....
509,flightview,CO-4888-IAH-DAL,5:30 p.m.m. a.m. p.m. a.m. p.m. a.m. p....,5:38 p.m.m. a.m. p.m. a.m. p.m. a.m. p....,6:40 p.m.m. a.m. p.m. a.m. p.m. a.m. p....,6:19 p.m.m. a.m. p.m. a.m. p.m. a.m. p....
510,flightview,UA-858-PVG-SFO,1:45 p.m.m. a.m. p.m. a.m. p.m. a.m. p....,1:32 p.m.m. a.m. p.m. a.m. p.m. a.m. p....,8:27 p.m.m. a.m. p.m. a.m. p.m. a.m. a....,8:02 p.m.m. a.m. p.m. a.m. p.m. a.m. a....
511,flightview,UA-2704-DTW-PHX,11:15 p.m.m. a.m. p.m. a.m. p.m. a.m. a....,11:47 p.m.m. a.m. p.m. a.m. p.m. a.m. a....,1:40 p.m.m. a.m. p.m. a.m. p.m. a.m. p....,2:02 p.m.m. a.m. p.m. a.m. p.m. a.m. p....
512,flightview,AA-3063-SLC-LAX,8:20 p.m.m. a.m. p.m. a.m. p.m. a.m. p....,8:40 p.m.m. a.m. p.m. a.m. p.m. a.m. p....,9:20 p.m.m. a.m. p.m. a.m. p.m. a.m. p....,9:11 p.m.m. a.m. p.m. a.m. p.m. a.m. p....
513,flightview,UA-2708-EWR-CLT,2:55 p.m.m. a.m. p.m. a.m. p.m. a.m. p....,3:04 p.m.m. a.m. p.m. a.m. p.m. a.m. p....,4:53 p.m.m. a.m. p.m. a.m. p.m. a.m. p....,4:24 p.m.m. a.m. p.m. a.m. p.m. a.m. p....
514,flightview,UA-62-IAH-EWR,2:30 p.m.m. a.m. p.m. a.m. p.m. a.m. p....,2:48 p.m.m. a.m. p.m. a.m. p.m. a.m. p....,7:03 p.m.m. a.m. p.m. a.m. p.m. a.m. p....,7:10 p.m.m. a.m. p.m. a.m. p.m. a.m. p....
515,flightview,UA-1500-IAH-GUA,8:55 p.m.m. a.m. p.m. a.m. p.m. a.m. a....,9:43 p.m.m. a.m. p.m. a.m. p.m. a.m. a....,11:45 p.m.m. a.m. p.m. a.m. p.m. a.m. a....,12:12 p.m.m. a.m. p.m. a.m. p.m. a.m. p....
516,flightview,AA-3804-PHL-ORD,2:35 p.m.m. a.m. p.m. a.m. p.m. a.m. p....,2:44 p.m.m. a.m. p.m. a.m. p.m. a.m. p....,4:05 p.m.m. a.m. p.m. a.m. p.m. a.m. p....,3:36 p.m.m. a.m. p.m. a.m. p.m. a.m. p....
517,flightview,AA-1917-JFK-MCO,2:55 p.m.m. a.m. p.m. a.m. p.m. a.m. p....,3:27 p.m.m. a.m. p.m. a.m. p.m. a.m. p....,5:55 p.m.m. a.m. p.m. a.m. p.m. a.m. p....,5:43 p.m.m. a.m. p.m. a.m. p.m. a.m. p....
518,flightview,AA-2268-PHX-ORD,7:15 p.m.m. a.m. p.m. a.m. p.m. a.m. a....,7:23 p.m.m. a.m. p.m. a.m. p.m. a.m. a....,11:35 p.m.m. a.m. p.m. a.m. p.m. a.m. a....,11:04 p.m.m. a.m. p.m. a.m. p.m. a.m. a....
519,flightview,AA-4277-CVG-JFK,12:10 p.m.m. a.m. p.m. a.m. p.m. a.m. p....,12:11 p.m.m. a.m. p.m. a.m. p.m. a.m. p....,2:15 p.m.m. a.m. p.m. a.m. p.m. a.m. p....,1:43 p.m.m. a.m. p.m. a.m. p.m. a.m. p....
520,flightview,AA-2957-DFW-CVG,7:55 p.m.m. a.m. p.m. a.m. p.m. a.m. a....,8:04 p.m.m. a.m. p.m. a.m. p.m. a.m. a....,11:05 p.m.m. a.m. p.m. a.m. p.m. a.m. a....,11:01 p.m.m. a.m. p.m. a.m. p.m. a.m. a....
521,flightview,UA-37-EDI-EWR,9:05 p.m.m. a.m. p.m. a.m. p.m. a.m. a....,9:05 p.m.m. a.m. p.m. a.m. p.m. a.m. a....,11:53 p.m.m. a.m. p.m. a.m. p.m. a.m. a....,12:09 p.m.m. a.m. p.m. a.m. p.m. a.m. p....
522,flightview,AA-789-ORD-DEN,1:05 p.m.m. a.m. p.m. a.m. p.m. a.m. p....,1:19 p.m.m. a.m. p.m. a.m. p.m. a.m. p....,2:35 p.m.m. a.m. p.m. a.m. p.m. a.m. p....,3:13 p.m.m. a.m. p.m. a.m. p.m. a.m. p....
523,flightview,AA-415-BOS-ORD,8:35 p.m.m. a.m. p.m. a.m. p.m. a.m. a....,8:56 p.m.m. a.m. p.m. a.m. p.m. a.m. a....,10:40 p.m.m. a.m. p.m. a.m. p.m. a.m. a....,10:16 p.m.m. a.m. p.m. a.m. p.m. a.m. a....
524,flightview,AA-85-JFK-SFO,3:05 p.m.m. a.m. p.m. a.m. p.m. a.m. p....,3:38 p.m.m. a.m. p.m. a.m. p.m. a.m. p....,6:30 p.m.m. a.m. p.m. a.m. p.m. a.m. p....,6:43 p.m.m. a.m. p.m. a.m. p.m. a.m. p....
525,flightview,AA-3979-CVG-ORD,7:30 p.m.m. a.m. p.m. a.m. p.m. a.m. a....,8:04 p.m.m. a.m. p.m. a.m. p.m. a.m. a....,8:00 p.m.m. a.m. p.m. a.m. p.m. a.m. a....,8:06 p.m.m. a.m. p.m. a.m. p.m. a.m. a....
526,flightview,AA-1544-SAN-ORD,11:25 p.m.m. a.m. p.m. a.m. p.m. a.m. a....,11:41 p.m.m. a.m. p.m. a.m. p.m. a.m. a....,5:25 p.m.m. a.m. p.m. a.m. p.m. a.m. p....,4:56 p.m.m. a.m. p.m. a.m. p.m. a.m. p....
527,flightview,AA-3786-IAH-ORD,4:00 p.m.m. a.m. p.m. a.m. p.m. a.m. p....,4:12 p.m.m. a.m. p.m. a.m. p.m. a.m. p....,6:40 p.m.m. a.m. p.m. a.m. p.m. a.m. p....,6:15 p.m.m. a.m. p.m. a.m. p.m. a.m. p....
528,flightview,AA-271-MIA-LAX,11:35 p.m.m. a.m. p.m. a.m. p.m. a.m. a....,11:52 p.m.m. a.m. p.m. a.m. p.m. a.m. a....,2:25 p.m.m. a.m. p.m. a.m. p.m. a.m. p....,2:27 p.m.m. a.m. p.m. a.m. p.m. a.m. p....
529,flightview,AA-2525-DFW-MIA,7:25 p.m.m. a.m. p.m. a.m. p.m. a.m. a....,7:39 p.m.m. a.m. p.m. a.m. p.m. a.m. a....,11:10 p.m.m. a.m. p.m. a.m. p.m. a.m. a....,11:06 p.m.m. a.m. p.m. a.m. p.m. a.m. a....
530,flightview,CO-50-CLE-EWR,2:55 p.m.m. a.m. p.m. a.m. p.m. a.m. p....,3:31 p.m.m. a.m. p.m. a.m. p.m. a.m. p....,4:49 p.m.m. a.m. p.m. a.m. p.m. a.m. p....,5:26 p.m.m. a.m. p.m. a.m. p.m. a.m. p....
531,flightview,UA-3099-PHX-PHL,11:55 p.m.m. a.m. p.m. a.m. p.m. a.m. a....,11:55 p.m.m. a.m. p.m. a.m. p.m. a.m. a....,6:17 p.m.m. a.m. p.m. a.m. p.m. a.m. p....,5:38 p.m.m. a.m. p.m. a.m. p.m. a.m. p....
532,flightview,AA-4198-ORD-CLE,10:40 p.m.m. a.m. p.m. a.m. p.m. a.m. a....,10:55 p.m.m. a.m. p.m. a.m. p.m. a.m. a....,12:55 p.m.m. a.m. p.m. a.m. p.m. a.m. p....,12:50 p.m.m. a.m. p.m. a.m. p.m. a.m. p....
533,flightview,AA-404-MIA-MCO,6:45 p.m.m. a.m. p.m. a.m. p.m. a.m. a....,6:58 p.m.m. a.m. p.m. a.m. p.m. a.m. a....,7:45 p.m.m. a.m. p.m. a.m. p.m. a.m. a....,7:40 p.m.m. a.m. p.m. a.m. p.m. a.m. a....
534,flightview,CO-45-EWR-MIA,4:00 p.m.m. a.m. p.m. a.m. p.m. a.m. p....,3:58 p.m.m. a.m. p.m. a.m. p.m. a.m. p....,7:05 p.m.m. a.m. p.m. a.m. p.m. a.m. p....,6:36 p.m.m. a.m. p.m. a.m. p.m. a.m. p....
535,flightview,AA-3809-PHX-LAX,6:00 p.m.m. a.m. p.m. a.m. p.m. a.m. a....,6:10 p.m.m. a.m. p.m. a.m. p.m. a.m. a....,6:40 p.m.m. a.m. p.m. a.m. p.m. a.m. a....,6:19 p.m.m. a.m. p.m. a.m. p.m. a.m. a....
536,flightview,AA-59-JFK-SFO,7:10 p.m.m. a.m. p.m. a.m. p.m. a.m. a....,7:40 p.m.m. a.m. p.m. a.m. p.m. a.m. a....,10:45 p.m.m. a.m. p.m. a.m. p.m. a.m. a....,11:12 p.m.m. a.m. p.m. a.m. p.m. a.m. a....
537,flightview,AA-222-LAX-BOS,7:10 p.m.m. a.m. p.m. a.m. p.m. a.m. a....,7:32 p.m.m. a.m. p.m. a.m. p.m. a.m. a....,3:30 p.m.m. a.m. p.m. a.m. p.m. a.m. p....,3:14 p.m.m. a.m. p.m. a.m. p.m. a.m. p....
538,flightstats,AA-3859-IAH-ORD,7:10 p.m.m. a.m. p.m. a.m. p.m. a.m. a....,7:16 p.m.m. a.m. p.m. a.m. p.m. a.m. a....,9:40 p.m.m. a.m. p.m. a.m. p.m. a.m. a....,9:22 p.m.m. a.m. p.m. a.m. p.m. a.m. a....
539,flightstats,CO-1586-IAH-MCO,7:00 p.m.m. a.m. p.m. a.m. p.m. a.m. p....,7:42 p.m.m. a.m. p.m. a.m. p.m. a.m. p....,10:15 p.m.m. a.m. p.m. a.m. p.m. a.m. p....,10:29 p.m.m. a.m. p.m. a.m. p.m. a.m. p....
540,flightstats,AA-518-MIA-JFK,6:40 p.m.m. a.m. p.m. a.m. p.m. a.m. a....,6:54 p.m.m. a.m. p.m. a.m. p.m. a.m. a....,9:25 p.m.m. a.m. p.m. a.m. p.m. a.m. a....,9:28 p.m.m. a.m. p.m. a.m. p.m. a.m. a....
541,flightstats,UA-397-JFK-SFO,8:00 p.m.m. a.m. p.m. a.m. p.m. a.m. a....,8:29 p.m.m. a.m. p.m. a.m. p.m. a.m. a....,11:55 p.m.m. a.m. p.m. a.m. p.m. a.m. a....,11:58 p.m.m. a.m. p.m. a.m. p.m. a.m. a....
542,flightstats,UA-3925-IAD-ORF,8:41 p.m.m. a.m. p.m. a.m. p.m. a.m. a....,8:42 p.m.m. a.m. p.m. a.m. p.m. a.m. a....,9:54 p.m.m. a.m. p.m. a.m. p.m. a.m. a....,9:43 p.m.m. a.m. p.m. a.m. p.m. a.m. a....
543,flightstats,AA-1733-ORD-PHX,7:45 p.m.m. a.m. p.m. a.m. p.m. a.m. p....,7:59 p.m.m. a.m. p.m. a.m. p.m. a.m. p....,10:30 p.m.m. a.m. p.m. a.m. p.m. a.m. p....,10:30 p.m.m. a.m. p.m. a.m. p.m. a.m. p....
544,flightstats,AA-4344-ORD-DTW,11:45 p.m.m. a.m. p.m. a.m. p.m. a.m. a....,12:14 p.m.m. a.m. p.m. a.m. p.m. a.m. p....,2:00 p.m.m. a.m. p.m. a.m. p.m. a.m. p....,2:10 p.m.m. a.m. p.m. a.m. p.m. a.m. p....
545,flightstats,AA-1640-MIA-MCO,6:30 p.m.m. a.m. p.m. a.m. p.m. a.m. p....,6:47 p.m.m. a.m. p.m. a.m. p.m. a.m. p....,7:25 p.m.m. a.m. p.m. a.m. p.m. a.m. p....,7:25 p.m.m. a.m. p.m. a.m. p.m. a.m. p....
546,flightstats,UA-2830-MCO-CLT,3:27 p.m.m. a.m. p.m. a.m. p.m. a.m. p....,3:50 p.m.m. a.m. p.m. a.m. p.m. a.m. p....,5:05 p.m.m. a.m. p.m. a.m. p.m. a.m. p....,5:17 p.m.m. a.m. p.m. a.m. p.m. a.m. p....
547,flightstats,CO-58-DEN-IAH,11:25 p.m.m. a.m. p.m. a.m. p.m. a.m. a....,11:32 p.m.m. a.m. p.m. a.m. p.m. a.m. a....,2:50 p.m.m. a.m. p.m. a.m. p.m. a.m. p....,3:31 p.m.m. a.m. p.m. a.m. p.m. a.m. p....
548,flightstats,AA-204-LAX-MCO,11:25 p.m.m. a.m. p.m. a.m. p.m. a.m. p....,11:29 p.m.m. a.m. p.m. a.m. p.m. a.m. p....,6:55 p.m.m. a.m. p.m. a.m. p.m. a.m. a....,12211 6:35 p.m.m. a.m. p.m. a.m. p.m. a.m. a....
549,flightstats,UA-414-LAX-SFO,6:00 p.m.m. a.m. p.m. a.m. p.m. a.m. a....,6:10 p.m.m. a.m. p.m. a.m. p.m. a.m. a....,7:23 p.m.m. a.m. p.m. a.m. p.m. a.m. a....,7:17 p.m.m. a.m. p.m. a.m. p.m. a.m. a....
550,flightstats,CO-1614-LAX-IAH,12:30 p.m.m. a.m. p.m. a.m. p.m. a.m. a....,12:41 p.m.m. a.m. p.m. a.m. p.m. a.m. a....,5:35 p.m.m. a.m. p.m. a.m. p.m. a.m. a....,5:26 p.m.m. a.m. p.m. a.m. p.m. a.m. a....
551,flightstats,UA-2726-FLL-PHL,4:00 p.m.m. a.m. p.m. a.m. p.m. a.m. p....,4:10 p.m.m. a.m. p.m. a.m. p.m. a.m. p....,6:46 p.m.m. a.m. p.m. a.m. p.m. a.m. p....,6:25 p.m.m. a.m. p.m. a.m. p.m. a.m. p....
552,flightstats,CO-52-IAH-LAX,7:35 p.m.m. a.m. p.m. a.m. p.m. a.m. a....,7:56 p.m.m. a.m. p.m. a.m. p.m. a.m. a....,9:21 p.m.m. a.m. p.m. a.m. p.m. a.m. a....,9:09 p.m.m. a.m. p.m. a.m. p.m. a.m. a....
553,flightstats,CO-1090-BOS-IAH,9:45 p.m.m. a.m. p.m. a.m. p.m. a.m. a....,10:19 p.m.m. a.m. p.m. a.m. p.m. a.m. a....,1:16 p.m.m. a.m. p.m. a.m. p.m. a.m. p....,1:19 p.m.m. a.m. p.m. a.m. p.m. a.m. p....
554,flightstats,AA-3468-CVG-MIA,7:00 p.m.m. a.m. p.m. a.m. p.m. a.m. a....,7:25 p.m.m. a.m. p.m. a.m. p.m. a.m. a....,9:55 p.m.m. a.m. p.m. a.m. p.m. a.m. a....,9:45 p.m.m. a.m. p.m. a.m. p.m. a.m. a....
555,flightstats,UA-3515-IAD-MSP,8:15 p.m.m. a.m. p.m. a.m. p.m. a.m. a....,8:26 p.m.m. a.m. p.m. a.m. p.m. a.m. a....,10:06 p.m.m. a.m. p.m. a.m. p.m. a.m. a....,9:56 p.m.m. a.m. p.m. a.m. p.m. a.m. a....
556,flightstats,AA-484-DFW-MIA,4:15 p.m.m. a.m. p.m. a.m. p.m. a.m. p....,4:29 p.m.m. a.m. p.m. a.m. p.m. a.m. p....,7:55 p.m.m. a.m. p.m. a.m. p.m. a.m. p....,7:39 p.m.m. a.m. p.m. a.m. p.m. a.m. p....
557,flightstats,AA-616-DFW-DTW,9:05 p.m.m. a.m. p.m. a.m. p.m. a.m. a....,10:11 p.m.m. a.m. p.m. a.m. p.m. a.m. a....,12:35 p.m.m. a.m. p.m. a.m. p.m. a.m. p....,1:27 p.m.m. a.m. p.m. a.m. p.m. a.m. p....
558,flightstats,CO-62-IAH-EWR,2:30 p.m.m. a.m. p.m. a.m. p.m. a.m. p....,2:48 p.m.m. a.m. p.m. a.m. p.m. a.m. p....,7:03 p.m.m. a.m. p.m. a.m. p.m. a.m. p....,7:10 p.m.m. a.m. p.m. a.m. p.m. a.m. p....
559,flightstats,CO-63-EWR-IAH,5:25 p.m.m. a.m. p.m. a.m. p.m. a.m. p....,5:38 p.m.m. a.m. p.m. a.m. p.m. a.m. p....,8:22 p.m.m. a.m. p.m. a.m. p.m. a.m. p....,8:03 p.m.m. a.m. p.m. a.m. p.m. a.m. p....
560,flightstats,AA-446-DFW-PHL,11:50 p.m.m. a.m. p.m. a.m. p.m. a.m. a....,12:13 p.m.m. a.m. p.m. a.m. p.m. a.m. p....,3:50 p.m.m. a.m. p.m. a.m. p.m. a.m. p....,4:09 p.m.m. a.m. p.m. a.m. p.m. a.m. p....
561,flightstats,CO-1023-IAH-DEN,11:40 p.m.m. a.m. p.m. a.m. p.m. a.m. a....,12:06 p.m.m. a.m. p.m. a.m. p.m. a.m. p....,1:17 p.m.m. a.m. p.m. a.m. p.m. a.m. p....,1:14 p.m.m. a.m. p.m. a.m. p.m. a.m. p....
562,flightstats,AA-466-IAH-MIA,6:00 p.m.m. a.m. p.m. a.m. p.m. a.m. a....,6:09 p.m.m. a.m. p.m. a.m. p.m. a.m. a....,9:20 p.m.m. a.m. p.m. a.m. p.m. a.m. a....,9:05 p.m.m. a.m. p.m. a.m. p.m. a.m. a....
563,flightstats,UA-3050-PHX-CLT,11:05 p.m.m. a.m. p.m. a.m. p.m. a.m. a....,11:45 p.m.m. a.m. p.m. a.m. p.m. a.m. a....,4:57 p.m.m. a.m. p.m. a.m. p.m. a.m. p....,5:05 p.m.m. a.m. p.m. a.m. p.m. a.m. p....
564,flightstats,CO-89-IAH-EWR,6:00 p.m.m. a.m. p.m. a.m. p.m. a.m. a....,6:02 p.m.m. a.m. p.m. a.m. p.m. a.m. a....,10:20 p.m.m. a.m. p.m. a.m. p.m. a.m. a....,10:27 p.m.m. a.m. p.m. a.m. p.m. a.m. a....
565,flightstats,CO-1088-CLE-IAH,8:40 p.m.m. a.m. p.m. a.m. p.m. a.m. a....,8:40 p.m.m. a.m. p.m. a.m. p.m. a.m. a....,10:54 p.m.m. a.m. p.m. a.m. p.m. a.m. a....,10:56 p.m.m. a.m. p.m. a.m. p.m. a.m. a....
566,flightstats,AA-2957-DFW-CVG,7:55 p.m.m. a.m. p.m. a.m. p.m. a.m. a....,8:04 p.m.m. a.m. p.m. a.m. p.m. a.m. a....,11:05 p.m.m. a.m. p.m. a.m. p.m. a.m. a....,11:01 p.m.m. a.m. p.m. a.m. p.m. a.m. a....
567,flightstats,AA-1664-MIA-ATL,10:15 p.m.m. a.m. p.m. a.m. p.m. a.m. a....,10:19 p.m.m. a.m. p.m. a.m. p.m. a.m. a....,12:10 p.m.m. a.m. p.m. a.m. p.m. a.m. p....,11:50 p.m.m. a.m. p.m. a.m. p.m. a.m. a....
568,flightstats,AA-3979-CVG-ORD,7:30 p.m.m. a.m. p.m. a.m. p.m. a.m. a....,8:04 p.m.m. a.m. p.m. a.m. p.m. a.m. a....,8:00 p.m.m. a.m. p.m. a.m. p.m. a.m. a....,8:06 p.m.m. a.m. p.m. a.m. p.m. a.m. a....
569,flightstats,AA-1279-DFW-PHX,1:00 p.m.m. a.m. p.m. a.m. p.m. a.m. p....,2:04 p.m.m. a.m. p.m. a.m. p.m. a.m. p....,2:35 p.m.m. a.m. p.m. a.m. p.m. a.m. p....,3:13 p.m.m. a.m. p.m. a.m. p.m. a.m. p....
570,flightstats,AA-404-MIA-MCO,6:45 p.m.m. a.m. p.m. a.m. p.m. a.m. a....,6:58 p.m.m. a.m. p.m. a.m. p.m. a.m. a....,7:45 p.m.m. a.m. p.m. a.m. p.m. a.m. a....,7:40 p.m.m. a.m. p.m. a.m. p.m. a.m. a....
571,flightstats,AA-3756-ORD-SLC,12:15 p.m.m. a.m. p.m. a.m. p.m. a.m. p....,12:42 p.m.m. a.m. p.m. a.m. p.m. a.m. p....,2:45 p.m.m. a.m. p.m. a.m. p.m. a.m. p....,2:50 p.m.m. a.m. p.m. a.m. p.m. a.m. p....
572,flightstats,UA-382-IAD-LAX,12:30 p.m.m. a.m. p.m. a.m. p.m. a.m. p....,12:56 p.m.m. a.m. p.m. a.m. p.m. a.m. p....,3:19 p.m.m. a.m. p.m. a.m. p.m. a.m. p....,3:21 p.m.m. a.m. p.m. a.m. p.m. a.m. p....
573,flightstats,UA-2945-PHL-CLT,12:00 p.m.m. a.m. p.m. a.m. p.m. a.m. p....,12:08 p.m.m. a.m. p.m. a.m. p.m. a.m. p....,1:45 p.m.m. a.m. p.m. a.m. p.m. a.m. p....,1:15 p.m.m. a.m. p.m. a.m. p.m. a.m. p....
574,flightstats,CO-47-IAH-LAX,7:10 p.m.m. a.m. p.m. a.m. p.m. a.m. p....,8:25 p.m.m. a.m. p.m. a.m. p.m. a.m. p....,8:56 p.m.m. a.m. p.m. a.m. p.m. a.m. p....,9:38 p.m.m. a.m. p.m. a.m. p.m. a.m. p....
575,flightstats,AA-271-MIA-LAX,11:35 p.m.m. a.m. p.m. a.m. p.m. a.m. a....,11:52 p.m.m. a.m. p.m. a.m. p.m. a.m. a....,2:25 p.m.m. a.m. p.m. a.m. p.m. a.m. p....,2:27 p.m.m. a.m. p.m. a.m. p.m. a.m. p....
576,flightstats,AA-2050-ORD-MIA,10:40 p.m.m. a.m. p.m. a.m. p.m. a.m. a....,11:06 p.m.m. a.m. p.m. a.m. p.m. a.m. a....,2:45 p.m.m. a.m. p.m. a.m. p.m. a.m. p....,2:46 p.m.m. a.m. p.m. a.m. p.m. a.m. p....
577,flightstats,UA-248-PHX-ORD,12:57 p.m.m. a.m. p.m. a.m. p.m. a.m. p....,1:43 p.m.m. a.m. p.m. a.m. p.m. a.m. p....,5:15 p.m.m. a.m. p.m. a.m. p.m. a.m. p....,5:34 p.m.m. a.m. p.m. a.m. p.m. a.m. p....
578,flightstats,AA-4330-CVG-ORD,3:35 p.m.m. a.m. p.m. a.m. p.m. a.m. p....,3:36 p.m.m. a.m. p.m. a.m. p.m. a.m. p....,4:00 p.m.m. a.m. p.m. a.m. p.m. a.m. p....,3:33 p.m.m. a.m. p.m. a.m. p.m. a.m. p....
579,flightstats,AA-1434-DFW-MCO,7:15 p.m.m. a.m. p.m. a.m. p.m. a.m. a....,7:22 p.m.m. a.m. p.m. a.m. p.m. a.m. a....,10:35 p.m.m. a.m. p.m. a.m. p.m. a.m. a....,10:29 p.m.m. a.m. p.m. a.m. p.m. a.m. a....
580,flightstats,CO-1561-PHX-IAH,8:05 p.m.m. a.m. p.m. a.m. p.m. a.m. a....,8:00 p.m.m. a.m. p.m. a.m. p.m. a.m. a....,11:35 p.m.m. a.m. p.m. a.m. p.m. a.m. a....,11:32 p.m.m. a.m. p.m. a.m. p.m. a.m. a....
581,flightstats,AA-4307-ORD-DTW,6:45 p.m.m. a.m. p.m. a.m. p.m. a.m. p....,6:56 p.m.m. a.m. p.m. a.m. p.m. a.m. p....,9:10 p.m.m. a.m. p.m. a.m. p.m. a.m. p....,8:53 p.m.m. a.m. p.m. a.m. p.m. a.m. p....
582,flightstats,AA-3-JFK-LAX,12:00 p.m.m. a.m. p.m. a.m. p.m. a.m. p....,12:12 p.m.m. a.m. p.m. a.m. p.m. a.m. p....,3:15 p.m.m. a.m. p.m. a.m. p.m. a.m. p....,3:16 p.m.m. a.m. p.m. a.m. p.m. a.m. p....
583,flightstats,CO-1694-LAX-IAH,7:15 p.m.m. a.m. p.m. a.m. p.m. a.m. p....,7:15 p.m.m. a.m. p.m. a.m. p.m. a.m. p....,12:21 p.m.m. a.m. p.m. a.m. p.m. a.m. a....,12:21 p.m.m. a.m. p.m. a.m. p.m. a.m. a....
584,flightstats,UA-843-LAX-ORD,1:55 p.m.m. a.m. p.m. a.m. p.m. a.m. p....,2:38 p.m.m. a.m. p.m. a.m. p.m. a.m. p....,7:53 p.m.m. a.m. p.m. a.m. p.m. a.m. p....,7:58 p.m.m. a.m. p.m. a.m. p.m. a.m. p....
585,flightstats,CO-1193-EWR-MCO,9:15 p.m.m. a.m. p.m. a.m. p.m. a.m. a....,9:14 p.m.m. a.m. p.m. a.m. p.m. a.m. a....,12:18 p.m.m. a.m. p.m. a.m. p.m. a.m. p....,12:09 p.m.m. a.m. p.m. a.m. p.m. a.m. p....
586,flightstats,AA-3842-MSP-ORD,6:00 p.m.m. a.m. p.m. a.m. p.m. a.m. a....,6:56 p.m.m. a.m. p.m. a.m. p.m. a.m. a....,7:30 p.m.m. a.m. p.m. a.m. p.m. a.m. a....,7:51 p.m.m. a.m. p.m. a.m. p.m. a.m. a....
587,flightstats,AA-643-MIA-ORD,7:10 p.m.m. a.m. p.m. a.m. p.m. a.m. a....,7:31 p.m.m. a.m. p.m. a.m. p.m. a.m. a....,9:35 p.m.m. a.m. p.m. a.m. p.m. a.m. a....,9:26 p.m.m. a.m. p.m. a.m. p.m. a.m. a....
588,flightstats,AA-1007-MIA-PHX,4:55 p.m.m. a.m. p.m. a.m. p.m. a.m. p....,5:09 p.m.m. a.m. p.m. a.m. p.m. a.m. p....,8:05 p.m.m. a.m. p.m. a.m. p.m. a.m. p....,7:55 p.m.m. a.m. p.m. a.m. p.m. a.m. p....
589,flightstats,AA-2525-DFW-MIA,7:25 p.m.m. a.m. p.m. a.m. p.m. a.m. a....,7:39 p.m.m. a.m. p.m. a.m. p.m. a.m. a....,11:10 p.m.m. a.m. p.m. a.m. p.m. a.m. a....,11:06 p.m.m. a.m. p.m. a.m. p.m. a.m. a....
590,flightstats,UA-2906-PHL-MCO,3:50 p.m.m. a.m. p.m. a.m. p.m. a.m. p....,4:28 p.m.m. a.m. p.m. a.m. p.m. a.m. p....,6:23 p.m.m. a.m. p.m. a.m. p.m. a.m. p....,6:38 p.m.m. a.m. p.m. a.m. p.m. a.m. p....
591,flightstats,UA-938-DEN-ORD,4:16 p.m.m. a.m. p.m. a.m. p.m. a.m. p....,4:37 p.m.m. a.m. p.m. a.m. p.m. a.m. p....,7:35 p.m.m. a.m. p.m. a.m. p.m. a.m. p....,7:36 p.m.m. a.m. p.m. a.m. p.m. a.m. p....
592,flightstats,AA-1221-MCO-ORD,8:00 p.m.m. a.m. p.m. a.m. p.m. a.m. p....,8:23 p.m.m. a.m. p.m. a.m. p.m. a.m. p....,9:45 p.m.m. a.m. p.m. a.m. p.m. a.m. p....,9:53 p.m.m. a.m. p.m. a.m. p.m. a.m. p....
593,flightstats,CO-16-LAX-EWR,10:25 p.m.m. a.m. p.m. a.m. p.m. a.m. a....,10:20 p.m.m. a.m. p.m. a.m. p.m. a.m. a....,6:44 p.m.m. a.m. p.m. a.m. p.m. a.m. p....,6:34 p.m.m. a.m. p.m. a.m. p.m. a.m. p....
594,flightstats,UA-2515-DFW-CLT,7:05 p.m.m. a.m. p.m. a.m. p.m. a.m. a....,7:31 p.m.m. a.m. p.m. a.m. p.m. a.m. a....,10:31 p.m.m. a.m. p.m. a.m. p.m. a.m. a....,10:45 p.m.m. a.m. p.m. a.m. p.m. a.m. a....
595,flightstats,AA-400-DFW-JFK,10:40 p.m.m. a.m. p.m. a.m. p.m. a.m. a....,11:02 p.m.m. a.m. p.m. a.m. p.m. a.m. a....,2:59 p.m.m. a.m. p.m. a.m. p.m. a.m. p....,3:04 p.m.m. a.m. p.m. a.m. p.m. a.m. p....
596,flightstats,UA-664-ORD-PHL,1:33 p.m.m. a.m. p.m. a.m. p.m. a.m. p....,1:48 p.m.m. a.m. p.m. a.m. p.m. a.m. p....,4:31 p.m.m. a.m. p.m. a.m. p.m. a.m. p....,4:23 p.m.m. a.m. p.m. a.m. p.m. a.m. p....
597,flightstats,UA-37-EWR-MCO,1:29 p.m.m. a.m. p.m. a.m. p.m. a.m. p....,2:01 p.m.m. a.m. p.m. a.m. p.m. a.m. p....,4:17 p.m.m. a.m. p.m. a.m. p.m. a.m. p....,4:17 p.m.m. a.m. p.m. a.m. p.m. a.m. p....
598,flightstats,AA-1522-SFO-ORD,11:55 p.m.m. a.m. p.m. a.m. p.m. a.m. p....,12:11 p.m.m. a.m. p.m. a.m. p.m. a.m. a....,5:50 p.m.m. a.m. p.m. a.m. p.m. a.m. a....,5:42 p.m.m. a.m. p.m. a.m. p.m. a.m. a....
599,flightstats,UA-233-LAX-JFK,4:25 p.m.m. a.m. p.m. a.m. p.m. a.m. p....,4:28 p.m.m. a.m. p.m. a.m. p.m. a.m. p....,12:29 p.m.m. a.m. p.m. a.m. p.m. a.m. a....,12:01 p.m.m. a.m. p.m. a.m. p.m. a.m. a....
600,flightstats,AA-3823-LAX-DEN,9:00 p.m.m. a.m. p.m. a.m. p.m. a.m. p....,9:06 p.m.m. a.m. p.m. a.m. p.m. a.m. p....,12:15 p.m.m. a.m. p.m. a.m. p.m. a.m. a....,11:49 p.m.m. a.m. p.m. a.m. p.m. a.m. p....
601,flightstats,AA-2312-DFW-DTW,8:25 p.m.m. a.m. p.m. a.m. p.m. a.m. p....,8:29 p.m.m. a.m. p.m. a.m. p.m. a.m. p....,11:50 p.m.m. a.m. p.m. a.m. p.m. a.m. p....,11:35 p.m.m. a.m. p.m. a.m. p.m. a.m. p....
602,flightstats,UA-2314-ATL-PHL,2:55 p.m.m. a.m. p.m. a.m. p.m. a.m. p....,3:04 p.m.m. a.m. p.m. a.m. p.m. a.m. p....,5:00 p.m.m. a.m. p.m. a.m. p.m. a.m. p....,4:47 p.m.m. a.m. p.m. a.m. p.m. a.m. p....
603,flightstats,AA-1165-JFK-MIA,6:59 p.m.m. a.m. p.m. a.m. p.m. a.m. a....,7:23 p.m.m. a.m. p.m. a.m. p.m. a.m. a....,10:34 p.m.m. a.m. p.m. a.m. p.m. a.m. a....,10:04 p.m.m. a.m. p.m. a.m. p.m. a.m. a....
604,flightstats,AA-431-MIA-SFO,8:35 p.m.m. a.m. p.m. a.m. p.m. a.m. a....,8:52 p.m.m. a.m. p.m. a.m. p.m. a.m. a....,11:50 p.m.m. a.m. p.m. a.m. p.m. a.m. a....,11:44 p.m.m. a.m. p.m. a.m. p.m. a.m. a....
605,flightstats,UA-257-JFK-SFO,2:30 p.m.m. a.m. p.m. a.m. p.m. a.m. p....,2:43 p.m.m. a.m. p.m. a.m. p.m. a.m. p....,6:15 p.m.m. a.m. p.m. a.m. p.m. a.m. p....,5:42 p.m.m. a.m. p.m. a.m. p.m. a.m. p....
606,flightstats,UA-3373-IAD-PHL,8:29 p.m.m. a.m. p.m. a.m. p.m. a.m. a....,8:37 p.m.m. a.m. p.m. a.m. p.m. a.m. a....,9:24 p.m.m. a.m. p.m. a.m. p.m. a.m. a....,9:13 p.m.m. a.m. p.m. a.m. p.m. a.m. a....
607,flightstats,CO-1250-MIA-IAH,2:53 p.m.m. a.m. p.m. a.m. p.m. a.m. p....,3:01 p.m.m. a.m. p.m. a.m. p.m. a.m. p....,4:48 p.m.m. a.m. p.m. a.m. p.m. a.m. p....,4:59 p.m.m. a.m. p.m. a.m. p.m. a.m. p....
608,flightstats,UA-828-SFO-ORD,11:08 p.m.m. a.m. p.m. a.m. p.m. a.m. p....,11:35 p.m.m. a.m. p.m. a.m. p.m. a.m. p....,5:11 p.m.m. a.m. p.m. a.m. p.m. a.m. a....,5:21 p.m.m. a.m. p.m. a.m. p.m. a.m. a....
609,flightstats,CO-4888-IAH-DAL,5:30 p.m.m. a.m. p.m. a.m. p.m. a.m. p....,5:38 p.m.m. a.m. p.m. a.m. p.m. a.m. p....,6:40 p.m.m. a.m. p.m. a.m. p.m. a.m. p....,6:19 p.m.m. a.m. p.m. a.m. p.m. a.m. p....
610,flightstats,UA-2704-DTW-PHX,11:15 p.m.m. a.m. p.m. a.m. p.m. a.m. a....,11:47 p.m.m. a.m. p.m. a.m. p.m. a.m. a....,1:40 p.m.m. a.m. p.m. a.m. p.m. a.m. p....,2:02 p.m.m. a.m. p.m. a.m. p.m. a.m. p....
611,flightstats,AA-3063-SLC-LAX,8:20 p.m.m. a.m. p.m. a.m. p.m. a.m. p....,8:40 p.m.m. a.m. p.m. a.m. p.m. a.m. p....,9:20 p.m.m. a.m. p.m. a.m. p.m. a.m. p....,9:11 p.m.m. a.m. p.m. a.m. p.m. a.m. p....
612,flightstats,UA-2708-EWR-CLT,2:55 p.m.m. a.m. p.m. a.m. p.m. a.m. p....,3:04 p.m.m. a.m. p.m. a.m. p.m. a.m. p....,4:53 p.m.m. a.m. p.m. a.m. p.m. a.m. p....,4:24 p.m.m. a.m. p.m. a.m. p.m. a.m. p....
613,flightstats,UA-62-IAH-EWR,2:30 p.m.m. a.m. p.m. a.m. p.m. a.m. p....,2:48 p.m.m. a.m. p.m. a.m. p.m. a.m. p....,7:03 p.m.m. a.m. p.m. a.m. p.m. a.m. p....,7:10 p.m.m. a.m. p.m. a.m. p.m. a.m. p....
614,flightstats,AA-3804-PHL-ORD,2:35 p.m.m. a.m. p.m. a.m. p.m. a.m. p....,2:44 p.m.m. a.m. p.m. a.m. p.m. a.m. p....,4:05 p.m.m. a.m. p.m. a.m. p.m. a.m. p....,3:36 p.m.m. a.m. p.m. a.m. p.m. a.m. p....
615,flightstats,AA-1917-JFK-MCO,2:55 p.m.m. a.m. p.m. a.m. p.m. a.m. p....,3:27 p.m.m. a.m. p.m. a.m. p.m. a.m. p....,5:55 p.m.m. a.m. p.m. a.m. p.m. a.m. p....,5:43 p.m.m. a.m. p.m. a.m. p.m. a.m. p....
616,flightstats,AA-2268-PHX-ORD,7:15 p.m.m. a.m. p.m. a.m. p.m. a.m. a....,7:23 p.m.m. a.m. p.m. a.m. p.m. a.m. a....,11:35 p.m.m. a.m. p.m. a.m. p.m. a.m. a....,11:04 p.m.m. a.m. p.m. a.m. p.m. a.m. a....
617,flightstats,AA-4277-CVG-JFK,12:10 p.m.m. a.m. p.m. a.m. p.m. a.m. p....,12:11 p.m.m. a.m. p.m. a.m. p.m. a.m. p....,2:15 p.m.m. a.m. p.m. a.m. p.m. a.m. p....,1:43 p.m.m. a.m. p.m. a.m. p.m. a.m. p....
618,flightstats,AA-789-ORD-DEN,1:05 p.m.m. a.m. p.m. a.m. p.m. a.m. p....,1:19 p.m.m. a.m. p.m. a.m. p.m. a.m. p....,2:35 p.m.m. a.m. p.m. a.m. p.m. a.m. p....,3:13 p.m.m. a.m. p.m. a.m. p.m. a.m. p....
619,flightstats,UA-854-SFO-IAH,7:53 p.m.m. a.m. p.m. a.m. p.m. a.m. a....,8:07 p.m.m. a.m. p.m. a.m. p.m. a.m. a....,1:39 p.m.m. a.m. p.m. a.m. p.m. a.m. p....,1:30 p.m.m. a.m. p.m. a.m. p.m. a.m. p....
620,flightstats,AA-415-BOS-ORD,8:35 p.m.m. a.m. p.m. a.m. p.m. a.m. a....,8:56 p.m.m. a.m. p.m. a.m. p.m. a.m. a....,10:40 p.m.m. a.m. p.m. a.m. p.m. a.m. a....,10:16 p.m.m. a.m. p.m. a.m. p.m. a.m. a....
621,flightstats,AA-85-JFK-SFO,3:05 p.m.m. a.m. p.m. a.m. p.m. a.m. p....,3:38 p.m.m. a.m. p.m. a.m. p.m. a.m. p....,6:30 p.m.m. a.m. p.m. a.m. p.m. a.m. p....,6:43 p.m.m. a.m. p.m. a.m. p.m. a.m. p....
622,flightstats,AA-3786-IAH-ORD,4:00 p.m.m. a.m. p.m. a.m. p.m. a.m. p....,4:12 p.m.m. a.m. p.m. a.m. p.m. a.m. p....,6:40 p.m.m. a.m. p.m. a.m. p.m. a.m. p....,6:15 p.m.m. a.m. p.m. a.m. p.m. a.m. p....
623,flightstats,AA-222-LAX-BOS,7:10 p.m.m. a.m. p.m. a.m. p.m. a.m. a....,7:32 p.m.m. a.m. p.m. a.m. p.m. a.m. a....,3:30 p.m.m. a.m. p.m. a.m. p.m. a.m. p....,3:14 p.m.m. a.m. p.m. a.m. p.m. a.m. p....
624,flightstats,CO-50-CLE-EWR,2:55 p.m.m. a.m. p.m. a.m. p.m. a.m. p....,3:31 p.m.m. a.m. p.m. a.m. p.m. a.m. p....,4:49 p.m.m. a.m. p.m. a.m. p.m. a.m. p....,5:26 p.m.m. a.m. p.m. a.m. p.m. a.m. p....
625,flightstats,UA-3099-PHX-PHL,11:55 p.m.m. a.m. p.m. a.m. p.m. a.m. a....,11:55 p.m.m. a.m. p.m. a.m. p.m. a.m. a....,6:17 p.m.m. a.m. p.m. a.m. p.m. a.m. p....,5:38 p.m.m. a.m. p.m. a.m. p.m. a.m. p....
626,flightstats,AA-4198-ORD-CLE,10:40 p.m.m. a.m. p.m. a.m. p.m. a.m. a....,10:55 p.m.m. a.m. p.m. a.m. p.m. a.m. a....,12:55 p.m.m. a.m. p.m. a.m. p.m. a.m. p....,12:50 p.m.m. a.m. p.m. a.m. p.m. a.m. p....
627,flightstats,CO-45-EWR-MIA,4:00 p.m.m. a.m. p.m. a.m. p.m. a.m. p....,3:58 p.m.m. a.m. p.m. a.m. p.m. a.m. p....,7:05 p.m.m. a.m. p.m. a.m. p.m. a.m. p....,6:36 p.m.m. a.m. p.m. a.m. p.m. a.m. p....
628,flightstats,AA-3809-PHX-LAX,6:00 p.m.m. a.m. p.m. a.m. p.m. a.m. a....,6:10 p.m.m. a.m. p.m. a.m. p.m. a.m. a....,6:40 p.m.m. a.m. p.m. a.m. p.m. a.m. a....,6:19 p.m.m. a.m. p.m. a.m. p.m. a.m. a....
629,flightstats,AA-59-JFK-SFO,7:10 p.m.m. a.m. p.m. a.m. p.m. a.m. a....,7:40 p.m.m. a.m. p.m. a.m. p.m. a.m. a....,10:45 p.m.m. a.m. p.m. a.m. p.m. a.m. a....,11:12 p.m.m. a.m. p.m. a.m. p.m. a.m. a....
630,panynj,AA-3859-IAH-ORD,7:10 p.m.m. a.m. p.m. a.m. p.m. a.m. a....,7:16 p.m.m. a.m. p.m. a.m. p.m. a.m. a....,9:40 p.m.m. a.m. p.m. a.m. p.m. a.m. a....,9:22 p.m.m. a.m. p.m. a.m. p.m. a.m. a....
631,panynj,CO-1586-IAH-MCO,7:00 p.m.m. a.m. p.m. a.m. p.m. a.m. p....,7:42 p.m.m. a.m. p.m. a.m. p.m. a.m. p....,10:15 p.m.m. a.m. p.m. a.m. p.m. a.m. p....,10:29 p.m.m. a.m. p.m. a.m. p.m. a.m. p....
632,panynj,AA-518-MIA-JFK,6:40 p.m.m. a.m. p.m. a.m. p.m. a.m. a....,6:54 p.m.m. a.m. p.m. a.m. p.m. a.m. a....,9:25 p.m.m. a.m. p.m. a.m. p.m. a.m. a....,9:28 p.m.m. a.m. p.m. a.m. p.m. a.m. a....
633,panynj,UA-397-JFK-SFO,8:00 p.m.m. a.m. p.m. a.m. p.m. a.m. a....,8:29 p.m.m. a.m. p.m. a.m. p.m. a.m. a....,11:55 p.m.m. a.m. p.m. a.m. p.m. a.m. a....,11:58 p.m.m. a.m. p.m. a.m. p.m. a.m. a....
634,panynj,UA-3925-IAD-ORF,8:41 p.m.m. a.m. p.m. a.m. p.m. a.m. a....,8:42 p.m.m. a.m. p.m. a.m. p.m. a.m. a....,9:54 p.m.m. a.m. p.m. a.m. p.m. a.m. a....,9:43 p.m.m. a.m. p.m. a.m. p.m. a.m. a....
635,panynj,AA-1733-ORD-PHX,7:45 p.m.m. a.m. p.m. a.m. p.m. a.m. p....,7:59 p.m.m. a.m. p.m. a.m. p.m. a.m. p....,10:30 p.m.m. a.m. p.m. a.m. p.m. a.m. p....,10:30 p.m.m. a.m. p.m. a.m. p.m. a.m. p....
636,panynj,AA-3-JFK-LAX,12:00 p.m.m. a.m. p.m. a.m. p.m. a.m. p....,12:12 p.m.m. a.m. p.m. a.m. p.m. a.m. p....,3:15 p.m.m. a.m. p.m. a.m. p.m. a.m. p....,3:16 p.m.m. a.m. p.m. a.m. p.m. a.m. p....
637,panynj,UA-2830-MCO-CLT,3:27 p.m.m. a.m. p.m. a.m. p.m. a.m. p....,3:50 p.m.m. a.m. p.m. a.m. p.m. a.m. p....,5:05 p.m.m. a.m. p.m. a.m. p.m. a.m. p....,5:17 p.m.m. a.m. p.m. a.m. p.m. a.m. p....
638,panynj,CO-58-DEN-IAH,11:25 p.m.m. a.m. p.m. a.m. p.m. a.m. a....,11:32 p.m.m. a.m. p.m. a.m. p.m. a.m. a....,2:50 p.m.m. a.m. p.m. a.m. p.m. a.m. p....,3:31 p.m.m. a.m. p.m. a.m. p.m. a.m. p....
639,panynj,UA-5487-SFO-MRY,10:39 p.m.m. a.m. p.m. a.m. p.m. a.m. a....,10:53 p.m.m. a.m. p.m. a.m. p.m. a.m. a....,11:19 p.m.m. a.m. p.m. a.m. p.m. a.m. a....,11:21 p.m.m. a.m. p.m. a.m. p.m. a.m. a....
640,panynj,AA-204-LAX-MCO,11:25 p.m.m. a.m. p.m. a.m. p.m. a.m. p....,11:29 p.m.m. a.m. p.m. a.m. p.m. a.m. p....,6:55 p.m.m. a.m. p.m. a.m. p.m. a.m. a....,12211 6:35 p.m.m. a.m. p.m. a.m. p.m. a.m. a....
641,panynj,UA-414-LAX-SFO,6:00 p.m.m. a.m. p.m. a.m. p.m. a.m. a....,6:10 p.m.m. a.m. p.m. a.m. p.m. a.m. a....,7:23 p.m.m. a.m. p.m. a.m. p.m. a.m. a....,7:17 p.m.m. a.m. p.m. a.m. p.m. a.m. a....
642,panynj,CO-1614-LAX-IAH,12:30 p.m.m. a.m. p.m. a.m. p.m. a.m. a....,12:41 p.m.m. a.m. p.m. a.m. p.m. a.m. a....,5:35 p.m.m. a.m. p.m. a.m. p.m. a.m. a....,5:26 p.m.m. a.m. p.m. a.m. p.m. a.m. a....
643,panynj,UA-2726-FLL-PHL,4:00 p.m.m. a.m. p.m. a.m. p.m. a.m. p....,4:10 p.m.m. a.m. p.m. a.m. p.m. a.m. p....,6:46 p.m.m. a.m. p.m. a.m. p.m. a.m. p....,6:25 p.m.m. a.m. p.m. a.m. p.m. a.m. p....
644,panynj,CO-52-IAH-LAX,7:35 p.m.m. a.m. p.m. a.m. p.m. a.m. a....,7:56 p.m.m. a.m. p.m. a.m. p.m. a.m. a....,9:21 p.m.m. a.m. p.m. a.m. p.m. a.m. a....,9:09 p.m.m. a.m. p.m. a.m. p.m. a.m. a....
645,panynj,CO-1090-BOS-IAH,9:45 p.m.m. a.m. p.m. a.m. p.m. a.m. a....,10:19 p.m.m. a.m. p.m. a.m. p.m. a.m. a....,1:16 p.m.m. a.m. p.m. a.m. p.m. a.m. p....,1:19 p.m.m. a.m. p.m. a.m. p.m. a.m. p....
646,panynj,AA-616-DFW-DTW,9:05 p.m.m. a.m. p.m. a.m. p.m. a.m. a....,10:11 p.m.m. a.m. p.m. a.m. p.m. a.m. a....,12:35 p.m.m. a.m. p.m. a.m. p.m. a.m. p....,1:27 p.m.m. a.m. p.m. a.m. p.m. a.m. p....
647,panynj,UA-3515-IAD-MSP,8:15 p.m.m. a.m. p.m. a.m. p.m. a.m. a....,8:26 p.m.m. a.m. p.m. a.m. p.m. a.m. a....,10:06 p.m.m. a.m. p.m. a.m. p.m. a.m. a....,9:56 p.m.m. a.m. p.m. a.m. p.m. a.m. a....
648,panynj,AA-3468-CVG-MIA,7:00 p.m.m. a.m. p.m. a.m. p.m. a.m. a....,7:25 p.m.m. a.m. p.m. a.m. p.m. a.m. a....,9:55 p.m.m. a.m. p.m. a.m. p.m. a.m. a....,9:45 p.m.m. a.m. p.m. a.m. p.m. a.m. a....
649,panynj,AA-484-DFW-MIA,4:15 p.m.m. a.m. p.m. a.m. p.m. a.m. p....,4:29 p.m.m. a.m. p.m. a.m. p.m. a.m. p....,7:55 p.m.m. a.m. p.m. a.m. p.m. a.m. p....,7:39 p.m.m. a.m. p.m. a.m. p.m. a.m. p....
650,panynj,AA-1886-BOS-MIA,10:45 p.m.m. a.m. p.m. a.m. p.m. a.m. a....,10:55 p.m.m. a.m. p.m. a.m. p.m. a.m. a....,2:20 p.m.m. a.m. p.m. a.m. p.m. a.m. p....,1:40 p.m.m. a.m. p.m. a.m. p.m. a.m. p....
651,panynj,CO-62-IAH-EWR,2:30 p.m.m. a.m. p.m. a.m. p.m. a.m. p....,2:48 p.m.m. a.m. p.m. a.m. p.m. a.m. p....,7:03 p.m.m. a.m. p.m. a.m. p.m. a.m. p....,7:10 p.m.m. a.m. p.m. a.m. p.m. a.m. p....
652,panynj,CO-1561-PHX-IAH,8:05 p.m.m. a.m. p.m. a.m. p.m. a.m. a....,8:00 p.m.m. a.m. p.m. a.m. p.m. a.m. a....,11:35 p.m.m. a.m. p.m. a.m. p.m. a.m. a....,11:32 p.m.m. a.m. p.m. a.m. p.m. a.m. a....
653,panynj,UA-2314-ATL-PHL,2:55 p.m.m. a.m. p.m. a.m. p.m. a.m. p....,3:04 p.m.m. a.m. p.m. a.m. p.m. a.m. p....,5:00 p.m.m. a.m. p.m. a.m. p.m. a.m. p....,4:47 p.m.m. a.m. p.m. a.m. p.m. a.m. p....
654,panynj,AA-446-DFW-PHL,11:50 p.m.m. a.m. p.m. a.m. p.m. a.m. a....,12:13 p.m.m. a.m. p.m. a.m. p.m. a.m. p....,3:50 p.m.m. a.m. p.m. a.m. p.m. a.m. p....,4:09 p.m.m. a.m. p.m. a.m. p.m. a.m. p....
655,panynj,CO-1023-IAH-DEN,11:40 p.m.m. a.m. p.m. a.m. p.m. a.m. a....,12:06 p.m.m. a.m. p.m. a.m. p.m. a.m. p....,1:17 p.m.m. a.m. p.m. a.m. p.m. a.m. p....,1:14 p.m.m. a.m. p.m. a.m. p.m. a.m. p....
656,panynj,AA-466-IAH-MIA,6:00 p.m.m. a.m. p.m. a.m. p.m. a.m. a....,6:09 p.m.m. a.m. p.m. a.m. p.m. a.m. a....,9:20 p.m.m. a.m. p.m. a.m. p.m. a.m. a....,9:05 p.m.m. a.m. p.m. a.m. p.m. a.m. a....
657,panynj,UA-3050-PHX-CLT,11:05 p.m.m. a.m. p.m. a.m. p.m. a.m. a....,11:45 p.m.m. a.m. p.m. a.m. p.m. a.m. a....,4:57 p.m.m. a.m. p.m. a.m. p.m. a.m. p....,5:05 p.m.m. a.m. p.m. a.m. p.m. a.m. p....
658,panynj,CO-89-IAH-EWR,6:00 p.m.m. a.m. p.m. a.m. p.m. a.m. a....,6:02 p.m.m. a.m. p.m. a.m. p.m. a.m. a....,10:20 p.m.m. a.m. p.m. a.m. p.m. a.m. a....,10:27 p.m.m. a.m. p.m. a.m. p.m. a.m. a....
659,panynj,CO-1088-CLE-IAH,8:40 p.m.m. a.m. p.m. a.m. p.m. a.m. a....,8:40 p.m.m. a.m. p.m. a.m. p.m. a.m. a....,10:54 p.m.m. a.m. p.m. a.m. p.m. a.m. a....,10:56 p.m.m. a.m. p.m. a.m. p.m. a.m. a....
660,panynj,AA-1664-MIA-ATL,10:15 p.m.m. a.m. p.m. a.m. p.m. a.m. a....,10:19 p.m.m. a.m. p.m. a.m. p.m. a.m. a....,12:10 p.m.m. a.m. p.m. a.m. p.m. a.m. p....,11:50 p.m.m. a.m. p.m. a.m. p.m. a.m. a....
661,panynj,AA-1279-DFW-PHX,1:00 p.m.m. a.m. p.m. a.m. p.m. a.m. p....,2:04 p.m.m. a.m. p.m. a.m. p.m. a.m. p....,2:35 p.m.m. a.m. p.m. a.m. p.m. a.m. p....,3:13 p.m.m. a.m. p.m. a.m. p.m. a.m. p....
662,panynj,UA-854-SFO-IAH,7:53 p.m.m. a.m. p.m. a.m. p.m. a.m. a....,8:07 p.m.m. a.m. p.m. a.m. p.m. a.m. a....,1:39 p.m.m. a.m. p.m. a.m. p.m. a.m. p....,1:30 p.m.m. a.m. p.m. a.m. p.m. a.m. p....
663,panynj,UA-382-IAD-LAX,12:30 p.m.m. a.m. p.m. a.m. p.m. a.m. p....,12:56 p.m.m. a.m. p.m. a.m. p.m. a.m. p....,3:19 p.m.m. a.m. p.m. a.m. p.m. a.m. p....,3:21 p.m.m. a.m. p.m. a.m. p.m. a.m. p....
664,panynj,AA-4344-ORD-DTW,11:45 p.m.m. a.m. p.m. a.m. p.m. a.m. a....,12:14 p.m.m. a.m. p.m. a.m. p.m. a.m. p....,2:00 p.m.m. a.m. p.m. a.m. p.m. a.m. p....,2:10 p.m.m. a.m. p.m. a.m. p.m. a.m. p....
665,panynj,UA-257-JFK-SFO,2:30 p.m.m. a.m. p.m. a.m. p.m. a.m. p....,2:43 p.m.m. a.m. p.m. a.m. p.m. a.m. p....,6:15 p.m.m. a.m. p.m. a.m. p.m. a.m. p....,5:42 p.m.m. a.m. p.m. a.m. p.m. a.m. p....
666,panynj,UA-2945-PHL-CLT,12:00 p.m.m. a.m. p.m. a.m. p.m. a.m. p....,12:08 p.m.m. a.m. p.m. a.m. p.m. a.m. p....,1:45 p.m.m. a.m. p.m. a.m. p.m. a.m. p....,1:15 p.m.m. a.m. p.m. a.m. p.m. a.m. p....
667,panynj,CO-63-EWR-IAH,5:25 p.m.m. a.m. p.m. a.m. p.m. a.m. p....,5:38 p.m.m. a.m. p.m. a.m. p.m. a.m. p....,8:22 p.m.m. a.m. p.m. a.m. p.m. a.m. p....,8:03 p.m.m. a.m. p.m. a.m. p.m. a.m. p....
668,panynj,CO-47-IAH-LAX,7:10 p.m.m. a.m. p.m. a.m. p.m. a.m. p....,8:25 p.m.m. a.m. p.m. a.m. p.m. a.m. p....,8:56 p.m.m. a.m. p.m. a.m. p.m. a.m. p....,9:38 p.m.m. a.m. p.m. a.m. p.m. a.m. p....
669,panynj,AA-2050-ORD-MIA,10:40 p.m.m. a.m. p.m. a.m. p.m. a.m. a....,11:06 p.m.m. a.m. p.m. a.m. p.m. a.m. a....,2:45 p.m.m. a.m. p.m. a.m. p.m. a.m. p....,2:46 p.m.m. a.m. p.m. a.m. p.m. a.m. p....
670,panynj,UA-248-PHX-ORD,12:57 p.m.m. a.m. p.m. a.m. p.m. a.m. p....,1:43 p.m.m. a.m. p.m. a.m. p.m. a.m. p....,5:15 p.m.m. a.m. p.m. a.m. p.m. a.m. p....,5:34 p.m.m. a.m. p.m. a.m. p.m. a.m. p....
671,panynj,AA-4330-CVG-ORD,3:35 p.m.m. a.m. p.m. a.m. p.m. a.m. p....,3:36 p.m.m. a.m. p.m. a.m. p.m. a.m. p....,4:00 p.m.m. a.m. p.m. a.m. p.m. a.m. p....,3:33 p.m.m. a.m. p.m. a.m. p.m. a.m. p....
672,panynj,AA-1434-DFW-MCO,7:15 p.m.m. a.m. p.m. a.m. p.m. a.m. a....,7:22 p.m.m. a.m. p.m. a.m. p.m. a.m. a....,10:35 p.m.m. a.m. p.m. a.m. p.m. a.m. a....,10:29 p.m.m. a.m. p.m. a.m. p.m. a.m. a....
673,panynj,AA-1640-MIA-MCO,6:30 p.m.m. a.m. p.m. a.m. p.m. a.m. p....,6:47 p.m.m. a.m. p.m. a.m. p.m. a.m. p....,7:25 p.m.m. a.m. p.m. a.m. p.m. a.m. p....,7:25 p.m.m. a.m. p.m. a.m. p.m. a.m. p....
674,panynj,AA-4307-ORD-DTW,6:45 p.m.m. a.m. p.m. a.m. p.m. a.m. p....,6:56 p.m.m. a.m. p.m. a.m. p.m. a.m. p....,9:10 p.m.m. a.m. p.m. a.m. p.m. a.m. p....,8:53 p.m.m. a.m. p.m. a.m. p.m. a.m. p....
675,panynj,CO-1694-LAX-IAH,7:15 p.m.m. a.m. p.m. a.m. p.m. a.m. p....,7:15 p.m.m. a.m. p.m. a.m. p.m. a.m. p....,12:21 p.m.m. a.m. p.m. a.m. p.m. a.m. a....,12:21 p.m.m. a.m. p.m. a.m. p.m. a.m. a....
676,panynj,UA-843-LAX-ORD,1:55 p.m.m. a.m. p.m. a.m. p.m. a.m. p....,2:38 p.m.m. a.m. p.m. a.m. p.m. a.m. p....,7:53 p.m.m. a.m. p.m. a.m. p.m. a.m. p....,7:58 p.m.m. a.m. p.m. a.m. p.m. a.m. p....
677,panynj,CO-1193-EWR-MCO,9:15 p.m.m. a.m. p.m. a.m. p.m. a.m. a....,9:14 p.m.m. a.m. p.m. a.m. p.m. a.m. a....,12:18 p.m.m. a.m. p.m. a.m. p.m. a.m. p....,12:09 p.m.m. a.m. p.m. a.m. p.m. a.m. p....
678,panynj,AA-3842-MSP-ORD,6:00 p.m.m. a.m. p.m. a.m. p.m. a.m. a....,6:56 p.m.m. a.m. p.m. a.m. p.m. a.m. a....,7:30 p.m.m. a.m. p.m. a.m. p.m. a.m. a....,7:51 p.m.m. a.m. p.m. a.m. p.m. a.m. a....
679,panynj,AA-643-MIA-ORD,7:10 p.m.m. a.m. p.m. a.m. p.m. a.m. a....,7:31 p.m.m. a.m. p.m. a.m. p.m. a.m. a....,9:35 p.m.m. a.m. p.m. a.m. p.m. a.m. a....,9:26 p.m.m. a.m. p.m. a.m. p.m. a.m. a....
680,panynj,AA-1007-MIA-PHX,4:55 p.m.m. a.m. p.m. a.m. p.m. a.m. p....,5:09 p.m.m. a.m. p.m. a.m. p.m. a.m. p....,8:05 p.m.m. a.m. p.m. a.m. p.m. a.m. p....,7:55 p.m.m. a.m. p.m. a.m. p.m. a.m. p....
681,panynj,UA-2906-PHL-MCO,3:50 p.m.m. a.m. p.m. a.m. p.m. a.m. p....,4:28 p.m.m. a.m. p.m. a.m. p.m. a.m. p....,6:23 p.m.m. a.m. p.m. a.m. p.m. a.m. p....,6:38 p.m.m. a.m. p.m. a.m. p.m. a.m. p....
682,panynj,UA-938-DEN-ORD,4:16 p.m.m. a.m. p.m. a.m. p.m. a.m. p....,4:37 p.m.m. a.m. p.m. a.m. p.m. a.m. p....,7:35 p.m.m. a.m. p.m. a.m. p.m. a.m. p....,7:36 p.m.m. a.m. p.m. a.m. p.m. a.m. p....
683,panynj,AA-1221-MCO-ORD,8:00 p.m.m. a.m. p.m. a.m. p.m. a.m. p....,8:23 p.m.m. a.m. p.m. a.m. p.m. a.m. p....,9:45 p.m.m. a.m. p.m. a.m. p.m. a.m. p....,9:53 p.m.m. a.m. p.m. a.m. p.m. a.m. p....
684,panynj,CO-16-LAX-EWR,10:25 p.m.m. a.m. p.m. a.m. p.m. a.m. a....,10:20 p.m.m. a.m. p.m. a.m. p.m. a.m. a....,6:44 p.m.m. a.m. p.m. a.m. p.m. a.m. p....,6:34 p.m.m. a.m. p.m. a.m. p.m. a.m. p....
685,panynj,UA-2515-DFW-CLT,7:05 p.m.m. a.m. p.m. a.m. p.m. a.m. a....,7:31 p.m.m. a.m. p.m. a.m. p.m. a.m. a....,10:31 p.m.m. a.m. p.m. a.m. p.m. a.m. a....,10:45 p.m.m. a.m. p.m. a.m. p.m. a.m. a....
686,panynj,AA-400-DFW-JFK,10:40 p.m.m. a.m. p.m. a.m. p.m. a.m. a....,11:02 p.m.m. a.m. p.m. a.m. p.m. a.m. a....,2:59 p.m.m. a.m. p.m. a.m. p.m. a.m. p....,3:04 p.m.m. a.m. p.m. a.m. p.m. a.m. p....
687,panynj,UA-664-ORD-PHL,1:33 p.m.m. a.m. p.m. a.m. p.m. a.m. p....,1:48 p.m.m. a.m. p.m. a.m. p.m. a.m. p....,4:31 p.m.m. a.m. p.m. a.m. p.m. a.m. p....,4:23 p.m.m. a.m. p.m. a.m. p.m. a.m. p....
688,panynj,AA-3756-ORD-SLC,12:15 p.m.m. a.m. p.m. a.m. p.m. a.m. p....,12:42 p.m.m. a.m. p.m. a.m. p.m. a.m. p....,2:45 p.m.m. a.m. p.m. a.m. p.m. a.m. p....,2:50 p.m.m. a.m. p.m. a.m. p.m. a.m. p....
689,panynj,UA-37-EWR-MCO,1:29 p.m.m. a.m. p.m. a.m. p.m. a.m. p....,2:01 p.m.m. a.m. p.m. a.m. p.m. a.m. p....,4:17 p.m.m. a.m. p.m. a.m. p.m. a.m. p....,4:17 p.m.m. a.m. p.m. a.m. p.m. a.m. p....
690,panynj,AA-1522-SFO-ORD,11:55 p.m.m. a.m. p.m. a.m. p.m. a.m. p....,12:11 p.m.m. a.m. p.m. a.m. p.m. a.m. a....,5:50 p.m.m. a.m. p.m. a.m. p.m. a.m. a....,5:42 p.m.m. a.m. p.m. a.m. p.m. a.m. a....
691,panynj,UA-233-LAX-JFK,4:25 p.m.m. a.m. p.m. a.m. p.m. a.m. p....,4:28 p.m.m. a.m. p.m. a.m. p.m. a.m. p....,12:29 p.m.m. a.m. p.m. a.m. p.m. a.m. a....,12:01 p.m.m. a.m. p.m. a.m. p.m. a.m. a....
692,panynj,AA-3823-LAX-DEN,9:00 p.m.m. a.m. p.m. a.m. p.m. a.m. p....,9:06 p.m.m. a.m. p.m. a.m. p.m. a.m. p....,12:15 p.m.m. a.m. p.m. a.m. p.m. a.m. a....,11:49 p.m.m. a.m. p.m. a.m. p.m. a.m. p....
693,panynj,AA-2312-DFW-DTW,8:25 p.m.m. a.m. p.m. a.m. p.m. a.m. p....,8:29 p.m.m. a.m. p.m. a.m. p.m. a.m. p....,11:50 p.m.m. a.m. p.m. a.m. p.m. a.m. p....,11:35 p.m.m. a.m. p.m. a.m. p.m. a.m. p....
694,panynj,AA-1165-JFK-MIA,6:59 p.m.m. a.m. p.m. a.m. p.m. a.m. a....,7:23 p.m.m. a.m. p.m. a.m. p.m. a.m. a....,10:34 p.m.m. a.m. p.m. a.m. p.m. a.m. a....,10:04 p.m.m. a.m. p.m. a.m. p.m. a.m. a....
695,panynj,AA-431-MIA-SFO,8:35 p.m.m. a.m. p.m. a.m. p.m. a.m. a....,8:52 p.m.m. a.m. p.m. a.m. p.m. a.m. a....,11:50 p.m.m. a.m. p.m. a.m. p.m. a.m. a....,11:44 p.m.m. a.m. p.m. a.m. p.m. a.m. a....
696,panynj,UA-3373-IAD-PHL,8:29 p.m.m. a.m. p.m. a.m. p.m. a.m. a....,8:37 p.m.m. a.m. p.m. a.m. p.m. a.m. a....,9:24 p.m.m. a.m. p.m. a.m. p.m. a.m. a....,9:13 p.m.m. a.m. p.m. a.m. p.m. a.m. a....
697,panynj,AA-649-ORD-SNA,1:30 p.m.m. a.m. p.m. a.m. p.m. a.m. p....,1:41 p.m.m. a.m. p.m. a.m. p.m. a.m. p....,3:50 p.m.m. a.m. p.m. a.m. p.m. a.m. p....,3:29 p.m.m. a.m. p.m. a.m. p.m. a.m. p....
698,panynj,CO-1250-MIA-IAH,2:53 p.m.m. a.m. p.m. a.m. p.m. a.m. p....,3:01 p.m.m. a.m. p.m. a.m. p.m. a.m. p....,4:48 p.m.m. a.m. p.m. a.m. p.m. a.m. p....,4:59 p.m.m. a.m. p.m. a.m. p.m. a.m. p....
699,panynj,UA-6273-YYC-SFO,7:35 p.m.m. a.m. p.m. a.m. p.m. a.m. a....,7:41 p.m.m. a.m. p.m. a.m. p.m. a.m. a....,9:43 p.m.m. a.m. p.m. a.m. p.m. a.m. a....,8:45 p.m.m. a.m. p.m. a.m. p.m. a.m. a....
700,panynj,UA-828-SFO-ORD,11:08 p.m.m. a.m. p.m. a.m. p.m. a.m. p....,11:35 p.m.m. a.m. p.m. a.m. p.m. a.m. p....,5:11 p.m.m. a.m. p.m. a.m. p.m. a.m. a....,5:21 p.m.m. a.m. p.m. a.m. p.m. a.m. a....
701,panynj,CO-4888-IAH-DAL,5:30 p.m.m. a.m. p.m. a.m. p.m. a.m. p....,5:38 p.m.m. a.m. p.m. a.m. p.m. a.m. p....,6:40 p.m.m. a.m. p.m. a.m. p.m. a.m. p....,6:19 p.m.m. a.m. p.m. a.m. p.m. a.m. p....
702,panynj,UA-858-PVG-SFO,1:45 p.m.m. a.m. p.m. a.m. p.m. a.m. p....,1:32 p.m.m. a.m. p.m. a.m. p.m. a.m. p....,8:27 p.m.m. a.m. p.m. a.m. p.m. a.m. a....,8:02 p.m.m. a.m. p.m. a.m. p.m. a.m. a....
703,panynj,UA-2704-DTW-PHX,11:15 p.m.m. a.m. p.m. a.m. p.m. a.m. a....,11:47 p.m.m. a.m. p.m. a.m. p.m. a.m. a....,1:40 p.m.m. a.m. p.m. a.m. p.m. a.m. p....,2:02 p.m.m. a.m. p.m. a.m. p.m. a.m. p....
704,panynj,AA-3063-SLC-LAX,8:20 p.m.m. a.m. p.m. a.m. p.m. a.m. p....,8:40 p.m.m. a.m. p.m. a.m. p.m. a.m. p....,9:20 p.m.m. a.m. p.m. a.m. p.m. a.m. p....,9:11 p.m.m. a.m. p.m. a.m. p.m. a.m. p....
705,panynj,UA-2708-EWR-CLT,2:55 p.m.m. a.m. p.m. a.m. p.m. a.m. p....,3:04 p.m.m. a.m. p.m. a.m. p.m. a.m. p....,4:53 p.m.m. a.m. p.m. a.m. p.m. a.m. p....,4:24 p.m.m. a.m. p.m. a.m. p.m. a.m. p....
706,panynj,UA-62-IAH-EWR,2:30 p.m.m. a.m. p.m. a.m. p.m. a.m. p....,2:48 p.m.m. a.m. p.m. a.m. p.m. a.m. p....,7:03 p.m.m. a.m. p.m. a.m. p.m. a.m. p....,7:10 p.m.m. a.m. p.m. a.m. p.m. a.m. p....
707,panynj,UA-1500-IAH-GUA,8:55 p.m.m. a.m. p.m. a.m. p.m. a.m. a....,9:43 p.m.m. a.m. p.m. a.m. p.m. a.m. a....,11:45 p.m.m. a.m. p.m. a.m. p.m. a.m. a....,12:12 p.m.m. a.m. p.m. a.m. p.m. a.m. p....
708,panynj,AA-3804-PHL-ORD,2:35 p.m.m. a.m. p.m. a.m. p.m. a.m. p....,2:44 p.m.m. a.m. p.m. a.m. p.m. a.m. p....,4:05 p.m.m. a.m. p.m. a.m. p.m. a.m. p....,3:36 p.m.m. a.m. p.m. a.m. p.m. a.m. p....
709,panynj,AA-1917-JFK-MCO,2:55 p.m.m. a.m. p.m. a.m. p.m. a.m. p....,3:27 p.m.m. a.m. p.m. a.m. p.m. a.m. p....,5:55 p.m.m. a.m. p.m. a.m. p.m. a.m. p....,5:43 p.m.m. a.m. p.m. a.m. p.m. a.m. p....
710,panynj,AA-2268-PHX-ORD,7:15 p.m.m. a.m. p.m. a.m. p.m. a.m. a....,7:23 p.m.m. a.m. p.m. a.m. p.m. a.m. a....,11:35 p.m.m. a.m. p.m. a.m. p.m. a.m. a....,11:04 p.m.m. a.m. p.m. a.m. p.m. a.m. a....
711,panynj,AA-4277-CVG-JFK,12:10 p.m.m. a.m. p.m. a.m. p.m. a.m. p....,12:11 p.m.m. a.m. p.m. a.m. p.m. a.m. p....,2:15 p.m.m. a.m. p.m. a.m. p.m. a.m. p....,1:43 p.m.m. a.m. p.m. a.m. p.m. a.m. p....
712,panynj,AA-2957-DFW-CVG,7:55 p.m.m. a.m. p.m. a.m. p.m. a.m. a....,8:04 p.m.m. a.m. p.m. a.m. p.m. a.m. a....,11:05 p.m.m. a.m. p.m. a.m. p.m. a.m. a....,11:01 p.m.m. a.m. p.m. a.m. p.m. a.m. a....
713,panynj,UA-37-EDI-EWR,9:05 p.m.m. a.m. p.m. a.m. p.m. a.m. a....,9:05 p.m.m. a.m. p.m. a.m. p.m. a.m. a....,11:53 p.m.m. a.m. p.m. a.m. p.m. a.m. a....,12:09 p.m.m. a.m. p.m. a.m. p.m. a.m. p....
714,panynj,AA-789-ORD-DEN,1:05 p.m.m. a.m. p.m. a.m. p.m. a.m. p....,1:19 p.m.m. a.m. p.m. a.m. p.m. a.m. p....,2:35 p.m.m. a.m. p.m. a.m. p.m. a.m. p....,3:13 p.m.m. a.m. p.m. a.m. p.m. a.m. p....
715,panynj,AA-415-BOS-ORD,8:35 p.m.m. a.m. p.m. a.m. p.m. a.m. a....,8:56 p.m.m. a.m. p.m. a.m. p.m. a.m. a....,10:40 p.m.m. a.m. p.m. a.m. p.m. a.m. a....,10:16 p.m.m. a.m. p.m. a.m. p.m. a.m. a....
716,panynj,AA-85-JFK-SFO,3:05 p.m.m. a.m. p.m. a.m. p.m. a.m. p....,3:38 p.m.m. a.m. p.m. a.m. p.m. a.m. p....,6:30 p.m.m. a.m. p.m. a.m. p.m. a.m. p....,6:43 p.m.m. a.m. p.m. a.m. p.m. a.m. p....
717,panynj,AA-3979-CVG-ORD,7:30 p.m.m. a.m. p.m. a.m. p.m. a.m. a....,8:04 p.m.m. a.m. p.m. a.m. p.m. a.m. a....,8:00 p.m.m. a.m. p.m. a.m. p.m. a.m. a....,8:06 p.m.m. a.m. p.m. a.m. p.m. a.m. a....
718,panynj,AA-1544-SAN-ORD,11:25 p.m.m. a.m. p.m. a.m. p.m. a.m. a....,11:41 p.m.m. a.m. p.m. a.m. p.m. a.m. a....,5:25 p.m.m. a.m. p.m. a.m. p.m. a.m. p....,4:56 p.m.m. a.m. p.m. a.m. p.m. a.m. p....
719,panynj,AA-3786-IAH-ORD,4:00 p.m.m. a.m. p.m. a.m. p.m. a.m. p....,4:12 p.m.m. a.m. p.m. a.m. p.m. a.m. p....,6:40 p.m.m. a.m. p.m. a.m. p.m. a.m. p....,6:15 p.m.m. a.m. p.m. a.m. p.m. a.m. p....
720,panynj,AA-271-MIA-LAX,11:35 p.m.m. a.m. p.m. a.m. p.m. a.m. a....,11:52 p.m.m. a.m. p.m. a.m. p.m. a.m. a....,2:25 p.m.m. a.m. p.m. a.m. p.m. a.m. p....,2:27 p.m.m. a.m. p.m. a.m. p.m. a.m. p....
721,panynj,AA-2525-DFW-MIA,7:25 p.m.m. a.m. p.m. a.m. p.m. a.m. a....,7:39 p.m.m. a.m. p.m. a.m. p.m. a.m. a....,11:10 p.m.m. a.m. p.m. a.m. p.m. a.m. a....,11:06 p.m.m. a.m. p.m. a.m. p.m. a.m. a....
722,panynj,CO-50-CLE-EWR,2:55 p.m.m. a.m. p.m. a.m. p.m. a.m. p....,3:31 p.m.m. a.m. p.m. a.m. p.m. a.m. p....,4:49 p.m.m. a.m. p.m. a.m. p.m. a.m. p....,5:26 p.m.m. a.m. p.m. a.m. p.m. a.m. p....
723,panynj,UA-3099-PHX-PHL,11:55 p.m.m. a.m. p.m. a.m. p.m. a.m. a....,11:55 p.m.m. a.m. p.m. a.m. p.m. a.m. a....,6:17 p.m.m. a.m. p.m. a.m. p.m. a.m. p....,5:38 p.m.m. a.m. p.m. a.m. p.m. a.m. p....
724,panynj,AA-4198-ORD-CLE,10:40 p.m.m. a.m. p.m. a.m. p.m. a.m. a....,10:55 p.m.m. a.m. p.m. a.m. p.m. a.m. a....,12:55 p.m.m. a.m. p.m. a.m. p.m. a.m. p....,12:50 p.m.m. a.m. p.m. a.m. p.m. a.m. p....
725,panynj,AA-404-MIA-MCO,6:45 p.m.m. a.m. p.m. a.m. p.m. a.m. a....,6:58 p.m.m. a.m. p.m. a.m. p.m. a.m. a....,7:45 p.m.m. a.m. p.m. a.m. p.m. a.m. a....,7:40 p.m.m. a.m. p.m. a.m. p.m. a.m. a....
726,panynj,CO-45-EWR-MIA,4:00 p.m.m. a.m. p.m. a.m. p.m. a.m. p....,3:58 p.m.m. a.m. p.m. a.m. p.m. a.m. p....,7:05 p.m.m. a.m. p.m. a.m. p.m. a.m. p....,6:36 p.m.m. a.m. p.m. a.m. p.m. a.m. p....
727,panynj,AA-3809-PHX-LAX,6:00 p.m.m. a.m. p.m. a.m. p.m. a.m. a....,6:10 p.m.m. a.m. p.m. a.m. p.m. a.m. a....,6:40 p.m.m. a.m. p.m. a.m. p.m. a.m. a....,6:19 p.m.m. a.m. p.m. a.m. p.m. a.m. a....
728,panynj,AA-59-JFK-SFO,7:10 p.m.m. a.m. p.m. a.m. p.m. a.m. a....,7:40 p.m.m. a.m. p.m. a.m. p.m. a.m. a....,10:45 p.m.m. a.m. p.m. a.m. p.m. a.m. a....,11:12 p.m.m. a.m. p.m. a.m. p.m. a.m. a....
729,panynj,AA-222-LAX-BOS,7:10 p.m.m. a.m. p.m. a.m. p.m. a.m. a....,7:32 p.m.m. a.m. p.m. a.m. p.m. a.m. a....,3:30 p.m.m. a.m. p.m. a.m. p.m. a.m. p....,3:14 p.m.m. a.m. p.m. a.m. p.m. a.m. p....
730,flightexplorer,AA-3859-IAH-ORD,7:10 p.m.m. a.m. p.m. a.m. p.m. a.m. a....,7:16 p.m.m. a.m. p.m. a.m. p.m. a.m. a....,9:40 p.m.m. a.m. p.m. a.m. p.m. a.m. a....,9:22 p.m.m. a.m. p.m. a.m. p.m. a.m. a....
731,flightexplorer,AA-1733-ORD-PHX,7:45 p.m.m. a.m. p.m. a.m. p.m. a.m. p....,7:59 p.m.m. a.m. p.m. a.m. p.m. a.m. p....,10:30 p.m.m. a.m. p.m. a.m. p.m. a.m. p....,10:30 p.m.m. a.m. p.m. a.m. p.m. a.m. p....
732,flightexplorer,CO-1586-IAH-MCO,7:00 p.m.m. a.m. p.m. a.m. p.m. a.m. p....,7:42 p.m.m. a.m. p.m. a.m. p.m. a.m. p....,10:15 p.m.m. a.m. p.m. a.m. p.m. a.m. p....,10:29 p.m.m. a.m. p.m. a.m. p.m. a.m. p....
733,flightexplorer,UA-397-JFK-SFO,8:00 p.m.m. a.m. p.m. a.m. p.m. a.m. a....,8:29 p.m.m. a.m. p.m. a.m. p.m. a.m. a....,11:55 p.m.m. a.m. p.m. a.m. p.m. a.m. a....,11:58 p.m.m. a.m. p.m. a.m. p.m. a.m. a....
734,flightexplorer,UA-3925-IAD-ORF,8:41 p.m.m. a.m. p.m. a.m. p.m. a.m. a....,8:42 p.m.m. a.m. p.m. a.m. p.m. a.m. a....,9:54 p.m.m. a.m. p.m. a.m. p.m. a.m. a....,9:43 p.m.m. a.m. p.m. a.m. p.m. a.m. a....
735,flightexplorer,AA-1640-MIA-MCO,6:30 p.m.m. a.m. p.m. a.m. p.m. a.m. p....,6:47 p.m.m. a.m. p.m. a.m. p.m. a.m. p....,7:25 p.m.m. a.m. p.m. a.m. p.m. a.m. p....,7:25 p.m.m. a.m. p.m. a.m. p.m. a.m. p....
736,flightexplorer,AA-1544-SAN-ORD,11:25 p.m.m. a.m. p.m. a.m. p.m. a.m. a....,11:41 p.m.m. a.m. p.m. a.m. p.m. a.m. a....,5:25 p.m.m. a.m. p.m. a.m. p.m. a.m. p....,4:56 p.m.m. a.m. p.m. a.m. p.m. a.m. p....
737,flightexplorer,UA-5487-SFO-MRY,10:39 p.m.m. a.m. p.m. a.m. p.m. a.m. a....,10:53 p.m.m. a.m. p.m. a.m. p.m. a.m. a....,11:19 p.m.m. a.m. p.m. a.m. p.m. a.m. a....,11:21 p.m.m. a.m. p.m. a.m. p.m. a.m. a....
738,flightexplorer,AA-204-LAX-MCO,11:25 p.m.m. a.m. p.m. a.m. p.m. a.m. p....,11:29 p.m.m. a.m. p.m. a.m. p.m. a.m. p....,6:55 p.m.m. a.m. p.m. a.m. p.m. a.m. a....,12211 6:35 p.m.m. a.m. p.m. a.m. p.m. a.m. a....
739,flightexplorer,UA-414-LAX-SFO,6:00 p.m.m. a.m. p.m. a.m. p.m. a.m. a....,6:10 p.m.m. a.m. p.m. a.m. p.m. a.m. a....,7:23 p.m.m. a.m. p.m. a.m. p.m. a.m. a....,7:17 p.m.m. a.m. p.m. a.m. p.m. a.m. a....
740,flightexplorer,CO-1614-LAX-IAH,12:30 p.m.m. a.m. p.m. a.m. p.m. a.m. a....,12:41 p.m.m. a.m. p.m. a.m. p.m. a.m. a....,5:35 p.m.m. a.m. p.m. a.m. p.m. a.m. a....,5:26 p.m.m. a.m. p.m. a.m. p.m. a.m. a....
741,flightexplorer,AA-3756-ORD-SLC,12:15 p.m.m. a.m. p.m. a.m. p.m. a.m. p....,12:42 p.m.m. a.m. p.m. a.m. p.m. a.m. p....,2:45 p.m.m. a.m. p.m. a.m. p.m. a.m. p....,2:50 p.m.m. a.m. p.m. a.m. p.m. a.m. p....
742,flightexplorer,AA-3468-CVG-MIA,7:00 p.m.m. a.m. p.m. a.m. p.m. a.m. a....,7:25 p.m.m. a.m. p.m. a.m. p.m. a.m. a....,9:55 p.m.m. a.m. p.m. a.m. p.m. a.m. a....,9:45 p.m.m. a.m. p.m. a.m. p.m. a.m. a....
743,flightexplorer,AA-484-DFW-MIA,4:15 p.m.m. a.m. p.m. a.m. p.m. a.m. p....,4:29 p.m.m. a.m. p.m. a.m. p.m. a.m. p....,7:55 p.m.m. a.m. p.m. a.m. p.m. a.m. p....,7:39 p.m.m. a.m. p.m. a.m. p.m. a.m. p....
744,flightexplorer,AA-616-DFW-DTW,9:05 p.m.m. a.m. p.m. a.m. p.m. a.m. a....,10:11 p.m.m. a.m. p.m. a.m. p.m. a.m. a....,12:35 p.m.m. a.m. p.m. a.m. p.m. a.m. p....,1:27 p.m.m. a.m. p.m. a.m. p.m. a.m. p....
745,flightexplorer,AA-446-DFW-PHL,11:50 p.m.m. a.m. p.m. a.m. p.m. a.m. a....,12:13 p.m.m. a.m. p.m. a.m. p.m. a.m. p....,3:50 p.m.m. a.m. p.m. a.m. p.m. a.m. p....,4:09 p.m.m. a.m. p.m. a.m. p.m. a.m. p....
746,flightexplorer,CO-1023-IAH-DEN,11:40 p.m.m. a.m. p.m. a.m. p.m. a.m. a....,12:06 p.m.m. a.m. p.m. a.m. p.m. a.m. p....,1:17 p.m.m. a.m. p.m. a.m. p.m. a.m. p....,1:14 p.m.m. a.m. p.m. a.m. p.m. a.m. p....
747,flightexplorer,AA-466-IAH-MIA,6:00 p.m.m. a.m. p.m. a.m. p.m. a.m. a....,6:09 p.m.m. a.m. p.m. a.m. p.m. a.m. a....,9:20 p.m.m. a.m. p.m. a.m. p.m. a.m. a....,9:05 p.m.m. a.m. p.m. a.m. p.m. a.m. a....
748,flightexplorer,AA-2957-DFW-CVG,7:55 p.m.m. a.m. p.m. a.m. p.m. a.m. a....,8:04 p.m.m. a.m. p.m. a.m. p.m. a.m. a....,11:05 p.m.m. a.m. p.m. a.m. p.m. a.m. a....,11:01 p.m.m. a.m. p.m. a.m. p.m. a.m. a....
749,flightexplorer,AA-1664-MIA-ATL,10:15 p.m.m. a.m. p.m. a.m. p.m. a.m. a....,10:19 p.m.m. a.m. p.m. a.m. p.m. a.m. a....,12:10 p.m.m. a.m. p.m. a.m. p.m. a.m. p....,11:50 p.m.m. a.m. p.m. a.m. p.m. a.m. a....
750,flightexplorer,AA-3979-CVG-ORD,7:30 p.m.m. a.m. p.m. a.m. p.m. a.m. a....,8:04 p.m.m. a.m. p.m. a.m. p.m. a.m. a....,8:00 p.m.m. a.m. p.m. a.m. p.m. a.m. a....,8:06 p.m.m. a.m. p.m. a.m. p.m. a.m. a....
751,flightexplorer,AA-1279-DFW-PHX,1:00 p.m.m. a.m. p.m. a.m. p.m. a.m. p....,2:04 p.m.m. a.m. p.m. a.m. p.m. a.m. p....,2:35 p.m.m. a.m. p.m. a.m. p.m. a.m. p....,3:13 p.m.m. a.m. p.m. a.m. p.m. a.m. p....
752,flightexplorer,UA-382-IAD-LAX,12:30 p.m.m. a.m. p.m. a.m. p.m. a.m. p....,12:56 p.m.m. a.m. p.m. a.m. p.m. a.m. p....,3:19 p.m.m. a.m. p.m. a.m. p.m. a.m. p....,3:21 p.m.m. a.m. p.m. a.m. p.m. a.m. p....
753,flightexplorer,AA-4344-ORD-DTW,11:45 p.m.m. a.m. p.m. a.m. p.m. a.m. a....,12:14 p.m.m. a.m. p.m. a.m. p.m. a.m. p....,2:00 p.m.m. a.m. p.m. a.m. p.m. a.m. p....,2:10 p.m.m. a.m. p.m. a.m. p.m. a.m. p....
754,flightexplorer,UA-257-JFK-SFO,2:30 p.m.m. a.m. p.m. a.m. p.m. a.m. p....,2:43 p.m.m. a.m. p.m. a.m. p.m. a.m. p....,6:15 p.m.m. a.m. p.m. a.m. p.m. a.m. p....,5:42 p.m.m. a.m. p.m. a.m. p.m. a.m. p....
755,flightexplorer,AA-271-MIA-LAX,11:35 p.m.m. a.m. p.m. a.m. p.m. a.m. a....,11:52 p.m.m. a.m. p.m. a.m. p.m. a.m. a....,2:25 p.m.m. a.m. p.m. a.m. p.m. a.m. p....,2:27 p.m.m. a.m. p.m. a.m. p.m. a.m. p....
756,flightexplorer,AA-2050-ORD-MIA,10:40 p.m.m. a.m. p.m. a.m. p.m. a.m. a....,11:06 p.m.m. a.m. p.m. a.m. p.m. a.m. a....,2:45 p.m.m. a.m. p.m. a.m. p.m. a.m. p....,2:46 p.m.m. a.m. p.m. a.m. p.m. a.m. p....
757,flightexplorer,UA-248-PHX-ORD,12:57 p.m.m. a.m. p.m. a.m. p.m. a.m. p....,1:43 p.m.m. a.m. p.m. a.m. p.m. a.m. p....,5:15 p.m.m. a.m. p.m. a.m. p.m. a.m. p....,5:34 p.m.m. a.m. p.m. a.m. p.m. a.m. p....
758,flightexplorer,AA-4330-CVG-ORD,3:35 p.m.m. a.m. p.m. a.m. p.m. a.m. p....,3:36 p.m.m. a.m. p.m. a.m. p.m. a.m. p....,4:00 p.m.m. a.m. p.m. a.m. p.m. a.m. p....,3:33 p.m.m. a.m. p.m. a.m. p.m. a.m. p....
759,flightexplorer,AA-1434-DFW-MCO,7:15 p.m.m. a.m. p.m. a.m. p.m. a.m. a....,7:22 p.m.m. a.m. p.m. a.m. p.m. a.m. a....,10:35 p.m.m. a.m. p.m. a.m. p.m. a.m. a....,10:29 p.m.m. a.m. p.m. a.m. p.m. a.m. a....
760,flightexplorer,AA-4307-ORD-DTW,6:45 p.m.m. a.m. p.m. a.m. p.m. a.m. p....,6:56 p.m.m. a.m. p.m. a.m. p.m. a.m. p....,9:10 p.m.m. a.m. p.m. a.m. p.m. a.m. p....,8:53 p.m.m. a.m. p.m. a.m. p.m. a.m. p....
761,flightexplorer,AA-3-JFK-LAX,12:00 p.m.m. a.m. p.m. a.m. p.m. a.m. p....,12:12 p.m.m. a.m. p.m. a.m. p.m. a.m. p....,3:15 p.m.m. a.m. p.m. a.m. p.m. a.m. p....,3:16 p.m.m. a.m. p.m. a.m. p.m. a.m. p....
762,flightexplorer,CO-1193-EWR-MCO,9:15 p.m.m. a.m. p.m. a.m. p.m. a.m. a....,9:14 p.m.m. a.m. p.m. a.m. p.m. a.m. a....,12:18 p.m.m. a.m. p.m. a.m. p.m. a.m. p....,12:09 p.m.m. a.m. p.m. a.m. p.m. a.m. p....
763,flightexplorer,AA-3842-MSP-ORD,6:00 p.m.m. a.m. p.m. a.m. p.m. a.m. a....,6:56 p.m.m. a.m. p.m. a.m. p.m. a.m. a....,7:30 p.m.m. a.m. p.m. a.m. p.m. a.m. a....,7:51 p.m.m. a.m. p.m. a.m. p.m. a.m. a....
764,flightexplorer,AA-643-MIA-ORD,7:10 p.m.m. a.m. p.m. a.m. p.m. a.m. a....,7:31 p.m.m. a.m. p.m. a.m. p.m. a.m. a....,9:35 p.m.m. a.m. p.m. a.m. p.m. a.m. a....,9:26 p.m.m. a.m. p.m. a.m. p.m. a.m. a....
765,flightexplorer,AA-1007-MIA-PHX,4:55 p.m.m. a.m. p.m. a.m. p.m. a.m. p....,5:09 p.m.m. a.m. p.m. a.m. p.m. a.m. p....,8:05 p.m.m. a.m. p.m. a.m. p.m. a.m. p....,7:55 p.m.m. a.m. p.m. a.m. p.m. a.m. p....
766,flightexplorer,AA-2525-DFW-MIA,7:25 p.m.m. a.m. p.m. a.m. p.m. a.m. a....,7:39 p.m.m. a.m. p.m. a.m. p.m. a.m. a....,11:10 p.m.m. a.m. p.m. a.m. p.m. a.m. a....,11:06 p.m.m. a.m. p.m. a.m. p.m. a.m. a....
767,flightexplorer,UA-938-DEN-ORD,4:16 p.m.m. a.m. p.m. a.m. p.m. a.m. p....,4:37 p.m.m. a.m. p.m. a.m. p.m. a.m. p....,7:35 p.m.m. a.m. p.m. a.m. p.m. a.m. p....,7:36 p.m.m. a.m. p.m. a.m. p.m. a.m. p....
768,flightexplorer,AA-1221-MCO-ORD,8:00 p.m.m. a.m. p.m. a.m. p.m. a.m. p....,8:23 p.m.m. a.m. p.m. a.m. p.m. a.m. p....,9:45 p.m.m. a.m. p.m. a.m. p.m. a.m. p....,9:53 p.m.m. a.m. p.m. a.m. p.m. a.m. p....
769,flightexplorer,AA-1886-BOS-MIA,10:45 p.m.m. a.m. p.m. a.m. p.m. a.m. a....,10:55 p.m.m. a.m. p.m. a.m. p.m. a.m. a....,2:20 p.m.m. a.m. p.m. a.m. p.m. a.m. p....,1:40 p.m.m. a.m. p.m. a.m. p.m. a.m. p....
770,flightexplorer,UA-664-ORD-PHL,1:33 p.m.m. a.m. p.m. a.m. p.m. a.m. p....,1:48 p.m.m. a.m. p.m. a.m. p.m. a.m. p....,4:31 p.m.m. a.m. p.m. a.m. p.m. a.m. p....,4:23 p.m.m. a.m. p.m. a.m. p.m. a.m. p....
771,flightexplorer,UA-37-EWR-MCO,1:29 p.m.m. a.m. p.m. a.m. p.m. a.m. p....,2:01 p.m.m. a.m. p.m. a.m. p.m. a.m. p....,4:17 p.m.m. a.m. p.m. a.m. p.m. a.m. p....,4:17 p.m.m. a.m. p.m. a.m. p.m. a.m. p....
772,flightexplorer,AA-1522-SFO-ORD,11:55 p.m.m. a.m. p.m. a.m. p.m. a.m. p....,12:11 p.m.m. a.m. p.m. a.m. p.m. a.m. a....,5:50 p.m.m. a.m. p.m. a.m. p.m. a.m. a....,5:42 p.m.m. a.m. p.m. a.m. p.m. a.m. a....
773,flightexplorer,AA-3823-LAX-DEN,9:00 p.m.m. a.m. p.m. a.m. p.m. a.m. p....,9:06 p.m.m. a.m. p.m. a.m. p.m. a.m. p....,12:15 p.m.m. a.m. p.m. a.m. p.m. a.m. a....,11:49 p.m.m. a.m. p.m. a.m. p.m. a.m. p....
774,flightexplorer,AA-2312-DFW-DTW,8:25 p.m.m. a.m. p.m. a.m. p.m. a.m. p....,8:29 p.m.m. a.m. p.m. a.m. p.m. a.m. p....,11:50 p.m.m. a.m. p.m. a.m. p.m. a.m. p....,11:35 p.m.m. a.m. p.m. a.m. p.m. a.m. p....
775,flightexplorer,AA-1165-JFK-MIA,6:59 p.m.m. a.m. p.m. a.m. p.m. a.m. a....,7:23 p.m.m. a.m. p.m. a.m. p.m. a.m. a....,10:34 p.m.m. a.m. p.m. a.m. p.m. a.m. a....,10:04 p.m.m. a.m. p.m. a.m. p.m. a.m. a....
776,flightexplorer,AA-431-MIA-SFO,8:35 p.m.m. a.m. p.m. a.m. p.m. a.m. a....,8:52 p.m.m. a.m. p.m. a.m. p.m. a.m. a....,11:50 p.m.m. a.m. p.m. a.m. p.m. a.m. a....,11:44 p.m.m. a.m. p.m. a.m. p.m. a.m. a....
777,flightexplorer,UA-3373-IAD-PHL,8:29 p.m.m. a.m. p.m. a.m. p.m. a.m. a....,8:37 p.m.m. a.m. p.m. a.m. p.m. a.m. a....,9:24 p.m.m. a.m. p.m. a.m. p.m. a.m. a....,9:13 p.m.m. a.m. p.m. a.m. p.m. a.m. a....
778,flightexplorer,AA-649-ORD-SNA,1:30 p.m.m. a.m. p.m. a.m. p.m. a.m. p....,1:41 p.m.m. a.m. p.m. a.m. p.m. a.m. p....,3:50 p.m.m. a.m. p.m. a.m. p.m. a.m. p....,3:29 p.m.m. a.m. p.m. a.m. p.m. a.m. p....
779,flightexplorer,UA-828-SFO-ORD,11:08 p.m.m. a.m. p.m. a.m. p.m. a.m. p....,11:35 p.m.m. a.m. p.m. a.m. p.m. a.m. p....,5:11 p.m.m. a.m. p.m. a.m. p.m. a.m. a....,5:21 p.m.m. a.m. p.m. a.m. p.m. a.m. a....
780,flightexplorer,CO-4888-IAH-DAL,5:30 p.m.m. a.m. p.m. a.m. p.m. a.m. p....,5:38 p.m.m. a.m. p.m. a.m. p.m. a.m. p....,6:40 p.m.m. a.m. p.m. a.m. p.m. a.m. p....,6:19 p.m.m. a.m. p.m. a.m. p.m. a.m. p....
781,flightexplorer,CO-1561-PHX-IAH,8:05 p.m.m. a.m. p.m. a.m. p.m. a.m. a....,8:00 p.m.m. a.m. p.m. a.m. p.m. a.m. a....,11:35 p.m.m. a.m. p.m. a.m. p.m. a.m. a....,11:32 p.m.m. a.m. p.m. a.m. p.m. a.m. a....
782,flightexplorer,AA-3804-PHL-ORD,2:35 p.m.m. a.m. p.m. a.m. p.m. a.m. p....,2:44 p.m.m. a.m. p.m. a.m. p.m. a.m. p....,4:05 p.m.m. a.m. p.m. a.m. p.m. a.m. p....,3:36 p.m.m. a.m. p.m. a.m. p.m. a.m. p....
783,flightexplorer,AA-2268-PHX-ORD,7:15 p.m.m. a.m. p.m. a.m. p.m. a.m. a....,7:23 p.m.m. a.m. p.m. a.m. p.m. a.m. a....,11:35 p.m.m. a.m. p.m. a.m. p.m. a.m. a....,11:04 p.m.m. a.m. p.m. a.m. p.m. a.m. a....
784,flightexplorer,UA-233-LAX-JFK,4:25 p.m.m. a.m. p.m. a.m. p.m. a.m. p....,4:28 p.m.m. a.m. p.m. a.m. p.m. a.m. p....,12:29 p.m.m. a.m. p.m. a.m. p.m. a.m. a....,12:01 p.m.m. a.m. p.m. a.m. p.m. a.m. a....
785,flightexplorer,UA-6273-YYC-SFO,7:35 p.m.m. a.m. p.m. a.m. p.m. a.m. a....,7:41 p.m.m. a.m. p.m. a.m. p.m. a.m. a....,9:43 p.m.m. a.m. p.m. a.m. p.m. a.m. a....,8:45 p.m.m. a.m. p.m. a.m. p.m. a.m. a....
786,flightexplorer,AA-4277-CVG-JFK,12:10 p.m.m. a.m. p.m. a.m. p.m. a.m. p....,12:11 p.m.m. a.m. p.m. a.m. p.m. a.m. p....,2:15 p.m.m. a.m. p.m. a.m. p.m. a.m. p....,1:43 p.m.m. a.m. p.m. a.m. p.m. a.m. p....
787,flightexplorer,AA-789-ORD-DEN,1:05 p.m.m. a.m. p.m. a.m. p.m. a.m. p....,1:19 p.m.m. a.m. p.m. a.m. p.m. a.m. p....,2:35 p.m.m. a.m. p.m. a.m. p.m. a.m. p....,3:13 p.m.m. a.m. p.m. a.m. p.m. a.m. p....
788,flightexplorer,AA-222-LAX-BOS,7:10 p.m.m. a.m. p.m. a.m. p.m. a.m. a....,7:32 p.m.m. a.m. p.m. a.m. p.m. a.m. a....,3:30 p.m.m. a.m. p.m. a.m. p.m. a.m. p....,3:14 p.m.m. a.m. p.m. a.m. p.m. a.m. p....
789,flightexplorer,AA-4198-ORD-CLE,10:40 p.m.m. a.m. p.m. a.m. p.m. a.m. a....,10:55 p.m.m. a.m. p.m. a.m. p.m. a.m. a....,12:55 p.m.m. a.m. p.m. a.m. p.m. a.m. p....,12:50 p.m.m. a.m. p.m. a.m. p.m. a.m. p....
790,flightexplorer,AA-404-MIA-MCO,6:45 p.m.m. a.m. p.m. a.m. p.m. a.m. a....,6:58 p.m.m. a.m. p.m. a.m. p.m. a.m. a....,7:45 p.m.m. a.m. p.m. a.m. p.m. a.m. a....,7:40 p.m.m. a.m. p.m. a.m. p.m. a.m. a....
791,flightexplorer,AA-3809-PHX-LAX,6:00 p.m.m. a.m. p.m. a.m. p.m. a.m. a....,6:10 p.m.m. a.m. p.m. a.m. p.m. a.m. a....,6:40 p.m.m. a.m. p.m. a.m. p.m. a.m. a....,6:19 p.m.m. a.m. p.m. a.m. p.m. a.m. a....
792,flightexplorer,AA-59-JFK-SFO,7:10 p.m.m. a.m. p.m. a.m. p.m. a.m. a....,7:40 p.m.m. a.m. p.m. a.m. p.m. a.m. a....,10:45 p.m.m. a.m. p.m. a.m. p.m. a.m. a....,11:12 p.m.m. a.m. p.m. a.m. p.m. a.m. a....
793,mia,AA-2050-ORD-MIA,10:40 p.m.m. a.m. p.m. a.m. p.m. a.m. a....,11:06 p.m.m. a.m. p.m. a.m. p.m. a.m. a....,2:45 p.m.m. a.m. p.m. a.m. p.m. a.m. p....,2:46 p.m.m. a.m. p.m. a.m. p.m. a.m. p....
794,mia,AA-1165-JFK-MIA,6:59 p.m.m. a.m. p.m. a.m. p.m. a.m. a....,7:23 p.m.m. a.m. p.m. a.m. p.m. a.m. a....,10:34 p.m.m. a.m. p.m. a.m. p.m. a.m. a....,10:04 p.m.m. a.m. p.m. a.m. p.m. a.m. a....
795,mia,AA-484-DFW-MIA,4:15 p.m.m. a.m. p.m. a.m. p.m. a.m. p....,4:29 p.m.m. a.m. p.m. a.m. p.m. a.m. p....,7:55 p.m.m. a.m. p.m. a.m. p.m. a.m. p....,7:39 p.m.m. a.m. p.m. a.m. p.m. a.m. p....
796,mia,AA-466-IAH-MIA,6:00 p.m.m. a.m. p.m. a.m. p.m. a.m. a....,6:09 p.m.m. a.m. p.m. a.m. p.m. a.m. a....,9:20 p.m.m. a.m. p.m. a.m. p.m. a.m. a....,9:05 p.m.m. a.m. p.m. a.m. p.m. a.m. a....
797,mia,AA-2525-DFW-MIA,7:25 p.m.m. a.m. p.m. a.m. p.m. a.m. a....,7:39 p.m.m. a.m. p.m. a.m. p.m. a.m. a....,11:10 p.m.m. a.m. p.m. a.m. p.m. a.m. a....,11:06 p.m.m. a.m. p.m. a.m. p.m. a.m. a....
798,iad,UA-382-IAD-LAX,12:30 p.m.m. a.m. p.m. a.m. p.m. a.m. p....,12:56 p.m.m. a.m. p.m. a.m. p.m. a.m. p....,3:19 p.m.m. a.m. p.m. a.m. p.m. a.m. p....,3:21 p.m.m. a.m. p.m. a.m. p.m. a.m. p....
799,dfw,AA-1279-DFW-PHX,1:00 p.m.m. a.m. p.m. a.m. p.m. a.m. p....,2:04 p.m.m. a.m. p.m. a.m. p.m. a.m. p....,2:35 p.m.m. a.m. p.m. a.m. p.m. a.m. p....,3:13 p.m.m. a.m. p.m. a.m. p.m. a.m. p....
800,dfw,AA-2312-DFW-DTW,8:25 p.m.m. a.m. p.m. a.m. p.m. a.m. p....,8:29 p.m.m. a.m. p.m. a.m. p.m. a.m. p....,11:50 p.m.m. a.m. p.m. a.m. p.m. a.m. p....,11:35 p.m.m. a.m. p.m. a.m. p.m. a.m. p....
801,dfw,AA-446-DFW-PHL,11:50 p.m.m. a.m. p.m. a.m. p.m. a.m. a....,12:13 p.m.m. a.m. p.m. a.m. p.m. a.m. p....,3:50 p.m.m. a.m. p.m. a.m. p.m. a.m. p....,4:09 p.m.m. a.m. p.m. a.m. p.m. a.m. p....
802,dfw,AA-400-DFW-JFK,10:40 p.m.m. a.m. p.m. a.m. p.m. a.m. a....,11:02 p.m.m. a.m. p.m. a.m. p.m. a.m. a....,2:59 p.m.m. a.m. p.m. a.m. p.m. a.m. p....,3:04 p.m.m. a.m. p.m. a.m. p.m. a.m. p....
803,dfw,AA-484-DFW-MIA,4:15 p.m.m. a.m. p.m. a.m. p.m. a.m. p....,4:29 p.m.m. a.m. p.m. a.m. p.m. a.m. p....,7:55 p.m.m. a.m. p.m. a.m. p.m. a.m. p....,7:39 p.m.m. a.m. p.m. a.m. p.m. a.m. p....
804,mco,CO-1586-IAH-MCO,7:00 p.m.m. a.m. p.m. a.m. p.m. a.m. p....,7:42 p.m.m. a.m. p.m. a.m. p.m. a.m. p....,10:15 p.m.m. a.m. p.m. a.m. p.m. a.m. p....,10:29 p.m.m. a.m. p.m. a.m. p.m. a.m. p....
805,mco,AA-1917-JFK-MCO,2:55 p.m.m. a.m. p.m. a.m. p.m. a.m. p....,3:27 p.m.m. a.m. p.m. a.m. p.m. a.m. p....,5:55 p.m.m. a.m. p.m. a.m. p.m. a.m. p....,5:43 p.m.m. a.m. p.m. a.m. p.m. a.m. p....
806,mco,AA-1640-MIA-MCO,6:30 p.m.m. a.m. p.m. a.m. p.m. a.m. p....,6:47 p.m.m. a.m. p.m. a.m. p.m. a.m. p....,7:25 p.m.m. a.m. p.m. a.m. p.m. a.m. p....,7:25 p.m.m. a.m. p.m. a.m. p.m. a.m. p....
807,mco,AA-404-MIA-MCO,6:45 p.m.m. a.m. p.m. a.m. p.m. a.m. a....,6:58 p.m.m. a.m. p.m. a.m. p.m. a.m. a....,7:45 p.m.m. a.m. p.m. a.m. p.m. a.m. a....,7:40 p.m.m. a.m. p.m. a.m. p.m. a.m. a....
808,mco,AA-204-LAX-MCO,11:25 p.m.m. a.m. p.m. a.m. p.m. a.m. p....,11:29 p.m.m. a.m. p.m. a.m. p.m. a.m. p....,6:55 p.m.m. a.m. p.m. a.m. p.m. a.m. a....,12211 6:35 p.m.m. a.m. p.m. a.m. p.m. a.m. a....
809,mco,AA-1221-MCO-ORD,8:00 p.m.m. a.m. p.m. a.m. p.m. a.m. p....,8:23 p.m.m. a.m. p.m. a.m. p.m. a.m. p....,9:45 p.m.m. a.m. p.m. a.m. p.m. a.m. p....,9:53 p.m.m. a.m. p.m. a.m. p.m. a.m. p....
810,mco,AA-1434-DFW-MCO,7:15 p.m.m. a.m. p.m. a.m. p.m. a.m. a....,7:22 p.m.m. a.m. p.m. a.m. p.m. a.m. a....,10:35 p.m.m. a.m. p.m. a.m. p.m. a.m. a....,10:29 p.m.m. a.m. p.m. a.m. p.m. a.m. a....
811,mco,CO-1193-EWR-MCO,9:15 p.m.m. a.m. p.m. a.m. p.m. a.m. a....,9:14 p.m.m. a.m. p.m. a.m. p.m. a.m. a....,12:18 p.m.m. a.m. p.m. a.m. p.m. a.m. p....,12:09 p.m.m. a.m. p.m. a.m. p.m. a.m. p....
812,flights,AA-3859-IAH-ORD,7:10 p.m.m. a.m. p.m. a.m. p.m. a.m. a....,7:16 p.m.m. a.m. p.m. a.m. p.m. a.m. a....,9:40 p.m.m. a.m. p.m. a.m. p.m. a.m. a....,9:22 p.m.m. a.m. p.m. a.m. p.m. a.m. a....
813,flights,CO-1586-IAH-MCO,7:00 p.m.m. a.m. p.m. a.m. p.m. a.m. p....,7:42 p.m.m. a.m. p.m. a.m. p.m. a.m. p....,10:15 p.m.m. a.m. p.m. a.m. p.m. a.m. p....,10:29 p.m.m. a.m. p.m. a.m. p.m. a.m. p....
814,flights,AA-518-MIA-JFK,6:40 p.m.m. a.m. p.m. a.m. p.m. a.m. a....,6:54 p.m.m. a.m. p.m. a.m. p.m. a.m. a....,9:25 p.m.m. a.m. p.m. a.m. p.m. a.m. a....,9:28 p.m.m. a.m. p.m. a.m. p.m. a.m. a....
815,flights,UA-397-JFK-SFO,8:00 p.m.m. a.m. p.m. a.m. p.m. a.m. a....,8:29 p.m.m. a.m. p.m. a.m. p.m. a.m. a....,11:55 p.m.m. a.m. p.m. a.m. p.m. a.m. a....,11:58 p.m.m. a.m. p.m. a.m. p.m. a.m. a....
816,flights,UA-3925-IAD-ORF,8:41 p.m.m. a.m. p.m. a.m. p.m. a.m. a....,8:42 p.m.m. a.m. p.m. a.m. p.m. a.m. a....,9:54 p.m.m. a.m. p.m. a.m. p.m. a.m. a....,9:43 p.m.m. a.m. p.m. a.m. p.m. a.m. a....
817,flights,AA-1733-ORD-PHX,7:45 p.m.m. a.m. p.m. a.m. p.m. a.m. p....,7:59 p.m.m. a.m. p.m. a.m. p.m. a.m. p....,10:30 p.m.m. a.m. p.m. a.m. p.m. a.m. p....,10:30 p.m.m. a.m. p.m. a.m. p.m. a.m. p....
818,flights,AA-3-JFK-LAX,12:00 p.m.m. a.m. p.m. a.m. p.m. a.m. p....,12:12 p.m.m. a.m. p.m. a.m. p.m. a.m. p....,3:15 p.m.m. a.m. p.m. a.m. p.m. a.m. p....,3:16 p.m.m. a.m. p.m. a.m. p.m. a.m. p....
819,flights,UA-2830-MCO-CLT,3:27 p.m.m. a.m. p.m. a.m. p.m. a.m. p....,3:50 p.m.m. a.m. p.m. a.m. p.m. a.m. p....,5:05 p.m.m. a.m. p.m. a.m. p.m. a.m. p....,5:17 p.m.m. a.m. p.m. a.m. p.m. a.m. p....
820,flights,CO-58-DEN-IAH,11:25 p.m.m. a.m. p.m. a.m. p.m. a.m. a....,11:32 p.m.m. a.m. p.m. a.m. p.m. a.m. a....,2:50 p.m.m. a.m. p.m. a.m. p.m. a.m. p....,3:31 p.m.m. a.m. p.m. a.m. p.m. a.m. p....
821,flights,UA-5487-SFO-MRY,10:39 p.m.m. a.m. p.m. a.m. p.m. a.m. a....,10:53 p.m.m. a.m. p.m. a.m. p.m. a.m. a....,11:19 p.m.m. a.m. p.m. a.m. p.m. a.m. a....,11:21 p.m.m. a.m. p.m. a.m. p.m. a.m. a....
822,flights,AA-204-LAX-MCO,11:25 p.m.m. a.m. p.m. a.m. p.m. a.m. p....,11:29 p.m.m. a.m. p.m. a.m. p.m. a.m. p....,6:55 p.m.m. a.m. p.m. a.m. p.m. a.m. a....,12211 6:35 p.m.m. a.m. p.m. a.m. p.m. a.m. a....
823,flights,UA-414-LAX-SFO,6:00 p.m.m. a.m. p.m. a.m. p.m. a.m. a....,6:10 p.m.m. a.m. p.m. a.m. p.m. a.m. a....,7:23 p.m.m. a.m. p.m. a.m. p.m. a.m. a....,7:17 p.m.m. a.m. p.m. a.m. p.m. a.m. a....
824,flights,CO-1614-LAX-IAH,12:30 p.m.m. a.m. p.m. a.m. p.m. a.m. a....,12:41 p.m.m. a.m. p.m. a.m. p.m. a.m. a....,5:35 p.m.m. a.m. p.m. a.m. p.m. a.m. a....,5:26 p.m.m. a.m. p.m. a.m. p.m. a.m. a....
825,flights,UA-2726-FLL-PHL,4:00 p.m.m. a.m. p.m. a.m. p.m. a.m. p....,4:10 p.m.m. a.m. p.m. a.m. p.m. a.m. p....,6:46 p.m.m. a.m. p.m. a.m. p.m. a.m. p....,6:25 p.m.m. a.m. p.m. a.m. p.m. a.m. p....
826,flights,CO-52-IAH-LAX,7:35 p.m.m. a.m. p.m. a.m. p.m. a.m. a....,7:56 p.m.m. a.m. p.m. a.m. p.m. a.m. a....,9:21 p.m.m. a.m. p.m. a.m. p.m. a.m. a....,9:09 p.m.m. a.m. p.m. a.m. p.m. a.m. a....
827,flights,CO-1090-BOS-IAH,9:45 p.m.m. a.m. p.m. a.m. p.m. a.m. a....,10:19 p.m.m. a.m. p.m. a.m. p.m. a.m. a....,1:16 p.m.m. a.m. p.m. a.m. p.m. a.m. p....,1:19 p.m.m. a.m. p.m. a.m. p.m. a.m. p....
828,flights,AA-616-DFW-DTW,9:05 p.m.m. a.m. p.m. a.m. p.m. a.m. a....,10:11 p.m.m. a.m. p.m. a.m. p.m. a.m. a....,12:35 p.m.m. a.m. p.m. a.m. p.m. a.m. p....,1:27 p.m.m. a.m. p.m. a.m. p.m. a.m. p....
829,flights,UA-3515-IAD-MSP,8:15 p.m.m. a.m. p.m. a.m. p.m. a.m. a....,8:26 p.m.m. a.m. p.m. a.m. p.m. a.m. a....,10:06 p.m.m. a.m. p.m. a.m. p.m. a.m. a....,9:56 p.m.m. a.m. p.m. a.m. p.m. a.m. a....
830,flights,AA-3468-CVG-MIA,7:00 p.m.m. a.m. p.m. a.m. p.m. a.m. a....,7:25 p.m.m. a.m. p.m. a.m. p.m. a.m. a....,9:55 p.m.m. a.m. p.m. a.m. p.m. a.m. a....,9:45 p.m.m. a.m. p.m. a.m. p.m. a.m. a....
831,flights,AA-484-DFW-MIA,4:15 p.m.m. a.m. p.m. a.m. p.m. a.m. p....,4:29 p.m.m. a.m. p.m. a.m. p.m. a.m. p....,7:55 p.m.m. a.m. p.m. a.m. p.m. a.m. p....,7:39 p.m.m. a.m. p.m. a.m. p.m. a.m. p....
832,flights,AA-1886-BOS-MIA,10:45 p.m.m. a.m. p.m. a.m. p.m. a.m. a....,10:55 p.m.m. a.m. p.m. a.m. p.m. a.m. a....,2:20 p.m.m. a.m. p.m. a.m. p.m. a.m. p....,1:40 p.m.m. a.m. p.m. a.m. p.m. a.m. p....
833,flights,CO-62-IAH-EWR,2:30 p.m.m. a.m. p.m. a.m. p.m. a.m. p....,2:48 p.m.m. a.m. p.m. a.m. p.m. a.m. p....,7:03 p.m.m. a.m. p.m. a.m. p.m. a.m. p....,7:10 p.m.m. a.m. p.m. a.m. p.m. a.m. p....
834,flights,CO-1561-PHX-IAH,8:05 p.m.m. a.m. p.m. a.m. p.m. a.m. a....,8:00 p.m.m. a.m. p.m. a.m. p.m. a.m. a....,11:35 p.m.m. a.m. p.m. a.m. p.m. a.m. a....,11:32 p.m.m. a.m. p.m. a.m. p.m. a.m. a....
835,flights,UA-2314-ATL-PHL,2:55 p.m.m. a.m. p.m. a.m. p.m. a.m. p....,3:04 p.m.m. a.m. p.m. a.m. p.m. a.m. p....,5:00 p.m.m. a.m. p.m. a.m. p.m. a.m. p....,4:47 p.m.m. a.m. p.m. a.m. p.m. a.m. p....
836,flights,AA-446-DFW-PHL,11:50 p.m.m. a.m. p.m. a.m. p.m. a.m. a....,12:13 p.m.m. a.m. p.m. a.m. p.m. a.m. p....,3:50 p.m.m. a.m. p.m. a.m. p.m. a.m. p....,4:09 p.m.m. a.m. p.m. a.m. p.m. a.m. p....
837,flights,CO-1023-IAH-DEN,11:40 p.m.m. a.m. p.m. a.m. p.m. a.m. a....,12:06 p.m.m. a.m. p.m. a.m. p.m. a.m. p....,1:17 p.m.m. a.m. p.m. a.m. p.m. a.m. p....,1:14 p.m.m. a.m. p.m. a.m. p.m. a.m. p....
838,flights,AA-466-IAH-MIA,6:00 p.m.m. a.m. p.m. a.m. p.m. a.m. a....,6:09 p.m.m. a.m. p.m. a.m. p.m. a.m. a....,9:20 p.m.m. a.m. p.m. a.m. p.m. a.m. a....,9:05 p.m.m. a.m. p.m. a.m. p.m. a.m. a....
839,flights,UA-3050-PHX-CLT,11:05 p.m.m. a.m. p.m. a.m. p.m. a.m. a....,11:45 p.m.m. a.m. p.m. a.m. p.m. a.m. a....,4:57 p.m.m. a.m. p.m. a.m. p.m. a.m. p....,5:05 p.m.m. a.m. p.m. a.m. p.m. a.m. p....
840,flights,CO-89-IAH-EWR,6:00 p.m.m. a.m. p.m. a.m. p.m. a.m. a....,6:02 p.m.m. a.m. p.m. a.m. p.m. a.m. a....,10:20 p.m.m. a.m. p.m. a.m. p.m. a.m. a....,10:27 p.m.m. a.m. p.m. a.m. p.m. a.m. a....
841,flights,CO-1088-CLE-IAH,8:40 p.m.m. a.m. p.m. a.m. p.m. a.m. a....,8:40 p.m.m. a.m. p.m. a.m. p.m. a.m. a....,10:54 p.m.m. a.m. p.m. a.m. p.m. a.m. a....,10:56 p.m.m. a.m. p.m. a.m. p.m. a.m. a....
842,flights,AA-1664-MIA-ATL,10:15 p.m.m. a.m. p.m. a.m. p.m. a.m. a....,10:19 p.m.m. a.m. p.m. a.m. p.m. a.m. a....,12:10 p.m.m. a.m. p.m. a.m. p.m. a.m. p....,11:50 p.m.m. a.m. p.m. a.m. p.m. a.m. a....
843,flights,AA-1279-DFW-PHX,1:00 p.m.m. a.m. p.m. a.m. p.m. a.m. p....,2:04 p.m.m. a.m. p.m. a.m. p.m. a.m. p....,2:35 p.m.m. a.m. p.m. a.m. p.m. a.m. p....,3:13 p.m.m. a.m. p.m. a.m. p.m. a.m. p....
844,flights,UA-854-SFO-IAH,7:53 p.m.m. a.m. p.m. a.m. p.m. a.m. a....,8:07 p.m.m. a.m. p.m. a.m. p.m. a.m. a....,1:39 p.m.m. a.m. p.m. a.m. p.m. a.m. p....,1:30 p.m.m. a.m. p.m. a.m. p.m. a.m. p....
845,flights,UA-382-IAD-LAX,12:30 p.m.m. a.m. p.m. a.m. p.m. a.m. p....,12:56 p.m.m. a.m. p.m. a.m. p.m. a.m. p....,3:19 p.m.m. a.m. p.m. a.m. p.m. a.m. p....,3:21 p.m.m. a.m. p.m. a.m. p.m. a.m. p....
846,flights,AA-4344-ORD-DTW,11:45 p.m.m. a.m. p.m. a.m. p.m. a.m. a....,12:14 p.m.m. a.m. p.m. a.m. p.m. a.m. p....,2:00 p.m.m. a.m. p.m. a.m. p.m. a.m. p....,2:10 p.m.m. a.m. p.m. a.m. p.m. a.m. p....
847,flights,UA-257-JFK-SFO,2:30 p.m.m. a.m. p.m. a.m. p.m. a.m. p....,2:43 p.m.m. a.m. p.m. a.m. p.m. a.m. p....,6:15 p.m.m. a.m. p.m. a.m. p.m. a.m. p....,5:42 p.m.m. a.m. p.m. a.m. p.m. a.m. p....
848,flights,UA-2945-PHL-CLT,12:00 p.m.m. a.m. p.m. a.m. p.m. a.m. p....,12:08 p.m.m. a.m. p.m. a.m. p.m. a.m. p....,1:45 p.m.m. a.m. p.m. a.m. p.m. a.m. p....,1:15 p.m.m. a.m. p.m. a.m. p.m. a.m. p....
849,flights,CO-63-EWR-IAH,5:25 p.m.m. a.m. p.m. a.m. p.m. a.m. p....,5:38 p.m.m. a.m. p.m. a.m. p.m. a.m. p....,8:22 p.m.m. a.m. p.m. a.m. p.m. a.m. p....,8:03 p.m.m. a.m. p.m. a.m. p.m. a.m. p....
850,flights,CO-47-IAH-LAX,7:10 p.m.m. a.m. p.m. a.m. p.m. a.m. p....,8:25 p.m.m. a.m. p.m. a.m. p.m. a.m. p....,8:56 p.m.m. a.m. p.m. a.m. p.m. a.m. p....,9:38 p.m.m. a.m. p.m. a.m. p.m. a.m. p....
851,flights,AA-2050-ORD-MIA,10:40 p.m.m. a.m. p.m. a.m. p.m. a.m. a....,11:06 p.m.m. a.m. p.m. a.m. p.m. a.m. a....,2:45 p.m.m. a.m. p.m. a.m. p.m. a.m. p....,2:46 p.m.m. a.m. p.m. a.m. p.m. a.m. p....
852,flights,UA-248-PHX-ORD,12:57 p.m.m. a.m. p.m. a.m. p.m. a.m. p....,1:43 p.m.m. a.m. p.m. a.m. p.m. a.m. p....,5:15 p.m.m. a.m. p.m. a.m. p.m. a.m. p....,5:34 p.m.m. a.m. p.m. a.m. p.m. a.m. p....
853,flights,AA-4330-CVG-ORD,3:35 p.m.m. a.m. p.m. a.m. p.m. a.m. p....,3:36 p.m.m. a.m. p.m. a.m. p.m. a.m. p....,4:00 p.m.m. a.m. p.m. a.m. p.m. a.m. p....,3:33 p.m.m. a.m. p.m. a.m. p.m. a.m. p....
854,flights,AA-1434-DFW-MCO,7:15 p.m.m. a.m. p.m. a.m. p.m. a.m. a....,7:22 p.m.m. a.m. p.m. a.m. p.m. a.m. a....,10:35 p.m.m. a.m. p.m. a.m. p.m. a.m. a....,10:29 p.m.m. a.m. p.m. a.m. p.m. a.m. a....
855,flights,AA-1640-MIA-MCO,6:30 p.m.m. a.m. p.m. a.m. p.m. a.m. p....,6:47 p.m.m. a.m. p.m. a.m. p.m. a.m. p....,7:25 p.m.m. a.m. p.m. a.m. p.m. a.m. p....,7:25 p.m.m. a.m. p.m. a.m. p.m. a.m. p....
856,flights,AA-4307-ORD-DTW,6:45 p.m.m. a.m. p.m. a.m. p.m. a.m. p....,6:56 p.m.m. a.m. p.m. a.m. p.m. a.m. p....,9:10 p.m.m. a.m. p.m. a.m. p.m. a.m. p....,8:53 p.m.m. a.m. p.m. a.m. p.m. a.m. p....
857,flights,CO-1694-LAX-IAH,7:15 p.m.m. a.m. p.m. a.m. p.m. a.m. p....,7:15 p.m.m. a.m. p.m. a.m. p.m. a.m. p....,12:21 p.m.m. a.m. p.m. a.m. p.m. a.m. a....,12:21 p.m.m. a.m. p.m. a.m. p.m. a.m. a....
858,flights,UA-843-LAX-ORD,1:55 p.m.m. a.m. p.m. a.m. p.m. a.m. p....,2:38 p.m.m. a.m. p.m. a.m. p.m. a.m. p....,7:53 p.m.m. a.m. p.m. a.m. p.m. a.m. p....,7:58 p.m.m. a.m. p.m. a.m. p.m. a.m. p....
859,flights,CO-1193-EWR-MCO,9:15 p.m.m. a.m. p.m. a.m. p.m. a.m. a....,9:14 p.m.m. a.m. p.m. a.m. p.m. a.m. a....,12:18 p.m.m. a.m. p.m. a.m. p.m. a.m. p....,12:09 p.m.m. a.m. p.m. a.m. p.m. a.m. p....
860,flights,AA-3842-MSP-ORD,6:00 p.m.m. a.m. p.m. a.m. p.m. a.m. a....,6:56 p.m.m. a.m. p.m. a.m. p.m. a.m. a....,7:30 p.m.m. a.m. p.m. a.m. p.m. a.m. a....,7:51 p.m.m. a.m. p.m. a.m. p.m. a.m. a....
861,flights,AA-643-MIA-ORD,7:10 p.m.m. a.m. p.m. a.m. p.m. a.m. a....,7:31 p.m.m. a.m. p.m. a.m. p.m. a.m. a....,9:35 p.m.m. a.m. p.m. a.m. p.m. a.m. a....,9:26 p.m.m. a.m. p.m. a.m. p.m. a.m. a....
862,flights,AA-1007-MIA-PHX,4:55 p.m.m. a.m. p.m. a.m. p.m. a.m. p....,5:09 p.m.m. a.m. p.m. a.m. p.m. a.m. p....,8:05 p.m.m. a.m. p.m. a.m. p.m. a.m. p....,7:55 p.m.m. a.m. p.m. a.m. p.m. a.m. p....
863,flights,UA-2906-PHL-MCO,3:50 p.m.m. a.m. p.m. a.m. p.m. a.m. p....,4:28 p.m.m. a.m. p.m. a.m. p.m. a.m. p....,6:23 p.m.m. a.m. p.m. a.m. p.m. a.m. p....,6:38 p.m.m. a.m. p.m. a.m. p.m. a.m. p....
864,flights,UA-938-DEN-ORD,4:16 p.m.m. a.m. p.m. a.m. p.m. a.m. p....,4:37 p.m.m. a.m. p.m. a.m. p.m. a.m. p....,7:35 p.m.m. a.m. p.m. a.m. p.m. a.m. p....,7:36 p.m.m. a.m. p.m. a.m. p.m. a.m. p....
865,flights,AA-1221-MCO-ORD,8:00 p.m.m. a.m. p.m. a.m. p.m. a.m. p....,8:23 p.m.m. a.m. p.m. a.m. p.m. a.m. p....,9:45 p.m.m. a.m. p.m. a.m. p.m. a.m. p....,9:53 p.m.m. a.m. p.m. a.m. p.m. a.m. p....
866,flights,CO-16-LAX-EWR,10:25 p.m.m. a.m. p.m. a.m. p.m. a.m. a....,10:20 p.m.m. a.m. p.m. a.m. p.m. a.m. a....,6:44 p.m.m. a.m. p.m. a.m. p.m. a.m. p....,6:34 p.m.m. a.m. p.m. a.m. p.m. a.m. p....
867,flights,UA-2515-DFW-CLT,7:05 p.m.m. a.m. p.m. a.m. p.m. a.m. a....,7:31 p.m.m. a.m. p.m. a.m. p.m. a.m. a....,10:31 p.m.m. a.m. p.m. a.m. p.m. a.m. a....,10:45 p.m.m. a.m. p.m. a.m. p.m. a.m. a....
868,flights,AA-400-DFW-JFK,10:40 p.m.m. a.m. p.m. a.m. p.m. a.m. a....,11:02 p.m.m. a.m. p.m. a.m. p.m. a.m. a....,2:59 p.m.m. a.m. p.m. a.m. p.m. a.m. p....,3:04 p.m.m. a.m. p.m. a.m. p.m. a.m. p....
869,flights,UA-664-ORD-PHL,1:33 p.m.m. a.m. p.m. a.m. p.m. a.m. p....,1:48 p.m.m. a.m. p.m. a.m. p.m. a.m. p....,4:31 p.m.m. a.m. p.m. a.m. p.m. a.m. p....,4:23 p.m.m. a.m. p.m. a.m. p.m. a.m. p....
870,flights,AA-3756-ORD-SLC,12:15 p.m.m. a.m. p.m. a.m. p.m. a.m. p....,12:42 p.m.m. a.m. p.m. a.m. p.m. a.m. p....,2:45 p.m.m. a.m. p.m. a.m. p.m. a.m. p....,2:50 p.m.m. a.m. p.m. a.m. p.m. a.m. p....
871,flights,UA-37-EWR-MCO,1:29 p.m.m. a.m. p.m. a.m. p.m. a.m. p....,2:01 p.m.m. a.m. p.m. a.m. p.m. a.m. p....,4:17 p.m.m. a.m. p.m. a.m. p.m. a.m. p....,4:17 p.m.m. a.m. p.m. a.m. p.m. a.m. p....
872,flights,AA-1522-SFO-ORD,11:55 p.m.m. a.m. p.m. a.m. p.m. a.m. p....,12:11 p.m.m. a.m. p.m. a.m. p.m. a.m. a....,5:50 p.m.m. a.m. p.m. a.m. p.m. a.m. a....,5:42 p.m.m. a.m. p.m. a.m. p.m. a.m. a....
873,flights,UA-233-LAX-JFK,4:25 p.m.m. a.m. p.m. a.m. p.m. a.m. p....,4:28 p.m.m. a.m. p.m. a.m. p.m. a.m. p....,12:29 p.m.m. a.m. p.m. a.m. p.m. a.m. a....,12:01 p.m.m. a.m. p.m. a.m. p.m. a.m. a....
874,flights,AA-3823-LAX-DEN,9:00 p.m.m. a.m. p.m. a.m. p.m. a.m. p....,9:06 p.m.m. a.m. p.m. a.m. p.m. a.m. p....,12:15 p.m.m. a.m. p.m. a.m. p.m. a.m. a....,11:49 p.m.m. a.m. p.m. a.m. p.m. a.m. p....
875,flights,AA-2312-DFW-DTW,8:25 p.m.m. a.m. p.m. a.m. p.m. a.m. p....,8:29 p.m.m. a.m. p.m. a.m. p.m. a.m. p....,11:50 p.m.m. a.m. p.m. a.m. p.m. a.m. p....,11:35 p.m.m. a.m. p.m. a.m. p.m. a.m. p....
876,flights,AA-1165-JFK-MIA,6:59 p.m.m. a.m. p.m. a.m. p.m. a.m. a....,7:23 p.m.m. a.m. p.m. a.m. p.m. a.m. a....,10:34 p.m.m. a.m. p.m. a.m. p.m. a.m. a....,10:04 p.m.m. a.m. p.m. a.m. p.m. a.m. a....
877,flights,AA-431-MIA-SFO,8:35 p.m.m. a.m. p.m. a.m. p.m. a.m. a....,8:52 p.m.m. a.m. p.m. a.m. p.m. a.m. a....,11:50 p.m.m. a.m. p.m. a.m. p.m. a.m. a....,11:44 p.m.m. a.m. p.m. a.m. p.m. a.m. a....
878,flights,UA-3373-IAD-PHL,8:29 p.m.m. a.m. p.m. a.m. p.m. a.m. a....,8:37 p.m.m. a.m. p.m. a.m. p.m. a.m. a....,9:24 p.m.m. a.m. p.m. a.m. p.m. a.m. a....,9:13 p.m.m. a.m. p.m. a.m. p.m. a.m. a....
879,flights,AA-649-ORD-SNA,1:30 p.m.m. a.m. p.m. a.m. p.m. a.m. p....,1:41 p.m.m. a.m. p.m. a.m. p.m. a.m. p....,3:50 p.m.m. a.m. p.m. a.m. p.m. a.m. p....,3:29 p.m.m. a.m. p.m. a.m. p.m. a.m. p....
880,flights,CO-1250-MIA-IAH,2:53 p.m.m. a.m. p.m. a.m. p.m. a.m. p....,3:01 p.m.m. a.m. p.m. a.m. p.m. a.m. p....,4:48 p.m.m. a.m. p.m. a.m. p.m. a.m. p....,4:59 p.m.m. a.m. p.m. a.m. p.m. a.m. p....
881,flights,UA-6273-YYC-SFO,7:35 p.m.m. a.m. p.m. a.m. p.m. a.m. a....,7:41 p.m.m. a.m. p.m. a.m. p.m. a.m. a....,9:43 p.m.m. a.m. p.m. a.m. p.m. a.m. a....,8:45 p.m.m. a.m. p.m. a.m. p.m. a.m. a....
882,flights,UA-828-SFO-ORD,11:08 p.m.m. a.m. p.m. a.m. p.m. a.m. p....,11:35 p.m.m. a.m. p.m. a.m. p.m. a.m. p....,5:11 p.m.m. a.m. p.m. a.m. p.m. a.m. a....,5:21 p.m.m. a.m. p.m. a.m. p.m. a.m. a....
883,flights,CO-4888-IAH-DAL,5:30 p.m.m. a.m. p.m. a.m. p.m. a.m. p....,5:38 p.m.m. a.m. p.m. a.m. p.m. a.m. p....,6:40 p.m.m. a.m. p.m. a.m. p.m. a.m. p....,6:19 p.m.m. a.m. p.m. a.m. p.m. a.m. p....
884,flights,UA-858-PVG-SFO,1:45 p.m.m. a.m. p.m. a.m. p.m. a.m. p....,1:32 p.m.m. a.m. p.m. a.m. p.m. a.m. p....,8:27 p.m.m. a.m. p.m. a.m. p.m. a.m. a....,8:02 p.m.m. a.m. p.m. a.m. p.m. a.m. a....
885,flights,UA-2704-DTW-PHX,11:15 p.m.m. a.m. p.m. a.m. p.m. a.m. a....,11:47 p.m.m. a.m. p.m. a.m. p.m. a.m. a....,1:40 p.m.m. a.m. p.m. a.m. p.m. a.m. p....,2:02 p.m.m. a.m. p.m. a.m. p.m. a.m. p....
886,flights,AA-3063-SLC-LAX,8:20 p.m.m. a.m. p.m. a.m. p.m. a.m. p....,8:40 p.m.m. a.m. p.m. a.m. p.m. a.m. p....,9:20 p.m.m. a.m. p.m. a.m. p.m. a.m. p....,9:11 p.m.m. a.m. p.m. a.m. p.m. a.m. p....
887,flights,UA-2708-EWR-CLT,2:55 p.m.m. a.m. p.m. a.m. p.m. a.m. p....,3:04 p.m.m. a.m. p.m. a.m. p.m. a.m. p....,4:53 p.m.m. a.m. p.m. a.m. p.m. a.m. p....,4:24 p.m.m. a.m. p.m. a.m. p.m. a.m. p....
888,flights,UA-62-IAH-EWR,2:30 p.m.m. a.m. p.m. a.m. p.m. a.m. p....,2:48 p.m.m. a.m. p.m. a.m. p.m. a.m. p....,7:03 p.m.m. a.m. p.m. a.m. p.m. a.m. p....,7:10 p.m.m. a.m. p.m. a.m. p.m. a.m. p....
889,flights,UA-1500-IAH-GUA,8:55 p.m.m. a.m. p.m. a.m. p.m. a.m. a....,9:43 p.m.m. a.m. p.m. a.m. p.m. a.m. a....,11:45 p.m.m. a.m. p.m. a.m. p.m. a.m. a....,12:12 p.m.m. a.m. p.m. a.m. p.m. a.m. p....
890,flights,AA-3804-PHL-ORD,2:35 p.m.m. a.m. p.m. a.m. p.m. a.m. p....,2:44 p.m.m. a.m. p.m. a.m. p.m. a.m. p....,4:05 p.m.m. a.m. p.m. a.m. p.m. a.m. p....,3:36 p.m.m. a.m. p.m. a.m. p.m. a.m. p....
891,flights,AA-1917-JFK-MCO,2:55 p.m.m. a.m. p.m. a.m. p.m. a.m. p....,3:27 p.m.m. a.m. p.m. a.m. p.m. a.m. p....,5:55 p.m.m. a.m. p.m. a.m. p.m. a.m. p....,5:43 p.m.m. a.m. p.m. a.m. p.m. a.m. p....
892,flights,AA-2268-PHX-ORD,7:15 p.m.m. a.m. p.m. a.m. p.m. a.m. a....,7:23 p.m.m. a.m. p.m. a.m. p.m. a.m. a....,11:35 p.m.m. a.m. p.m. a.m. p.m. a.m. a....,11:04 p.m.m. a.m. p.m. a.m. p.m. a.m. a....
893,flights,AA-4277-CVG-JFK,12:10 p.m.m. a.m. p.m. a.m. p.m. a.m. p....,12:11 p.m.m. a.m. p.m. a.m. p.m. a.m. p....,2:15 p.m.m. a.m. p.m. a.m. p.m. a.m. p....,1:43 p.m.m. a.m. p.m. a.m. p.m. a.m. p....
894,flights,AA-2957-DFW-CVG,7:55 p.m.m. a.m. p.m. a.m. p.m. a.m. a....,8:04 p.m.m. a.m. p.m. a.m. p.m. a.m. a....,11:05 p.m.m. a.m. p.m. a.m. p.m. a.m. a....,11:01 p.m.m. a.m. p.m. a.m. p.m. a.m. a....
895,flights,UA-37-EDI-EWR,9:05 p.m.m. a.m. p.m. a.m. p.m. a.m. a....,9:05 p.m.m. a.m. p.m. a.m. p.m. a.m. a....,11:53 p.m.m. a.m. p.m. a.m. p.m. a.m. a....,12:09 p.m.m. a.m. p.m. a.m. p.m. a.m. p....
896,flights,AA-789-ORD-DEN,1:05 p.m.m. a.m. p.m. a.m. p.m. a.m. p....,1:19 p.m.m. a.m. p.m. a.m. p.m. a.m. p....,2:35 p.m.m. a.m. p.m. a.m. p.m. a.m. p....,3:13 p.m.m. a.m. p.m. a.m. p.m. a.m. p....
897,flights,AA-415-BOS-ORD,8:35 p.m.m. a.m. p.m. a.m. p.m. a.m. a....,8:56 p.m.m. a.m. p.m. a.m. p.m. a.m. a....,10:40 p.m.m. a.m. p.m. a.m. p.m. a.m. a....,10:16 p.m.m. a.m. p.m. a.m. p.m. a.m. a....
898,flights,AA-85-JFK-SFO,3:05 p.m.m. a.m. p.m. a.m. p.m. a.m. p....,3:38 p.m.m. a.m. p.m. a.m. p.m. a.m. p....,6:30 p.m.m. a.m. p.m. a.m. p.m. a.m. p....,6:43 p.m.m. a.m. p.m. a.m. p.m. a.m. p....
899,flights,AA-3979-CVG-ORD,7:30 p.m.m. a.m. p.m. a.m. p.m. a.m. a....,8:04 p.m.m. a.m. p.m. a.m. p.m. a.m. a....,8:00 p.m.m. a.m. p.m. a.m. p.m. a.m. a....,8:06 p.m.m. a.m. p.m. a.m. p.m. a.m. a....
900,flights,AA-1544-SAN-ORD,11:25 p.m.m. a.m. p.m. a.m. p.m. a.m. a....,11:41 p.m.m. a.m. p.m. a.m. p.m. a.m. a....,5:25 p.m.m. a.m. p.m. a.m. p.m. a.m. p....,4:56 p.m.m. a.m. p.m. a.m. p.m. a.m. p....
901,flights,AA-3786-IAH-ORD,4:00 p.m.m. a.m. p.m. a.m. p.m. a.m. p....,4:12 p.m.m. a.m. p.m. a.m. p.m. a.m. p....,6:40 p.m.m. a.m. p.m. a.m. p.m. a.m. p....,6:15 p.m.m. a.m. p.m. a.m. p.m. a.m. p....
902,flights,AA-271-MIA-LAX,11:35 p.m.m. a.m. p.m. a.m. p.m. a.m. a....,11:52 p.m.m. a.m. p.m. a.m. p.m. a.m. a....,2:25 p.m.m. a.m. p.m. a.m. p.m. a.m. p....,2:27 p.m.m. a.m. p.m. a.m. p.m. a.m. p....
903,flights,AA-2525-DFW-MIA,7:25 p.m.m. a.m. p.m. a.m. p.m. a.m. a....,7:39 p.m.m. a.m. p.m. a.m. p.m. a.m. a....,11:10 p.m.m. a.m. p.m. a.m. p.m. a.m. a....,11:06 p.m.m. a.m. p.m. a.m. p.m. a.m. a....
904,flights,CO-50-CLE-EWR,2:55 p.m.m. a.m. p.m. a.m. p.m. a.m. p....,3:31 p.m.m. a.m. p.m. a.m. p.m. a.m. p....,4:49 p.m.m. a.m. p.m. a.m. p.m. a.m. p....,5:26 p.m.m. a.m. p.m. a.m. p.m. a.m. p....
905,flights,UA-3099-PHX-PHL,11:55 p.m.m. a.m. p.m. a.m. p.m. a.m. a....,11:55 p.m.m. a.m. p.m. a.m. p.m. a.m. a....,6:17 p.m.m. a.m. p.m. a.m. p.m. a.m. p....,5:38 p.m.m. a.m. p.m. a.m. p.m. a.m. p....
906,flights,AA-4198-ORD-CLE,10:40 p.m.m. a.m. p.m. a.m. p.m. a.m. a....,10:55 p.m.m. a.m. p.m. a.m. p.m. a.m. a....,12:55 p.m.m. a.m. p.m. a.m. p.m. a.m. p....,12:50 p.m.m. a.m. p.m. a.m. p.m. a.m. p....
907,flights,AA-404-MIA-MCO,6:45 p.m.m. a.m. p.m. a.m. p.m. a.m. a....,6:58 p.m.m. a.m. p.m. a.m. p.m. a.m. a....,7:45 p.m.m. a.m. p.m. a.m. p.m. a.m. a....,7:40 p.m.m. a.m. p.m. a.m. p.m. a.m. a....
908,flights,CO-45-EWR-MIA,4:00 p.m.m. a.m. p.m. a.m. p.m. a.m. p....,3:58 p.m.m. a.m. p.m. a.m. p.m. a.m. p....,7:05 p.m.m. a.m. p.m. a.m. p.m. a.m. p....,6:36 p.m.m. a.m. p.m. a.m. p.m. a.m. p....
909,flights,AA-3809-PHX-LAX,6:00 p.m.m. a.m. p.m. a.m. p.m. a.m. a....,6:10 p.m.m. a.m. p.m. a.m. p.m. a.m. a....,6:40 p.m.m. a.m. p.m. a.m. p.m. a.m. a....,6:19 p.m.m. a.m. p.m. a.m. p.m. a.m. a....
910,flights,AA-59-JFK-SFO,7:10 p.m.m. a.m. p.m. a.m. p.m. a.m. a....,7:40 p.m.m. a.m. p.m. a.m. p.m. a.m. a....,10:45 p.m.m. a.m. p.m. a.m. p.m. a.m. a....,11:12 p.m.m. a.m. p.m. a.m. p.m. a.m. a....
911,flights,AA-222-LAX-BOS,7:10 p.m.m. a.m. p.m. a.m. p.m. a.m. a....,7:32 p.m.m. a.m. p.m. a.m. p.m. a.m. a....,3:30 p.m.m. a.m. p.m. a.m. p.m. a.m. p....,3:14 p.m.m. a.m. p.m. a.m. p.m. a.m. p....
912,flightarrival,AA-3859-IAH-ORD,7:10 p.m.m. a.m. p.m. a.m. p.m. a.m. a....,7:16 p.m.m. a.m. p.m. a.m. p.m. a.m. a....,9:40 p.m.m. a.m. p.m. a.m. p.m. a.m. a....,9:22 p.m.m. a.m. p.m. a.m. p.m. a.m. a....
913,flightarrival,AA-1640-MIA-MCO,6:30 p.m.m. a.m. p.m. a.m. p.m. a.m. p....,6:47 p.m.m. a.m. p.m. a.m. p.m. a.m. p....,7:25 p.m.m. a.m. p.m. a.m. p.m. a.m. p....,7:25 p.m.m. a.m. p.m. a.m. p.m. a.m. p....
914,flightarrival,UA-3925-IAD-ORF,8:41 p.m.m. a.m. p.m. a.m. p.m. a.m. a....,8:42 p.m.m. a.m. p.m. a.m. p.m. a.m. a....,9:54 p.m.m. a.m. p.m. a.m. p.m. a.m. a....,9:43 p.m.m. a.m. p.m. a.m. p.m. a.m. a....
915,flightarrival,AA-4344-ORD-DTW,11:45 p.m.m. a.m. p.m. a.m. p.m. a.m. a....,12:14 p.m.m. a.m. p.m. a.m. p.m. a.m. p....,2:00 p.m.m. a.m. p.m. a.m. p.m. a.m. p....,2:10 p.m.m. a.m. p.m. a.m. p.m. a.m. p....
916,flightarrival,UA-414-LAX-SFO,6:00 p.m.m. a.m. p.m. a.m. p.m. a.m. a....,6:10 p.m.m. a.m. p.m. a.m. p.m. a.m. a....,7:23 p.m.m. a.m. p.m. a.m. p.m. a.m. a....,7:17 p.m.m. a.m. p.m. a.m. p.m. a.m. a....
917,flightarrival,CO-1614-LAX-IAH,12:30 p.m.m. a.m. p.m. a.m. p.m. a.m. a....,12:41 p.m.m. a.m. p.m. a.m. p.m. a.m. a....,5:35 p.m.m. a.m. p.m. a.m. p.m. a.m. a....,5:26 p.m.m. a.m. p.m. a.m. p.m. a.m. a....
918,flightarrival,CO-52-IAH-LAX,7:35 p.m.m. a.m. p.m. a.m. p.m. a.m. a....,7:56 p.m.m. a.m. p.m. a.m. p.m. a.m. a....,9:21 p.m.m. a.m. p.m. a.m. p.m. a.m. a....,9:09 p.m.m. a.m. p.m. a.m. p.m. a.m. a....
919,flightarrival,CO-1090-BOS-IAH,9:45 p.m.m. a.m. p.m. a.m. p.m. a.m. a....,10:19 p.m.m. a.m. p.m. a.m. p.m. a.m. a....,1:16 p.m.m. a.m. p.m. a.m. p.m. a.m. p....,1:19 p.m.m. a.m. p.m. a.m. p.m. a.m. p....
920,flightarrival,AA-3468-CVG-MIA,7:00 p.m.m. a.m. p.m. a.m. p.m. a.m. a....,7:25 p.m.m. a.m. p.m. a.m. p.m. a.m. a....,9:55 p.m.m. a.m. p.m. a.m. p.m. a.m. a....,9:45 p.m.m. a.m. p.m. a.m. p.m. a.m. a....
921,flightarrival,CO-62-IAH-EWR,2:30 p.m.m. a.m. p.m. a.m. p.m. a.m. p....,2:48 p.m.m. a.m. p.m. a.m. p.m. a.m. p....,7:03 p.m.m. a.m. p.m. a.m. p.m. a.m. p....,7:10 p.m.m. a.m. p.m. a.m. p.m. a.m. p....
922,flightarrival,AA-466-IAH-MIA,6:00 p.m.m. a.m. p.m. a.m. p.m. a.m. a....,6:09 p.m.m. a.m. p.m. a.m. p.m. a.m. a....,9:20 p.m.m. a.m. p.m. a.m. p.m. a.m. a....,9:05 p.m.m. a.m. p.m. a.m. p.m. a.m. a....
923,flightarrival,AA-1664-MIA-ATL,10:15 p.m.m. a.m. p.m. a.m. p.m. a.m. a....,10:19 p.m.m. a.m. p.m. a.m. p.m. a.m. a....,12:10 p.m.m. a.m. p.m. a.m. p.m. a.m. p....,11:50 p.m.m. a.m. p.m. a.m. p.m. a.m. a....
924,flightarrival,AA-1279-DFW-PHX,1:00 p.m.m. a.m. p.m. a.m. p.m. a.m. p....,2:04 p.m.m. a.m. p.m. a.m. p.m. a.m. p....,2:35 p.m.m. a.m. p.m. a.m. p.m. a.m. p....,3:13 p.m.m. a.m. p.m. a.m. p.m. a.m. p....
925,flightarrival,AA-404-MIA-MCO,6:45 p.m.m. a.m. p.m. a.m. p.m. a.m. a....,6:58 p.m.m. a.m. p.m. a.m. p.m. a.m. a....,7:45 p.m.m. a.m. p.m. a.m. p.m. a.m. a....,7:40 p.m.m. a.m. p.m. a.m. p.m. a.m. a....
926,flightarrival,UA-382-IAD-LAX,12:30 p.m.m. a.m. p.m. a.m. p.m. a.m. p....,12:56 p.m.m. a.m. p.m. a.m. p.m. a.m. p....,3:19 p.m.m. a.m. p.m. a.m. p.m. a.m. p....,3:21 p.m.m. a.m. p.m. a.m. p.m. a.m. p....
927,flightarrival,CO-50-CLE-EWR,2:55 p.m.m. a.m. p.m. a.m. p.m. a.m. p....,3:31 p.m.m. a.m. p.m. a.m. p.m. a.m. p....,4:49 p.m.m. a.m. p.m. a.m. p.m. a.m. p....,5:26 p.m.m. a.m. p.m. a.m. p.m. a.m. p....
928,flightarrival,AA-616-DFW-DTW,9:05 p.m.m. a.m. p.m. a.m. p.m. a.m. a....,10:11 p.m.m. a.m. p.m. a.m. p.m. a.m. a....,12:35 p.m.m. a.m. p.m. a.m. p.m. a.m. p....,1:27 p.m.m. a.m. p.m. a.m. p.m. a.m. p....
929,flightarrival,AA-271-MIA-LAX,11:35 p.m.m. a.m. p.m. a.m. p.m. a.m. a....,11:52 p.m.m. a.m. p.m. a.m. p.m. a.m. a....,2:25 p.m.m. a.m. p.m. a.m. p.m. a.m. p....,2:27 p.m.m. a.m. p.m. a.m. p.m. a.m. p....
930,flightarrival,AA-2050-ORD-MIA,10:40 p.m.m. a.m. p.m. a.m. p.m. a.m. a....,11:06 p.m.m. a.m. p.m. a.m. p.m. a.m. a....,2:45 p.m.m. a.m. p.m. a.m. p.m. a.m. p....,2:46 p.m.m. a.m. p.m. a.m. p.m. a.m. p....
931,flightarrival,AA-4307-ORD-DTW,6:45 p.m.m. a.m. p.m. a.m. p.m. a.m. p....,6:56 p.m.m. a.m. p.m. a.m. p.m. a.m. p....,9:10 p.m.m. a.m. p.m. a.m. p.m. a.m. p....,8:53 p.m.m. a.m. p.m. a.m. p.m. a.m. p....
932,flightarrival,AA-3-JFK-LAX,12:00 p.m.m. a.m. p.m. a.m. p.m. a.m. p....,12:12 p.m.m. a.m. p.m. a.m. p.m. a.m. p....,3:15 p.m.m. a.m. p.m. a.m. p.m. a.m. p....,3:16 p.m.m. a.m. p.m. a.m. p.m. a.m. p....
933,flightarrival,CO-1694-LAX-IAH,7:15 p.m.m. a.m. p.m. a.m. p.m. a.m. p....,7:15 p.m.m. a.m. p.m. a.m. p.m. a.m. p....,12:21 p.m.m. a.m. p.m. a.m. p.m. a.m. a....,12:21 p.m.m. a.m. p.m. a.m. p.m. a.m. a....
934,flightarrival,CO-1193-EWR-MCO,9:15 p.m.m. a.m. p.m. a.m. p.m. a.m. a....,9:14 p.m.m. a.m. p.m. a.m. p.m. a.m. a....,12:18 p.m.m. a.m. p.m. a.m. p.m. a.m. p....,12:09 p.m.m. a.m. p.m. a.m. p.m. a.m. p....
935,flightarrival,UA-2906-PHL-MCO,3:50 p.m.m. a.m. p.m. a.m. p.m. a.m. p....,4:28 p.m.m. a.m. p.m. a.m. p.m. a.m. p....,6:23 p.m.m. a.m. p.m. a.m. p.m. a.m. p....,6:38 p.m.m. a.m. p.m. a.m. p.m. a.m. p....
936,flightarrival,UA-938-DEN-ORD,4:16 p.m.m. a.m. p.m. a.m. p.m. a.m. p....,4:37 p.m.m. a.m. p.m. a.m. p.m. a.m. p....,7:35 p.m.m. a.m. p.m. a.m. p.m. a.m. p....,7:36 p.m.m. a.m. p.m. a.m. p.m. a.m. p....
937,flightarrival,AA-1221-MCO-ORD,8:00 p.m.m. a.m. p.m. a.m. p.m. a.m. p....,8:23 p.m.m. a.m. p.m. a.m. p.m. a.m. p....,9:45 p.m.m. a.m. p.m. a.m. p.m. a.m. p....,9:53 p.m.m. a.m. p.m. a.m. p.m. a.m. p....
938,flightarrival,CO-16-LAX-EWR,10:25 p.m.m. a.m. p.m. a.m. p.m. a.m. a....,10:20 p.m.m. a.m. p.m. a.m. p.m. a.m. a....,6:44 p.m.m. a.m. p.m. a.m. p.m. a.m. p....,6:34 p.m.m. a.m. p.m. a.m. p.m. a.m. p....
939,flightarrival,UA-2515-DFW-CLT,7:05 p.m.m. a.m. p.m. a.m. p.m. a.m. a....,7:31 p.m.m. a.m. p.m. a.m. p.m. a.m. a....,10:31 p.m.m. a.m. p.m. a.m. p.m. a.m. a....,10:45 p.m.m. a.m. p.m. a.m. p.m. a.m. a....
940,flightarrival,AA-400-DFW-JFK,10:40 p.m.m. a.m. p.m. a.m. p.m. a.m. a....,11:02 p.m.m. a.m. p.m. a.m. p.m. a.m. a....,2:59 p.m.m. a.m. p.m. a.m. p.m. a.m. p....,3:04 p.m.m. a.m. p.m. a.m. p.m. a.m. p....
941,flightarrival,UA-664-ORD-PHL,1:33 p.m.m. a.m. p.m. a.m. p.m. a.m. p....,1:48 p.m.m. a.m. p.m. a.m. p.m. a.m. p....,4:31 p.m.m. a.m. p.m. a.m. p.m. a.m. p....,4:23 p.m.m. a.m. p.m. a.m. p.m. a.m. p....
942,flightarrival,UA-37-EWR-MCO,1:29 p.m.m. a.m. p.m. a.m. p.m. a.m. p....,2:01 p.m.m. a.m. p.m. a.m. p.m. a.m. p....,4:17 p.m.m. a.m. p.m. a.m. p.m. a.m. p....,4:17 p.m.m. a.m. p.m. a.m. p.m. a.m. p....
943,flightarrival,UA-233-LAX-JFK,4:25 p.m.m. a.m. p.m. a.m. p.m. a.m. p....,4:28 p.m.m. a.m. p.m. a.m. p.m. a.m. p....,12:29 p.m.m. a.m. p.m. a.m. p.m. a.m. a....,12:01 p.m.m. a.m. p.m. a.m. p.m. a.m. a....
944,flightarrival,AA-2312-DFW-DTW,8:25 p.m.m. a.m. p.m. a.m. p.m. a.m. p....,8:29 p.m.m. a.m. p.m. a.m. p.m. a.m. p....,11:50 p.m.m. a.m. p.m. a.m. p.m. a.m. p....,11:35 p.m.m. a.m. p.m. a.m. p.m. a.m. p....
945,flightarrival,AA-431-MIA-SFO,8:35 p.m.m. a.m. p.m. a.m. p.m. a.m. a....,8:52 p.m.m. a.m. p.m. a.m. p.m. a.m. a....,11:50 p.m.m. a.m. p.m. a.m. p.m. a.m. a....,11:44 p.m.m. a.m. p.m. a.m. p.m. a.m. a....
946,flightarrival,UA-257-JFK-SFO,2:30 p.m.m. a.m. p.m. a.m. p.m. a.m. p....,2:43 p.m.m. a.m. p.m. a.m. p.m. a.m. p....,6:15 p.m.m. a.m. p.m. a.m. p.m. a.m. p....,5:42 p.m.m. a.m. p.m. a.m. p.m. a.m. p....
947,flightarrival,UA-3373-IAD-PHL,8:29 p.m.m. a.m. p.m. a.m. p.m. a.m. a....,8:37 p.m.m. a.m. p.m. a.m. p.m. a.m. a....,9:24 p.m.m. a.m. p.m. a.m. p.m. a.m. a....,9:13 p.m.m. a.m. p.m. a.m. p.m. a.m. a....
948,flightarrival,UA-828-SFO-ORD,11:08 p.m.m. a.m. p.m. a.m. p.m. a.m. p....,11:35 p.m.m. a.m. p.m. a.m. p.m. a.m. p....,5:11 p.m.m. a.m. p.m. a.m. p.m. a.m. a....,5:21 p.m.m. a.m. p.m. a.m. p.m. a.m. a....
949,flightarrival,CO-4888-IAH-DAL,5:30 p.m.m. a.m. p.m. a.m. p.m. a.m. p....,5:38 p.m.m. a.m. p.m. a.m. p.m. a.m. p....,6:40 p.m.m. a.m. p.m. a.m. p.m. a.m. p....,6:19 p.m.m. a.m. p.m. a.m. p.m. a.m. p....
950,flightarrival,UA-858-PVG-SFO,1:45 p.m.m. a.m. p.m. a.m. p.m. a.m. p....,1:32 p.m.m. a.m. p.m. a.m. p.m. a.m. p....,8:27 p.m.m. a.m. p.m. a.m. p.m. a.m. a....,8:02 p.m.m. a.m. p.m. a.m. p.m. a.m. a....
951,flightarrival,UA-2704-DTW-PHX,11:15 p.m.m. a.m. p.m. a.m. p.m. a.m. a....,11:47 p.m.m. a.m. p.m. a.m. p.m. a.m. a....,1:40 p.m.m. a.m. p.m. a.m. p.m. a.m. p....,2:02 p.m.m. a.m. p.m. a.m. p.m. a.m. p....
952,flightarrival,AA-3063-SLC-LAX,8:20 p.m.m. a.m. p.m. a.m. p.m. a.m. p....,8:40 p.m.m. a.m. p.m. a.m. p.m. a.m. p....,9:20 p.m.m. a.m. p.m. a.m. p.m. a.m. p....,9:11 p.m.m. a.m. p.m. a.m. p.m. a.m. p....
953,flightarrival,UA-1500-IAH-GUA,8:55 p.m.m. a.m. p.m. a.m. p.m. a.m. a....,9:43 p.m.m. a.m. p.m. a.m. p.m. a.m. a....,11:45 p.m.m. a.m. p.m. a.m. p.m. a.m. a....,12:12 p.m.m. a.m. p.m. a.m. p.m. a.m. p....
954,flightarrival,CO-1561-PHX-IAH,8:05 p.m.m. a.m. p.m. a.m. p.m. a.m. a....,8:00 p.m.m. a.m. p.m. a.m. p.m. a.m. a....,11:35 p.m.m. a.m. p.m. a.m. p.m. a.m. a....,11:32 p.m.m. a.m. p.m. a.m. p.m. a.m. a....
955,flightarrival,AA-2268-PHX-ORD,7:15 p.m.m. a.m. p.m. a.m. p.m. a.m. a....,7:23 p.m.m. a.m. p.m. a.m. p.m. a.m. a....,11:35 p.m.m. a.m. p.m. a.m. p.m. a.m. a....,11:04 p.m.m. a.m. p.m. a.m. p.m. a.m. a....
956,flightarrival,UA-2314-ATL-PHL,2:55 p.m.m. a.m. p.m. a.m. p.m. a.m. p....,3:04 p.m.m. a.m. p.m. a.m. p.m. a.m. p....,5:00 p.m.m. a.m. p.m. a.m. p.m. a.m. p....,4:47 p.m.m. a.m. p.m. a.m. p.m. a.m. p....
957,flightarrival,UA-6273-YYC-SFO,7:35 p.m.m. a.m. p.m. a.m. p.m. a.m. a....,7:41 p.m.m. a.m. p.m. a.m. p.m. a.m. a....,9:43 p.m.m. a.m. p.m. a.m. p.m. a.m. a....,8:45 p.m.m. a.m. p.m. a.m. p.m. a.m. a....
958,flightarrival,AA-4277-CVG-JFK,12:10 p.m.m. a.m. p.m. a.m. p.m. a.m. p....,12:11 p.m.m. a.m. p.m. a.m. p.m. a.m. p....,2:15 p.m.m. a.m. p.m. a.m. p.m. a.m. p....,1:43 p.m.m. a.m. p.m. a.m. p.m. a.m. p....
959,flightarrival,AA-2957-DFW-CVG,7:55 p.m.m. a.m. p.m. a.m. p.m. a.m. a....,8:04 p.m.m. a.m. p.m. a.m. p.m. a.m. a....,11:05 p.m.m. a.m. p.m. a.m. p.m. a.m. a....,11:01 p.m.m. a.m. p.m. a.m. p.m. a.m. a....
960,flightarrival,UA-37-EDI-EWR,9:05 p.m.m. a.m. p.m. a.m. p.m. a.m. a....,9:05 p.m.m. a.m. p.m. a.m. p.m. a.m. a....,11:53 p.m.m. a.m. p.m. a.m. p.m. a.m. a....,12:09 p.m.m. a.m. p.m. a.m. p.m. a.m. p....
961,flightarrival,UA-854-SFO-IAH,7:53 p.m.m. a.m. p.m. a.m. p.m. a.m. a....,8:07 p.m.m. a.m. p.m. a.m. p.m. a.m. a....,1:39 p.m.m. a.m. p.m. a.m. p.m. a.m. p....,1:30 p.m.m. a.m. p.m. a.m. p.m. a.m. p....
962,flightarrival,AA-85-JFK-SFO,3:05 p.m.m. a.m. p.m. a.m. p.m. a.m. p....,3:38 p.m.m. a.m. p.m. a.m. p.m. a.m. p....,6:30 p.m.m. a.m. p.m. a.m. p.m. a.m. p....,6:43 p.m.m. a.m. p.m. a.m. p.m. a.m. p....
963,flightarrival,AA-1544-SAN-ORD,11:25 p.m.m. a.m. p.m. a.m. p.m. a.m. a....,11:41 p.m.m. a.m. p.m. a.m. p.m. a.m. a....,5:25 p.m.m. a.m. p.m. a.m. p.m. a.m. p....,4:56 p.m.m. a.m. p.m. a.m. p.m. a.m. p....
964,flightarrival,AA-3786-IAH-ORD,4:00 p.m.m. a.m. p.m. a.m. p.m. a.m. p....,4:12 p.m.m. a.m. p.m. a.m. p.m. a.m. p....,6:40 p.m.m. a.m. p.m. a.m. p.m. a.m. p....,6:15 p.m.m. a.m. p.m. a.m. p.m. a.m. p....
965,flightarrival,CO-1088-CLE-IAH,8:40 p.m.m. a.m. p.m. a.m. p.m. a.m. a....,8:40 p.m.m. a.m. p.m. a.m. p.m. a.m. a....,10:54 p.m.m. a.m. p.m. a.m. p.m. a.m. a....,10:56 p.m.m. a.m. p.m. a.m. p.m. a.m. a....
966,flightarrival,AA-4198-ORD-CLE,10:40 p.m.m. a.m. p.m. a.m. p.m. a.m. a....,10:55 p.m.m. a.m. p.m. a.m. p.m. a.m. a....,12:55 p.m.m. a.m. p.m. a.m. p.m. a.m. p....,12:50 p.m.m. a.m. p.m. a.m. p.m. a.m. p....
967,flightarrival,AA-3809-PHX-LAX,6:00 p.m.m. a.m. p.m. a.m. p.m. a.m. a....,6:10 p.m.m. a.m. p.m. a.m. p.m. a.m. a....,6:40 p.m.m. a.m. p.m. a.m. p.m. a.m. a....,6:19 p.m.m. a.m. p.m. a.m. p.m. a.m. a....
968,flightarrival,AA-59-JFK-SFO,7:10 p.m.m. a.m. p.m. a.m. p.m. a.m. a....,7:40 p.m.m. a.m. p.m. a.m. p.m. a.m. a....,10:45 p.m.m. a.m. p.m. a.m. p.m. a.m. a....,11:12 p.m.m. a.m. p.m. a.m. p.m. a.m. a....
969,flightarrival,AA-222-LAX-BOS,7:10 p.m.m. a.m. p.m. a.m. p.m. a.m. a....,7:32 p.m.m. a.m. p.m. a.m. p.m. a.m. a....,3:30 p.m.m. a.m. p.m. a.m. p.m. a.m. p....,3:14 p.m.m. a.m. p.m. a.m. p.m. a.m. p....
970,flightwise,AA-3859-IAH-ORD,7:10 p.m.m. a.m. p.m. a.m. p.m. a.m. a....,7:16 p.m.m. a.m. p.m. a.m. p.m. a.m. a....,9:40 p.m.m. a.m. p.m. a.m. p.m. a.m. a....,9:22 p.m.m. a.m. p.m. a.m. p.m. a.m. a....
971,flightwise,AA-3842-MSP-ORD,6:00 p.m.m. a.m. p.m. a.m. p.m. a.m. a....,6:56 p.m.m. a.m. p.m. a.m. p.m. a.m. a....,7:30 p.m.m. a.m. p.m. a.m. p.m. a.m. a....,7:51 p.m.m. a.m. p.m. a.m. p.m. a.m. a....
972,flightwise,AA-643-MIA-ORD,7:10 p.m.m. a.m. p.m. a.m. p.m. a.m. a....,7:31 p.m.m. a.m. p.m. a.m. p.m. a.m. a....,9:35 p.m.m. a.m. p.m. a.m. p.m. a.m. a....,9:26 p.m.m. a.m. p.m. a.m. p.m. a.m. a....
973,flightwise,AA-1640-MIA-MCO,6:30 p.m.m. a.m. p.m. a.m. p.m. a.m. p....,6:47 p.m.m. a.m. p.m. a.m. p.m. a.m. p....,7:25 p.m.m. a.m. p.m. a.m. p.m. a.m. p....,7:25 p.m.m. a.m. p.m. a.m. p.m. a.m. p....
974,flightwise,AA-2525-DFW-MIA,7:25 p.m.m. a.m. p.m. a.m. p.m. a.m. a....,7:39 p.m.m. a.m. p.m. a.m. p.m. a.m. a....,11:10 p.m.m. a.m. p.m. a.m. p.m. a.m. a....,11:06 p.m.m. a.m. p.m. a.m. p.m. a.m. a....
975,flightwise,UA-3050-PHX-CLT,11:05 p.m.m. a.m. p.m. a.m. p.m. a.m. a....,11:45 p.m.m. a.m. p.m. a.m. p.m. a.m. a....,4:57 p.m.m. a.m. p.m. a.m. p.m. a.m. p....,5:05 p.m.m. a.m. p.m. a.m. p.m. a.m. p....
976,flightwise,UA-3925-IAD-ORF,8:41 p.m.m. a.m. p.m. a.m. p.m. a.m. a....,8:42 p.m.m. a.m. p.m. a.m. p.m. a.m. a....,9:54 p.m.m. a.m. p.m. a.m. p.m. a.m. a....,9:43 p.m.m. a.m. p.m. a.m. p.m. a.m. a....
977,flightwise,UA-664-ORD-PHL,1:33 p.m.m. a.m. p.m. a.m. p.m. a.m. p....,1:48 p.m.m. a.m. p.m. a.m. p.m. a.m. p....,4:31 p.m.m. a.m. p.m. a.m. p.m. a.m. p....,4:23 p.m.m. a.m. p.m. a.m. p.m. a.m. p....
978,flightwise,AA-789-ORD-DEN,1:05 p.m.m. a.m. p.m. a.m. p.m. a.m. p....,1:19 p.m.m. a.m. p.m. a.m. p.m. a.m. p....,2:35 p.m.m. a.m. p.m. a.m. p.m. a.m. p....,3:13 p.m.m. a.m. p.m. a.m. p.m. a.m. p....
979,flightwise,AA-2312-DFW-DTW,8:25 p.m.m. a.m. p.m. a.m. p.m. a.m. p....,8:29 p.m.m. a.m. p.m. a.m. p.m. a.m. p....,11:50 p.m.m. a.m. p.m. a.m. p.m. a.m. p....,11:35 p.m.m. a.m. p.m. a.m. p.m. a.m. p....
980,flightwise,CO-1694-LAX-IAH,7:15 p.m.m. a.m. p.m. a.m. p.m. a.m. p....,7:15 p.m.m. a.m. p.m. a.m. p.m. a.m. p....,12:21 p.m.m. a.m. p.m. a.m. p.m. a.m. a....,12:21 p.m.m. a.m. p.m. a.m. p.m. a.m. a....
981,flightwise,CO-63-EWR-IAH,5:25 p.m.m. a.m. p.m. a.m. p.m. a.m. p....,5:38 p.m.m. a.m. p.m. a.m. p.m. a.m. p....,8:22 p.m.m. a.m. p.m. a.m. p.m. a.m. p....,8:03 p.m.m. a.m. p.m. a.m. p.m. a.m. p....
982,flightwise,AA-3786-IAH-ORD,4:00 p.m.m. a.m. p.m. a.m. p.m. a.m. p....,4:12 p.m.m. a.m. p.m. a.m. p.m. a.m. p....,6:40 p.m.m. a.m. p.m. a.m. p.m. a.m. p....,6:15 p.m.m. a.m. p.m. a.m. p.m. a.m. p....
983,flightwise,CO-47-IAH-LAX,7:10 p.m.m. a.m. p.m. a.m. p.m. a.m. p....,8:25 p.m.m. a.m. p.m. a.m. p.m. a.m. p....,8:56 p.m.m. a.m. p.m. a.m. p.m. a.m. p....,9:38 p.m.m. a.m. p.m. a.m. p.m. a.m. p....
984,flightwise,AA-1434-DFW-MCO,7:15 p.m.m. a.m. p.m. a.m. p.m. a.m. a....,7:22 p.m.m. a.m. p.m. a.m. p.m. a.m. a....,10:35 p.m.m. a.m. p.m. a.m. p.m. a.m. a....,10:29 p.m.m. a.m. p.m. a.m. p.m. a.m. a....
985,flightwise,AA-4330-CVG-ORD,3:35 p.m.m. a.m. p.m. a.m. p.m. a.m. p....,3:36 p.m.m. a.m. p.m. a.m. p.m. a.m. p....,4:00 p.m.m. a.m. p.m. a.m. p.m. a.m. p....,3:33 p.m.m. a.m. p.m. a.m. p.m. a.m. p....
986,flightwise,AA-3809-PHX-LAX,6:00 p.m.m. a.m. p.m. a.m. p.m. a.m. a....,6:10 p.m.m. a.m. p.m. a.m. p.m. a.m. a....,6:40 p.m.m. a.m. p.m. a.m. p.m. a.m. a....,6:19 p.m.m. a.m. p.m. a.m. p.m. a.m. a....
987,flightwise,AA-59-JFK-SFO,7:10 p.m.m. a.m. p.m. a.m. p.m. a.m. a....,7:40 p.m.m. a.m. p.m. a.m. p.m. a.m. a....,10:45 p.m.m. a.m. p.m. a.m. p.m. a.m. a....,11:12 p.m.m. a.m. p.m. a.m. p.m. a.m. a....
988,flightwise,AA-4307-ORD-DTW,6:45 p.m.m. a.m. p.m. a.m. p.m. a.m. p....,6:56 p.m.m. a.m. p.m. a.m. p.m. a.m. p....,9:10 p.m.m. a.m. p.m. a.m. p.m. a.m. p....,8:53 p.m.m. a.m. p.m. a.m. p.m. a.m. p....
989,flightwise,AA-85-JFK-SFO,3:05 p.m.m. a.m. p.m. a.m. p.m. a.m. p....,3:38 p.m.m. a.m. p.m. a.m. p.m. a.m. p....,6:30 p.m.m. a.m. p.m. a.m. p.m. a.m. p....,6:43 p.m.m. a.m. p.m. a.m. p.m. a.m. p....
990,travelocity,AA-3859-IAH-ORD,7:10 p.m.m. a.m. p.m. a.m. p.m. a.m. a....,7:16 p.m.m. a.m. p.m. a.m. p.m. a.m. a....,9:40 p.m.m. a.m. p.m. a.m. p.m. a.m. a....,9:22 p.m.m. a.m. p.m. a.m. p.m. a.m. a....
991,travelocity,AA-518-MIA-JFK,6:40 p.m.m. a.m. p.m. a.m. p.m. a.m. a....,6:54 p.m.m. a.m. p.m. a.m. p.m. a.m. a....,9:25 p.m.m. a.m. p.m. a.m. p.m. a.m. a....,9:28 p.m.m. a.m. p.m. a.m. p.m. a.m. a....
992,travelocity,UA-397-JFK-SFO,8:00 p.m.m. a.m. p.m. a.m. p.m. a.m. a....,8:29 p.m.m. a.m. p.m. a.m. p.m. a.m. a....,11:55 p.m.m. a.m. p.m. a.m. p.m. a.m. a....,11:58 p.m.m. a.m. p.m. a.m. p.m. a.m. a....
993,travelocity,UA-3925-IAD-ORF,8:41 p.m.m. a.m. p.m. a.m. p.m. a.m. a....,8:42 p.m.m. a.m. p.m. a.m. p.m. a.m. a....,9:54 p.m.m. a.m. p.m. a.m. p.m. a.m. a....,9:43 p.m.m. a.m. p.m. a.m. p.m. a.m. a....
994,travelocity,AA-1733-ORD-PHX,7:45 p.m.m. a.m. p.m. a.m. p.m. a.m. p....,7:59 p.m.m. a.m. p.m. a.m. p.m. a.m. p....,10:30 p.m.m. a.m. p.m. a.m. p.m. a.m. p....,10:30 p.m.m. a.m. p.m. a.m. p.m. a.m. p....
995,travelocity,AA-1640-MIA-MCO,6:30 p.m.m. a.m. p.m. a.m. p.m. a.m. p....,6:47 p.m.m. a.m. p.m. a.m. p.m. a.m. p....,7:25 p.m.m. a.m. p.m. a.m. p.m. a.m. p....,7:25 p.m.m. a.m. p.m. a.m. p.m. a.m. p....
996,travelocity,AA-3-JFK-LAX,12:00 p.m.m. a.m. p.m. a.m. p.m. a.m. p....,12:12 p.m.m. a.m. p.m. a.m. p.m. a.m. p....,3:15 p.m.m. a.m. p.m. a.m. p.m. a.m. p....,3:16 p.m.m. a.m. p.m. a.m. p.m. a.m. p....
997,travelocity,UA-2830-MCO-CLT,3:27 p.m.m. a.m. p.m. a.m. p.m. a.m. p....,3:50 p.m.m. a.m. p.m. a.m. p.m. a.m. p....,5:05 p.m.m. a.m. p.m. a.m. p.m. a.m. p....,5:17 p.m.m. a.m. p.m. a.m. p.m. a.m. p....
998,travelocity,AA-1544-SAN-ORD,11:25 p.m.m. a.m. p.m. a.m. p.m. a.m. a....,11:41 p.m.m. a.m. p.m. a.m. p.m. a.m. a....,5:25 p.m.m. a.m. p.m. a.m. p.m. a.m. p....,4:56 p.m.m. a.m. p.m. a.m. p.m. a.m. p....
999,travelocity,AA-204-LAX-MCO,11:25 p.m.m. a.m. p.m. a.m. p.m. a.m. p....,11:29 p.m.m. a.m. p.m. a.m. p.m. a.m. p....,6:55 p.m.m. a.m. p.m. a.m. p.m. a.m. a....,12211 6:35 p.m.m. a.m. p.m. a.m. p.m. a.m. a....
1000,travelocity,UA-414-LAX-SFO,6:00 p.m.m. a.m. p.m. a.m. p.m. a.m. a....,6:10 p.m.m. a.m. p.m. a.m. p.m. a.m. a....,7:23 p.m.m. a.m. p.m. a.m. p.m. a.m. a....,7:17 p.m.m. a.m. p.m. a.m. p.m. a.m. a....
1001,travelocity,AA-3756-ORD-SLC,12:15 p.m.m. a.m. p.m. a.m. p.m. a.m. p....,12:42 p.m.m. a.m. p.m. a.m. p.m. a.m. p....,2:45 p.m.m. a.m. p.m. a.m. p.m. a.m. p....,2:50 p.m.m. a.m. p.m. a.m. p.m. a.m. p....
1002,travelocity,UA-2726-FLL-PHL,4:00 p.m.m. a.m. p.m. a.m. p.m. a.m. p....,4:10 p.m.m. a.m. p.m. a.m. p.m. a.m. p....,6:46 p.m.m. a.m. p.m. a.m. p.m. a.m. p....,6:25 p.m.m. a.m. p.m. a.m. p.m. a.m. p....
1003,travelocity,AA-3468-CVG-MIA,7:00 p.m.m. a.m. p.m. a.m. p.m. a.m. a....,7:25 p.m.m. a.m. p.m. a.m. p.m. a.m. a....,9:55 p.m.m. a.m. p.m. a.m. p.m. a.m. a....,9:45 p.m.m. a.m. p.m. a.m. p.m. a.m. a....
1004,travelocity,UA-3515-IAD-MSP,8:15 p.m.m. a.m. p.m. a.m. p.m. a.m. a....,8:26 p.m.m. a.m. p.m. a.m. p.m. a.m. a....,10:06 p.m.m. a.m. p.m. a.m. p.m. a.m. a....,9:56 p.m.m. a.m. p.m. a.m. p.m. a.m. a....
1005,travelocity,AA-484-DFW-MIA,4:15 p.m.m. a.m. p.m. a.m. p.m. a.m. p....,4:29 p.m.m. a.m. p.m. a.m. p.m. a.m. p....,7:55 p.m.m. a.m. p.m. a.m. p.m. a.m. p....,7:39 p.m.m. a.m. p.m. a.m. p.m. a.m. p....
1006,travelocity,CO-62-IAH-EWR,2:30 p.m.m. a.m. p.m. a.m. p.m. a.m. p....,2:48 p.m.m. a.m. p.m. a.m. p.m. a.m. p....,7:03 p.m.m. a.m. p.m. a.m. p.m. a.m. p....,7:10 p.m.m. a.m. p.m. a.m. p.m. a.m. p....
1007,travelocity,AA-446-DFW-PHL,11:50 p.m.m. a.m. p.m. a.m. p.m. a.m. a....,12:13 p.m.m. a.m. p.m. a.m. p.m. a.m. p....,3:50 p.m.m. a.m. p.m. a.m. p.m. a.m. p....,4:09 p.m.m. a.m. p.m. a.m. p.m. a.m. p....
1008,travelocity,AA-466-IAH-MIA,6:00 p.m.m. a.m. p.m. a.m. p.m. a.m. a....,6:09 p.m.m. a.m. p.m. a.m. p.m. a.m. a....,9:20 p.m.m. a.m. p.m. a.m. p.m. a.m. a....,9:05 p.m.m. a.m. p.m. a.m. p.m. a.m. a....
1009,travelocity,UA-3050-PHX-CLT,11:05 p.m.m. a.m. p.m. a.m. p.m. a.m. a....,11:45 p.m.m. a.m. p.m. a.m. p.m. a.m. a....,4:57 p.m.m. a.m. p.m. a.m. p.m. a.m. p....,5:05 p.m.m. a.m. p.m. a.m. p.m. a.m. p....
1010,travelocity,CO-89-IAH-EWR,6:00 p.m.m. a.m. p.m. a.m. p.m. a.m. a....,6:02 p.m.m. a.m. p.m. a.m. p.m. a.m. a....,10:20 p.m.m. a.m. p.m. a.m. p.m. a.m. a....,10:27 p.m.m. a.m. p.m. a.m. p.m. a.m. a....
1011,travelocity,CO-1088-CLE-IAH,8:40 p.m.m. a.m. p.m. a.m. p.m. a.m. a....,8:40 p.m.m. a.m. p.m. a.m. p.m. a.m. a....,10:54 p.m.m. a.m. p.m. a.m. p.m. a.m. a....,10:56 p.m.m. a.m. p.m. a.m. p.m. a.m. a....
1012,travelocity,AA-1886-BOS-MIA,10:45 p.m.m. a.m. p.m. a.m. p.m. a.m. a....,10:55 p.m.m. a.m. p.m. a.m. p.m. a.m. a....,2:20 p.m.m. a.m. p.m. a.m. p.m. a.m. p....,1:40 p.m.m. a.m. p.m. a.m. p.m. a.m. p....
1013,travelocity,AA-2957-DFW-CVG,7:55 p.m.m. a.m. p.m. a.m. p.m. a.m. a....,8:04 p.m.m. a.m. p.m. a.m. p.m. a.m. a....,11:05 p.m.m. a.m. p.m. a.m. p.m. a.m. a....,11:01 p.m.m. a.m. p.m. a.m. p.m. a.m. a....
1014,travelocity,AA-1664-MIA-ATL,10:15 p.m.m. a.m. p.m. a.m. p.m. a.m. a....,10:19 p.m.m. a.m. p.m. a.m. p.m. a.m. a....,12:10 p.m.m. a.m. p.m. a.m. p.m. a.m. p....,11:50 p.m.m. a.m. p.m. a.m. p.m. a.m. a....
1015,travelocity,AA-3979-CVG-ORD,7:30 p.m.m. a.m. p.m. a.m. p.m. a.m. a....,8:04 p.m.m. a.m. p.m. a.m. p.m. a.m. a....,8:00 p.m.m. a.m. p.m. a.m. p.m. a.m. a....,8:06 p.m.m. a.m. p.m. a.m. p.m. a.m. a....
1016,travelocity,AA-1279-DFW-PHX,1:00 p.m.m. a.m. p.m. a.m. p.m. a.m. p....,2:04 p.m.m. a.m. p.m. a.m. p.m. a.m. p....,2:35 p.m.m. a.m. p.m. a.m. p.m. a.m. p....,3:13 p.m.m. a.m. p.m. a.m. p.m. a.m. p....
1017,travelocity,AA-616-DFW-DTW,9:05 p.m.m. a.m. p.m. a.m. p.m. a.m. a....,10:11 p.m.m. a.m. p.m. a.m. p.m. a.m. a....,12:35 p.m.m. a.m. p.m. a.m. p.m. a.m. p....,1:27 p.m.m. a.m. p.m. a.m. p.m. a.m. p....
1018,travelocity,AA-4344-ORD-DTW,11:45 p.m.m. a.m. p.m. a.m. p.m. a.m. a....,12:14 p.m.m. a.m. p.m. a.m. p.m. a.m. p....,2:00 p.m.m. a.m. p.m. a.m. p.m. a.m. p....,2:10 p.m.m. a.m. p.m. a.m. p.m. a.m. p....
1019,travelocity,UA-2945-PHL-CLT,12:00 p.m.m. a.m. p.m. a.m. p.m. a.m. p....,12:08 p.m.m. a.m. p.m. a.m. p.m. a.m. p....,1:45 p.m.m. a.m. p.m. a.m. p.m. a.m. p....,1:15 p.m.m. a.m. p.m. a.m. p.m. a.m. p....
1020,travelocity,AA-2525-DFW-MIA,7:25 p.m.m. a.m. p.m. a.m. p.m. a.m. a....,7:39 p.m.m. a.m. p.m. a.m. p.m. a.m. a....,11:10 p.m.m. a.m. p.m. a.m. p.m. a.m. a....,11:06 p.m.m. a.m. p.m. a.m. p.m. a.m. a....
1021,travelocity,AA-271-MIA-LAX,11:35 p.m.m. a.m. p.m. a.m. p.m. a.m. a....,11:52 p.m.m. a.m. p.m. a.m. p.m. a.m. a....,2:25 p.m.m. a.m. p.m. a.m. p.m. a.m. p....,2:27 p.m.m. a.m. p.m. a.m. p.m. a.m. p....
1022,travelocity,AA-2050-ORD-MIA,10:40 p.m.m. a.m. p.m. a.m. p.m. a.m. a....,11:06 p.m.m. a.m. p.m. a.m. p.m. a.m. a....,2:45 p.m.m. a.m. p.m. a.m. p.m. a.m. p....,2:46 p.m.m. a.m. p.m. a.m. p.m. a.m. p....
1023,travelocity,AA-1434-DFW-MCO,7:15 p.m.m. a.m. p.m. a.m. p.m. a.m. a....,7:22 p.m.m. a.m. p.m. a.m. p.m. a.m. a....,10:35 p.m.m. a.m. p.m. a.m. p.m. a.m. a....,10:29 p.m.m. a.m. p.m. a.m. p.m. a.m. a....
1024,travelocity,CO-1561-PHX-IAH,8:05 p.m.m. a.m. p.m. a.m. p.m. a.m. a....,8:00 p.m.m. a.m. p.m. a.m. p.m. a.m. a....,11:35 p.m.m. a.m. p.m. a.m. p.m. a.m. a....,11:32 p.m.m. a.m. p.m. a.m. p.m. a.m. a....
1025,travelocity,AA-4307-ORD-DTW,6:45 p.m.m. a.m. p.m. a.m. p.m. a.m. p....,6:56 p.m.m. a.m. p.m. a.m. p.m. a.m. p....,9:10 p.m.m. a.m. p.m. a.m. p.m. a.m. p....,8:53 p.m.m. a.m. p.m. a.m. p.m. a.m. p....
1026,travelocity,CO-1694-LAX-IAH,7:15 p.m.m. a.m. p.m. a.m. p.m. a.m. p....,7:15 p.m.m. a.m. p.m. a.m. p.m. a.m. p....,12:21 p.m.m. a.m. p.m. a.m. p.m. a.m. a....,12:21 p.m.m. a.m. p.m. a.m. p.m. a.m. a....
1027,travelocity,UA-843-LAX-ORD,1:55 p.m.m. a.m. p.m. a.m. p.m. a.m. p....,2:38 p.m.m. a.m. p.m. a.m. p.m. a.m. p....,7:53 p.m.m. a.m. p.m. a.m. p.m. a.m. p....,7:58 p.m.m. a.m. p.m. a.m. p.m. a.m. p....
1028,travelocity,CO-1193-EWR-MCO,9:15 p.m.m. a.m. p.m. a.m. p.m. a.m. a....,9:14 p.m.m. a.m. p.m. a.m. p.m. a.m. a....,12:18 p.m.m. a.m. p.m. a.m. p.m. a.m. p....,12:09 p.m.m. a.m. p.m. a.m. p.m. a.m. p....
1029,travelocity,AA-3842-MSP-ORD,6:00 p.m.m. a.m. p.m. a.m. p.m. a.m. a....,6:56 p.m.m. a.m. p.m. a.m. p.m. a.m. a....,7:30 p.m.m. a.m. p.m. a.m. p.m. a.m. a....,7:51 p.m.m. a.m. p.m. a.m. p.m. a.m. a....
1030,travelocity,AA-643-MIA-ORD,7:10 p.m.m. a.m. p.m. a.m. p.m. a.m. a....,7:31 p.m.m. a.m. p.m. a.m. p.m. a.m. a....,9:35 p.m.m. a.m. p.m. a.m. p.m. a.m. a....,9:26 p.m.m. a.m. p.m. a.m. p.m. a.m. a....
1031,travelocity,UA-2906-PHL-MCO,3:50 p.m.m. a.m. p.m. a.m. p.m. a.m. p....,4:28 p.m.m. a.m. p.m. a.m. p.m. a.m. p....,6:23 p.m.m. a.m. p.m. a.m. p.m. a.m. p....,6:38 p.m.m. a.m. p.m. a.m. p.m. a.m. p....
1032,travelocity,AA-1221-MCO-ORD,8:00 p.m.m. a.m. p.m. a.m. p.m. a.m. p....,8:23 p.m.m. a.m. p.m. a.m. p.m. a.m. p....,9:45 p.m.m. a.m. p.m. a.m. p.m. a.m. p....,9:53 p.m.m. a.m. p.m. a.m. p.m. a.m. p....
1033,travelocity,UA-2515-DFW-CLT,7:05 p.m.m. a.m. p.m. a.m. p.m. a.m. a....,7:31 p.m.m. a.m. p.m. a.m. p.m. a.m. a....,10:31 p.m.m. a.m. p.m. a.m. p.m. a.m. a....,10:45 p.m.m. a.m. p.m. a.m. p.m. a.m. a....
1034,travelocity,AA-400-DFW-JFK,10:40 p.m.m. a.m. p.m. a.m. p.m. a.m. a....,11:02 p.m.m. a.m. p.m. a.m. p.m. a.m. a....,2:59 p.m.m. a.m. p.m. a.m. p.m. a.m. p....,3:04 p.m.m. a.m. p.m. a.m. p.m. a.m. p....
1035,travelocity,UA-664-ORD-PHL,1:33 p.m.m. a.m. p.m. a.m. p.m. a.m. p....,1:48 p.m.m. a.m. p.m. a.m. p.m. a.m. p....,4:31 p.m.m. a.m. p.m. a.m. p.m. a.m. p....,4:23 p.m.m. a.m. p.m. a.m. p.m. a.m. p....
1036,travelocity,AA-1522-SFO-ORD,11:55 p.m.m. a.m. p.m. a.m. p.m. a.m. p....,12:11 p.m.m. a.m. p.m. a.m. p.m. a.m. a....,5:50 p.m.m. a.m. p.m. a.m. p.m. a.m. a....,5:42 p.m.m. a.m. p.m. a.m. p.m. a.m. a....
1037,travelocity,UA-233-LAX-JFK,4:25 p.m.m. a.m. p.m. a.m. p.m. a.m. p....,4:28 p.m.m. a.m. p.m. a.m. p.m. a.m. p....,12:29 p.m.m. a.m. p.m. a.m. p.m. a.m. a....,12:01 p.m.m. a.m. p.m. a.m. p.m. a.m. a....
1038,travelocity,AA-3823-LAX-DEN,9:00 p.m.m. a.m. p.m. a.m. p.m. a.m. p....,9:06 p.m.m. a.m. p.m. a.m. p.m. a.m. p....,12:15 p.m.m. a.m. p.m. a.m. p.m. a.m. a....,11:49 p.m.m. a.m. p.m. a.m. p.m. a.m. p....
1039,travelocity,AA-2312-DFW-DTW,8:25 p.m.m. a.m. p.m. a.m. p.m. a.m. p....,8:29 p.m.m. a.m. p.m. a.m. p.m. a.m. p....,11:50 p.m.m. a.m. p.m. a.m. p.m. a.m. p....,11:35 p.m.m. a.m. p.m. a.m. p.m. a.m. p....
1040,travelocity,AA-1165-JFK-MIA,6:59 p.m.m. a.m. p.m. a.m. p.m. a.m. a....,7:23 p.m.m. a.m. p.m. a.m. p.m. a.m. a....,10:34 p.m.m. a.m. p.m. a.m. p.m. a.m. a....,10:04 p.m.m. a.m. p.m. a.m. p.m. a.m. a....
1041,travelocity,AA-431-MIA-SFO,8:35 p.m.m. a.m. p.m. a.m. p.m. a.m. a....,8:52 p.m.m. a.m. p.m. a.m. p.m. a.m. a....,11:50 p.m.m. a.m. p.m. a.m. p.m. a.m. a....,11:44 p.m.m. a.m. p.m. a.m. p.m. a.m. a....
1042,travelocity,UA-257-JFK-SFO,2:30 p.m.m. a.m. p.m. a.m. p.m. a.m. p....,2:43 p.m.m. a.m. p.m. a.m. p.m. a.m. p....,6:15 p.m.m. a.m. p.m. a.m. p.m. a.m. p....,5:42 p.m.m. a.m. p.m. a.m. p.m. a.m. p....
1043,travelocity,UA-3373-IAD-PHL,8:29 p.m.m. a.m. p.m. a.m. p.m. a.m. a....,8:37 p.m.m. a.m. p.m. a.m. p.m. a.m. a....,9:24 p.m.m. a.m. p.m. a.m. p.m. a.m. a....,9:13 p.m.m. a.m. p.m. a.m. p.m. a.m. a....
1044,travelocity,AA-649-ORD-SNA,1:30 p.m.m. a.m. p.m. a.m. p.m. a.m. p....,1:41 p.m.m. a.m. p.m. a.m. p.m. a.m. p....,3:50 p.m.m. a.m. p.m. a.m. p.m. a.m. p....,3:29 p.m.m. a.m. p.m. a.m. p.m. a.m. p....
1045,travelocity,CO-1250-MIA-IAH,2:53 p.m.m. a.m. p.m. a.m. p.m. a.m. p....,3:01 p.m.m. a.m. p.m. a.m. p.m. a.m. p....,4:48 p.m.m. a.m. p.m. a.m. p.m. a.m. p....,4:59 p.m.m. a.m. p.m. a.m. p.m. a.m. p....
1046,travelocity,UA-6273-YYC-SFO,7:35 p.m.m. a.m. p.m. a.m. p.m. a.m. a....,7:41 p.m.m. a.m. p.m. a.m. p.m. a.m. a....,9:43 p.m.m. a.m. p.m. a.m. p.m. a.m. a....,8:45 p.m.m. a.m. p.m. a.m. p.m. a.m. a....
1047,travelocity,UA-858-PVG-SFO,1:45 p.m.m. a.m. p.m. a.m. p.m. a.m. p....,1:32 p.m.m. a.m. p.m. a.m. p.m. a.m. p....,8:27 p.m.m. a.m. p.m. a.m. p.m. a.m. a....,8:02 p.m.m. a.m. p.m. a.m. p.m. a.m. a....
1048,travelocity,UA-2704-DTW-PHX,11:15 p.m.m. a.m. p.m. a.m. p.m. a.m. a....,11:47 p.m.m. a.m. p.m. a.m. p.m. a.m. a....,1:40 p.m.m. a.m. p.m. a.m. p.m. a.m. p....,2:02 p.m.m. a.m. p.m. a.m. p.m. a.m. p....
1049,travelocity,AA-3063-SLC-LAX,8:20 p.m.m. a.m. p.m. a.m. p.m. a.m. p....,8:40 p.m.m. a.m. p.m. a.m. p.m. a.m. p....,9:20 p.m.m. a.m. p.m. a.m. p.m. a.m. p....,9:11 p.m.m. a.m. p.m. a.m. p.m. a.m. p....
1050,travelocity,UA-2708-EWR-CLT,2:55 p.m.m. a.m. p.m. a.m. p.m. a.m. p....,3:04 p.m.m. a.m. p.m. a.m. p.m. a.m. p....,4:53 p.m.m. a.m. p.m. a.m. p.m. a.m. p....,4:24 p.m.m. a.m. p.m. a.m. p.m. a.m. p....
1051,travelocity,UA-62-IAH-EWR,2:30 p.m.m. a.m. p.m. a.m. p.m. a.m. p....,2:48 p.m.m. a.m. p.m. a.m. p.m. a.m. p....,7:03 p.m.m. a.m. p.m. a.m. p.m. a.m. p....,7:10 p.m.m. a.m. p.m. a.m. p.m. a.m. p....
1052,travelocity,AA-3804-PHL-ORD,2:35 p.m.m. a.m. p.m. a.m. p.m. a.m. p....,2:44 p.m.m. a.m. p.m. a.m. p.m. a.m. p....,4:05 p.m.m. a.m. p.m. a.m. p.m. a.m. p....,3:36 p.m.m. a.m. p.m. a.m. p.m. a.m. p....
1053,travelocity,AA-1917-JFK-MCO,2:55 p.m.m. a.m. p.m. a.m. p.m. a.m. p....,3:27 p.m.m. a.m. p.m. a.m. p.m. a.m. p....,5:55 p.m.m. a.m. p.m. a.m. p.m. a.m. p....,5:43 p.m.m. a.m. p.m. a.m. p.m. a.m. p....
1054,travelocity,AA-2268-PHX-ORD,7:15 p.m.m. a.m. p.m. a.m. p.m. a.m. a....,7:23 p.m.m. a.m. p.m. a.m. p.m. a.m. a....,11:35 p.m.m. a.m. p.m. a.m. p.m. a.m. a....,11:04 p.m.m. a.m. p.m. a.m. p.m. a.m. a....
1055,travelocity,UA-2314-ATL-PHL,2:55 p.m.m. a.m. p.m. a.m. p.m. a.m. p....,3:04 p.m.m. a.m. p.m. a.m. p.m. a.m. p....,5:00 p.m.m. a.m. p.m. a.m. p.m. a.m. p....,4:47 p.m.m. a.m. p.m. a.m. p.m. a.m. p....
1056,travelocity,AA-4277-CVG-JFK,12:10 p.m.m. a.m. p.m. a.m. p.m. a.m. p....,12:11 p.m.m. a.m. p.m. a.m. p.m. a.m. p....,2:15 p.m.m. a.m. p.m. a.m. p.m. a.m. p....,1:43 p.m.m. a.m. p.m. a.m. p.m. a.m. p....
1057,travelocity,UA-37-EDI-EWR,9:05 p.m.m. a.m. p.m. a.m. p.m. a.m. a....,9:05 p.m.m. a.m. p.m. a.m. p.m. a.m. a....,11:53 p.m.m. a.m. p.m. a.m. p.m. a.m. a....,12:09 p.m.m. a.m. p.m. a.m. p.m. a.m. p....
1058,travelocity,AA-789-ORD-DEN,1:05 p.m.m. a.m. p.m. a.m. p.m. a.m. p....,1:19 p.m.m. a.m. p.m. a.m. p.m. a.m. p....,2:35 p.m.m. a.m. p.m. a.m. p.m. a.m. p....,3:13 p.m.m. a.m. p.m. a.m. p.m. a.m. p....
1059,travelocity,UA-854-SFO-IAH,7:53 p.m.m. a.m. p.m. a.m. p.m. a.m. a....,8:07 p.m.m. a.m. p.m. a.m. p.m. a.m. a....,1:39 p.m.m. a.m. p.m. a.m. p.m. a.m. p....,1:30 p.m.m. a.m. p.m. a.m. p.m. a.m. p....
1060,travelocity,AA-415-BOS-ORD,8:35 p.m.m. a.m. p.m. a.m. p.m. a.m. a....,8:56 p.m.m. a.m. p.m. a.m. p.m. a.m. a....,10:40 p.m.m. a.m. p.m. a.m. p.m. a.m. a....,10:16 p.m.m. a.m. p.m. a.m. p.m. a.m. a....
1061,travelocity,AA-85-JFK-SFO,3:05 p.m.m. a.m. p.m. a.m. p.m. a.m. p....,3:38 p.m.m. a.m. p.m. a.m. p.m. a.m. p....,6:30 p.m.m. a.m. p.m. a.m. p.m. a.m. p....,6:43 p.m.m. a.m. p.m. a.m. p.m. a.m. p....
1062,travelocity,AA-3786-IAH-ORD,4:00 p.m.m. a.m. p.m. a.m. p.m. a.m. p....,4:12 p.m.m. a.m. p.m. a.m. p.m. a.m. p....,6:40 p.m.m. a.m. p.m. a.m. p.m. a.m. p....,6:15 p.m.m. a.m. p.m. a.m. p.m. a.m. p....
1063,travelocity,CO-50-CLE-EWR,2:55 p.m.m. a.m. p.m. a.m. p.m. a.m. p....,3:31 p.m.m. a.m. p.m. a.m. p.m. a.m. p....,4:49 p.m.m. a.m. p.m. a.m. p.m. a.m. p....,5:26 p.m.m. a.m. p.m. a.m. p.m. a.m. p....
1064,travelocity,UA-3099-PHX-PHL,11:55 p.m.m. a.m. p.m. a.m. p.m. a.m. a....,11:55 p.m.m. a.m. p.m. a.m. p.m. a.m. a....,6:17 p.m.m. a.m. p.m. a.m. p.m. a.m. p....,5:38 p.m.m. a.m. p.m. a.m. p.m. a.m. p....
1065,travelocity,AA-4198-ORD-CLE,10:40 p.m.m. a.m. p.m. a.m. p.m. a.m. a....,10:55 p.m.m. a.m. p.m. a.m. p.m. a.m. a....,12:55 p.m.m. a.m. p.m. a.m. p.m. a.m. p....,12:50 p.m.m. a.m. p.m. a.m. p.m. a.m. p....
1066,travelocity,AA-222-LAX-BOS,7:10 p.m.m. a.m. p.m. a.m. p.m. a.m. a....,7:32 p.m.m. a.m. p.m. a.m. p.m. a.m. a....,3:30 p.m.m. a.m. p.m. a.m. p.m. a.m. p....,3:14 p.m.m. a.m. p.m. a.m. p.m. a.m. p....
1067,travelocity,AA-404-MIA-MCO,6:45 p.m.m. a.m. p.m. a.m. p.m. a.m. a....,6:58 p.m.m. a.m. p.m. a.m. p.m. a.m. a....,7:45 p.m.m. a.m. p.m. a.m. p.m. a.m. a....,7:40 p.m.m. a.m. p.m. a.m. p.m. a.m. a....
1068,travelocity,CO-45-EWR-MIA,4:00 p.m.m. a.m. p.m. a.m. p.m. a.m. p....,3:58 p.m.m. a.m. p.m. a.m. p.m. a.m. p....,7:05 p.m.m. a.m. p.m. a.m. p.m. a.m. p....,6:36 p.m.m. a.m. p.m. a.m. p.m. a.m. p....
1069,travelocity,AA-3809-PHX-LAX,6:00 p.m.m. a.m. p.m. a.m. p.m. a.m. a....,6:10 p.m.m. a.m. p.m. a.m. p.m. a.m. a....,6:40 p.m.m. a.m. p.m. a.m. p.m. a.m. a....,6:19 p.m.m. a.m. p.m. a.m. p.m. a.m. a....
1070,travelocity,AA-59-JFK-SFO,7:10 p.m.m. a.m. p.m. a.m. p.m. a.m. a....,7:40 p.m.m. a.m. p.m. a.m. p.m. a.m. a....,10:45 p.m.m. a.m. p.m. a.m. p.m. a.m. a....,11:12 p.m.m. a.m. p.m. a.m. p.m. a.m. a....
1071,foxbusiness,AA-3859-IAH-ORD,7:10 p.m.m. a.m. p.m. a.m. p.m. a.m. a....,7:16 p.m.m. a.m. p.m. a.m. p.m. a.m. a....,9:40 p.m.m. a.m. p.m. a.m. p.m. a.m. a....,9:22 p.m.m. a.m. p.m. a.m. p.m. a.m. a....
1072,foxbusiness,CO-1586-IAH-MCO,7:00 p.m.m. a.m. p.m. a.m. p.m. a.m. p....,7:42 p.m.m. a.m. p.m. a.m. p.m. a.m. p....,10:15 p.m.m. a.m. p.m. a.m. p.m. a.m. p....,10:29 p.m.m. a.m. p.m. a.m. p.m. a.m. p....
1073,foxbusiness,AA-518-MIA-JFK,6:40 p.m.m. a.m. p.m. a.m. p.m. a.m. a....,6:54 p.m.m. a.m. p.m. a.m. p.m. a.m. a....,9:25 p.m.m. a.m. p.m. a.m. p.m. a.m. a....,9:28 p.m.m. a.m. p.m. a.m. p.m. a.m. a....
1074,foxbusiness,UA-397-JFK-SFO,8:00 p.m.m. a.m. p.m. a.m. p.m. a.m. a....,8:29 p.m.m. a.m. p.m. a.m. p.m. a.m. a....,11:55 p.m.m. a.m. p.m. a.m. p.m. a.m. a....,11:58 p.m.m. a.m. p.m. a.m. p.m. a.m. a....
1075,foxbusiness,UA-3925-IAD-ORF,8:41 p.m.m. a.m. p.m. a.m. p.m. a.m. a....,8:42 p.m.m. a.m. p.m. a.m. p.m. a.m. a....,9:54 p.m.m. a.m. p.m. a.m. p.m. a.m. a....,9:43 p.m.m. a.m. p.m. a.m. p.m. a.m. a....
1076,foxbusiness,AA-1733-ORD-PHX,7:45 p.m.m. a.m. p.m. a.m. p.m. a.m. p....,7:59 p.m.m. a.m. p.m. a.m. p.m. a.m. p....,10:30 p.m.m. a.m. p.m. a.m. p.m. a.m. p....,10:30 p.m.m. a.m. p.m. a.m. p.m. a.m. p....
1077,foxbusiness,AA-3-JFK-LAX,12:00 p.m.m. a.m. p.m. a.m. p.m. a.m. p....,12:12 p.m.m. a.m. p.m. a.m. p.m. a.m. p....,3:15 p.m.m. a.m. p.m. a.m. p.m. a.m. p....,3:16 p.m.m. a.m. p.m. a.m. p.m. a.m. p....
1078,foxbusiness,UA-2830-MCO-CLT,3:27 p.m.m. a.m. p.m. a.m. p.m. a.m. p....,3:50 p.m.m. a.m. p.m. a.m. p.m. a.m. p....,5:05 p.m.m. a.m. p.m. a.m. p.m. a.m. p....,5:17 p.m.m. a.m. p.m. a.m. p.m. a.m. p....
1079,foxbusiness,CO-58-DEN-IAH,11:25 p.m.m. a.m. p.m. a.m. p.m. a.m. a....,11:32 p.m.m. a.m. p.m. a.m. p.m. a.m. a....,2:50 p.m.m. a.m. p.m. a.m. p.m. a.m. p....,3:31 p.m.m. a.m. p.m. a.m. p.m. a.m. p....
1080,foxbusiness,UA-5487-SFO-MRY,10:39 p.m.m. a.m. p.m. a.m. p.m. a.m. a....,10:53 p.m.m. a.m. p.m. a.m. p.m. a.m. a....,11:19 p.m.m. a.m. p.m. a.m. p.m. a.m. a....,11:21 p.m.m. a.m. p.m. a.m. p.m. a.m. a....
1081,foxbusiness,AA-204-LAX-MCO,11:25 p.m.m. a.m. p.m. a.m. p.m. a.m. p....,11:29 p.m.m. a.m. p.m. a.m. p.m. a.m. p....,6:55 p.m.m. a.m. p.m. a.m. p.m. a.m. a....,12211 6:35 p.m.m. a.m. p.m. a.m. p.m. a.m. a....
1082,foxbusiness,UA-414-LAX-SFO,6:00 p.m.m. a.m. p.m. a.m. p.m. a.m. a....,6:10 p.m.m. a.m. p.m. a.m. p.m. a.m. a....,7:23 p.m.m. a.m. p.m. a.m. p.m. a.m. a....,7:17 p.m.m. a.m. p.m. a.m. p.m. a.m. a....
1083,foxbusiness,CO-1614-LAX-IAH,12:30 p.m.m. a.m. p.m. a.m. p.m. a.m. a....,12:41 p.m.m. a.m. p.m. a.m. p.m. a.m. a....,5:35 p.m.m. a.m. p.m. a.m. p.m. a.m. a....,5:26 p.m.m. a.m. p.m. a.m. p.m. a.m. a....
1084,foxbusiness,UA-2726-FLL-PHL,4:00 p.m.m. a.m. p.m. a.m. p.m. a.m. p....,4:10 p.m.m. a.m. p.m. a.m. p.m. a.m. p....,6:46 p.m.m. a.m. p.m. a.m. p.m. a.m. p....,6:25 p.m.m. a.m. p.m. a.m. p.m. a.m. p....
1085,foxbusiness,CO-52-IAH-LAX,7:35 p.m.m. a.m. p.m. a.m. p.m. a.m. a....,7:56 p.m.m. a.m. p.m. a.m. p.m. a.m. a....,9:21 p.m.m. a.m. p.m. a.m. p.m. a.m. a....,9:09 p.m.m. a.m. p.m. a.m. p.m. a.m. a....
1086,foxbusiness,CO-1090-BOS-IAH,9:45 p.m.m. a.m. p.m. a.m. p.m. a.m. a....,10:19 p.m.m. a.m. p.m. a.m. p.m. a.m. a....,1:16 p.m.m. a.m. p.m. a.m. p.m. a.m. p....,1:19 p.m.m. a.m. p.m. a.m. p.m. a.m. p....
1087,foxbusiness,AA-616-DFW-DTW,9:05 p.m.m. a.m. p.m. a.m. p.m. a.m. a....,10:11 p.m.m. a.m. p.m. a.m. p.m. a.m. a....,12:35 p.m.m. a.m. p.m. a.m. p.m. a.m. p....,1:27 p.m.m. a.m. p.m. a.m. p.m. a.m. p....
1088,foxbusiness,UA-3515-IAD-MSP,8:15 p.m.m. a.m. p.m. a.m. p.m. a.m. a....,8:26 p.m.m. a.m. p.m. a.m. p.m. a.m. a....,10:06 p.m.m. a.m. p.m. a.m. p.m. a.m. a....,9:56 p.m.m. a.m. p.m. a.m. p.m. a.m. a....
1089,foxbusiness,AA-3468-CVG-MIA,7:00 p.m.m. a.m. p.m. a.m. p.m. a.m. a....,7:25 p.m.m. a.m. p.m. a.m. p.m. a.m. a....,9:55 p.m.m. a.m. p.m. a.m. p.m. a.m. a....,9:45 p.m.m. a.m. p.m. a.m. p.m. a.m. a....
1090,foxbusiness,AA-484-DFW-MIA,4:15 p.m.m. a.m. p.m. a.m. p.m. a.m. p....,4:29 p.m.m. a.m. p.m. a.m. p.m. a.m. p....,7:55 p.m.m. a.m. p.m. a.m. p.m. a.m. p....,7:39 p.m.m. a.m. p.m. a.m. p.m. a.m. p....
1091,foxbusiness,AA-1886-BOS-MIA,10:45 p.m.m. a.m. p.m. a.m. p.m. a.m. a....,10:55 p.m.m. a.m. p.m. a.m. p.m. a.m. a....,2:20 p.m.m. a.m. p.m. a.m. p.m. a.m. p....,1:40 p.m.m. a.m. p.m. a.m. p.m. a.m. p....
1092,foxbusiness,CO-62-IAH-EWR,2:30 p.m.m. a.m. p.m. a.m. p.m. a.m. p....,2:48 p.m.m. a.m. p.m. a.m. p.m. a.m. p....,7:03 p.m.m. a.m. p.m. a.m. p.m. a.m. p....,7:10 p.m.m. a.m. p.m. a.m. p.m. a.m. p....
1093,foxbusiness,CO-1561-PHX-IAH,8:05 p.m.m. a.m. p.m. a.m. p.m. a.m. a....,8:00 p.m.m. a.m. p.m. a.m. p.m. a.m. a....,11:35 p.m.m. a.m. p.m. a.m. p.m. a.m. a....,11:32 p.m.m. a.m. p.m. a.m. p.m. a.m. a....
1094,foxbusiness,UA-2314-ATL-PHL,2:55 p.m.m. a.m. p.m. a.m. p.m. a.m. p....,3:04 p.m.m. a.m. p.m. a.m. p.m. a.m. p....,5:00 p.m.m. a.m. p.m. a.m. p.m. a.m. p....,4:47 p.m.m. a.m. p.m. a.m. p.m. a.m. p....
1095,foxbusiness,AA-446-DFW-PHL,11:50 p.m.m. a.m. p.m. a.m. p.m. a.m. a....,12:13 p.m.m. a.m. p.m. a.m. p.m. a.m. p....,3:50 p.m.m. a.m. p.m. a.m. p.m. a.m. p....,4:09 p.m.m. a.m. p.m. a.m. p.m. a.m. p....
1096,foxbusiness,CO-1023-IAH-DEN,11:40 p.m.m. a.m. p.m. a.m. p.m. a.m. a....,12:06 p.m.m. a.m. p.m. a.m. p.m. a.m. p....,1:17 p.m.m. a.m. p.m. a.m. p.m. a.m. p....,1:14 p.m.m. a.m. p.m. a.m. p.m. a.m. p....
1097,foxbusiness,AA-466-IAH-MIA,6:00 p.m.m. a.m. p.m. a.m. p.m. a.m. a....,6:09 p.m.m. a.m. p.m. a.m. p.m. a.m. a....,9:20 p.m.m. a.m. p.m. a.m. p.m. a.m. a....,9:05 p.m.m. a.m. p.m. a.m. p.m. a.m. a....
1098,foxbusiness,UA-3050-PHX-CLT,11:05 p.m.m. a.m. p.m. a.m. p.m. a.m. a....,11:45 p.m.m. a.m. p.m. a.m. p.m. a.m. a....,4:57 p.m.m. a.m. p.m. a.m. p.m. a.m. p....,5:05 p.m.m. a.m. p.m. a.m. p.m. a.m. p....
1099,foxbusiness,CO-89-IAH-EWR,6:00 p.m.m. a.m. p.m. a.m. p.m. a.m. a....,6:02 p.m.m. a.m. p.m. a.m. p.m. a.m. a....,10:20 p.m.m. a.m. p.m. a.m. p.m. a.m. a....,10:27 p.m.m. a.m. p.m. a.m. p.m. a.m. a....
1100,foxbusiness,CO-1088-CLE-IAH,8:40 p.m.m. a.m. p.m. a.m. p.m. a.m. a....,8:40 p.m.m. a.m. p.m. a.m. p.m. a.m. a....,10:54 p.m.m. a.m. p.m. a.m. p.m. a.m. a....,10:56 p.m.m. a.m. p.m. a.m. p.m. a.m. a....
1101,foxbusiness,AA-1664-MIA-ATL,10:15 p.m.m. a.m. p.m. a.m. p.m. a.m. a....,10:19 p.m.m. a.m. p.m. a.m. p.m. a.m. a....,12:10 p.m.m. a.m. p.m. a.m. p.m. a.m. p....,11:50 p.m.m. a.m. p.m. a.m. p.m. a.m. a....
1102,foxbusiness,AA-1279-DFW-PHX,1:00 p.m.m. a.m. p.m. a.m. p.m. a.m. p....,2:04 p.m.m. a.m. p.m. a.m. p.m. a.m. p....,2:35 p.m.m. a.m. p.m. a.m. p.m. a.m. p....,3:13 p.m.m. a.m. p.m. a.m. p.m. a.m. p....
1103,foxbusiness,UA-854-SFO-IAH,7:53 p.m.m. a.m. p.m. a.m. p.m. a.m. a....,8:07 p.m.m. a.m. p.m. a.m. p.m. a.m. a....,1:39 p.m.m. a.m. p.m. a.m. p.m. a.m. p....,1:30 p.m.m. a.m. p.m. a.m. p.m. a.m. p....
1104,foxbusiness,UA-382-IAD-LAX,12:30 p.m.m. a.m. p.m. a.m. p.m. a.m. p....,12:56 p.m.m. a.m. p.m. a.m. p.m. a.m. p....,3:19 p.m.m. a.m. p.m. a.m. p.m. a.m. p....,3:21 p.m.m. a.m. p.m. a.m. p.m. a.m. p....
1105,foxbusiness,AA-4344-ORD-DTW,11:45 p.m.m. a.m. p.m. a.m. p.m. a.m. a....,12:14 p.m.m. a.m. p.m. a.m. p.m. a.m. p....,2:00 p.m.m. a.m. p.m. a.m. p.m. a.m. p....,2:10 p.m.m. a.m. p.m. a.m. p.m. a.m. p....
1106,foxbusiness,UA-257-JFK-SFO,2:30 p.m.m. a.m. p.m. a.m. p.m. a.m. p....,2:43 p.m.m. a.m. p.m. a.m. p.m. a.m. p....,6:15 p.m.m. a.m. p.m. a.m. p.m. a.m. p....,5:42 p.m.m. a.m. p.m. a.m. p.m. a.m. p....
1107,foxbusiness,UA-2945-PHL-CLT,12:00 p.m.m. a.m. p.m. a.m. p.m. a.m. p....,12:08 p.m.m. a.m. p.m. a.m. p.m. a.m. p....,1:45 p.m.m. a.m. p.m. a.m. p.m. a.m. p....,1:15 p.m.m. a.m. p.m. a.m. p.m. a.m. p....
1108,foxbusiness,CO-63-EWR-IAH,5:25 p.m.m. a.m. p.m. a.m. p.m. a.m. p....,5:38 p.m.m. a.m. p.m. a.m. p.m. a.m. p....,8:22 p.m.m. a.m. p.m. a.m. p.m. a.m. p....,8:03 p.m.m. a.m. p.m. a.m. p.m. a.m. p....
1109,foxbusiness,CO-47-IAH-LAX,7:10 p.m.m. a.m. p.m. a.m. p.m. a.m. p....,8:25 p.m.m. a.m. p.m. a.m. p.m. a.m. p....,8:56 p.m.m. a.m. p.m. a.m. p.m. a.m. p....,9:38 p.m.m. a.m. p.m. a.m. p.m. a.m. p....
1110,foxbusiness,AA-2050-ORD-MIA,10:40 p.m.m. a.m. p.m. a.m. p.m. a.m. a....,11:06 p.m.m. a.m. p.m. a.m. p.m. a.m. a....,2:45 p.m.m. a.m. p.m. a.m. p.m. a.m. p....,2:46 p.m.m. a.m. p.m. a.m. p.m. a.m. p....
1111,foxbusiness,UA-248-PHX-ORD,12:57 p.m.m. a.m. p.m. a.m. p.m. a.m. p....,1:43 p.m.m. a.m. p.m. a.m. p.m. a.m. p....,5:15 p.m.m. a.m. p.m. a.m. p.m. a.m. p....,5:34 p.m.m. a.m. p.m. a.m. p.m. a.m. p....
1112,foxbusiness,AA-4330-CVG-ORD,3:35 p.m.m. a.m. p.m. a.m. p.m. a.m. p....,3:36 p.m.m. a.m. p.m. a.m. p.m. a.m. p....,4:00 p.m.m. a.m. p.m. a.m. p.m. a.m. p....,3:33 p.m.m. a.m. p.m. a.m. p.m. a.m. p....
1113,foxbusiness,AA-1434-DFW-MCO,7:15 p.m.m. a.m. p.m. a.m. p.m. a.m. a....,7:22 p.m.m. a.m. p.m. a.m. p.m. a.m. a....,10:35 p.m.m. a.m. p.m. a.m. p.m. a.m. a....,10:29 p.m.m. a.m. p.m. a.m. p.m. a.m. a....
1114,foxbusiness,AA-1640-MIA-MCO,6:30 p.m.m. a.m. p.m. a.m. p.m. a.m. p....,6:47 p.m.m. a.m. p.m. a.m. p.m. a.m. p....,7:25 p.m.m. a.m. p.m. a.m. p.m. a.m. p....,7:25 p.m.m. a.m. p.m. a.m. p.m. a.m. p....
1115,foxbusiness,AA-4307-ORD-DTW,6:45 p.m.m. a.m. p.m. a.m. p.m. a.m. p....,6:56 p.m.m. a.m. p.m. a.m. p.m. a.m. p....,9:10 p.m.m. a.m. p.m. a.m. p.m. a.m. p....,8:53 p.m.m. a.m. p.m. a.m. p.m. a.m. p....
1116,foxbusiness,CO-1694-LAX-IAH,7:15 p.m.m. a.m. p.m. a.m. p.m. a.m. p....,7:15 p.m.m. a.m. p.m. a.m. p.m. a.m. p....,12:21 p.m.m. a.m. p.m. a.m. p.m. a.m. a....,12:21 p.m.m. a.m. p.m. a.m. p.m. a.m. a....
1117,foxbusiness,UA-843-LAX-ORD,1:55 p.m.m. a.m. p.m. a.m. p.m. a.m. p....,2:38 p.m.m. a.m. p.m. a.m. p.m. a.m. p....,7:53 p.m.m. a.m. p.m. a.m. p.m. a.m. p....,7:58 p.m.m. a.m. p.m. a.m. p.m. a.m. p....
1118,foxbusiness,CO-1193-EWR-MCO,9:15 p.m.m. a.m. p.m. a.m. p.m. a.m. a....,9:14 p.m.m. a.m. p.m. a.m. p.m. a.m. a....,12:18 p.m.m. a.m. p.m. a.m. p.m. a.m. p....,12:09 p.m.m. a.m. p.m. a.m. p.m. a.m. p....
1119,foxbusiness,AA-3842-MSP-ORD,6:00 p.m.m. a.m. p.m. a.m. p.m. a.m. a....,6:56 p.m.m. a.m. p.m. a.m. p.m. a.m. a....,7:30 p.m.m. a.m. p.m. a.m. p.m. a.m. a....,7:51 p.m.m. a.m. p.m. a.m. p.m. a.m. a....
1120,foxbusiness,AA-643-MIA-ORD,7:10 p.m.m. a.m. p.m. a.m. p.m. a.m. a....,7:31 p.m.m. a.m. p.m. a.m. p.m. a.m. a....,9:35 p.m.m. a.m. p.m. a.m. p.m. a.m. a....,9:26 p.m.m. a.m. p.m. a.m. p.m. a.m. a....
1121,foxbusiness,AA-1007-MIA-PHX,4:55 p.m.m. a.m. p.m. a.m. p.m. a.m. p....,5:09 p.m.m. a.m. p.m. a.m. p.m. a.m. p....,8:05 p.m.m. a.m. p.m. a.m. p.m. a.m. p....,7:55 p.m.m. a.m. p.m. a.m. p.m. a.m. p....
1122,foxbusiness,UA-2906-PHL-MCO,3:50 p.m.m. a.m. p.m. a.m. p.m. a.m. p....,4:28 p.m.m. a.m. p.m. a.m. p.m. a.m. p....,6:23 p.m.m. a.m. p.m. a.m. p.m. a.m. p....,6:38 p.m.m. a.m. p.m. a.m. p.m. a.m. p....
1123,foxbusiness,UA-938-DEN-ORD,4:16 p.m.m. a.m. p.m. a.m. p.m. a.m. p....,4:37 p.m.m. a.m. p.m. a.m. p.m. a.m. p....,7:35 p.m.m. a.m. p.m. a.m. p.m. a.m. p....,7:36 p.m.m. a.m. p.m. a.m. p.m. a.m. p....
1124,foxbusiness,AA-1221-MCO-ORD,8:00 p.m.m. a.m. p.m. a.m. p.m. a.m. p....,8:23 p.m.m. a.m. p.m. a.m. p.m. a.m. p....,9:45 p.m.m. a.m. p.m. a.m. p.m. a.m. p....,9:53 p.m.m. a.m. p.m. a.m. p.m. a.m. p....
1125,foxbusiness,CO-16-LAX-EWR,10:25 p.m.m. a.m. p.m. a.m. p.m. a.m. a....,10:20 p.m.m. a.m. p.m. a.m. p.m. a.m. a....,6:44 p.m.m. a.m. p.m. a.m. p.m. a.m. p....,6:34 p.m.m. a.m. p.m. a.m. p.m. a.m. p....
1126,foxbusiness,UA-2515-DFW-CLT,7:05 p.m.m. a.m. p.m. a.m. p.m. a.m. a....,7:31 p.m.m. a.m. p.m. a.m. p.m. a.m. a....,10:31 p.m.m. a.m. p.m. a.m. p.m. a.m. a....,10:45 p.m.m. a.m. p.m. a.m. p.m. a.m. a....
1127,foxbusiness,AA-400-DFW-JFK,10:40 p.m.m. a.m. p.m. a.m. p.m. a.m. a....,11:02 p.m.m. a.m. p.m. a.m. p.m. a.m. a....,2:59 p.m.m. a.m. p.m. a.m. p.m. a.m. p....,3:04 p.m.m. a.m. p.m. a.m. p.m. a.m. p....
1128,foxbusiness,UA-664-ORD-PHL,1:33 p.m.m. a.m. p.m. a.m. p.m. a.m. p....,1:48 p.m.m. a.m. p.m. a.m. p.m. a.m. p....,4:31 p.m.m. a.m. p.m. a.m. p.m. a.m. p....,4:23 p.m.m. a.m. p.m. a.m. p.m. a.m. p....
1129,foxbusiness,AA-3756-ORD-SLC,12:15 p.m.m. a.m. p.m. a.m. p.m. a.m. p....,12:42 p.m.m. a.m. p.m. a.m. p.m. a.m. p....,2:45 p.m.m. a.m. p.m. a.m. p.m. a.m. p....,2:50 p.m.m. a.m. p.m. a.m. p.m. a.m. p....
1130,foxbusiness,UA-37-EWR-MCO,1:29 p.m.m. a.m. p.m. a.m. p.m. a.m. p....,2:01 p.m.m. a.m. p.m. a.m. p.m. a.m. p....,4:17 p.m.m. a.m. p.m. a.m. p.m. a.m. p....,4:17 p.m.m. a.m. p.m. a.m. p.m. a.m. p....
1131,foxbusiness,AA-1522-SFO-ORD,11:55 p.m.m. a.m. p.m. a.m. p.m. a.m. p....,12:11 p.m.m. a.m. p.m. a.m. p.m. a.m. a....,5:50 p.m.m. a.m. p.m. a.m. p.m. a.m. a....,5:42 p.m.m. a.m. p.m. a.m. p.m. a.m. a....
1132,foxbusiness,UA-233-LAX-JFK,4:25 p.m.m. a.m. p.m. a.m. p.m. a.m. p....,4:28 p.m.m. a.m. p.m. a.m. p.m. a.m. p....,12:29 p.m.m. a.m. p.m. a.m. p.m. a.m. a....,12:01 p.m.m. a.m. p.m. a.m. p.m. a.m. a....
1133,foxbusiness,AA-3823-LAX-DEN,9:00 p.m.m. a.m. p.m. a.m. p.m. a.m. p....,9:06 p.m.m. a.m. p.m. a.m. p.m. a.m. p....,12:15 p.m.m. a.m. p.m. a.m. p.m. a.m. a....,11:49 p.m.m. a.m. p.m. a.m. p.m. a.m. p....
1134,foxbusiness,AA-2312-DFW-DTW,8:25 p.m.m. a.m. p.m. a.m. p.m. a.m. p....,8:29 p.m.m. a.m. p.m. a.m. p.m. a.m. p....,11:50 p.m.m. a.m. p.m. a.m. p.m. a.m. p....,11:35 p.m.m. a.m. p.m. a.m. p.m. a.m. p....
1135,foxbusiness,AA-1165-JFK-MIA,6:59 p.m.m. a.m. p.m. a.m. p.m. a.m. a....,7:23 p.m.m. a.m. p.m. a.m. p.m. a.m. a....,10:34 p.m.m. a.m. p.m. a.m. p.m. a.m. a....,10:04 p.m.m. a.m. p.m. a.m. p.m. a.m. a....
1136,foxbusiness,AA-431-MIA-SFO,8:35 p.m.m. a.m. p.m. a.m. p.m. a.m. a....,8:52 p.m.m. a.m. p.m. a.m. p.m. a.m. a....,11:50 p.m.m. a.m. p.m. a.m. p.m. a.m. a....,11:44 p.m.m. a.m. p.m. a.m. p.m. a.m. a....
1137,foxbusiness,UA-3373-IAD-PHL,8:29 p.m.m. a.m. p.m. a.m. p.m. a.m. a....,8:37 p.m.m. a.m. p.m. a.m. p.m. a.m. a....,9:24 p.m.m. a.m. p.m. a.m. p.m. a.m. a....,9:13 p.m.m. a.m. p.m. a.m. p.m. a.m. a....
1138,foxbusiness,AA-649-ORD-SNA,1:30 p.m.m. a.m. p.m. a.m. p.m. a.m. p....,1:41 p.m.m. a.m. p.m. a.m. p.m. a.m. p....,3:50 p.m.m. a.m. p.m. a.m. p.m. a.m. p....,3:29 p.m.m. a.m. p.m. a.m. p.m. a.m. p....
1139,foxbusiness,CO-1250-MIA-IAH,2:53 p.m.m. a.m. p.m. a.m. p.m. a.m. p....,3:01 p.m.m. a.m. p.m. a.m. p.m. a.m. p....,4:48 p.m.m. a.m. p.m. a.m. p.m. a.m. p....,4:59 p.m.m. a.m. p.m. a.m. p.m. a.m. p....
1140,foxbusiness,UA-6273-YYC-SFO,7:35 p.m.m. a.m. p.m. a.m. p.m. a.m. a....,7:41 p.m.m. a.m. p.m. a.m. p.m. a.m. a....,9:43 p.m.m. a.m. p.m. a.m. p.m. a.m. a....,8:45 p.m.m. a.m. p.m. a.m. p.m. a.m. a....
1141,foxbusiness,UA-828-SFO-ORD,11:08 p.m.m. a.m. p.m. a.m. p.m. a.m. p....,11:35 p.m.m. a.m. p.m. a.m. p.m. a.m. p....,5:11 p.m.m. a.m. p.m. a.m. p.m. a.m. a....,5:21 p.m.m. a.m. p.m. a.m. p.m. a.m. a....
1142,foxbusiness,CO-4888-IAH-DAL,5:30 p.m.m. a.m. p.m. a.m. p.m. a.m. p....,5:38 p.m.m. a.m. p.m. a.m. p.m. a.m. p....,6:40 p.m.m. a.m. p.m. a.m. p.m. a.m. p....,6:19 p.m.m. a.m. p.m. a.m. p.m. a.m. p....
1143,foxbusiness,UA-858-PVG-SFO,1:45 p.m.m. a.m. p.m. a.m. p.m. a.m. p....,1:32 p.m.m. a.m. p.m. a.m. p.m. a.m. p....,8:27 p.m.m. a.m. p.m. a.m. p.m. a.m. a....,8:02 p.m.m. a.m. p.m. a.m. p.m. a.m. a....
1144,foxbusiness,UA-2704-DTW-PHX,11:15 p.m.m. a.m. p.m. a.m. p.m. a.m. a....,11:47 p.m.m. a.m. p.m. a.m. p.m. a.m. a....,1:40 p.m.m. a.m. p.m. a.m. p.m. a.m. p....,2:02 p.m.m. a.m. p.m. a.m. p.m. a.m. p....
1145,foxbusiness,AA-3063-SLC-LAX,8:20 p.m.m. a.m. p.m. a.m. p.m. a.m. p....,8:40 p.m.m. a.m. p.m. a.m. p.m. a.m. p....,9:20 p.m.m. a.m. p.m. a.m. p.m. a.m. p....,9:11 p.m.m. a.m. p.m. a.m. p.m. a.m. p....
1146,foxbusiness,UA-2708-EWR-CLT,2:55 p.m.m. a.m. p.m. a.m. p.m. a.m. p....,3:04 p.m.m. a.m. p.m. a.m. p.m. a.m. p....,4:53 p.m.m. a.m. p.m. a.m. p.m. a.m. p....,4:24 p.m.m. a.m. p.m. a.m. p.m. a.m. p....
1147,foxbusiness,UA-62-IAH-EWR,2:30 p.m.m. a.m. p.m. a.m. p.m. a.m. p....,2:48 p.m.m. a.m. p.m. a.m. p.m. a.m. p....,7:03 p.m.m. a.m. p.m. a.m. p.m. a.m. p....,7:10 p.m.m. a.m. p.m. a.m. p.m. a.m. p....
1148,foxbusiness,UA-1500-IAH-GUA,8:55 p.m.m. a.m. p.m. a.m. p.m. a.m. a....,9:43 p.m.m. a.m. p.m. a.m. p.m. a.m. a....,11:45 p.m.m. a.m. p.m. a.m. p.m. a.m. a....,12:12 p.m.m. a.m. p.m. a.m. p.m. a.m. p....
1149,foxbusiness,AA-3804-PHL-ORD,2:35 p.m.m. a.m. p.m. a.m. p.m. a.m. p....,2:44 p.m.m. a.m. p.m. a.m. p.m. a.m. p....,4:05 p.m.m. a.m. p.m. a.m. p.m. a.m. p....,3:36 p.m.m. a.m. p.m. a.m. p.m. a.m. p....
1150,foxbusiness,AA-1917-JFK-MCO,2:55 p.m.m. a.m. p.m. a.m. p.m. a.m. p....,3:27 p.m.m. a.m. p.m. a.m. p.m. a.m. p....,5:55 p.m.m. a.m. p.m. a.m. p.m. a.m. p....,5:43 p.m.m. a.m. p.m. a.m. p.m. a.m. p....
1151,foxbusiness,AA-2268-PHX-ORD,7:15 p.m.m. a.m. p.m. a.m. p.m. a.m. a....,7:23 p.m.m. a.m. p.m. a.m. p.m. a.m. a....,11:35 p.m.m. a.m. p.m. a.m. p.m. a.m. a....,11:04 p.m.m. a.m. p.m. a.m. p.m. a.m. a....
1152,foxbusiness,AA-4277-CVG-JFK,12:10 p.m.m. a.m. p.m. a.m. p.m. a.m. p....,12:11 p.m.m. a.m. p.m. a.m. p.m. a.m. p....,2:15 p.m.m. a.m. p.m. a.m. p.m. a.m. p....,1:43 p.m.m. a.m. p.m. a.m. p.m. a.m. p....
1153,foxbusiness,AA-2957-DFW-CVG,7:55 p.m.m. a.m. p.m. a.m. p.m. a.m. a....,8:04 p.m.m. a.m. p.m. a.m. p.m. a.m. a....,11:05 p.m.m. a.m. p.m. a.m. p.m. a.m. a....,11:01 p.m.m. a.m. p.m. a.m. p.m. a.m. a....
1154,foxbusiness,UA-37-EDI-EWR,9:05 p.m.m. a.m. p.m. a.m. p.m. a.m. a....,9:05 p.m.m. a.m. p.m. a.m. p.m. a.m. a....,11:53 p.m.m. a.m. p.m. a.m. p.m. a.m. a....,12:09 p.m.m. a.m. p.m. a.m. p.m. a.m. p....
1155,foxbusiness,AA-789-ORD-DEN,1:05 p.m.m. a.m. p.m. a.m. p.m. a.m. p....,1:19 p.m.m. a.m. p.m. a.m. p.m. a.m. p....,2:35 p.m.m. a.m. p.m. a.m. p.m. a.m. p....,3:13 p.m.m. a.m. p.m. a.m. p.m. a.m. p....
1156,foxbusiness,AA-415-BOS-ORD,8:35 p.m.m. a.m. p.m. a.m. p.m. a.m. a....,8:56 p.m.m. a.m. p.m. a.m. p.m. a.m. a....,10:40 p.m.m. a.m. p.m. a.m. p.m. a.m. a....,10:16 p.m.m. a.m. p.m. a.m. p.m. a.m. a....
1157,foxbusiness,AA-85-JFK-SFO,3:05 p.m.m. a.m. p.m. a.m. p.m. a.m. p....,3:38 p.m.m. a.m. p.m. a.m. p.m. a.m. p....,6:30 p.m.m. a.m. p.m. a.m. p.m. a.m. p....,6:43 p.m.m. a.m. p.m. a.m. p.m. a.m. p....
1158,foxbusiness,AA-3979-CVG-ORD,7:30 p.m.m. a.m. p.m. a.m. p.m. a.m. a....,8:04 p.m.m. a.m. p.m. a.m. p.m. a.m. a....,8:00 p.m.m. a.m. p.m. a.m. p.m. a.m. a....,8:06 p.m.m. a.m. p.m. a.m. p.m. a.m. a....
1159,foxbusiness,AA-1544-SAN-ORD,11:25 p.m.m. a.m. p.m. a.m. p.m. a.m. a....,11:41 p.m.m. a.m. p.m. a.m. p.m. a.m. a....,5:25 p.m.m. a.m. p.m. a.m. p.m. a.m. p....,4:56 p.m.m. a.m. p.m. a.m. p.m. a.m. p....
1160,foxbusiness,AA-3786-IAH-ORD,4:00 p.m.m. a.m. p.m. a.m. p.m. a.m. p....,4:12 p.m.m. a.m. p.m. a.m. p.m. a.m. p....,6:40 p.m.m. a.m. p.m. a.m. p.m. a.m. p....,6:15 p.m.m. a.m. p.m. a.m. p.m. a.m. p....
1161,foxbusiness,AA-271-MIA-LAX,11:35 p.m.m. a.m. p.m. a.m. p.m. a.m. a....,11:52 p.m.m. a.m. p.m. a.m. p.m. a.m. a....,2:25 p.m.m. a.m. p.m. a.m. p.m. a.m. p....,2:27 p.m.m. a.m. p.m. a.m. p.m. a.m. p....
1162,foxbusiness,AA-2525-DFW-MIA,7:25 p.m.m. a.m. p.m. a.m. p.m. a.m. a....,7:39 p.m.m. a.m. p.m. a.m. p.m. a.m. a....,11:10 p.m.m. a.m. p.m. a.m. p.m. a.m. a....,11:06 p.m.m. a.m. p.m. a.m. p.m. a.m. a....
1163,foxbusiness,CO-50-CLE-EWR,2:55 p.m.m. a.m. p.m. a.m. p.m. a.m. p....,3:31 p.m.m. a.m. p.m. a.m. p.m. a.m. p....,4:49 p.m.m. a.m. p.m. a.m. p.m. a.m. p....,5:26 p.m.m. a.m. p.m. a.m. p.m. a.m. p....
1164,foxbusiness,UA-3099-PHX-PHL,11:55 p.m.m. a.m. p.m. a.m. p.m. a.m. a....,11:55 p.m.m. a.m. p.m. a.m. p.m. a.m. a....,6:17 p.m.m. a.m. p.m. a.m. p.m. a.m. p....,5:38 p.m.m. a.m. p.m. a.m. p.m. a.m. p....
1165,foxbusiness,AA-4198-ORD-CLE,10:40 p.m.m. a.m. p.m. a.m. p.m. a.m. a....,10:55 p.m.m. a.m. p.m. a.m. p.m. a.m. a....,12:55 p.m.m. a.m. p.m. a.m. p.m. a.m. p....,12:50 p.m.m. a.m. p.m. a.m. p.m. a.m. p....
1166,foxbusiness,AA-404-MIA-MCO,6:45 p.m.m. a.m. p.m. a.m. p.m. a.m. a....,6:58 p.m.m. a.m. p.m. a.m. p.m. a.m. a....,7:45 p.m.m. a.m. p.m. a.m. p.m. a.m. a....,7:40 p.m.m. a.m. p.m. a.m. p.m. a.m. a....
1167,foxbusiness,CO-45-EWR-MIA,4:00 p.m.m. a.m. p.m. a.m. p.m. a.m. p....,3:58 p.m.m. a.m. p.m. a.m. p.m. a.m. p....,7:05 p.m.m. a.m. p.m. a.m. p.m. a.m. p....,6:36 p.m.m. a.m. p.m. a.m. p.m. a.m. p....
1168,foxbusiness,AA-3809-PHX-LAX,6:00 p.m.m. a.m. p.m. a.m. p.m. a.m. a....,6:10 p.m.m. a.m. p.m. a.m. p.m. a.m. a....,6:40 p.m.m. a.m. p.m. a.m. p.m. a.m. a....,6:19 p.m.m. a.m. p.m. a.m. p.m. a.m. a....
1169,foxbusiness,AA-59-JFK-SFO,7:10 p.m.m. a.m. p.m. a.m. p.m. a.m. a....,7:40 p.m.m. a.m. p.m. a.m. p.m. a.m. a....,10:45 p.m.m. a.m. p.m. a.m. p.m. a.m. a....,11:12 p.m.m. a.m. p.m. a.m. p.m. a.m. a....
1170,foxbusiness,AA-222-LAX-BOS,7:10 p.m.m. a.m. p.m. a.m. p.m. a.m. a....,7:32 p.m.m. a.m. p.m. a.m. p.m. a.m. a....,3:30 p.m.m. a.m. p.m. a.m. p.m. a.m. p....,3:14 p.m.m. a.m. p.m. a.m. p.m. a.m. p....
1171,usatoday,AA-3859-IAH-ORD,7:10 p.m.m. a.m. p.m. a.m. p.m. a.m. a....,7:16 p.m.m. a.m. p.m. a.m. p.m. a.m. a....,9:40 p.m.m. a.m. p.m. a.m. p.m. a.m. a....,9:22 p.m.m. a.m. p.m. a.m. p.m. a.m. a....
1172,usatoday,AA-518-MIA-JFK,6:40 p.m.m. a.m. p.m. a.m. p.m. a.m. a....,6:54 p.m.m. a.m. p.m. a.m. p.m. a.m. a....,9:25 p.m.m. a.m. p.m. a.m. p.m. a.m. a....,9:28 p.m.m. a.m. p.m. a.m. p.m. a.m. a....
1173,usatoday,CO-1586-IAH-MCO,7:00 p.m.m. a.m. p.m. a.m. p.m. a.m. p....,7:42 p.m.m. a.m. p.m. a.m. p.m. a.m. p....,10:15 p.m.m. a.m. p.m. a.m. p.m. a.m. p....,10:29 p.m.m. a.m. p.m. a.m. p.m. a.m. p....
1174,usatoday,UA-3925-IAD-ORF,8:41 p.m.m. a.m. p.m. a.m. p.m. a.m. a....,8:42 p.m.m. a.m. p.m. a.m. p.m. a.m. a....,9:54 p.m.m. a.m. p.m. a.m. p.m. a.m. a....,9:43 p.m.m. a.m. p.m. a.m. p.m. a.m. a....
1175,usatoday,AA-1733-ORD-PHX,7:45 p.m.m. a.m. p.m. a.m. p.m. a.m. p....,7:59 p.m.m. a.m. p.m. a.m. p.m. a.m. p....,10:30 p.m.m. a.m. p.m. a.m. p.m. a.m. p....,10:30 p.m.m. a.m. p.m. a.m. p.m. a.m. p....
1176,usatoday,UA-414-LAX-SFO,6:00 p.m.m. a.m. p.m. a.m. p.m. a.m. a....,6:10 p.m.m. a.m. p.m. a.m. p.m. a.m. a....,7:23 p.m.m. a.m. p.m. a.m. p.m. a.m. a....,7:17 p.m.m. a.m. p.m. a.m. p.m. a.m. a....
1177,usatoday,UA-3515-IAD-MSP,8:15 p.m.m. a.m. p.m. a.m. p.m. a.m. a....,8:26 p.m.m. a.m. p.m. a.m. p.m. a.m. a....,10:06 p.m.m. a.m. p.m. a.m. p.m. a.m. a....,9:56 p.m.m. a.m. p.m. a.m. p.m. a.m. a....
1178,usatoday,AA-3468-CVG-MIA,7:00 p.m.m. a.m. p.m. a.m. p.m. a.m. a....,7:25 p.m.m. a.m. p.m. a.m. p.m. a.m. a....,9:55 p.m.m. a.m. p.m. a.m. p.m. a.m. a....,9:45 p.m.m. a.m. p.m. a.m. p.m. a.m. a....
1179,usatoday,AA-484-DFW-MIA,4:15 p.m.m. a.m. p.m. a.m. p.m. a.m. p....,4:29 p.m.m. a.m. p.m. a.m. p.m. a.m. p....,7:55 p.m.m. a.m. p.m. a.m. p.m. a.m. p....,7:39 p.m.m. a.m. p.m. a.m. p.m. a.m. p....
1180,usatoday,CO-63-EWR-IAH,5:25 p.m.m. a.m. p.m. a.m. p.m. a.m. p....,5:38 p.m.m. a.m. p.m. a.m. p.m. a.m. p....,8:22 p.m.m. a.m. p.m. a.m. p.m. a.m. p....,8:03 p.m.m. a.m. p.m. a.m. p.m. a.m. p....
1181,usatoday,AA-466-IAH-MIA,6:00 p.m.m. a.m. p.m. a.m. p.m. a.m. a....,6:09 p.m.m. a.m. p.m. a.m. p.m. a.m. a....,9:20 p.m.m. a.m. p.m. a.m. p.m. a.m. a....,9:05 p.m.m. a.m. p.m. a.m. p.m. a.m. a....
1182,usatoday,UA-3050-PHX-CLT,11:05 p.m.m. a.m. p.m. a.m. p.m. a.m. a....,11:45 p.m.m. a.m. p.m. a.m. p.m. a.m. a....,4:57 p.m.m. a.m. p.m. a.m. p.m. a.m. p....,5:05 p.m.m. a.m. p.m. a.m. p.m. a.m. p....
1183,usatoday,AA-1886-BOS-MIA,10:45 p.m.m. a.m. p.m. a.m. p.m. a.m. a....,10:55 p.m.m. a.m. p.m. a.m. p.m. a.m. a....,2:20 p.m.m. a.m. p.m. a.m. p.m. a.m. p....,1:40 p.m.m. a.m. p.m. a.m. p.m. a.m. p....
1184,usatoday,AA-1664-MIA-ATL,10:15 p.m.m. a.m. p.m. a.m. p.m. a.m. a....,10:19 p.m.m. a.m. p.m. a.m. p.m. a.m. a....,12:10 p.m.m. a.m. p.m. a.m. p.m. a.m. p....,11:50 p.m.m. a.m. p.m. a.m. p.m. a.m. a....
1185,usatoday,AA-404-MIA-MCO,6:45 p.m.m. a.m. p.m. a.m. p.m. a.m. a....,6:58 p.m.m. a.m. p.m. a.m. p.m. a.m. a....,7:45 p.m.m. a.m. p.m. a.m. p.m. a.m. a....,7:40 p.m.m. a.m. p.m. a.m. p.m. a.m. a....
1186,usatoday,AA-3756-ORD-SLC,12:15 p.m.m. a.m. p.m. a.m. p.m. a.m. p....,12:42 p.m.m. a.m. p.m. a.m. p.m. a.m. p....,2:45 p.m.m. a.m. p.m. a.m. p.m. a.m. p....,2:50 p.m.m. a.m. p.m. a.m. p.m. a.m. p....
1187,usatoday,UA-382-IAD-LAX,12:30 p.m.m. a.m. p.m. a.m. p.m. a.m. p....,12:56 p.m.m. a.m. p.m. a.m. p.m. a.m. p....,3:19 p.m.m. a.m. p.m. a.m. p.m. a.m. p....,3:21 p.m.m. a.m. p.m. a.m. p.m. a.m. p....
1188,usatoday,UA-2945-PHL-CLT,12:00 p.m.m. a.m. p.m. a.m. p.m. a.m. p....,12:08 p.m.m. a.m. p.m. a.m. p.m. a.m. p....,1:45 p.m.m. a.m. p.m. a.m. p.m. a.m. p....,1:15 p.m.m. a.m. p.m. a.m. p.m. a.m. p....
1189,usatoday,AA-2050-ORD-MIA,10:40 p.m.m. a.m. p.m. a.m. p.m. a.m. a....,11:06 p.m.m. a.m. p.m. a.m. p.m. a.m. a....,2:45 p.m.m. a.m. p.m. a.m. p.m. a.m. p....,2:46 p.m.m. a.m. p.m. a.m. p.m. a.m. p....
1190,usatoday,UA-248-PHX-ORD,12:57 p.m.m. a.m. p.m. a.m. p.m. a.m. p....,1:43 p.m.m. a.m. p.m. a.m. p.m. a.m. p....,5:15 p.m.m. a.m. p.m. a.m. p.m. a.m. p....,5:34 p.m.m. a.m. p.m. a.m. p.m. a.m. p....
1191,usatoday,AA-4330-CVG-ORD,3:35 p.m.m. a.m. p.m. a.m. p.m. a.m. p....,3:36 p.m.m. a.m. p.m. a.m. p.m. a.m. p....,4:00 p.m.m. a.m. p.m. a.m. p.m. a.m. p....,3:33 p.m.m. a.m. p.m. a.m. p.m. a.m. p....
1192,usatoday,AA-4307-ORD-DTW,6:45 p.m.m. a.m. p.m. a.m. p.m. a.m. p....,6:56 p.m.m. a.m. p.m. a.m. p.m. a.m. p....,9:10 p.m.m. a.m. p.m. a.m. p.m. a.m. p....,8:53 p.m.m. a.m. p.m. a.m. p.m. a.m. p....
1193,usatoday,CO-1694-LAX-IAH,7:15 p.m.m. a.m. p.m. a.m. p.m. a.m. p....,7:15 p.m.m. a.m. p.m. a.m. p.m. a.m. p....,12:21 p.m.m. a.m. p.m. a.m. p.m. a.m. a....,12:21 p.m.m. a.m. p.m. a.m. p.m. a.m. a....
1194,usatoday,UA-843-LAX-ORD,1:55 p.m.m. a.m. p.m. a.m. p.m. a.m. p....,2:38 p.m.m. a.m. p.m. a.m. p.m. a.m. p....,7:53 p.m.m. a.m. p.m. a.m. p.m. a.m. p....,7:58 p.m.m. a.m. p.m. a.m. p.m. a.m. p....
1195,usatoday,CO-1193-EWR-MCO,9:15 p.m.m. a.m. p.m. a.m. p.m. a.m. a....,9:14 p.m.m. a.m. p.m. a.m. p.m. a.m. a....,12:18 p.m.m. a.m. p.m. a.m. p.m. a.m. p....,12:09 p.m.m. a.m. p.m. a.m. p.m. a.m. p....
1196,usatoday,AA-1221-MCO-ORD,8:00 p.m.m. a.m. p.m. a.m. p.m. a.m. p....,8:23 p.m.m. a.m. p.m. a.m. p.m. a.m. p....,9:45 p.m.m. a.m. p.m. a.m. p.m. a.m. p....,9:53 p.m.m. a.m. p.m. a.m. p.m. a.m. p....
1197,usatoday,CO-16-LAX-EWR,10:25 p.m.m. a.m. p.m. a.m. p.m. a.m. a....,10:20 p.m.m. a.m. p.m. a.m. p.m. a.m. a....,6:44 p.m.m. a.m. p.m. a.m. p.m. a.m. p....,6:34 p.m.m. a.m. p.m. a.m. p.m. a.m. p....
1198,usatoday,AA-400-DFW-JFK,10:40 p.m.m. a.m. p.m. a.m. p.m. a.m. a....,11:02 p.m.m. a.m. p.m. a.m. p.m. a.m. a....,2:59 p.m.m. a.m. p.m. a.m. p.m. a.m. p....,3:04 p.m.m. a.m. p.m. a.m. p.m. a.m. p....
1199,usatoday,UA-664-ORD-PHL,1:33 p.m.m. a.m. p.m. a.m. p.m. a.m. p....,1:48 p.m.m. a.m. p.m. a.m. p.m. a.m. p....,4:31 p.m.m. a.m. p.m. a.m. p.m. a.m. p....,4:23 p.m.m. a.m. p.m. a.m. p.m. a.m. p....
1200,usatoday,AA-1522-SFO-ORD,11:55 p.m.m. a.m. p.m. a.m. p.m. a.m. p....,12:11 p.m.m. a.m. p.m. a.m. p.m. a.m. a....,5:50 p.m.m. a.m. p.m. a.m. p.m. a.m. a....,5:42 p.m.m. a.m. p.m. a.m. p.m. a.m. a....
1201,usatoday,UA-257-JFK-SFO,2:30 p.m.m. a.m. p.m. a.m. p.m. a.m. p....,2:43 p.m.m. a.m. p.m. a.m. p.m. a.m. p....,6:15 p.m.m. a.m. p.m. a.m. p.m. a.m. p....,5:42 p.m.m. a.m. p.m. a.m. p.m. a.m. p....
1202,usatoday,UA-3373-IAD-PHL,8:29 p.m.m. a.m. p.m. a.m. p.m. a.m. a....,8:37 p.m.m. a.m. p.m. a.m. p.m. a.m. a....,9:24 p.m.m. a.m. p.m. a.m. p.m. a.m. a....,9:13 p.m.m. a.m. p.m. a.m. p.m. a.m. a....
1203,usatoday,CO-1250-MIA-IAH,2:53 p.m.m. a.m. p.m. a.m. p.m. a.m. p....,3:01 p.m.m. a.m. p.m. a.m. p.m. a.m. p....,4:48 p.m.m. a.m. p.m. a.m. p.m. a.m. p....,4:59 p.m.m. a.m. p.m. a.m. p.m. a.m. p....
1204,usatoday,UA-6273-YYC-SFO,7:35 p.m.m. a.m. p.m. a.m. p.m. a.m. a....,7:41 p.m.m. a.m. p.m. a.m. p.m. a.m. a....,9:43 p.m.m. a.m. p.m. a.m. p.m. a.m. a....,8:45 p.m.m. a.m. p.m. a.m. p.m. a.m. a....
1205,usatoday,UA-828-SFO-ORD,11:08 p.m.m. a.m. p.m. a.m. p.m. a.m. p....,11:35 p.m.m. a.m. p.m. a.m. p.m. a.m. p....,5:11 p.m.m. a.m. p.m. a.m. p.m. a.m. a....,5:21 p.m.m. a.m. p.m. a.m. p.m. a.m. a....
1206,usatoday,CO-4888-IAH-DAL,5:30 p.m.m. a.m. p.m. a.m. p.m. a.m. p....,5:38 p.m.m. a.m. p.m. a.m. p.m. a.m. p....,6:40 p.m.m. a.m. p.m. a.m. p.m. a.m. p....,6:19 p.m.m. a.m. p.m. a.m. p.m. a.m. p....
1207,usatoday,UA-2704-DTW-PHX,11:15 p.m.m. a.m. p.m. a.m. p.m. a.m. a....,11:47 p.m.m. a.m. p.m. a.m. p.m. a.m. a....,1:40 p.m.m. a.m. p.m. a.m. p.m. a.m. p....,2:02 p.m.m. a.m. p.m. a.m. p.m. a.m. p....
1208,usatoday,UA-2708-EWR-CLT,2:55 p.m.m. a.m. p.m. a.m. p.m. a.m. p....,3:04 p.m.m. a.m. p.m. a.m. p.m. a.m. p....,4:53 p.m.m. a.m. p.m. a.m. p.m. a.m. p....,4:24 p.m.m. a.m. p.m. a.m. p.m. a.m. p....
1209,usatoday,UA-1500-IAH-GUA,8:55 p.m.m. a.m. p.m. a.m. p.m. a.m. a....,9:43 p.m.m. a.m. p.m. a.m. p.m. a.m. a....,11:45 p.m.m. a.m. p.m. a.m. p.m. a.m. a....,12:12 p.m.m. a.m. p.m. a.m. p.m. a.m. p....
1210,usatoday,AA-3804-PHL-ORD,2:35 p.m.m. a.m. p.m. a.m. p.m. a.m. p....,2:44 p.m.m. a.m. p.m. a.m. p.m. a.m. p....,4:05 p.m.m. a.m. p.m. a.m. p.m. a.m. p....,3:36 p.m.m. a.m. p.m. a.m. p.m. a.m. p....
1211,usatoday,AA-2268-PHX-ORD,7:15 p.m.m. a.m. p.m. a.m. p.m. a.m. a....,7:23 p.m.m. a.m. p.m. a.m. p.m. a.m. a....,11:35 p.m.m. a.m. p.m. a.m. p.m. a.m. a....,11:04 p.m.m. a.m. p.m. a.m. p.m. a.m. a....
1212,usatoday,UA-233-LAX-JFK,4:25 p.m.m. a.m. p.m. a.m. p.m. a.m. p....,4:28 p.m.m. a.m. p.m. a.m. p.m. a.m. p....,12:29 p.m.m. a.m. p.m. a.m. p.m. a.m. a....,12:01 p.m.m. a.m. p.m. a.m. p.m. a.m. a....
1213,usatoday,AA-4277-CVG-JFK,12:10 p.m.m. a.m. p.m. a.m. p.m. a.m. p....,12:11 p.m.m. a.m. p.m. a.m. p.m. a.m. p....,2:15 p.m.m. a.m. p.m. a.m. p.m. a.m. p....,1:43 p.m.m. a.m. p.m. a.m. p.m. a.m. p....
1214,usatoday,AA-2957-DFW-CVG,7:55 p.m.m. a.m. p.m. a.m. p.m. a.m. a....,8:04 p.m.m. a.m. p.m. a.m. p.m. a.m. a....,11:05 p.m.m. a.m. p.m. a.m. p.m. a.m. a....,11:01 p.m.m. a.m. p.m. a.m. p.m. a.m. a....
1215,usatoday,UA-37-EDI-EWR,9:05 p.m.m. a.m. p.m. a.m. p.m. a.m. a....,9:05 p.m.m. a.m. p.m. a.m. p.m. a.m. a....,11:53 p.m.m. a.m. p.m. a.m. p.m. a.m. a....,12:09 p.m.m. a.m. p.m. a.m. p.m. a.m. p....
1216,usatoday,AA-789-ORD-DEN,1:05 p.m.m. a.m. p.m. a.m. p.m. a.m. p....,1:19 p.m.m. a.m. p.m. a.m. p.m. a.m. p....,2:35 p.m.m. a.m. p.m. a.m. p.m. a.m. p....,3:13 p.m.m. a.m. p.m. a.m. p.m. a.m. p....
1217,usatoday,UA-854-SFO-IAH,7:53 p.m.m. a.m. p.m. a.m. p.m. a.m. a....,8:07 p.m.m. a.m. p.m. a.m. p.m. a.m. a....,1:39 p.m.m. a.m. p.m. a.m. p.m. a.m. p....,1:30 p.m.m. a.m. p.m. a.m. p.m. a.m. p....
1218,usatoday,AA-85-JFK-SFO,3:05 p.m.m. a.m. p.m. a.m. p.m. a.m. p....,3:38 p.m.m. a.m. p.m. a.m. p.m. a.m. p....,6:30 p.m.m. a.m. p.m. a.m. p.m. a.m. p....,6:43 p.m.m. a.m. p.m. a.m. p.m. a.m. p....
1219,usatoday,AA-1640-MIA-MCO,6:30 p.m.m. a.m. p.m. a.m. p.m. a.m. p....,6:47 p.m.m. a.m. p.m. a.m. p.m. a.m. p....,7:25 p.m.m. a.m. p.m. a.m. p.m. a.m. p....,7:25 p.m.m. a.m. p.m. a.m. p.m. a.m. p....
1220,usatoday,AA-1544-SAN-ORD,11:25 p.m.m. a.m. p.m. a.m. p.m. a.m. a....,11:41 p.m.m. a.m. p.m. a.m. p.m. a.m. a....,5:25 p.m.m. a.m. p.m. a.m. p.m. a.m. p....,4:56 p.m.m. a.m. p.m. a.m. p.m. a.m. p....
1221,usatoday,AA-3786-IAH-ORD,4:00 p.m.m. a.m. p.m. a.m. p.m. a.m. p....,4:12 p.m.m. a.m. p.m. a.m. p.m. a.m. p....,6:40 p.m.m. a.m. p.m. a.m. p.m. a.m. p....,6:15 p.m.m. a.m. p.m. a.m. p.m. a.m. p....
1222,usatoday,AA-3809-PHX-LAX,6:00 p.m.m. a.m. p.m. a.m. p.m. a.m. a....,6:10 p.m.m. a.m. p.m. a.m. p.m. a.m. a....,6:40 p.m.m. a.m. p.m. a.m. p.m. a.m. a....,6:19 p.m.m. a.m. p.m. a.m. p.m. a.m. a....
1223,usatoday,AA-59-JFK-SFO,7:10 p.m.m. a.m. p.m. a.m. p.m. a.m. a....,7:40 p.m.m. a.m. p.m. a.m. p.m. a.m. a....,10:45 p.m.m. a.m. p.m. a.m. p.m. a.m. a....,11:12 p.m.m. a.m. p.m. a.m. p.m. a.m. a....
1224,myrateplan,AA-3859-IAH-ORD,7:10 p.m.m. a.m. p.m. a.m. p.m. a.m. a....,7:16 p.m.m. a.m. p.m. a.m. p.m. a.m. a....,9:40 p.m.m. a.m. p.m. a.m. p.m. a.m. a....,9:22 p.m.m. a.m. p.m. a.m. p.m. a.m. a....
1225,myrateplan,CO-1586-IAH-MCO,7:00 p.m.m. a.m. p.m. a.m. p.m. a.m. p....,7:42 p.m.m. a.m. p.m. a.m. p.m. a.m. p....,10:15 p.m.m. a.m. p.m. a.m. p.m. a.m. p....,10:29 p.m.m. a.m. p.m. a.m. p.m. a.m. p....
1226,myrateplan,AA-518-MIA-JFK,6:40 p.m.m. a.m. p.m. a.m. p.m. a.m. a....,6:54 p.m.m. a.m. p.m. a.m. p.m. a.m. a....,9:25 p.m.m. a.m. p.m. a.m. p.m. a.m. a....,9:28 p.m.m. a.m. p.m. a.m. p.m. a.m. a....
1227,myrateplan,UA-397-JFK-SFO,8:00 p.m.m. a.m. p.m. a.m. p.m. a.m. a....,8:29 p.m.m. a.m. p.m. a.m. p.m. a.m. a....,11:55 p.m.m. a.m. p.m. a.m. p.m. a.m. a....,11:58 p.m.m. a.m. p.m. a.m. p.m. a.m. a....
1228,myrateplan,UA-3925-IAD-ORF,8:41 p.m.m. a.m. p.m. a.m. p.m. a.m. a....,8:42 p.m.m. a.m. p.m. a.m. p.m. a.m. a....,9:54 p.m.m. a.m. p.m. a.m. p.m. a.m. a....,9:43 p.m.m. a.m. p.m. a.m. p.m. a.m. a....
1229,myrateplan,AA-1733-ORD-PHX,7:45 p.m.m. a.m. p.m. a.m. p.m. a.m. p....,7:59 p.m.m. a.m. p.m. a.m. p.m. a.m. p....,10:30 p.m.m. a.m. p.m. a.m. p.m. a.m. p....,10:30 p.m.m. a.m. p.m. a.m. p.m. a.m. p....
1230,myrateplan,UA-2830-MCO-CLT,3:27 p.m.m. a.m. p.m. a.m. p.m. a.m. p....,3:50 p.m.m. a.m. p.m. a.m. p.m. a.m. p....,5:05 p.m.m. a.m. p.m. a.m. p.m. a.m. p....,5:17 p.m.m. a.m. p.m. a.m. p.m. a.m. p....
1231,myrateplan,CO-58-DEN-IAH,11:25 p.m.m. a.m. p.m. a.m. p.m. a.m. a....,11:32 p.m.m. a.m. p.m. a.m. p.m. a.m. a....,2:50 p.m.m. a.m. p.m. a.m. p.m. a.m. p....,3:31 p.m.m. a.m. p.m. a.m. p.m. a.m. p....
1232,myrateplan,AA-1544-SAN-ORD,11:25 p.m.m. a.m. p.m. a.m. p.m. a.m. a....,11:41 p.m.m. a.m. p.m. a.m. p.m. a.m. a....,5:25 p.m.m. a.m. p.m. a.m. p.m. a.m. p....,4:56 p.m.m. a.m. p.m. a.m. p.m. a.m. p....
1233,myrateplan,UA-5487-SFO-MRY,10:39 p.m.m. a.m. p.m. a.m. p.m. a.m. a....,10:53 p.m.m. a.m. p.m. a.m. p.m. a.m. a....,11:19 p.m.m. a.m. p.m. a.m. p.m. a.m. a....,11:21 p.m.m. a.m. p.m. a.m. p.m. a.m. a....
1234,myrateplan,AA-204-LAX-MCO,11:25 p.m.m. a.m. p.m. a.m. p.m. a.m. p....,11:29 p.m.m. a.m. p.m. a.m. p.m. a.m. p....,6:55 p.m.m. a.m. p.m. a.m. p.m. a.m. a....,12211 6:35 p.m.m. a.m. p.m. a.m. p.m. a.m. a....
1235,myrateplan,UA-414-LAX-SFO,6:00 p.m.m. a.m. p.m. a.m. p.m. a.m. a....,6:10 p.m.m. a.m. p.m. a.m. p.m. a.m. a....,7:23 p.m.m. a.m. p.m. a.m. p.m. a.m. a....,7:17 p.m.m. a.m. p.m. a.m. p.m. a.m. a....
1236,myrateplan,CO-1614-LAX-IAH,12:30 p.m.m. a.m. p.m. a.m. p.m. a.m. a....,12:41 p.m.m. a.m. p.m. a.m. p.m. a.m. a....,5:35 p.m.m. a.m. p.m. a.m. p.m. a.m. a....,5:26 p.m.m. a.m. p.m. a.m. p.m. a.m. a....
1237,myrateplan,UA-2726-FLL-PHL,4:00 p.m.m. a.m. p.m. a.m. p.m. a.m. p....,4:10 p.m.m. a.m. p.m. a.m. p.m. a.m. p....,6:46 p.m.m. a.m. p.m. a.m. p.m. a.m. p....,6:25 p.m.m. a.m. p.m. a.m. p.m. a.m. p....
1238,myrateplan,CO-52-IAH-LAX,7:35 p.m.m. a.m. p.m. a.m. p.m. a.m. a....,7:56 p.m.m. a.m. p.m. a.m. p.m. a.m. a....,9:21 p.m.m. a.m. p.m. a.m. p.m. a.m. a....,9:09 p.m.m. a.m. p.m. a.m. p.m. a.m. a....
1239,myrateplan,CO-1090-BOS-IAH,9:45 p.m.m. a.m. p.m. a.m. p.m. a.m. a....,10:19 p.m.m. a.m. p.m. a.m. p.m. a.m. a....,1:16 p.m.m. a.m. p.m. a.m. p.m. a.m. p....,1:19 p.m.m. a.m. p.m. a.m. p.m. a.m. p....
1240,myrateplan,AA-616-DFW-DTW,9:05 p.m.m. a.m. p.m. a.m. p.m. a.m. a....,10:11 p.m.m. a.m. p.m. a.m. p.m. a.m. a....,12:35 p.m.m. a.m. p.m. a.m. p.m. a.m. p....,1:27 p.m.m. a.m. p.m. a.m. p.m. a.m. p....
1241,myrateplan,UA-3515-IAD-MSP,8:15 p.m.m. a.m. p.m. a.m. p.m. a.m. a....,8:26 p.m.m. a.m. p.m. a.m. p.m. a.m. a....,10:06 p.m.m. a.m. p.m. a.m. p.m. a.m. a....,9:56 p.m.m. a.m. p.m. a.m. p.m. a.m. a....
1242,myrateplan,AA-3468-CVG-MIA,7:00 p.m.m. a.m. p.m. a.m. p.m. a.m. a....,7:25 p.m.m. a.m. p.m. a.m. p.m. a.m. a....,9:55 p.m.m. a.m. p.m. a.m. p.m. a.m. a....,9:45 p.m.m. a.m. p.m. a.m. p.m. a.m. a....
1243,myrateplan,AA-484-DFW-MIA,4:15 p.m.m. a.m. p.m. a.m. p.m. a.m. p....,4:29 p.m.m. a.m. p.m. a.m. p.m. a.m. p....,7:55 p.m.m. a.m. p.m. a.m. p.m. a.m. p....,7:39 p.m.m. a.m. p.m. a.m. p.m. a.m. p....
1244,myrateplan,AA-1886-BOS-MIA,10:45 p.m.m. a.m. p.m. a.m. p.m. a.m. a....,10:55 p.m.m. a.m. p.m. a.m. p.m. a.m. a....,2:20 p.m.m. a.m. p.m. a.m. p.m. a.m. p....,1:40 p.m.m. a.m. p.m. a.m. p.m. a.m. p....
1245,myrateplan,CO-62-IAH-EWR,2:30 p.m.m. a.m. p.m. a.m. p.m. a.m. p....,2:48 p.m.m. a.m. p.m. a.m. p.m. a.m. p....,7:03 p.m.m. a.m. p.m. a.m. p.m. a.m. p....,7:10 p.m.m. a.m. p.m. a.m. p.m. a.m. p....
1246,myrateplan,CO-1561-PHX-IAH,8:05 p.m.m. a.m. p.m. a.m. p.m. a.m. a....,8:00 p.m.m. a.m. p.m. a.m. p.m. a.m. a....,11:35 p.m.m. a.m. p.m. a.m. p.m. a.m. a....,11:32 p.m.m. a.m. p.m. a.m. p.m. a.m. a....
1247,myrateplan,UA-2314-ATL-PHL,2:55 p.m.m. a.m. p.m. a.m. p.m. a.m. p....,3:04 p.m.m. a.m. p.m. a.m. p.m. a.m. p....,5:00 p.m.m. a.m. p.m. a.m. p.m. a.m. p....,4:47 p.m.m. a.m. p.m. a.m. p.m. a.m. p....
1248,myrateplan,AA-446-DFW-PHL,11:50 p.m.m. a.m. p.m. a.m. p.m. a.m. a....,12:13 p.m.m. a.m. p.m. a.m. p.m. a.m. p....,3:50 p.m.m. a.m. p.m. a.m. p.m. a.m. p....,4:09 p.m.m. a.m. p.m. a.m. p.m. a.m. p....
1249,myrateplan,CO-1023-IAH-DEN,11:40 p.m.m. a.m. p.m. a.m. p.m. a.m. a....,12:06 p.m.m. a.m. p.m. a.m. p.m. a.m. p....,1:17 p.m.m. a.m. p.m. a.m. p.m. a.m. p....,1:14 p.m.m. a.m. p.m. a.m. p.m. a.m. p....
1250,myrateplan,AA-466-IAH-MIA,6:00 p.m.m. a.m. p.m. a.m. p.m. a.m. a....,6:09 p.m.m. a.m. p.m. a.m. p.m. a.m. a....,9:20 p.m.m. a.m. p.m. a.m. p.m. a.m. a....,9:05 p.m.m. a.m. p.m. a.m. p.m. a.m. a....
1251,myrateplan,UA-3050-PHX-CLT,11:05 p.m.m. a.m. p.m. a.m. p.m. a.m. a....,11:45 p.m.m. a.m. p.m. a.m. p.m. a.m. a....,4:57 p.m.m. a.m. p.m. a.m. p.m. a.m. p....,5:05 p.m.m. a.m. p.m. a.m. p.m. a.m. p....
1252,myrateplan,CO-89-IAH-EWR,6:00 p.m.m. a.m. p.m. a.m. p.m. a.m. a....,6:02 p.m.m. a.m. p.m. a.m. p.m. a.m. a....,10:20 p.m.m. a.m. p.m. a.m. p.m. a.m. a....,10:27 p.m.m. a.m. p.m. a.m. p.m. a.m. a....
1253,myrateplan,CO-1088-CLE-IAH,8:40 p.m.m. a.m. p.m. a.m. p.m. a.m. a....,8:40 p.m.m. a.m. p.m. a.m. p.m. a.m. a....,10:54 p.m.m. a.m. p.m. a.m. p.m. a.m. a....,10:56 p.m.m. a.m. p.m. a.m. p.m. a.m. a....
1254,myrateplan,AA-1664-MIA-ATL,10:15 p.m.m. a.m. p.m. a.m. p.m. a.m. a....,10:19 p.m.m. a.m. p.m. a.m. p.m. a.m. a....,12:10 p.m.m. a.m. p.m. a.m. p.m. a.m. p....,11:50 p.m.m. a.m. p.m. a.m. p.m. a.m. a....
1255,myrateplan,AA-1279-DFW-PHX,1:00 p.m.m. a.m. p.m. a.m. p.m. a.m. p....,2:04 p.m.m. a.m. p.m. a.m. p.m. a.m. p....,2:35 p.m.m. a.m. p.m. a.m. p.m. a.m. p....,3:13 p.m.m. a.m. p.m. a.m. p.m. a.m. p....
1256,myrateplan,UA-854-SFO-IAH,7:53 p.m.m. a.m. p.m. a.m. p.m. a.m. a....,8:07 p.m.m. a.m. p.m. a.m. p.m. a.m. a....,1:39 p.m.m. a.m. p.m. a.m. p.m. a.m. p....,1:30 p.m.m. a.m. p.m. a.m. p.m. a.m. p....
1257,myrateplan,UA-382-IAD-LAX,12:30 p.m.m. a.m. p.m. a.m. p.m. a.m. p....,12:56 p.m.m. a.m. p.m. a.m. p.m. a.m. p....,3:19 p.m.m. a.m. p.m. a.m. p.m. a.m. p....,3:21 p.m.m. a.m. p.m. a.m. p.m. a.m. p....
1258,myrateplan,AA-4344-ORD-DTW,11:45 p.m.m. a.m. p.m. a.m. p.m. a.m. a....,12:14 p.m.m. a.m. p.m. a.m. p.m. a.m. p....,2:00 p.m.m. a.m. p.m. a.m. p.m. a.m. p....,2:10 p.m.m. a.m. p.m. a.m. p.m. a.m. p....
1259,myrateplan,UA-257-JFK-SFO,2:30 p.m.m. a.m. p.m. a.m. p.m. a.m. p....,2:43 p.m.m. a.m. p.m. a.m. p.m. a.m. p....,6:15 p.m.m. a.m. p.m. a.m. p.m. a.m. p....,5:42 p.m.m. a.m. p.m. a.m. p.m. a.m. p....
1260,myrateplan,UA-2945-PHL-CLT,12:00 p.m.m. a.m. p.m. a.m. p.m. a.m. p....,12:08 p.m.m. a.m. p.m. a.m. p.m. a.m. p....,1:45 p.m.m. a.m. p.m. a.m. p.m. a.m. p....,1:15 p.m.m. a.m. p.m. a.m. p.m. a.m. p....
1261,myrateplan,CO-63-EWR-IAH,5:25 p.m.m. a.m. p.m. a.m. p.m. a.m. p....,5:38 p.m.m. a.m. p.m. a.m. p.m. a.m. p....,8:22 p.m.m. a.m. p.m. a.m. p.m. a.m. p....,8:03 p.m.m. a.m. p.m. a.m. p.m. a.m. p....
1262,myrateplan,CO-47-IAH-LAX,7:10 p.m.m. a.m. p.m. a.m. p.m. a.m. p....,8:25 p.m.m. a.m. p.m. a.m. p.m. a.m. p....,8:56 p.m.m. a.m. p.m. a.m. p.m. a.m. p....,9:38 p.m.m. a.m. p.m. a.m. p.m. a.m. p....
1263,myrateplan,AA-2050-ORD-MIA,10:40 p.m.m. a.m. p.m. a.m. p.m. a.m. a....,11:06 p.m.m. a.m. p.m. a.m. p.m. a.m. a....,2:45 p.m.m. a.m. p.m. a.m. p.m. a.m. p....,2:46 p.m.m. a.m. p.m. a.m. p.m. a.m. p....
1264,myrateplan,UA-248-PHX-ORD,12:57 p.m.m. a.m. p.m. a.m. p.m. a.m. p....,1:43 p.m.m. a.m. p.m. a.m. p.m. a.m. p....,5:15 p.m.m. a.m. p.m. a.m. p.m. a.m. p....,5:34 p.m.m. a.m. p.m. a.m. p.m. a.m. p....
1265,myrateplan,AA-4330-CVG-ORD,3:35 p.m.m. a.m. p.m. a.m. p.m. a.m. p....,3:36 p.m.m. a.m. p.m. a.m. p.m. a.m. p....,4:00 p.m.m. a.m. p.m. a.m. p.m. a.m. p....,3:33 p.m.m. a.m. p.m. a.m. p.m. a.m. p....
1266,myrateplan,AA-1434-DFW-MCO,7:15 p.m.m. a.m. p.m. a.m. p.m. a.m. a....,7:22 p.m.m. a.m. p.m. a.m. p.m. a.m. a....,10:35 p.m.m. a.m. p.m. a.m. p.m. a.m. a....,10:29 p.m.m. a.m. p.m. a.m. p.m. a.m. a....
1267,myrateplan,AA-1640-MIA-MCO,6:30 p.m.m. a.m. p.m. a.m. p.m. a.m. p....,6:47 p.m.m. a.m. p.m. a.m. p.m. a.m. p....,7:25 p.m.m. a.m. p.m. a.m. p.m. a.m. p....,7:25 p.m.m. a.m. p.m. a.m. p.m. a.m. p....
1268,myrateplan,AA-4307-ORD-DTW,6:45 p.m.m. a.m. p.m. a.m. p.m. a.m. p....,6:56 p.m.m. a.m. p.m. a.m. p.m. a.m. p....,9:10 p.m.m. a.m. p.m. a.m. p.m. a.m. p....,8:53 p.m.m. a.m. p.m. a.m. p.m. a.m. p....
1269,myrateplan,AA-3-JFK-LAX,12:00 p.m.m. a.m. p.m. a.m. p.m. a.m. p....,12:12 p.m.m. a.m. p.m. a.m. p.m. a.m. p....,3:15 p.m.m. a.m. p.m. a.m. p.m. a.m. p....,3:16 p.m.m. a.m. p.m. a.m. p.m. a.m. p....
1270,myrateplan,CO-1694-LAX-IAH,7:15 p.m.m. a.m. p.m. a.m. p.m. a.m. p....,7:15 p.m.m. a.m. p.m. a.m. p.m. a.m. p....,12:21 p.m.m. a.m. p.m. a.m. p.m. a.m. a....,12:21 p.m.m. a.m. p.m. a.m. p.m. a.m. a....
1271,myrateplan,UA-843-LAX-ORD,1:55 p.m.m. a.m. p.m. a.m. p.m. a.m. p....,2:38 p.m.m. a.m. p.m. a.m. p.m. a.m. p....,7:53 p.m.m. a.m. p.m. a.m. p.m. a.m. p....,7:58 p.m.m. a.m. p.m. a.m. p.m. a.m. p....
1272,myrateplan,CO-1193-EWR-MCO,9:15 p.m.m. a.m. p.m. a.m. p.m. a.m. a....,9:14 p.m.m. a.m. p.m. a.m. p.m. a.m. a....,12:18 p.m.m. a.m. p.m. a.m. p.m. a.m. p....,12:09 p.m.m. a.m. p.m. a.m. p.m. a.m. p....
1273,myrateplan,AA-3842-MSP-ORD,6:00 p.m.m. a.m. p.m. a.m. p.m. a.m. a....,6:56 p.m.m. a.m. p.m. a.m. p.m. a.m. a....,7:30 p.m.m. a.m. p.m. a.m. p.m. a.m. a....,7:51 p.m.m. a.m. p.m. a.m. p.m. a.m. a....
1274,myrateplan,AA-643-MIA-ORD,7:10 p.m.m. a.m. p.m. a.m. p.m. a.m. a....,7:31 p.m.m. a.m. p.m. a.m. p.m. a.m. a....,9:35 p.m.m. a.m. p.m. a.m. p.m. a.m. a....,9:26 p.m.m. a.m. p.m. a.m. p.m. a.m. a....
1275,myrateplan,AA-1007-MIA-PHX,4:55 p.m.m. a.m. p.m. a.m. p.m. a.m. p....,5:09 p.m.m. a.m. p.m. a.m. p.m. a.m. p....,8:05 p.m.m. a.m. p.m. a.m. p.m. a.m. p....,7:55 p.m.m. a.m. p.m. a.m. p.m. a.m. p....
1276,myrateplan,AA-2525-DFW-MIA,7:25 p.m.m. a.m. p.m. a.m. p.m. a.m. a....,7:39 p.m.m. a.m. p.m. a.m. p.m. a.m. a....,11:10 p.m.m. a.m. p.m. a.m. p.m. a.m. a....,11:06 p.m.m. a.m. p.m. a.m. p.m. a.m. a....
1277,myrateplan,UA-2906-PHL-MCO,3:50 p.m.m. a.m. p.m. a.m. p.m. a.m. p....,4:28 p.m.m. a.m. p.m. a.m. p.m. a.m. p....,6:23 p.m.m. a.m. p.m. a.m. p.m. a.m. p....,6:38 p.m.m. a.m. p.m. a.m. p.m. a.m. p....
1278,myrateplan,UA-938-DEN-ORD,4:16 p.m.m. a.m. p.m. a.m. p.m. a.m. p....,4:37 p.m.m. a.m. p.m. a.m. p.m. a.m. p....,7:35 p.m.m. a.m. p.m. a.m. p.m. a.m. p....,7:36 p.m.m. a.m. p.m. a.m. p.m. a.m. p....
1279,myrateplan,AA-1221-MCO-ORD,8:00 p.m.m. a.m. p.m. a.m. p.m. a.m. p....,8:23 p.m.m. a.m. p.m. a.m. p.m. a.m. p....,9:45 p.m.m. a.m. p.m. a.m. p.m. a.m. p....,9:53 p.m.m. a.m. p.m. a.m. p.m. a.m. p....
1280,myrateplan,CO-16-LAX-EWR,10:25 p.m.m. a.m. p.m. a.m. p.m. a.m. a....,10:20 p.m.m. a.m. p.m. a.m. p.m. a.m. a....,6:44 p.m.m. a.m. p.m. a.m. p.m. a.m. p....,6:34 p.m.m. a.m. p.m. a.m. p.m. a.m. p....
1281,myrateplan,UA-2515-DFW-CLT,7:05 p.m.m. a.m. p.m. a.m. p.m. a.m. a....,7:31 p.m.m. a.m. p.m. a.m. p.m. a.m. a....,10:31 p.m.m. a.m. p.m. a.m. p.m. a.m. a....,10:45 p.m.m. a.m. p.m. a.m. p.m. a.m. a....
1282,myrateplan,AA-400-DFW-JFK,10:40 p.m.m. a.m. p.m. a.m. p.m. a.m. a....,11:02 p.m.m. a.m. p.m. a.m. p.m. a.m. a....,2:59 p.m.m. a.m. p.m. a.m. p.m. a.m. p....,3:04 p.m.m. a.m. p.m. a.m. p.m. a.m. p....
1283,myrateplan,UA-664-ORD-PHL,1:33 p.m.m. a.m. p.m. a.m. p.m. a.m. p....,1:48 p.m.m. a.m. p.m. a.m. p.m. a.m. p....,4:31 p.m.m. a.m. p.m. a.m. p.m. a.m. p....,4:23 p.m.m. a.m. p.m. a.m. p.m. a.m. p....
1284,myrateplan,AA-3756-ORD-SLC,12:15 p.m.m. a.m. p.m. a.m. p.m. a.m. p....,12:42 p.m.m. a.m. p.m. a.m. p.m. a.m. p....,2:45 p.m.m. a.m. p.m. a.m. p.m. a.m. p....,2:50 p.m.m. a.m. p.m. a.m. p.m. a.m. p....
1285,myrateplan,UA-37-EWR-MCO,1:29 p.m.m. a.m. p.m. a.m. p.m. a.m. p....,2:01 p.m.m. a.m. p.m. a.m. p.m. a.m. p....,4:17 p.m.m. a.m. p.m. a.m. p.m. a.m. p....,4:17 p.m.m. a.m. p.m. a.m. p.m. a.m. p....
1286,myrateplan,AA-1522-SFO-ORD,11:55 p.m.m. a.m. p.m. a.m. p.m. a.m. p....,12:11 p.m.m. a.m. p.m. a.m. p.m. a.m. a....,5:50 p.m.m. a.m. p.m. a.m. p.m. a.m. a....,5:42 p.m.m. a.m. p.m. a.m. p.m. a.m. a....
1287,myrateplan,UA-233-LAX-JFK,4:25 p.m.m. a.m. p.m. a.m. p.m. a.m. p....,4:28 p.m.m. a.m. p.m. a.m. p.m. a.m. p....,12:29 p.m.m. a.m. p.m. a.m. p.m. a.m. a....,12:01 p.m.m. a.m. p.m. a.m. p.m. a.m. a....
1288,myrateplan,AA-3823-LAX-DEN,9:00 p.m.m. a.m. p.m. a.m. p.m. a.m. p....,9:06 p.m.m. a.m. p.m. a.m. p.m. a.m. p....,12:15 p.m.m. a.m. p.m. a.m. p.m. a.m. a....,11:49 p.m.m. a.m. p.m. a.m. p.m. a.m. p....
1289,myrateplan,AA-2312-DFW-DTW,8:25 p.m.m. a.m. p.m. a.m. p.m. a.m. p....,8:29 p.m.m. a.m. p.m. a.m. p.m. a.m. p....,11:50 p.m.m. a.m. p.m. a.m. p.m. a.m. p....,11:35 p.m.m. a.m. p.m. a.m. p.m. a.m. p....
1290,myrateplan,AA-1165-JFK-MIA,6:59 p.m.m. a.m. p.m. a.m. p.m. a.m. a....,7:23 p.m.m. a.m. p.m. a.m. p.m. a.m. a....,10:34 p.m.m. a.m. p.m. a.m. p.m. a.m. a....,10:04 p.m.m. a.m. p.m. a.m. p.m. a.m. a....
1291,myrateplan,AA-431-MIA-SFO,8:35 p.m.m. a.m. p.m. a.m. p.m. a.m. a....,8:52 p.m.m. a.m. p.m. a.m. p.m. a.m. a....,11:50 p.m.m. a.m. p.m. a.m. p.m. a.m. a....,11:44 p.m.m. a.m. p.m. a.m. p.m. a.m. a....
1292,myrateplan,UA-3373-IAD-PHL,8:29 p.m.m. a.m. p.m. a.m. p.m. a.m. a....,8:37 p.m.m. a.m. p.m. a.m. p.m. a.m. a....,9:24 p.m.m. a.m. p.m. a.m. p.m. a.m. a....,9:13 p.m.m. a.m. p.m. a.m. p.m. a.m. a....
1293,myrateplan,AA-649-ORD-SNA,1:30 p.m.m. a.m. p.m. a.m. p.m. a.m. p....,1:41 p.m.m. a.m. p.m. a.m. p.m. a.m. p....,3:50 p.m.m. a.m. p.m. a.m. p.m. a.m. p....,3:29 p.m.m. a.m. p.m. a.m. p.m. a.m. p....
1294,myrateplan,CO-1250-MIA-IAH,2:53 p.m.m. a.m. p.m. a.m. p.m. a.m. p....,3:01 p.m.m. a.m. p.m. a.m. p.m. a.m. p....,4:48 p.m.m. a.m. p.m. a.m. p.m. a.m. p....,4:59 p.m.m. a.m. p.m. a.m. p.m. a.m. p....
1295,myrateplan,UA-6273-YYC-SFO,7:35 p.m.m. a.m. p.m. a.m. p.m. a.m. a....,7:41 p.m.m. a.m. p.m. a.m. p.m. a.m. a....,9:43 p.m.m. a.m. p.m. a.m. p.m. a.m. a....,8:45 p.m.m. a.m. p.m. a.m. p.m. a.m. a....
1296,myrateplan,UA-828-SFO-ORD,11:08 p.m.m. a.m. p.m. a.m. p.m. a.m. p....,11:35 p.m.m. a.m. p.m. a.m. p.m. a.m. p....,5:11 p.m.m. a.m. p.m. a.m. p.m. a.m. a....,5:21 p.m.m. a.m. p.m. a.m. p.m. a.m. a....
1297,myrateplan,CO-4888-IAH-DAL,5:30 p.m.m. a.m. p.m. a.m. p.m. a.m. p....,5:38 p.m.m. a.m. p.m. a.m. p.m. a.m. p....,6:40 p.m.m. a.m. p.m. a.m. p.m. a.m. p....,6:19 p.m.m. a.m. p.m. a.m. p.m. a.m. p....
1298,myrateplan,UA-858-PVG-SFO,1:45 p.m.m. a.m. p.m. a.m. p.m. a.m. p....,1:32 p.m.m. a.m. p.m. a.m. p.m. a.m. p....,8:27 p.m.m. a.m. p.m. a.m. p.m. a.m. a....,8:02 p.m.m. a.m. p.m. a.m. p.m. a.m. a....
1299,myrateplan,UA-2704-DTW-PHX,11:15 p.m.m. a.m. p.m. a.m. p.m. a.m. a....,11:47 p.m.m. a.m. p.m. a.m. p.m. a.m. a....,1:40 p.m.m. a.m. p.m. a.m. p.m. a.m. p....,2:02 p.m.m. a.m. p.m. a.m. p.m. a.m. p....
1300,myrateplan,AA-3063-SLC-LAX,8:20 p.m.m. a.m. p.m. a.m. p.m. a.m. p....,8:40 p.m.m. a.m. p.m. a.m. p.m. a.m. p....,9:20 p.m.m. a.m. p.m. a.m. p.m. a.m. p....,9:11 p.m.m. a.m. p.m. a.m. p.m. a.m. p....
1301,myrateplan,UA-2708-EWR-CLT,2:55 p.m.m. a.m. p.m. a.m. p.m. a.m. p....,3:04 p.m.m. a.m. p.m. a.m. p.m. a.m. p....,4:53 p.m.m. a.m. p.m. a.m. p.m. a.m. p....,4:24 p.m.m. a.m. p.m. a.m. p.m. a.m. p....
1302,myrateplan,UA-62-IAH-EWR,2:30 p.m.m. a.m. p.m. a.m. p.m. a.m. p....,2:48 p.m.m. a.m. p.m. a.m. p.m. a.m. p....,7:03 p.m.m. a.m. p.m. a.m. p.m. a.m. p....,7:10 p.m.m. a.m. p.m. a.m. p.m. a.m. p....
1303,myrateplan,UA-1500-IAH-GUA,8:55 p.m.m. a.m. p.m. a.m. p.m. a.m. a....,9:43 p.m.m. a.m. p.m. a.m. p.m. a.m. a....,11:45 p.m.m. a.m. p.m. a.m. p.m. a.m. a....,12:12 p.m.m. a.m. p.m. a.m. p.m. a.m. p....
1304,myrateplan,AA-3804-PHL-ORD,2:35 p.m.m. a.m. p.m. a.m. p.m. a.m. p....,2:44 p.m.m. a.m. p.m. a.m. p.m. a.m. p....,4:05 p.m.m. a.m. p.m. a.m. p.m. a.m. p....,3:36 p.m.m. a.m. p.m. a.m. p.m. a.m. p....
1305,myrateplan,AA-1917-JFK-MCO,2:55 p.m.m. a.m. p.m. a.m. p.m. a.m. p....,3:27 p.m.m. a.m. p.m. a.m. p.m. a.m. p....,5:55 p.m.m. a.m. p.m. a.m. p.m. a.m. p....,5:43 p.m.m. a.m. p.m. a.m. p.m. a.m. p....
1306,myrateplan,AA-2268-PHX-ORD,7:15 p.m.m. a.m. p.m. a.m. p.m. a.m. a....,7:23 p.m.m. a.m. p.m. a.m. p.m. a.m. a....,11:35 p.m.m. a.m. p.m. a.m. p.m. a.m. a....,11:04 p.m.m. a.m. p.m. a.m. p.m. a.m. a....
1307,myrateplan,AA-4277-CVG-JFK,12:10 p.m.m. a.m. p.m. a.m. p.m. a.m. p....,12:11 p.m.m. a.m. p.m. a.m. p.m. a.m. p....,2:15 p.m.m. a.m. p.m. a.m. p.m. a.m. p....,1:43 p.m.m. a.m. p.m. a.m. p.m. a.m. p....
1308,myrateplan,AA-2957-DFW-CVG,7:55 p.m.m. a.m. p.m. a.m. p.m. a.m. a....,8:04 p.m.m. a.m. p.m. a.m. p.m. a.m. a....,11:05 p.m.m. a.m. p.m. a.m. p.m. a.m. a....,11:01 p.m.m. a.m. p.m. a.m. p.m. a.m. a....
1309,myrateplan,UA-37-EDI-EWR,9:05 p.m.m. a.m. p.m. a.m. p.m. a.m. a....,9:05 p.m.m. a.m. p.m. a.m. p.m. a.m. a....,11:53 p.m.m. a.m. p.m. a.m. p.m. a.m. a....,12:09 p.m.m. a.m. p.m. a.m. p.m. a.m. p....
1310,myrateplan,AA-789-ORD-DEN,1:05 p.m.m. a.m. p.m. a.m. p.m. a.m. p....,1:19 p.m.m. a.m. p.m. a.m. p.m. a.m. p....,2:35 p.m.m. a.m. p.m. a.m. p.m. a.m. p....,3:13 p.m.m. a.m. p.m. a.m. p.m. a.m. p....
1311,myrateplan,AA-415-BOS-ORD,8:35 p.m.m. a.m. p.m. a.m. p.m. a.m. a....,8:56 p.m.m. a.m. p.m. a.m. p.m. a.m. a....,10:40 p.m.m. a.m. p.m. a.m. p.m. a.m. a....,10:16 p.m.m. a.m. p.m. a.m. p.m. a.m. a....
1312,myrateplan,AA-85-JFK-SFO,3:05 p.m.m. a.m. p.m. a.m. p.m. a.m. p....,3:38 p.m.m. a.m. p.m. a.m. p.m. a.m. p....,6:30 p.m.m. a.m. p.m. a.m. p.m. a.m. p....,6:43 p.m.m. a.m. p.m. a.m. p.m. a.m. p....
1313,myrateplan,AA-3979-CVG-ORD,7:30 p.m.m. a.m. p.m. a.m. p.m. a.m. a....,8:04 p.m.m. a.m. p.m. a.m. p.m. a.m. a....,8:00 p.m.m. a.m. p.m. a.m. p.m. a.m. a....,8:06 p.m.m. a.m. p.m. a.m. p.m. a.m. a....
1314,myrateplan,AA-3786-IAH-ORD,4:00 p.m.m. a.m. p.m. a.m. p.m. a.m. p....,4:12 p.m.m. a.m. p.m. a.m. p.m. a.m. p....,6:40 p.m.m. a.m. p.m. a.m. p.m. a.m. p....,6:15 p.m.m. a.m. p.m. a.m. p.m. a.m. p....
1315,myrateplan,AA-271-MIA-LAX,11:35 p.m.m. a.m. p.m. a.m. p.m. a.m. a....,11:52 p.m.m. a.m. p.m. a.m. p.m. a.m. a....,2:25 p.m.m. a.m. p.m. a.m. p.m. a.m. p....,2:27 p.m.m. a.m. p.m. a.m. p.m. a.m. p....
1316,myrateplan,CO-50-CLE-EWR,2:55 p.m.m. a.m. p.m. a.m. p.m. a.m. p....,3:31 p.m.m. a.m. p.m. a.m. p.m. a.m. p....,4:49 p.m.m. a.m. p.m. a.m. p.m. a.m. p....,5:26 p.m.m. a.m. p.m. a.m. p.m. a.m. p....
1317,myrateplan,UA-3099-PHX-PHL,11:55 p.m.m. a.m. p.m. a.m. p.m. a.m. a....,11:55 p.m.m. a.m. p.m. a.m. p.m. a.m. a....,6:17 p.m.m. a.m. p.m. a.m. p.m. a.m. p....,5:38 p.m.m. a.m. p.m. a.m. p.m. a.m. p....
1318,myrateplan,AA-4198-ORD-CLE,10:40 p.m.m. a.m. p.m. a.m. p.m. a.m. a....,10:55 p.m.m. a.m. p.m. a.m. p.m. a.m. a....,12:55 p.m.m. a.m. p.m. a.m. p.m. a.m. p....,12:50 p.m.m. a.m. p.m. a.m. p.m. a.m. p....
1319,myrateplan,AA-404-MIA-MCO,6:45 p.m.m. a.m. p.m. a.m. p.m. a.m. a....,6:58 p.m.m. a.m. p.m. a.m. p.m. a.m. a....,7:45 p.m.m. a.m. p.m. a.m. p.m. a.m. a....,7:40 p.m.m. a.m. p.m. a.m. p.m. a.m. a....
1320,myrateplan,CO-45-EWR-MIA,4:00 p.m.m. a.m. p.m. a.m. p.m. a.m. p....,3:58 p.m.m. a.m. p.m. a.m. p.m. a.m. p....,7:05 p.m.m. a.m. p.m. a.m. p.m. a.m. p....,6:36 p.m.m. a.m. p.m. a.m. p.m. a.m. p....
1321,myrateplan,AA-3809-PHX-LAX,6:00 p.m.m. a.m. p.m. a.m. p.m. a.m. a....,6:10 p.m.m. a.m. p.m. a.m. p.m. a.m. a....,6:40 p.m.m. a.m. p.m. a.m. p.m. a.m. a....,6:19 p.m.m. a.m. p.m. a.m. p.m. a.m. a....
1322,myrateplan,AA-59-JFK-SFO,7:10 p.m.m. a.m. p.m. a.m. p.m. a.m. a....,7:40 p.m.m. a.m. p.m. a.m. p.m. a.m. a....,10:45 p.m.m. a.m. p.m. a.m. p.m. a.m. a....,11:12 p.m.m. a.m. p.m. a.m. p.m. a.m. a....
1323,myrateplan,AA-222-LAX-BOS,7:10 p.m.m. a.m. p.m. a.m. p.m. a.m. a....,7:32 p.m.m. a.m. p.m. a.m. p.m. a.m. a....,3:30 p.m.m. a.m. p.m. a.m. p.m. a.m. p....,3:14 p.m.m. a.m. p.m. a.m. p.m. a.m. p....
1324,orbitz,AA-3859-IAH-ORD,7:10 p.m.m. a.m. p.m. a.m. p.m. a.m. a....,7:16 p.m.m. a.m. p.m. a.m. p.m. a.m. a....,9:40 p.m.m. a.m. p.m. a.m. p.m. a.m. a....,9:22 p.m.m. a.m. p.m. a.m. p.m. a.m. a....
1325,orbitz,CO-1586-IAH-MCO,7:00 p.m.m. a.m. p.m. a.m. p.m. a.m. p....,7:42 p.m.m. a.m. p.m. a.m. p.m. a.m. p....,10:15 p.m.m. a.m. p.m. a.m. p.m. a.m. p....,10:29 p.m.m. a.m. p.m. a.m. p.m. a.m. p....
1326,orbitz,AA-518-MIA-JFK,6:40 p.m.m. a.m. p.m. a.m. p.m. a.m. a....,6:54 p.m.m. a.m. p.m. a.m. p.m. a.m. a....,9:25 p.m.m. a.m. p.m. a.m. p.m. a.m. a....,9:28 p.m.m. a.m. p.m. a.m. p.m. a.m. a....
1327,orbitz,UA-397-JFK-SFO,8:00 p.m.m. a.m. p.m. a.m. p.m. a.m. a....,8:29 p.m.m. a.m. p.m. a.m. p.m. a.m. a....,11:55 p.m.m. a.m. p.m. a.m. p.m. a.m. a....,11:58 p.m.m. a.m. p.m. a.m. p.m. a.m. a....
1328,orbitz,UA-3925-IAD-ORF,8:41 p.m.m. a.m. p.m. a.m. p.m. a.m. a....,8:42 p.m.m. a.m. p.m. a.m. p.m. a.m. a....,9:54 p.m.m. a.m. p.m. a.m. p.m. a.m. a....,9:43 p.m.m. a.m. p.m. a.m. p.m. a.m. a....
1329,orbitz,AA-1733-ORD-PHX,7:45 p.m.m. a.m. p.m. a.m. p.m. a.m. p....,7:59 p.m.m. a.m. p.m. a.m. p.m. a.m. p....,10:30 p.m.m. a.m. p.m. a.m. p.m. a.m. p....,10:30 p.m.m. a.m. p.m. a.m. p.m. a.m. p....
1330,orbitz,AA-3-JFK-LAX,12:00 p.m.m. a.m. p.m. a.m. p.m. a.m. p....,12:12 p.m.m. a.m. p.m. a.m. p.m. a.m. p....,3:15 p.m.m. a.m. p.m. a.m. p.m. a.m. p....,3:16 p.m.m. a.m. p.m. a.m. p.m. a.m. p....
1331,orbitz,UA-2830-MCO-CLT,3:27 p.m.m. a.m. p.m. a.m. p.m. a.m. p....,3:50 p.m.m. a.m. p.m. a.m. p.m. a.m. p....,5:05 p.m.m. a.m. p.m. a.m. p.m. a.m. p....,5:17 p.m.m. a.m. p.m. a.m. p.m. a.m. p....
1332,orbitz,CO-58-DEN-IAH,11:25 p.m.m. a.m. p.m. a.m. p.m. a.m. a....,11:32 p.m.m. a.m. p.m. a.m. p.m. a.m. a....,2:50 p.m.m. a.m. p.m. a.m. p.m. a.m. p....,3:31 p.m.m. a.m. p.m. a.m. p.m. a.m. p....
1333,orbitz,UA-5487-SFO-MRY,10:39 p.m.m. a.m. p.m. a.m. p.m. a.m. a....,10:53 p.m.m. a.m. p.m. a.m. p.m. a.m. a....,11:19 p.m.m. a.m. p.m. a.m. p.m. a.m. a....,11:21 p.m.m. a.m. p.m. a.m. p.m. a.m. a....
1334,orbitz,AA-204-LAX-MCO,11:25 p.m.m. a.m. p.m. a.m. p.m. a.m. p....,11:29 p.m.m. a.m. p.m. a.m. p.m. a.m. p....,6:55 p.m.m. a.m. p.m. a.m. p.m. a.m. a....,12211 6:35 p.m.m. a.m. p.m. a.m. p.m. a.m. a....
1335,orbitz,UA-414-LAX-SFO,6:00 p.m.m. a.m. p.m. a.m. p.m. a.m. a....,6:10 p.m.m. a.m. p.m. a.m. p.m. a.m. a....,7:23 p.m.m. a.m. p.m. a.m. p.m. a.m. a....,7:17 p.m.m. a.m. p.m. a.m. p.m. a.m. a....
1336,orbitz,CO-1614-LAX-IAH,12:30 p.m.m. a.m. p.m. a.m. p.m. a.m. a....,12:41 p.m.m. a.m. p.m. a.m. p.m. a.m. a....,5:35 p.m.m. a.m. p.m. a.m. p.m. a.m. a....,5:26 p.m.m. a.m. p.m. a.m. p.m. a.m. a....
1337,orbitz,UA-2726-FLL-PHL,4:00 p.m.m. a.m. p.m. a.m. p.m. a.m. p....,4:10 p.m.m. a.m. p.m. a.m. p.m. a.m. p....,6:46 p.m.m. a.m. p.m. a.m. p.m. a.m. p....,6:25 p.m.m. a.m. p.m. a.m. p.m. a.m. p....
1338,orbitz,CO-52-IAH-LAX,7:35 p.m.m. a.m. p.m. a.m. p.m. a.m. a....,7:56 p.m.m. a.m. p.m. a.m. p.m. a.m. a....,9:21 p.m.m. a.m. p.m. a.m. p.m. a.m. a....,9:09 p.m.m. a.m. p.m. a.m. p.m. a.m. a....
1339,orbitz,CO-1090-BOS-IAH,9:45 p.m.m. a.m. p.m. a.m. p.m. a.m. a....,10:19 p.m.m. a.m. p.m. a.m. p.m. a.m. a....,1:16 p.m.m. a.m. p.m. a.m. p.m. a.m. p....,1:19 p.m.m. a.m. p.m. a.m. p.m. a.m. p....
1340,orbitz,AA-616-DFW-DTW,9:05 p.m.m. a.m. p.m. a.m. p.m. a.m. a....,10:11 p.m.m. a.m. p.m. a.m. p.m. a.m. a....,12:35 p.m.m. a.m. p.m. a.m. p.m. a.m. p....,1:27 p.m.m. a.m. p.m. a.m. p.m. a.m. p....
1341,orbitz,UA-3515-IAD-MSP,8:15 p.m.m. a.m. p.m. a.m. p.m. a.m. a....,8:26 p.m.m. a.m. p.m. a.m. p.m. a.m. a....,10:06 p.m.m. a.m. p.m. a.m. p.m. a.m. a....,9:56 p.m.m. a.m. p.m. a.m. p.m. a.m. a....
1342,orbitz,AA-3468-CVG-MIA,7:00 p.m.m. a.m. p.m. a.m. p.m. a.m. a....,7:25 p.m.m. a.m. p.m. a.m. p.m. a.m. a....,9:55 p.m.m. a.m. p.m. a.m. p.m. a.m. a....,9:45 p.m.m. a.m. p.m. a.m. p.m. a.m. a....
1343,orbitz,AA-484-DFW-MIA,4:15 p.m.m. a.m. p.m. a.m. p.m. a.m. p....,4:29 p.m.m. a.m. p.m. a.m. p.m. a.m. p....,7:55 p.m.m. a.m. p.m. a.m. p.m. a.m. p....,7:39 p.m.m. a.m. p.m. a.m. p.m. a.m. p....
1344,orbitz,AA-1886-BOS-MIA,10:45 p.m.m. a.m. p.m. a.m. p.m. a.m. a....,10:55 p.m.m. a.m. p.m. a.m. p.m. a.m. a....,2:20 p.m.m. a.m. p.m. a.m. p.m. a.m. p....,1:40 p.m.m. a.m. p.m. a.m. p.m. a.m. p....
1345,orbitz,CO-62-IAH-EWR,2:30 p.m.m. a.m. p.m. a.m. p.m. a.m. p....,2:48 p.m.m. a.m. p.m. a.m. p.m. a.m. p....,7:03 p.m.m. a.m. p.m. a.m. p.m. a.m. p....,7:10 p.m.m. a.m. p.m. a.m. p.m. a.m. p....
1346,orbitz,CO-1561-PHX-IAH,8:05 p.m.m. a.m. p.m. a.m. p.m. a.m. a....,8:00 p.m.m. a.m. p.m. a.m. p.m. a.m. a....,11:35 p.m.m. a.m. p.m. a.m. p.m. a.m. a....,11:32 p.m.m. a.m. p.m. a.m. p.m. a.m. a....
1347,orbitz,UA-2314-ATL-PHL,2:55 p.m.m. a.m. p.m. a.m. p.m. a.m. p....,3:04 p.m.m. a.m. p.m. a.m. p.m. a.m. p....,5:00 p.m.m. a.m. p.m. a.m. p.m. a.m. p....,4:47 p.m.m. a.m. p.m. a.m. p.m. a.m. p....
1348,orbitz,AA-446-DFW-PHL,11:50 p.m.m. a.m. p.m. a.m. p.m. a.m. a....,12:13 p.m.m. a.m. p.m. a.m. p.m. a.m. p....,3:50 p.m.m. a.m. p.m. a.m. p.m. a.m. p....,4:09 p.m.m. a.m. p.m. a.m. p.m. a.m. p....
1349,orbitz,CO-1023-IAH-DEN,11:40 p.m.m. a.m. p.m. a.m. p.m. a.m. a....,12:06 p.m.m. a.m. p.m. a.m. p.m. a.m. p....,1:17 p.m.m. a.m. p.m. a.m. p.m. a.m. p....,1:14 p.m.m. a.m. p.m. a.m. p.m. a.m. p....
1350,orbitz,AA-466-IAH-MIA,6:00 p.m.m. a.m. p.m. a.m. p.m. a.m. a....,6:09 p.m.m. a.m. p.m. a.m. p.m. a.m. a....,9:20 p.m.m. a.m. p.m. a.m. p.m. a.m. a....,9:05 p.m.m. a.m. p.m. a.m. p.m. a.m. a....
1351,orbitz,UA-3050-PHX-CLT,11:05 p.m.m. a.m. p.m. a.m. p.m. a.m. a....,11:45 p.m.m. a.m. p.m. a.m. p.m. a.m. a....,4:57 p.m.m. a.m. p.m. a.m. p.m. a.m. p....,5:05 p.m.m. a.m. p.m. a.m. p.m. a.m. p....
1352,orbitz,CO-89-IAH-EWR,6:00 p.m.m. a.m. p.m. a.m. p.m. a.m. a....,6:02 p.m.m. a.m. p.m. a.m. p.m. a.m. a....,10:20 p.m.m. a.m. p.m. a.m. p.m. a.m. a....,10:27 p.m.m. a.m. p.m. a.m. p.m. a.m. a....
1353,orbitz,CO-1088-CLE-IAH,8:40 p.m.m. a.m. p.m. a.m. p.m. a.m. a....,8:40 p.m.m. a.m. p.m. a.m. p.m. a.m. a....,10:54 p.m.m. a.m. p.m. a.m. p.m. a.m. a....,10:56 p.m.m. a.m. p.m. a.m. p.m. a.m. a....
1354,orbitz,AA-1664-MIA-ATL,10:15 p.m.m. a.m. p.m. a.m. p.m. a.m. a....,10:19 p.m.m. a.m. p.m. a.m. p.m. a.m. a....,12:10 p.m.m. a.m. p.m. a.m. p.m. a.m. p....,11:50 p.m.m. a.m. p.m. a.m. p.m. a.m. a....
1355,orbitz,AA-1279-DFW-PHX,1:00 p.m.m. a.m. p.m. a.m. p.m. a.m. p....,2:04 p.m.m. a.m. p.m. a.m. p.m. a.m. p....,2:35 p.m.m. a.m. p.m. a.m. p.m. a.m. p....,3:13 p.m.m. a.m. p.m. a.m. p.m. a.m. p....
1356,orbitz,UA-854-SFO-IAH,7:53 p.m.m. a.m. p.m. a.m. p.m. a.m. a....,8:07 p.m.m. a.m. p.m. a.m. p.m. a.m. a....,1:39 p.m.m. a.m. p.m. a.m. p.m. a.m. p....,1:30 p.m.m. a.m. p.m. a.m. p.m. a.m. p....
1357,orbitz,UA-382-IAD-LAX,12:30 p.m.m. a.m. p.m. a.m. p.m. a.m. p....,12:56 p.m.m. a.m. p.m. a.m. p.m. a.m. p....,3:19 p.m.m. a.m. p.m. a.m. p.m. a.m. p....,3:21 p.m.m. a.m. p.m. a.m. p.m. a.m. p....
1358,orbitz,AA-4344-ORD-DTW,11:45 p.m.m. a.m. p.m. a.m. p.m. a.m. a....,12:14 p.m.m. a.m. p.m. a.m. p.m. a.m. p....,2:00 p.m.m. a.m. p.m. a.m. p.m. a.m. p....,2:10 p.m.m. a.m. p.m. a.m. p.m. a.m. p....
1359,orbitz,UA-257-JFK-SFO,2:30 p.m.m. a.m. p.m. a.m. p.m. a.m. p....,2:43 p.m.m. a.m. p.m. a.m. p.m. a.m. p....,6:15 p.m.m. a.m. p.m. a.m. p.m. a.m. p....,5:42 p.m.m. a.m. p.m. a.m. p.m. a.m. p....
1360,orbitz,UA-2945-PHL-CLT,12:00 p.m.m. a.m. p.m. a.m. p.m. a.m. p....,12:08 p.m.m. a.m. p.m. a.m. p.m. a.m. p....,1:45 p.m.m. a.m. p.m. a.m. p.m. a.m. p....,1:15 p.m.m. a.m. p.m. a.m. p.m. a.m. p....
1361,orbitz,CO-63-EWR-IAH,5:25 p.m.m. a.m. p.m. a.m. p.m. a.m. p....,5:38 p.m.m. a.m. p.m. a.m. p.m. a.m. p....,8:22 p.m.m. a.m. p.m. a.m. p.m. a.m. p....,8:03 p.m.m. a.m. p.m. a.m. p.m. a.m. p....
1362,orbitz,CO-47-IAH-LAX,7:10 p.m.m. a.m. p.m. a.m. p.m. a.m. p....,8:25 p.m.m. a.m. p.m. a.m. p.m. a.m. p....,8:56 p.m.m. a.m. p.m. a.m. p.m. a.m. p....,9:38 p.m.m. a.m. p.m. a.m. p.m. a.m. p....
1363,orbitz,AA-2050-ORD-MIA,10:40 p.m.m. a.m. p.m. a.m. p.m. a.m. a....,11:06 p.m.m. a.m. p.m. a.m. p.m. a.m. a....,2:45 p.m.m. a.m. p.m. a.m. p.m. a.m. p....,2:46 p.m.m. a.m. p.m. a.m. p.m. a.m. p....
1364,orbitz,UA-248-PHX-ORD,12:57 p.m.m. a.m. p.m. a.m. p.m. a.m. p....,1:43 p.m.m. a.m. p.m. a.m. p.m. a.m. p....,5:15 p.m.m. a.m. p.m. a.m. p.m. a.m. p....,5:34 p.m.m. a.m. p.m. a.m. p.m. a.m. p....
1365,orbitz,AA-4330-CVG-ORD,3:35 p.m.m. a.m. p.m. a.m. p.m. a.m. p....,3:36 p.m.m. a.m. p.m. a.m. p.m. a.m. p....,4:00 p.m.m. a.m. p.m. a.m. p.m. a.m. p....,3:33 p.m.m. a.m. p.m. a.m. p.m. a.m. p....
1366,orbitz,AA-1434-DFW-MCO,7:15 p.m.m. a.m. p.m. a.m. p.m. a.m. a....,7:22 p.m.m. a.m. p.m. a.m. p.m. a.m. a....,10:35 p.m.m. a.m. p.m. a.m. p.m. a.m. a....,10:29 p.m.m. a.m. p.m. a.m. p.m. a.m. a....
1367,orbitz,AA-1640-MIA-MCO,6:30 p.m.m. a.m. p.m. a.m. p.m. a.m. p....,6:47 p.m.m. a.m. p.m. a.m. p.m. a.m. p....,7:25 p.m.m. a.m. p.m. a.m. p.m. a.m. p....,7:25 p.m.m. a.m. p.m. a.m. p.m. a.m. p....
1368,orbitz,AA-4307-ORD-DTW,6:45 p.m.m. a.m. p.m. a.m. p.m. a.m. p....,6:56 p.m.m. a.m. p.m. a.m. p.m. a.m. p....,9:10 p.m.m. a.m. p.m. a.m. p.m. a.m. p....,8:53 p.m.m. a.m. p.m. a.m. p.m. a.m. p....
1369,orbitz,CO-1694-LAX-IAH,7:15 p.m.m. a.m. p.m. a.m. p.m. a.m. p....,7:15 p.m.m. a.m. p.m. a.m. p.m. a.m. p....,12:21 p.m.m. a.m. p.m. a.m. p.m. a.m. a....,12:21 p.m.m. a.m. p.m. a.m. p.m. a.m. a....
1370,orbitz,UA-843-LAX-ORD,1:55 p.m.m. a.m. p.m. a.m. p.m. a.m. p....,2:38 p.m.m. a.m. p.m. a.m. p.m. a.m. p....,7:53 p.m.m. a.m. p.m. a.m. p.m. a.m. p....,7:58 p.m.m. a.m. p.m. a.m. p.m. a.m. p....
1371,orbitz,CO-1193-EWR-MCO,9:15 p.m.m. a.m. p.m. a.m. p.m. a.m. a....,9:14 p.m.m. a.m. p.m. a.m. p.m. a.m. a....,12:18 p.m.m. a.m. p.m. a.m. p.m. a.m. p....,12:09 p.m.m. a.m. p.m. a.m. p.m. a.m. p....
1372,orbitz,AA-3842-MSP-ORD,6:00 p.m.m. a.m. p.m. a.m. p.m. a.m. a....,6:56 p.m.m. a.m. p.m. a.m. p.m. a.m. a....,7:30 p.m.m. a.m. p.m. a.m. p.m. a.m. a....,7:51 p.m.m. a.m. p.m. a.m. p.m. a.m. a....
1373,orbitz,AA-643-MIA-ORD,7:10 p.m.m. a.m. p.m. a.m. p.m. a.m. a....,7:31 p.m.m. a.m. p.m. a.m. p.m. a.m. a....,9:35 p.m.m. a.m. p.m. a.m. p.m. a.m. a....,9:26 p.m.m. a.m. p.m. a.m. p.m. a.m. a....
1374,orbitz,AA-1007-MIA-PHX,4:55 p.m.m. a.m. p.m. a.m. p.m. a.m. p....,5:09 p.m.m. a.m. p.m. a.m. p.m. a.m. p....,8:05 p.m.m. a.m. p.m. a.m. p.m. a.m. p....,7:55 p.m.m. a.m. p.m. a.m. p.m. a.m. p....
1375,orbitz,UA-2906-PHL-MCO,3:50 p.m.m. a.m. p.m. a.m. p.m. a.m. p....,4:28 p.m.m. a.m. p.m. a.m. p.m. a.m. p....,6:23 p.m.m. a.m. p.m. a.m. p.m. a.m. p....,6:38 p.m.m. a.m. p.m. a.m. p.m. a.m. p....
1376,orbitz,UA-938-DEN-ORD,4:16 p.m.m. a.m. p.m. a.m. p.m. a.m. p....,4:37 p.m.m. a.m. p.m. a.m. p.m. a.m. p....,7:35 p.m.m. a.m. p.m. a.m. p.m. a.m. p....,7:36 p.m.m. a.m. p.m. a.m. p.m. a.m. p....
1377,orbitz,AA-1221-MCO-ORD,8:00 p.m.m. a.m. p.m. a.m. p.m. a.m. p....,8:23 p.m.m. a.m. p.m. a.m. p.m. a.m. p....,9:45 p.m.m. a.m. p.m. a.m. p.m. a.m. p....,9:53 p.m.m. a.m. p.m. a.m. p.m. a.m. p....
1378,orbitz,CO-16-LAX-EWR,10:25 p.m.m. a.m. p.m. a.m. p.m. a.m. a....,10:20 p.m.m. a.m. p.m. a.m. p.m. a.m. a....,6:44 p.m.m. a.m. p.m. a.m. p.m. a.m. p....,6:34 p.m.m. a.m. p.m. a.m. p.m. a.m. p....
1379,orbitz,UA-2515-DFW-CLT,7:05 p.m.m. a.m. p.m. a.m. p.m. a.m. a....,7:31 p.m.m. a.m. p.m. a.m. p.m. a.m. a....,10:31 p.m.m. a.m. p.m. a.m. p.m. a.m. a....,10:45 p.m.m. a.m. p.m. a.m. p.m. a.m. a....
1380,orbitz,AA-400-DFW-JFK,10:40 p.m.m. a.m. p.m. a.m. p.m. a.m. a....,11:02 p.m.m. a.m. p.m. a.m. p.m. a.m. a....,2:59 p.m.m. a.m. p.m. a.m. p.m. a.m. p....,3:04 p.m.m. a.m. p.m. a.m. p.m. a.m. p....
1381,orbitz,UA-664-ORD-PHL,1:33 p.m.m. a.m. p.m. a.m. p.m. a.m. p....,1:48 p.m.m. a.m. p.m. a.m. p.m. a.m. p....,4:31 p.m.m. a.m. p.m. a.m. p.m. a.m. p....,4:23 p.m.m. a.m. p.m. a.m. p.m. a.m. p....
1382,orbitz,AA-3756-ORD-SLC,12:15 p.m.m. a.m. p.m. a.m. p.m. a.m. p....,12:42 p.m.m. a.m. p.m. a.m. p.m. a.m. p....,2:45 p.m.m. a.m. p.m. a.m. p.m. a.m. p....,2:50 p.m.m. a.m. p.m. a.m. p.m. a.m. p....
1383,orbitz,UA-37-EWR-MCO,1:29 p.m.m. a.m. p.m. a.m. p.m. a.m. p....,2:01 p.m.m. a.m. p.m. a.m. p.m. a.m. p....,4:17 p.m.m. a.m. p.m. a.m. p.m. a.m. p....,4:17 p.m.m. a.m. p.m. a.m. p.m. a.m. p....
1384,orbitz,AA-1522-SFO-ORD,11:55 p.m.m. a.m. p.m. a.m. p.m. a.m. p....,12:11 p.m.m. a.m. p.m. a.m. p.m. a.m. a....,5:50 p.m.m. a.m. p.m. a.m. p.m. a.m. a....,5:42 p.m.m. a.m. p.m. a.m. p.m. a.m. a....
1385,orbitz,UA-233-LAX-JFK,4:25 p.m.m. a.m. p.m. a.m. p.m. a.m. p....,4:28 p.m.m. a.m. p.m. a.m. p.m. a.m. p....,12:29 p.m.m. a.m. p.m. a.m. p.m. a.m. a....,12:01 p.m.m. a.m. p.m. a.m. p.m. a.m. a....
1386,orbitz,AA-3823-LAX-DEN,9:00 p.m.m. a.m. p.m. a.m. p.m. a.m. p....,9:06 p.m.m. a.m. p.m. a.m. p.m. a.m. p....,12:15 p.m.m. a.m. p.m. a.m. p.m. a.m. a....,11:49 p.m.m. a.m. p.m. a.m. p.m. a.m. p....
1387,orbitz,AA-2312-DFW-DTW,8:25 p.m.m. a.m. p.m. a.m. p.m. a.m. p....,8:29 p.m.m. a.m. p.m. a.m. p.m. a.m. p....,11:50 p.m.m. a.m. p.m. a.m. p.m. a.m. p....,11:35 p.m.m. a.m. p.m. a.m. p.m. a.m. p....
1388,orbitz,AA-1165-JFK-MIA,6:59 p.m.m. a.m. p.m. a.m. p.m. a.m. a....,7:23 p.m.m. a.m. p.m. a.m. p.m. a.m. a....,10:34 p.m.m. a.m. p.m. a.m. p.m. a.m. a....,10:04 p.m.m. a.m. p.m. a.m. p.m. a.m. a....
1389,orbitz,AA-431-MIA-SFO,8:35 p.m.m. a.m. p.m. a.m. p.m. a.m. a....,8:52 p.m.m. a.m. p.m. a.m. p.m. a.m. a....,11:50 p.m.m. a.m. p.m. a.m. p.m. a.m. a....,11:44 p.m.m. a.m. p.m. a.m. p.m. a.m. a....
1390,orbitz,AA-649-ORD-SNA,1:30 p.m.m. a.m. p.m. a.m. p.m. a.m. p....,1:41 p.m.m. a.m. p.m. a.m. p.m. a.m. p....,3:50 p.m.m. a.m. p.m. a.m. p.m. a.m. p....,3:29 p.m.m. a.m. p.m. a.m. p.m. a.m. p....
1391,orbitz,CO-1250-MIA-IAH,2:53 p.m.m. a.m. p.m. a.m. p.m. a.m. p....,3:01 p.m.m. a.m. p.m. a.m. p.m. a.m. p....,4:48 p.m.m. a.m. p.m. a.m. p.m. a.m. p....,4:59 p.m.m. a.m. p.m. a.m. p.m. a.m. p....
1392,orbitz,UA-6273-YYC-SFO,7:35 p.m.m. a.m. p.m. a.m. p.m. a.m. a....,7:41 p.m.m. a.m. p.m. a.m. p.m. a.m. a....,9:43 p.m.m. a.m. p.m. a.m. p.m. a.m. a....,8:45 p.m.m. a.m. p.m. a.m. p.m. a.m. a....
1393,orbitz,UA-828-SFO-ORD,11:08 p.m.m. a.m. p.m. a.m. p.m. a.m. p....,11:35 p.m.m. a.m. p.m. a.m. p.m. a.m. p....,5:11 p.m.m. a.m. p.m. a.m. p.m. a.m. a....,5:21 p.m.m. a.m. p.m. a.m. p.m. a.m. a....
1394,orbitz,CO-4888-IAH-DAL,5:30 p.m.m. a.m. p.m. a.m. p.m. a.m. p....,5:38 p.m.m. a.m. p.m. a.m. p.m. a.m. p....,6:40 p.m.m. a.m. p.m. a.m. p.m. a.m. p....,6:19 p.m.m. a.m. p.m. a.m. p.m. a.m. p....
1395,orbitz,UA-858-PVG-SFO,1:45 p.m.m. a.m. p.m. a.m. p.m. a.m. p....,1:32 p.m.m. a.m. p.m. a.m. p.m. a.m. p....,8:27 p.m.m. a.m. p.m. a.m. p.m. a.m. a....,8:02 p.m.m. a.m. p.m. a.m. p.m. a.m. a....
1396,orbitz,UA-2704-DTW-PHX,11:15 p.m.m. a.m. p.m. a.m. p.m. a.m. a....,11:47 p.m.m. a.m. p.m. a.m. p.m. a.m. a....,1:40 p.m.m. a.m. p.m. a.m. p.m. a.m. p....,2:02 p.m.m. a.m. p.m. a.m. p.m. a.m. p....
1397,orbitz,AA-3063-SLC-LAX,8:20 p.m.m. a.m. p.m. a.m. p.m. a.m. p....,8:40 p.m.m. a.m. p.m. a.m. p.m. a.m. p....,9:20 p.m.m. a.m. p.m. a.m. p.m. a.m. p....,9:11 p.m.m. a.m. p.m. a.m. p.m. a.m. p....
1398,orbitz,UA-2708-EWR-CLT,2:55 p.m.m. a.m. p.m. a.m. p.m. a.m. p....,3:04 p.m.m. a.m. p.m. a.m. p.m. a.m. p....,4:53 p.m.m. a.m. p.m. a.m. p.m. a.m. p....,4:24 p.m.m. a.m. p.m. a.m. p.m. a.m. p....
1399,orbitz,UA-62-IAH-EWR,2:30 p.m.m. a.m. p.m. a.m. p.m. a.m. p....,2:48 p.m.m. a.m. p.m. a.m. p.m. a.m. p....,7:03 p.m.m. a.m. p.m. a.m. p.m. a.m. p....,7:10 p.m.m. a.m. p.m. a.m. p.m. a.m. p....
1400,orbitz,UA-1500-IAH-GUA,8:55 p.m.m. a.m. p.m. a.m. p.m. a.m. a....,9:43 p.m.m. a.m. p.m. a.m. p.m. a.m. a....,11:45 p.m.m. a.m. p.m. a.m. p.m. a.m. a....,12:12 p.m.m. a.m. p.m. a.m. p.m. a.m. p....
1401,orbitz,AA-3804-PHL-ORD,2:35 p.m.m. a.m. p.m. a.m. p.m. a.m. p....,2:44 p.m.m. a.m. p.m. a.m. p.m. a.m. p....,4:05 p.m.m. a.m. p.m. a.m. p.m. a.m. p....,3:36 p.m.m. a.m. p.m. a.m. p.m. a.m. p....
1402,orbitz,AA-1917-JFK-MCO,2:55 p.m.m. a.m. p.m. a.m. p.m. a.m. p....,3:27 p.m.m. a.m. p.m. a.m. p.m. a.m. p....,5:55 p.m.m. a.m. p.m. a.m. p.m. a.m. p....,5:43 p.m.m. a.m. p.m. a.m. p.m. a.m. p....
1403,orbitz,AA-2268-PHX-ORD,7:15 p.m.m. a.m. p.m. a.m. p.m. a.m. a....,7:23 p.m.m. a.m. p.m. a.m. p.m. a.m. a....,11:35 p.m.m. a.m. p.m. a.m. p.m. a.m. a....,11:04 p.m.m. a.m. p.m. a.m. p.m. a.m. a....
1404,orbitz,AA-4277-CVG-JFK,12:10 p.m.m. a.m. p.m. a.m. p.m. a.m. p....,12:11 p.m.m. a.m. p.m. a.m. p.m. a.m. p....,2:15 p.m.m. a.m. p.m. a.m. p.m. a.m. p....,1:43 p.m.m. a.m. p.m. a.m. p.m. a.m. p....
1405,orbitz,AA-2957-DFW-CVG,7:55 p.m.m. a.m. p.m. a.m. p.m. a.m. a....,8:04 p.m.m. a.m. p.m. a.m. p.m. a.m. a....,11:05 p.m.m. a.m. p.m. a.m. p.m. a.m. a....,11:01 p.m.m. a.m. p.m. a.m. p.m. a.m. a....
1406,orbitz,UA-37-EDI-EWR,9:05 p.m.m. a.m. p.m. a.m. p.m. a.m. a....,9:05 p.m.m. a.m. p.m. a.m. p.m. a.m. a....,11:53 p.m.m. a.m. p.m. a.m. p.m. a.m. a....,12:09 p.m.m. a.m. p.m. a.m. p.m. a.m. p....
1407,orbitz,AA-789-ORD-DEN,1:05 p.m.m. a.m. p.m. a.m. p.m. a.m. p....,1:19 p.m.m. a.m. p.m. a.m. p.m. a.m. p....,2:35 p.m.m. a.m. p.m. a.m. p.m. a.m. p....,3:13 p.m.m. a.m. p.m. a.m. p.m. a.m. p....
1408,orbitz,AA-415-BOS-ORD,8:35 p.m.m. a.m. p.m. a.m. p.m. a.m. a....,8:56 p.m.m. a.m. p.m. a.m. p.m. a.m. a....,10:40 p.m.m. a.m. p.m. a.m. p.m. a.m. a....,10:16 p.m.m. a.m. p.m. a.m. p.m. a.m. a....
1409,orbitz,AA-85-JFK-SFO,3:05 p.m.m. a.m. p.m. a.m. p.m. a.m. p....,3:38 p.m.m. a.m. p.m. a.m. p.m. a.m. p....,6:30 p.m.m. a.m. p.m. a.m. p.m. a.m. p....,6:43 p.m.m. a.m. p.m. a.m. p.m. a.m. p....
1410,orbitz,AA-3979-CVG-ORD,7:30 p.m.m. a.m. p.m. a.m. p.m. a.m. a....,8:04 p.m.m. a.m. p.m. a.m. p.m. a.m. a....,8:00 p.m.m. a.m. p.m. a.m. p.m. a.m. a....,8:06 p.m.m. a.m. p.m. a.m. p.m. a.m. a....
1411,orbitz,AA-1544-SAN-ORD,11:25 p.m.m. a.m. p.m. a.m. p.m. a.m. a....,11:41 p.m.m. a.m. p.m. a.m. p.m. a.m. a....,5:25 p.m.m. a.m. p.m. a.m. p.m. a.m. p....,4:56 p.m.m. a.m. p.m. a.m. p.m. a.m. p....
1412,orbitz,AA-3786-IAH-ORD,4:00 p.m.m. a.m. p.m. a.m. p.m. a.m. p....,4:12 p.m.m. a.m. p.m. a.m. p.m. a.m. p....,6:40 p.m.m. a.m. p.m. a.m. p.m. a.m. p....,6:15 p.m.m. a.m. p.m. a.m. p.m. a.m. p....
1413,orbitz,AA-271-MIA-LAX,11:35 p.m.m. a.m. p.m. a.m. p.m. a.m. a....,11:52 p.m.m. a.m. p.m. a.m. p.m. a.m. a....,2:25 p.m.m. a.m. p.m. a.m. p.m. a.m. p....,2:27 p.m.m. a.m. p.m. a.m. p.m. a.m. p....
1414,orbitz,AA-2525-DFW-MIA,7:25 p.m.m. a.m. p.m. a.m. p.m. a.m. a....,7:39 p.m.m. a.m. p.m. a.m. p.m. a.m. a....,11:10 p.m.m. a.m. p.m. a.m. p.m. a.m. a....,11:06 p.m.m. a.m. p.m. a.m. p.m. a.m. a....
1415,orbitz,CO-50-CLE-EWR,2:55 p.m.m. a.m. p.m. a.m. p.m. a.m. p....,3:31 p.m.m. a.m. p.m. a.m. p.m. a.m. p....,4:49 p.m.m. a.m. p.m. a.m. p.m. a.m. p....,5:26 p.m.m. a.m. p.m. a.m. p.m. a.m. p....
1416,orbitz,UA-3099-PHX-PHL,11:55 p.m.m. a.m. p.m. a.m. p.m. a.m. a....,11:55 p.m.m. a.m. p.m. a.m. p.m. a.m. a....,6:17 p.m.m. a.m. p.m. a.m. p.m. a.m. p....,5:38 p.m.m. a.m. p.m. a.m. p.m. a.m. p....
1417,orbitz,AA-4198-ORD-CLE,10:40 p.m.m. a.m. p.m. a.m. p.m. a.m. a....,10:55 p.m.m. a.m. p.m. a.m. p.m. a.m. a....,12:55 p.m.m. a.m. p.m. a.m. p.m. a.m. p....,12:50 p.m.m. a.m. p.m. a.m. p.m. a.m. p....
1418,orbitz,AA-404-MIA-MCO,6:45 p.m.m. a.m. p.m. a.m. p.m. a.m. a....,6:58 p.m.m. a.m. p.m. a.m. p.m. a.m. a....,7:45 p.m.m. a.m. p.m. a.m. p.m. a.m. a....,7:40 p.m.m. a.m. p.m. a.m. p.m. a.m. a....
1419,orbitz,CO-45-EWR-MIA,4:00 p.m.m. a.m. p.m. a.m. p.m. a.m. p....,3:58 p.m.m. a.m. p.m. a.m. p.m. a.m. p....,7:05 p.m.m. a.m. p.m. a.m. p.m. a.m. p....,6:36 p.m.m. a.m. p.m. a.m. p.m. a.m. p....
1420,orbitz,AA-3809-PHX-LAX,6:00 p.m.m. a.m. p.m. a.m. p.m. a.m. a....,6:10 p.m.m. a.m. p.m. a.m. p.m. a.m. a....,6:40 p.m.m. a.m. p.m. a.m. p.m. a.m. a....,6:19 p.m.m. a.m. p.m. a.m. p.m. a.m. a....
1421,orbitz,AA-59-JFK-SFO,7:10 p.m.m. a.m. p.m. a.m. p.m. a.m. a....,7:40 p.m.m. a.m. p.m. a.m. p.m. a.m. a....,10:45 p.m.m. a.m. p.m. a.m. p.m. a.m. a....,11:12 p.m.m. a.m. p.m. a.m. p.m. a.m. a....
1422,orbitz,AA-222-LAX-BOS,7:10 p.m.m. a.m. p.m. a.m. p.m. a.m. a....,7:32 p.m.m. a.m. p.m. a.m. p.m. a.m. a....,3:30 p.m.m. a.m. p.m. a.m. p.m. a.m. p....,3:14 p.m.m. a.m. p.m. a.m. p.m. a.m. p....
1423,phl,AA-446-DFW-PHL,11:50 p.m.m. a.m. p.m. a.m. p.m. a.m. a....,12:13 p.m.m. a.m. p.m. a.m. p.m. a.m. p....,3:50 p.m.m. a.m. p.m. a.m. p.m. a.m. p....,4:09 p.m.m. a.m. p.m. a.m. p.m. a.m. p....
1424,phl,UA-3373-IAD-PHL,8:29 p.m.m. a.m. p.m. a.m. p.m. a.m. a....,8:37 p.m.m. a.m. p.m. a.m. p.m. a.m. a....,9:24 p.m.m. a.m. p.m. a.m. p.m. a.m. a....,9:13 p.m.m. a.m. p.m. a.m. p.m. a.m. a....
1425,phl,AA-3804-PHL-ORD,2:35 p.m.m. a.m. p.m. a.m. p.m. a.m. p....,2:44 p.m.m. a.m. p.m. a.m. p.m. a.m. p....,4:05 p.m.m. a.m. p.m. a.m. p.m. a.m. p....,3:36 p.m.m. a.m. p.m. a.m. p.m. a.m. p....
1426,phl,UA-664-ORD-PHL,1:33 p.m.m. a.m. p.m. a.m. p.m. a.m. p....,1:48 p.m.m. a.m. p.m. a.m. p.m. a.m. p....,4:31 p.m.m. a.m. p.m. a.m. p.m. a.m. p....,4:23 p.m.m. a.m. p.m. a.m. p.m. a.m. p....
1427,CO,CO-1586-IAH-MCO,7:00 p.m.m. a.m. p.m. a.m. p.m. a.m. p....,7:42 p.m.m. a.m. p.m. a.m. p.m. a.m. p....,10:15 p.m.m. a.m. p.m. a.m. p.m. a.m. p....,10:29 p.m.m. a.m. p.m. a.m. p.m. a.m. p....
1428,CO,CO-52-IAH-LAX,7:35 p.m.m. a.m. p.m. a.m. p.m. a.m. a....,7:56 p.m.m. a.m. p.m. a.m. p.m. a.m. a....,9:21 p.m.m. a.m. p.m. a.m. p.m. a.m. a....,9:09 p.m.m. a.m. p.m. a.m. p.m. a.m. a....
1429,CO,CO-1023-IAH-DEN,11:40 p.m.m. a.m. p.m. a.m. p.m. a.m. a....,12:06 p.m.m. a.m. p.m. a.m. p.m. a.m. p....,1:17 p.m.m. a.m. p.m. a.m. p.m. a.m. p....,1:14 p.m.m. a.m. p.m. a.m. p.m. a.m. p....
1430,CO,CO-89-IAH-EWR,6:00 p.m.m. a.m. p.m. a.m. p.m. a.m. a....,6:02 p.m.m. a.m. p.m. a.m. p.m. a.m. a....,10:20 p.m.m. a.m. p.m. a.m. p.m. a.m. a....,10:27 p.m.m. a.m. p.m. a.m. p.m. a.m. a....
1431,CO,CO-1694-LAX-IAH,7:15 p.m.m. a.m. p.m. a.m. p.m. a.m. p....,7:15 p.m.m. a.m. p.m. a.m. p.m. a.m. p....,12:21 p.m.m. a.m. p.m. a.m. p.m. a.m. a....,12:21 p.m.m. a.m. p.m. a.m. p.m. a.m. a....
1432,CO,CO-1614-LAX-IAH,12:30 p.m.m. a.m. p.m. a.m. p.m. a.m. a....,12:41 p.m.m. a.m. p.m. a.m. p.m. a.m. a....,5:35 p.m.m. a.m. p.m. a.m. p.m. a.m. a....,5:26 p.m.m. a.m. p.m. a.m. p.m. a.m. a....
1433,CO,CO-1088-CLE-IAH,8:40 p.m.m. a.m. p.m. a.m. p.m. a.m. a....,8:40 p.m.m. a.m. p.m. a.m. p.m. a.m. a....,10:54 p.m.m. a.m. p.m. a.m. p.m. a.m. a....,10:56 p.m.m. a.m. p.m. a.m. p.m. a.m. a....
1434,CO,CO-58-DEN-IAH,11:25 p.m.m. a.m. p.m. a.m. p.m. a.m. a....,11:32 p.m.m. a.m. p.m. a.m. p.m. a.m. a....,2:50 p.m.m. a.m. p.m. a.m. p.m. a.m. p....,3:31 p.m.m. a.m. p.m. a.m. p.m. a.m. p....
1435,CO,CO-50-CLE-EWR,2:55 p.m.m. a.m. p.m. a.m. p.m. a.m. p....,3:31 p.m.m. a.m. p.m. a.m. p.m. a.m. p....,4:49 p.m.m. a.m. p.m. a.m. p.m. a.m. p....,5:26 p.m.m. a.m. p.m. a.m. p.m. a.m. p....
1436,CO,CO-62-IAH-EWR,2:30 p.m.m. a.m. p.m. a.m. p.m. a.m. p....,2:48 p.m.m. a.m. p.m. a.m. p.m. a.m. p....,7:03 p.m.m. a.m. p.m. a.m. p.m. a.m. p....,7:10 p.m.m. a.m. p.m. a.m. p.m. a.m. p....
1437,CO,CO-1193-EWR-MCO,9:15 p.m.m. a.m. p.m. a.m. p.m. a.m. a....,9:14 p.m.m. a.m. p.m. a.m. p.m. a.m. a....,12:18 p.m.m. a.m. p.m. a.m. p.m. a.m. p....,12:09 p.m.m. a.m. p.m. a.m. p.m. a.m. p....
1438,CO,CO-16-LAX-EWR,10:25 p.m.m. a.m. p.m. a.m. p.m. a.m. a....,10:20 p.m.m. a.m. p.m. a.m. p.m. a.m. a....,6:44 p.m.m. a.m. p.m. a.m. p.m. a.m. p....,6:34 p.m.m. a.m. p.m. a.m. p.m. a.m. p....
1439,CO,CO-1090-BOS-IAH,9:45 p.m.m. a.m. p.m. a.m. p.m. a.m. a....,10:19 p.m.m. a.m. p.m. a.m. p.m. a.m. a....,1:16 p.m.m. a.m. p.m. a.m. p.m. a.m. p....,1:19 p.m.m. a.m. p.m. a.m. p.m. a.m. p....
1440,CO,CO-1250-MIA-IAH,2:53 p.m.m. a.m. p.m. a.m. p.m. a.m. p....,3:01 p.m.m. a.m. p.m. a.m. p.m. a.m. p....,4:48 p.m.m. a.m. p.m. a.m. p.m. a.m. p....,4:59 p.m.m. a.m. p.m. a.m. p.m. a.m. p....
1441,CO,CO-47-IAH-LAX,7:10 p.m.m. a.m. p.m. a.m. p.m. a.m. p....,8:25 p.m.m. a.m. p.m. a.m. p.m. a.m. p....,8:56 p.m.m. a.m. p.m. a.m. p.m. a.m. p....,9:38 p.m.m. a.m. p.m. a.m. p.m. a.m. p....
1442,CO,CO-4888-IAH-DAL,5:30 p.m.m. a.m. p.m. a.m. p.m. a.m. p....,5:38 p.m.m. a.m. p.m. a.m. p.m. a.m. p....,6:40 p.m.m. a.m. p.m. a.m. p.m. a.m. p....,6:19 p.m.m. a.m. p.m. a.m. p.m. a.m. p....
1443,CO,CO-45-EWR-MIA,4:00 p.m.m. a.m. p.m. a.m. p.m. a.m. p....,3:58 p.m.m. a.m. p.m. a.m. p.m. a.m. p....,7:05 p.m.m. a.m. p.m. a.m. p.m. a.m. p....,6:36 p.m.m. a.m. p.m. a.m. p.m. a.m. p....
1444,CO,CO-63-EWR-IAH,5:25 p.m.m. a.m. p.m. a.m. p.m. a.m. p....,5:38 p.m.m. a.m. p.m. a.m. p.m. a.m. p....,8:22 p.m.m. a.m. p.m. a.m. p.m. a.m. p....,8:03 p.m.m. a.m. p.m. a.m. p.m. a.m. p....
1445,CO,CO-1561-PHX-IAH,8:05 p.m.m. a.m. p.m. a.m. p.m. a.m. a....,8:00 p.m.m. a.m. p.m. a.m. p.m. a.m. a....,11:35 p.m.m. a.m. p.m. a.m. p.m. a.m. a....,11:32 p.m.m. a.m. p.m. a.m. p.m. a.m. a....
1446,ifly,AA-3842-MSP-ORD,6:00 p.m.m. a.m. p.m. a.m. p.m. a.m. a....,6:56 p.m.m. a.m. p.m. a.m. p.m. a.m. a....,7:30 p.m.m. a.m. p.m. a.m. p.m. a.m. a....,7:51 p.m.m. a.m. p.m. a.m. p.m. a.m. a....
1447,ifly,AA-3804-PHL-ORD,2:35 p.m.m. a.m. p.m. a.m. p.m. a.m. p....,2:44 p.m.m. a.m. p.m. a.m. p.m. a.m. p....,4:05 p.m.m. a.m. p.m. a.m. p.m. a.m. p....,3:36 p.m.m. a.m. p.m. a.m. p.m. a.m. p....
1448,ifly,CO-1090-BOS-IAH,9:45 p.m.m. a.m. p.m. a.m. p.m. a.m. a....,10:19 p.m.m. a.m. p.m. a.m. p.m. a.m. a....,1:16 p.m.m. a.m. p.m. a.m. p.m. a.m. p....,1:19 p.m.m. a.m. p.m. a.m. p.m. a.m. p....
1449,ifly,AA-1917-JFK-MCO,2:55 p.m.m. a.m. p.m. a.m. p.m. a.m. p....,3:27 p.m.m. a.m. p.m. a.m. p.m. a.m. p....,5:55 p.m.m. a.m. p.m. a.m. p.m. a.m. p....,5:43 p.m.m. a.m. p.m. a.m. p.m. a.m. p....
1450,ifly,UA-2906-PHL-MCO,3:50 p.m.m. a.m. p.m. a.m. p.m. a.m. p....,4:28 p.m.m. a.m. p.m. a.m. p.m. a.m. p....,6:23 p.m.m. a.m. p.m. a.m. p.m. a.m. p....,6:38 p.m.m. a.m. p.m. a.m. p.m. a.m. p....
1451,ifly,CO-89-IAH-EWR,6:00 p.m.m. a.m. p.m. a.m. p.m. a.m. a....,6:02 p.m.m. a.m. p.m. a.m. p.m. a.m. a....,10:20 p.m.m. a.m. p.m. a.m. p.m. a.m. a....,10:27 p.m.m. a.m. p.m. a.m. p.m. a.m. a....
1452,ifly,UA-938-DEN-ORD,4:16 p.m.m. a.m. p.m. a.m. p.m. a.m. p....,4:37 p.m.m. a.m. p.m. a.m. p.m. a.m. p....,7:35 p.m.m. a.m. p.m. a.m. p.m. a.m. p....,7:36 p.m.m. a.m. p.m. a.m. p.m. a.m. p....
1453,ifly,UA-3925-IAD-ORF,8:41 p.m.m. a.m. p.m. a.m. p.m. a.m. a....,8:42 p.m.m. a.m. p.m. a.m. p.m. a.m. a....,9:54 p.m.m. a.m. p.m. a.m. p.m. a.m. a....,9:43 p.m.m. a.m. p.m. a.m. p.m. a.m. a....
1454,ifly,AA-789-ORD-DEN,1:05 p.m.m. a.m. p.m. a.m. p.m. a.m. p....,1:19 p.m.m. a.m. p.m. a.m. p.m. a.m. p....,2:35 p.m.m. a.m. p.m. a.m. p.m. a.m. p....,3:13 p.m.m. a.m. p.m. a.m. p.m. a.m. p....
1455,ifly,AA-1434-DFW-MCO,7:15 p.m.m. a.m. p.m. a.m. p.m. a.m. a....,7:22 p.m.m. a.m. p.m. a.m. p.m. a.m. a....,10:35 p.m.m. a.m. p.m. a.m. p.m. a.m. a....,10:29 p.m.m. a.m. p.m. a.m. p.m. a.m. a....
1456,ifly,UA-664-ORD-PHL,1:33 p.m.m. a.m. p.m. a.m. p.m. a.m. p....,1:48 p.m.m. a.m. p.m. a.m. p.m. a.m. p....,4:31 p.m.m. a.m. p.m. a.m. p.m. a.m. p....,4:23 p.m.m. a.m. p.m. a.m. p.m. a.m. p....
1457,ifly,AA-3756-ORD-SLC,12:15 p.m.m. a.m. p.m. a.m. p.m. a.m. p....,12:42 p.m.m. a.m. p.m. a.m. p.m. a.m. p....,2:45 p.m.m. a.m. p.m. a.m. p.m. a.m. p....,2:50 p.m.m. a.m. p.m. a.m. p.m. a.m. p....
1458,ifly,CO-1614-LAX-IAH,12:30 p.m.m. a.m. p.m. a.m. p.m. a.m. a....,12:41 p.m.m. a.m. p.m. a.m. p.m. a.m. a....,5:35 p.m.m. a.m. p.m. a.m. p.m. a.m. a....,5:26 p.m.m. a.m. p.m. a.m. p.m. a.m. a....
1459,ifly,CO-58-DEN-IAH,11:25 p.m.m. a.m. p.m. a.m. p.m. a.m. a....,11:32 p.m.m. a.m. p.m. a.m. p.m. a.m. a....,2:50 p.m.m. a.m. p.m. a.m. p.m. a.m. p....,3:31 p.m.m. a.m. p.m. a.m. p.m. a.m. p....
1460,ifly,UA-233-LAX-JFK,4:25 p.m.m. a.m. p.m. a.m. p.m. a.m. p....,4:28 p.m.m. a.m. p.m. a.m. p.m. a.m. p....,12:29 p.m.m. a.m. p.m. a.m. p.m. a.m. a....,12:01 p.m.m. a.m. p.m. a.m. p.m. a.m. a....
1461,ifly,AA-3979-CVG-ORD,7:30 p.m.m. a.m. p.m. a.m. p.m. a.m. a....,8:04 p.m.m. a.m. p.m. a.m. p.m. a.m. a....,8:00 p.m.m. a.m. p.m. a.m. p.m. a.m. a....,8:06 p.m.m. a.m. p.m. a.m. p.m. a.m. a....
1462,ifly,AA-3823-LAX-DEN,9:00 p.m.m. a.m. p.m. a.m. p.m. a.m. p....,9:06 p.m.m. a.m. p.m. a.m. p.m. a.m. p....,12:15 p.m.m. a.m. p.m. a.m. p.m. a.m. a....,11:49 p.m.m. a.m. p.m. a.m. p.m. a.m. p....
1463,ifly,AA-3786-IAH-ORD,4:00 p.m.m. a.m. p.m. a.m. p.m. a.m. p....,4:12 p.m.m. a.m. p.m. a.m. p.m. a.m. p....,6:40 p.m.m. a.m. p.m. a.m. p.m. a.m. p....,6:15 p.m.m. a.m. p.m. a.m. p.m. a.m. p....
1464,ifly,AA-431-MIA-SFO,8:35 p.m.m. a.m. p.m. a.m. p.m. a.m. a....,8:52 p.m.m. a.m. p.m. a.m. p.m. a.m. a....,11:50 p.m.m. a.m. p.m. a.m. p.m. a.m. a....,11:44 p.m.m. a.m. p.m. a.m. p.m. a.m. a....
1465,ifly,AA-1733-ORD-PHX,7:45 p.m.m. a.m. p.m. a.m. p.m. a.m. p....,7:59 p.m.m. a.m. p.m. a.m. p.m. a.m. p....,10:30 p.m.m. a.m. p.m. a.m. p.m. a.m. p....,10:30 p.m.m. a.m. p.m. a.m. p.m. a.m. p....
1466,ifly,UA-3373-IAD-PHL,8:29 p.m.m. a.m. p.m. a.m. p.m. a.m. a....,8:37 p.m.m. a.m. p.m. a.m. p.m. a.m. a....,9:24 p.m.m. a.m. p.m. a.m. p.m. a.m. a....,9:13 p.m.m. a.m. p.m. a.m. p.m. a.m. a....
1467,ifly,UA-3099-PHX-PHL,11:55 p.m.m. a.m. p.m. a.m. p.m. a.m. a....,11:55 p.m.m. a.m. p.m. a.m. p.m. a.m. a....,6:17 p.m.m. a.m. p.m. a.m. p.m. a.m. p....,5:38 p.m.m. a.m. p.m. a.m. p.m. a.m. p....
1468,ifly,UA-2314-ATL-PHL,2:55 p.m.m. a.m. p.m. a.m. p.m. a.m. p....,3:04 p.m.m. a.m. p.m. a.m. p.m. a.m. p....,5:00 p.m.m. a.m. p.m. a.m. p.m. a.m. p....,4:47 p.m.m. a.m. p.m. a.m. p.m. a.m. p....
1469,ifly,CO-16-LAX-EWR,10:25 p.m.m. a.m. p.m. a.m. p.m. a.m. a....,10:20 p.m.m. a.m. p.m. a.m. p.m. a.m. a....,6:44 p.m.m. a.m. p.m. a.m. p.m. a.m. p....,6:34 p.m.m. a.m. p.m. a.m. p.m. a.m. p....
1470,ifly,CO-1250-MIA-IAH,2:53 p.m.m. a.m. p.m. a.m. p.m. a.m. p....,3:01 p.m.m. a.m. p.m. a.m. p.m. a.m. p....,4:48 p.m.m. a.m. p.m. a.m. p.m. a.m. p....,4:59 p.m.m. a.m. p.m. a.m. p.m. a.m. p....
1471,ifly,AA-3468-CVG-MIA,7:00 p.m.m. a.m. p.m. a.m. p.m. a.m. a....,7:25 p.m.m. a.m. p.m. a.m. p.m. a.m. a....,9:55 p.m.m. a.m. p.m. a.m. p.m. a.m. a....,9:45 p.m.m. a.m. p.m. a.m. p.m. a.m. a....
1472,ifly,AA-2050-ORD-MIA,10:40 p.m.m. a.m. p.m. a.m. p.m. a.m. a....,11:06 p.m.m. a.m. p.m. a.m. p.m. a.m. a....,2:45 p.m.m. a.m. p.m. a.m. p.m. a.m. p....,2:46 p.m.m. a.m. p.m. a.m. p.m. a.m. p....
1473,ifly,AA-415-BOS-ORD,8:35 p.m.m. a.m. p.m. a.m. p.m. a.m. a....,8:56 p.m.m. a.m. p.m. a.m. p.m. a.m. a....,10:40 p.m.m. a.m. p.m. a.m. p.m. a.m. a....,10:16 p.m.m. a.m. p.m. a.m. p.m. a.m. a....
1474,ifly,AA-3063-SLC-LAX,8:20 p.m.m. a.m. p.m. a.m. p.m. a.m. p....,8:40 p.m.m. a.m. p.m. a.m. p.m. a.m. p....,9:20 p.m.m. a.m. p.m. a.m. p.m. a.m. p....,9:11 p.m.m. a.m. p.m. a.m. p.m. a.m. p....
1475,ifly,AA-3809-PHX-LAX,6:00 p.m.m. a.m. p.m. a.m. p.m. a.m. a....,6:10 p.m.m. a.m. p.m. a.m. p.m. a.m. a....,6:40 p.m.m. a.m. p.m. a.m. p.m. a.m. a....,6:19 p.m.m. a.m. p.m. a.m. p.m. a.m. a....
1476,ifly,AA-59-JFK-SFO,7:10 p.m.m. a.m. p.m. a.m. p.m. a.m. a....,7:40 p.m.m. a.m. p.m. a.m. p.m. a.m. a....,10:45 p.m.m. a.m. p.m. a.m. p.m. a.m. a....,11:12 p.m.m. a.m. p.m. a.m. p.m. a.m. a....
1477,ifly,UA-62-IAH-EWR,2:30 p.m.m. a.m. p.m. a.m. p.m. a.m. p....,2:48 p.m.m. a.m. p.m. a.m. p.m. a.m. p....,7:03 p.m.m. a.m. p.m. a.m. p.m. a.m. p....,7:10 p.m.m. a.m. p.m. a.m. p.m. a.m. p....
1478,ifly,AA-616-DFW-DTW,9:05 p.m.m. a.m. p.m. a.m. p.m. a.m. a....,10:11 p.m.m. a.m. p.m. a.m. p.m. a.m. a....,12:35 p.m.m. a.m. p.m. a.m. p.m. a.m. p....,1:27 p.m.m. a.m. p.m. a.m. p.m. a.m. p....
1479,ifly,AA-3-JFK-LAX,12:00 p.m.m. a.m. p.m. a.m. p.m. a.m. p....,12:12 p.m.m. a.m. p.m. a.m. p.m. a.m. p....,3:15 p.m.m. a.m. p.m. a.m. p.m. a.m. p....,3:16 p.m.m. a.m. p.m. a.m. p.m. a.m. p....
1480,ifly,CO-1694-LAX-IAH,7:15 p.m.m. a.m. p.m. a.m. p.m. a.m. p....,7:15 p.m.m. a.m. p.m. a.m. p.m. a.m. p....,12:21 p.m.m. a.m. p.m. a.m. p.m. a.m. a....,12:21 p.m.m. a.m. p.m. a.m. p.m. a.m. a....
1481,ifly,AA-446-DFW-PHL,11:50 p.m.m. a.m. p.m. a.m. p.m. a.m. a....,12:13 p.m.m. a.m. p.m. a.m. p.m. a.m. p....,3:50 p.m.m. a.m. p.m. a.m. p.m. a.m. p....,4:09 p.m.m. a.m. p.m. a.m. p.m. a.m. p....
1482,sfo,UA-397-JFK-SFO,8:00 p.m.m. a.m. p.m. a.m. p.m. a.m. a....,8:29 p.m.m. a.m. p.m. a.m. p.m. a.m. a....,11:55 p.m.m. a.m. p.m. a.m. p.m. a.m. a....,11:58 p.m.m. a.m. p.m. a.m. p.m. a.m. a....
1483,sfo,AA-85-JFK-SFO,3:05 p.m.m. a.m. p.m. a.m. p.m. a.m. p....,3:38 p.m.m. a.m. p.m. a.m. p.m. a.m. p....,6:30 p.m.m. a.m. p.m. a.m. p.m. a.m. p....,6:43 p.m.m. a.m. p.m. a.m. p.m. a.m. p....
1484,sfo,AA-431-MIA-SFO,8:35 p.m.m. a.m. p.m. a.m. p.m. a.m. a....,8:52 p.m.m. a.m. p.m. a.m. p.m. a.m. a....,11:50 p.m.m. a.m. p.m. a.m. p.m. a.m. a....,11:44 p.m.m. a.m. p.m. a.m. p.m. a.m. a....
1485,sfo,AA-59-JFK-SFO,7:10 p.m.m. a.m. p.m. a.m. p.m. a.m. a....,7:40 p.m.m. a.m. p.m. a.m. p.m. a.m. a....,10:45 p.m.m. a.m. p.m. a.m. p.m. a.m. a....,11:12 p.m.m. a.m. p.m. a.m. p.m. a.m. a....
1486,sfo,UA-257-JFK-SFO,2:30 p.m.m. a.m. p.m. a.m. p.m. a.m. p....,2:43 p.m.m. a.m. p.m. a.m. p.m. a.m. p....,6:15 p.m.m. a.m. p.m. a.m. p.m. a.m. p....,5:42 p.m.m. a.m. p.m. a.m. p.m. a.m. p....
1487,sfo,UA-414-LAX-SFO,6:00 p.m.m. a.m. p.m. a.m. p.m. a.m. a....,6:10 p.m.m. a.m. p.m. a.m. p.m. a.m. a....,7:23 p.m.m. a.m. p.m. a.m. p.m. a.m. a....,7:17 p.m.m. a.m. p.m. a.m. p.m. a.m. a....
1488,flytecomm,AA-3859-IAH-ORD,7:10 p.m.m. a.m. p.m. a.m. p.m. a.m. a....,7:16 p.m.m. a.m. p.m. a.m. p.m. a.m. a....,9:40 p.m.m. a.m. p.m. a.m. p.m. a.m. a....,9:22 p.m.m. a.m. p.m. a.m. p.m. a.m. a....
1489,flytecomm,CO-1586-IAH-MCO,7:00 p.m.m. a.m. p.m. a.m. p.m. a.m. p....,7:42 p.m.m. a.m. p.m. a.m. p.m. a.m. p....,10:15 p.m.m. a.m. p.m. a.m. p.m. a.m. p....,10:29 p.m.m. a.m. p.m. a.m. p.m. a.m. p....
1490,flytecomm,AA-518-MIA-JFK,6:40 p.m.m. a.m. p.m. a.m. p.m. a.m. a....,6:54 p.m.m. a.m. p.m. a.m. p.m. a.m. a....,9:25 p.m.m. a.m. p.m. a.m. p.m. a.m. a....,9:28 p.m.m. a.m. p.m. a.m. p.m. a.m. a....
1491,flytecomm,UA-397-JFK-SFO,8:00 p.m.m. a.m. p.m. a.m. p.m. a.m. a....,8:29 p.m.m. a.m. p.m. a.m. p.m. a.m. a....,11:55 p.m.m. a.m. p.m. a.m. p.m. a.m. a....,11:58 p.m.m. a.m. p.m. a.m. p.m. a.m. a....
1492,flytecomm,UA-3925-IAD-ORF,8:41 p.m.m. a.m. p.m. a.m. p.m. a.m. a....,8:42 p.m.m. a.m. p.m. a.m. p.m. a.m. a....,9:54 p.m.m. a.m. p.m. a.m. p.m. a.m. a....,9:43 p.m.m. a.m. p.m. a.m. p.m. a.m. a....
1493,flytecomm,AA-1733-ORD-PHX,7:45 p.m.m. a.m. p.m. a.m. p.m. a.m. p....,7:59 p.m.m. a.m. p.m. a.m. p.m. a.m. p....,10:30 p.m.m. a.m. p.m. a.m. p.m. a.m. p....,10:30 p.m.m. a.m. p.m. a.m. p.m. a.m. p....
1494,flytecomm,UA-2830-MCO-CLT,3:27 p.m.m. a.m. p.m. a.m. p.m. a.m. p....,3:50 p.m.m. a.m. p.m. a.m. p.m. a.m. p....,5:05 p.m.m. a.m. p.m. a.m. p.m. a.m. p....,5:17 p.m.m. a.m. p.m. a.m. p.m. a.m. p....
1495,flytecomm,CO-58-DEN-IAH,11:25 p.m.m. a.m. p.m. a.m. p.m. a.m. a....,11:32 p.m.m. a.m. p.m. a.m. p.m. a.m. a....,2:50 p.m.m. a.m. p.m. a.m. p.m. a.m. p....,3:31 p.m.m. a.m. p.m. a.m. p.m. a.m. p....
1496,flytecomm,AA-1544-SAN-ORD,11:25 p.m.m. a.m. p.m. a.m. p.m. a.m. a....,11:41 p.m.m. a.m. p.m. a.m. p.m. a.m. a....,5:25 p.m.m. a.m. p.m. a.m. p.m. a.m. p....,4:56 p.m.m. a.m. p.m. a.m. p.m. a.m. p....
1497,flytecomm,UA-5487-SFO-MRY,10:39 p.m.m. a.m. p.m. a.m. p.m. a.m. a....,10:53 p.m.m. a.m. p.m. a.m. p.m. a.m. a....,11:19 p.m.m. a.m. p.m. a.m. p.m. a.m. a....,11:21 p.m.m. a.m. p.m. a.m. p.m. a.m. a....
1498,flytecomm,AA-204-LAX-MCO,11:25 p.m.m. a.m. p.m. a.m. p.m. a.m. p....,11:29 p.m.m. a.m. p.m. a.m. p.m. a.m. p....,6:55 p.m.m. a.m. p.m. a.m. p.m. a.m. a....,12211 6:35 p.m.m. a.m. p.m. a.m. p.m. a.m. a....
1499,flytecomm,UA-414-LAX-SFO,6:00 p.m.m. a.m. p.m. a.m. p.m. a.m. a....,6:10 p.m.m. a.m. p.m. a.m. p.m. a.m. a....,7:23 p.m.m. a.m. p.m. a.m. p.m. a.m. a....,7:17 p.m.m. a.m. p.m. a.m. p.m. a.m. a....
1500,flytecomm,CO-1614-LAX-IAH,12:30 p.m.m. a.m. p.m. a.m. p.m. a.m. a....,12:41 p.m.m. a.m. p.m. a.m. p.m. a.m. a....,5:35 p.m.m. a.m. p.m. a.m. p.m. a.m. a....,5:26 p.m.m. a.m. p.m. a.m. p.m. a.m. a....
1501,flytecomm,UA-2726-FLL-PHL,4:00 p.m.m. a.m. p.m. a.m. p.m. a.m. p....,4:10 p.m.m. a.m. p.m. a.m. p.m. a.m. p....,6:46 p.m.m. a.m. p.m. a.m. p.m. a.m. p....,6:25 p.m.m. a.m. p.m. a.m. p.m. a.m. p....
1502,flytecomm,CO-52-IAH-LAX,7:35 p.m.m. a.m. p.m. a.m. p.m. a.m. a....,7:56 p.m.m. a.m. p.m. a.m. p.m. a.m. a....,9:21 p.m.m. a.m. p.m. a.m. p.m. a.m. a....,9:09 p.m.m. a.m. p.m. a.m. p.m. a.m. a....
1503,flytecomm,CO-1090-BOS-IAH,9:45 p.m.m. a.m. p.m. a.m. p.m. a.m. a....,10:19 p.m.m. a.m. p.m. a.m. p.m. a.m. a....,1:16 p.m.m. a.m. p.m. a.m. p.m. a.m. p....,1:19 p.m.m. a.m. p.m. a.m. p.m. a.m. p....
1504,flytecomm,AA-616-DFW-DTW,9:05 p.m.m. a.m. p.m. a.m. p.m. a.m. a....,10:11 p.m.m. a.m. p.m. a.m. p.m. a.m. a....,12:35 p.m.m. a.m. p.m. a.m. p.m. a.m. p....,1:27 p.m.m. a.m. p.m. a.m. p.m. a.m. p....
1505,flytecomm,UA-3515-IAD-MSP,8:15 p.m.m. a.m. p.m. a.m. p.m. a.m. a....,8:26 p.m.m. a.m. p.m. a.m. p.m. a.m. a....,10:06 p.m.m. a.m. p.m. a.m. p.m. a.m. a....,9:56 p.m.m. a.m. p.m. a.m. p.m. a.m. a....
1506,flytecomm,AA-3468-CVG-MIA,7:00 p.m.m. a.m. p.m. a.m. p.m. a.m. a....,7:25 p.m.m. a.m. p.m. a.m. p.m. a.m. a....,9:55 p.m.m. a.m. p.m. a.m. p.m. a.m. a....,9:45 p.m.m. a.m. p.m. a.m. p.m. a.m. a....
1507,flytecomm,AA-484-DFW-MIA,4:15 p.m.m. a.m. p.m. a.m. p.m. a.m. p....,4:29 p.m.m. a.m. p.m. a.m. p.m. a.m. p....,7:55 p.m.m. a.m. p.m. a.m. p.m. a.m. p....,7:39 p.m.m. a.m. p.m. a.m. p.m. a.m. p....
1508,flytecomm,AA-1886-BOS-MIA,10:45 p.m.m. a.m. p.m. a.m. p.m. a.m. a....,10:55 p.m.m. a.m. p.m. a.m. p.m. a.m. a....,2:20 p.m.m. a.m. p.m. a.m. p.m. a.m. p....,1:40 p.m.m. a.m. p.m. a.m. p.m. a.m. p....
1509,flytecomm,CO-62-IAH-EWR,2:30 p.m.m. a.m. p.m. a.m. p.m. a.m. p....,2:48 p.m.m. a.m. p.m. a.m. p.m. a.m. p....,7:03 p.m.m. a.m. p.m. a.m. p.m. a.m. p....,7:10 p.m.m. a.m. p.m. a.m. p.m. a.m. p....
1510,flytecomm,CO-1561-PHX-IAH,8:05 p.m.m. a.m. p.m. a.m. p.m. a.m. a....,8:00 p.m.m. a.m. p.m. a.m. p.m. a.m. a....,11:35 p.m.m. a.m. p.m. a.m. p.m. a.m. a....,11:32 p.m.m. a.m. p.m. a.m. p.m. a.m. a....
1511,flytecomm,UA-2314-ATL-PHL,2:55 p.m.m. a.m. p.m. a.m. p.m. a.m. p....,3:04 p.m.m. a.m. p.m. a.m. p.m. a.m. p....,5:00 p.m.m. a.m. p.m. a.m. p.m. a.m. p....,4:47 p.m.m. a.m. p.m. a.m. p.m. a.m. p....
1512,flytecomm,AA-446-DFW-PHL,11:50 p.m.m. a.m. p.m. a.m. p.m. a.m. a....,12:13 p.m.m. a.m. p.m. a.m. p.m. a.m. p....,3:50 p.m.m. a.m. p.m. a.m. p.m. a.m. p....,4:09 p.m.m. a.m. p.m. a.m. p.m. a.m. p....
1513,flytecomm,CO-1023-IAH-DEN,11:40 p.m.m. a.m. p.m. a.m. p.m. a.m. a....,12:06 p.m.m. a.m. p.m. a.m. p.m. a.m. p....,1:17 p.m.m. a.m. p.m. a.m. p.m. a.m. p....,1:14 p.m.m. a.m. p.m. a.m. p.m. a.m. p....
1514,flytecomm,AA-466-IAH-MIA,6:00 p.m.m. a.m. p.m. a.m. p.m. a.m. a....,6:09 p.m.m. a.m. p.m. a.m. p.m. a.m. a....,9:20 p.m.m. a.m. p.m. a.m. p.m. a.m. a....,9:05 p.m.m. a.m. p.m. a.m. p.m. a.m. a....
1515,flytecomm,UA-3050-PHX-CLT,11:05 p.m.m. a.m. p.m. a.m. p.m. a.m. a....,11:45 p.m.m. a.m. p.m. a.m. p.m. a.m. a....,4:57 p.m.m. a.m. p.m. a.m. p.m. a.m. p....,5:05 p.m.m. a.m. p.m. a.m. p.m. a.m. p....
1516,flytecomm,CO-89-IAH-EWR,6:00 p.m.m. a.m. p.m. a.m. p.m. a.m. a....,6:02 p.m.m. a.m. p.m. a.m. p.m. a.m. a....,10:20 p.m.m. a.m. p.m. a.m. p.m. a.m. a....,10:27 p.m.m. a.m. p.m. a.m. p.m. a.m. a....
1517,flytecomm,CO-1088-CLE-IAH,8:40 p.m.m. a.m. p.m. a.m. p.m. a.m. a....,8:40 p.m.m. a.m. p.m. a.m. p.m. a.m. a....,10:54 p.m.m. a.m. p.m. a.m. p.m. a.m. a....,10:56 p.m.m. a.m. p.m. a.m. p.m. a.m. a....
1518,flytecomm,AA-1664-MIA-ATL,10:15 p.m.m. a.m. p.m. a.m. p.m. a.m. a....,10:19 p.m.m. a.m. p.m. a.m. p.m. a.m. a....,12:10 p.m.m. a.m. p.m. a.m. p.m. a.m. p....,11:50 p.m.m. a.m. p.m. a.m. p.m. a.m. a....
1519,flytecomm,AA-1279-DFW-PHX,1:00 p.m.m. a.m. p.m. a.m. p.m. a.m. p....,2:04 p.m.m. a.m. p.m. a.m. p.m. a.m. p....,2:35 p.m.m. a.m. p.m. a.m. p.m. a.m. p....,3:13 p.m.m. a.m. p.m. a.m. p.m. a.m. p....
1520,flytecomm,UA-854-SFO-IAH,7:53 p.m.m. a.m. p.m. a.m. p.m. a.m. a....,8:07 p.m.m. a.m. p.m. a.m. p.m. a.m. a....,1:39 p.m.m. a.m. p.m. a.m. p.m. a.m. p....,1:30 p.m.m. a.m. p.m. a.m. p.m. a.m. p....
1521,flytecomm,UA-382-IAD-LAX,12:30 p.m.m. a.m. p.m. a.m. p.m. a.m. p....,12:56 p.m.m. a.m. p.m. a.m. p.m. a.m. p....,3:19 p.m.m. a.m. p.m. a.m. p.m. a.m. p....,3:21 p.m.m. a.m. p.m. a.m. p.m. a.m. p....
1522,flytecomm,AA-4344-ORD-DTW,11:45 p.m.m. a.m. p.m. a.m. p.m. a.m. a....,12:14 p.m.m. a.m. p.m. a.m. p.m. a.m. p....,2:00 p.m.m. a.m. p.m. a.m. p.m. a.m. p....,2:10 p.m.m. a.m. p.m. a.m. p.m. a.m. p....
1523,flytecomm,UA-257-JFK-SFO,2:30 p.m.m. a.m. p.m. a.m. p.m. a.m. p....,2:43 p.m.m. a.m. p.m. a.m. p.m. a.m. p....,6:15 p.m.m. a.m. p.m. a.m. p.m. a.m. p....,5:42 p.m.m. a.m. p.m. a.m. p.m. a.m. p....
1524,flytecomm,UA-2945-PHL-CLT,12:00 p.m.m. a.m. p.m. a.m. p.m. a.m. p....,12:08 p.m.m. a.m. p.m. a.m. p.m. a.m. p....,1:45 p.m.m. a.m. p.m. a.m. p.m. a.m. p....,1:15 p.m.m. a.m. p.m. a.m. p.m. a.m. p....
1525,flytecomm,CO-63-EWR-IAH,5:25 p.m.m. a.m. p.m. a.m. p.m. a.m. p....,5:38 p.m.m. a.m. p.m. a.m. p.m. a.m. p....,8:22 p.m.m. a.m. p.m. a.m. p.m. a.m. p....,8:03 p.m.m. a.m. p.m. a.m. p.m. a.m. p....
1526,flytecomm,CO-47-IAH-LAX,7:10 p.m.m. a.m. p.m. a.m. p.m. a.m. p....,8:25 p.m.m. a.m. p.m. a.m. p.m. a.m. p....,8:56 p.m.m. a.m. p.m. a.m. p.m. a.m. p....,9:38 p.m.m. a.m. p.m. a.m. p.m. a.m. p....
1527,flytecomm,AA-2050-ORD-MIA,10:40 p.m.m. a.m. p.m. a.m. p.m. a.m. a....,11:06 p.m.m. a.m. p.m. a.m. p.m. a.m. a....,2:45 p.m.m. a.m. p.m. a.m. p.m. a.m. p....,2:46 p.m.m. a.m. p.m. a.m. p.m. a.m. p....
1528,flytecomm,UA-248-PHX-ORD,12:57 p.m.m. a.m. p.m. a.m. p.m. a.m. p....,1:43 p.m.m. a.m. p.m. a.m. p.m. a.m. p....,5:15 p.m.m. a.m. p.m. a.m. p.m. a.m. p....,5:34 p.m.m. a.m. p.m. a.m. p.m. a.m. p....
1529,flytecomm,AA-4330-CVG-ORD,3:35 p.m.m. a.m. p.m. a.m. p.m. a.m. p....,3:36 p.m.m. a.m. p.m. a.m. p.m. a.m. p....,4:00 p.m.m. a.m. p.m. a.m. p.m. a.m. p....,3:33 p.m.m. a.m. p.m. a.m. p.m. a.m. p....
1530,flytecomm,AA-1434-DFW-MCO,7:15 p.m.m. a.m. p.m. a.m. p.m. a.m. a....,7:22 p.m.m. a.m. p.m. a.m. p.m. a.m. a....,10:35 p.m.m. a.m. p.m. a.m. p.m. a.m. a....,10:29 p.m.m. a.m. p.m. a.m. p.m. a.m. a....
1531,flytecomm,AA-1640-MIA-MCO,6:30 p.m.m. a.m. p.m. a.m. p.m. a.m. p....,6:47 p.m.m. a.m. p.m. a.m. p.m. a.m. p....,7:25 p.m.m. a.m. p.m. a.m. p.m. a.m. p....,7:25 p.m.m. a.m. p.m. a.m. p.m. a.m. p....
1532,flytecomm,AA-4307-ORD-DTW,6:45 p.m.m. a.m. p.m. a.m. p.m. a.m. p....,6:56 p.m.m. a.m. p.m. a.m. p.m. a.m. p....,9:10 p.m.m. a.m. p.m. a.m. p.m. a.m. p....,8:53 p.m.m. a.m. p.m. a.m. p.m. a.m. p....
1533,flytecomm,AA-3-JFK-LAX,12:00 p.m.m. a.m. p.m. a.m. p.m. a.m. p....,12:12 p.m.m. a.m. p.m. a.m. p.m. a.m. p....,3:15 p.m.m. a.m. p.m. a.m. p.m. a.m. p....,3:16 p.m.m. a.m. p.m. a.m. p.m. a.m. p....
1534,flytecomm,CO-1694-LAX-IAH,7:15 p.m.m. a.m. p.m. a.m. p.m. a.m. p....,7:15 p.m.m. a.m. p.m. a.m. p.m. a.m. p....,12:21 p.m.m. a.m. p.m. a.m. p.m. a.m. a....,12:21 p.m.m. a.m. p.m. a.m. p.m. a.m. a....
1535,flytecomm,UA-843-LAX-ORD,1:55 p.m.m. a.m. p.m. a.m. p.m. a.m. p....,2:38 p.m.m. a.m. p.m. a.m. p.m. a.m. p....,7:53 p.m.m. a.m. p.m. a.m. p.m. a.m. p....,7:58 p.m.m. a.m. p.m. a.m. p.m. a.m. p....
1536,flytecomm,CO-1193-EWR-MCO,9:15 p.m.m. a.m. p.m. a.m. p.m. a.m. a....,9:14 p.m.m. a.m. p.m. a.m. p.m. a.m. a....,12:18 p.m.m. a.m. p.m. a.m. p.m. a.m. p....,12:09 p.m.m. a.m. p.m. a.m. p.m. a.m. p....
1537,flytecomm,AA-3842-MSP-ORD,6:00 p.m.m. a.m. p.m. a.m. p.m. a.m. a....,6:56 p.m.m. a.m. p.m. a.m. p.m. a.m. a....,7:30 p.m.m. a.m. p.m. a.m. p.m. a.m. a....,7:51 p.m.m. a.m. p.m. a.m. p.m. a.m. a....
1538,flytecomm,AA-643-MIA-ORD,7:10 p.m.m. a.m. p.m. a.m. p.m. a.m. a....,7:31 p.m.m. a.m. p.m. a.m. p.m. a.m. a....,9:35 p.m.m. a.m. p.m. a.m. p.m. a.m. a....,9:26 p.m.m. a.m. p.m. a.m. p.m. a.m. a....
1539,flytecomm,AA-1007-MIA-PHX,4:55 p.m.m. a.m. p.m. a.m. p.m. a.m. p....,5:09 p.m.m. a.m. p.m. a.m. p.m. a.m. p....,8:05 p.m.m. a.m. p.m. a.m. p.m. a.m. p....,7:55 p.m.m. a.m. p.m. a.m. p.m. a.m. p....
1540,flytecomm,AA-2525-DFW-MIA,7:25 p.m.m. a.m. p.m. a.m. p.m. a.m. a....,7:39 p.m.m. a.m. p.m. a.m. p.m. a.m. a....,11:10 p.m.m. a.m. p.m. a.m. p.m. a.m. a....,11:06 p.m.m. a.m. p.m. a.m. p.m. a.m. a....
1541,flytecomm,UA-2906-PHL-MCO,3:50 p.m.m. a.m. p.m. a.m. p.m. a.m. p....,4:28 p.m.m. a.m. p.m. a.m. p.m. a.m. p....,6:23 p.m.m. a.m. p.m. a.m. p.m. a.m. p....,6:38 p.m.m. a.m. p.m. a.m. p.m. a.m. p....
1542,flytecomm,UA-938-DEN-ORD,4:16 p.m.m. a.m. p.m. a.m. p.m. a.m. p....,4:37 p.m.m. a.m. p.m. a.m. p.m. a.m. p....,7:35 p.m.m. a.m. p.m. a.m. p.m. a.m. p....,7:36 p.m.m. a.m. p.m. a.m. p.m. a.m. p....
1543,flytecomm,AA-1221-MCO-ORD,8:00 p.m.m. a.m. p.m. a.m. p.m. a.m. p....,8:23 p.m.m. a.m. p.m. a.m. p.m. a.m. p....,9:45 p.m.m. a.m. p.m. a.m. p.m. a.m. p....,9:53 p.m.m. a.m. p.m. a.m. p.m. a.m. p....
1544,flytecomm,CO-16-LAX-EWR,10:25 p.m.m. a.m. p.m. a.m. p.m. a.m. a....,10:20 p.m.m. a.m. p.m. a.m. p.m. a.m. a....,6:44 p.m.m. a.m. p.m. a.m. p.m. a.m. p....,6:34 p.m.m. a.m. p.m. a.m. p.m. a.m. p....
1545,flytecomm,UA-2515-DFW-CLT,7:05 p.m.m. a.m. p.m. a.m. p.m. a.m. a....,7:31 p.m.m. a.m. p.m. a.m. p.m. a.m. a....,10:31 p.m.m. a.m. p.m. a.m. p.m. a.m. a....,10:45 p.m.m. a.m. p.m. a.m. p.m. a.m. a....
1546,flytecomm,AA-400-DFW-JFK,10:40 p.m.m. a.m. p.m. a.m. p.m. a.m. a....,11:02 p.m.m. a.m. p.m. a.m. p.m. a.m. a....,2:59 p.m.m. a.m. p.m. a.m. p.m. a.m. p....,3:04 p.m.m. a.m. p.m. a.m. p.m. a.m. p....
1547,flytecomm,UA-664-ORD-PHL,1:33 p.m.m. a.m. p.m. a.m. p.m. a.m. p....,1:48 p.m.m. a.m. p.m. a.m. p.m. a.m. p....,4:31 p.m.m. a.m. p.m. a.m. p.m. a.m. p....,4:23 p.m.m. a.m. p.m. a.m. p.m. a.m. p....
1548,flytecomm,AA-3756-ORD-SLC,12:15 p.m.m. a.m. p.m. a.m. p.m. a.m. p....,12:42 p.m.m. a.m. p.m. a.m. p.m. a.m. p....,2:45 p.m.m. a.m. p.m. a.m. p.m. a.m. p....,2:50 p.m.m. a.m. p.m. a.m. p.m. a.m. p....
1549,flytecomm,UA-37-EWR-MCO,1:29 p.m.m. a.m. p.m. a.m. p.m. a.m. p....,2:01 p.m.m. a.m. p.m. a.m. p.m. a.m. p....,4:17 p.m.m. a.m. p.m. a.m. p.m. a.m. p....,4:17 p.m.m. a.m. p.m. a.m. p.m. a.m. p....
1550,flytecomm,AA-1522-SFO-ORD,11:55 p.m.m. a.m. p.m. a.m. p.m. a.m. p....,12:11 p.m.m. a.m. p.m. a.m. p.m. a.m. a....,5:50 p.m.m. a.m. p.m. a.m. p.m. a.m. a....,5:42 p.m.m. a.m. p.m. a.m. p.m. a.m. a....
1551,flytecomm,UA-233-LAX-JFK,4:25 p.m.m. a.m. p.m. a.m. p.m. a.m. p....,4:28 p.m.m. a.m. p.m. a.m. p.m. a.m. p....,12:29 p.m.m. a.m. p.m. a.m. p.m. a.m. a....,12:01 p.m.m. a.m. p.m. a.m. p.m. a.m. a....
1552,flytecomm,AA-3823-LAX-DEN,9:00 p.m.m. a.m. p.m. a.m. p.m. a.m. p....,9:06 p.m.m. a.m. p.m. a.m. p.m. a.m. p....,12:15 p.m.m. a.m. p.m. a.m. p.m. a.m. a....,11:49 p.m.m. a.m. p.m. a.m. p.m. a.m. p....
1553,flytecomm,AA-2312-DFW-DTW,8:25 p.m.m. a.m. p.m. a.m. p.m. a.m. p....,8:29 p.m.m. a.m. p.m. a.m. p.m. a.m. p....,11:50 p.m.m. a.m. p.m. a.m. p.m. a.m. p....,11:35 p.m.m. a.m. p.m. a.m. p.m. a.m. p....
1554,flytecomm,AA-1165-JFK-MIA,6:59 p.m.m. a.m. p.m. a.m. p.m. a.m. a....,7:23 p.m.m. a.m. p.m. a.m. p.m. a.m. a....,10:34 p.m.m. a.m. p.m. a.m. p.m. a.m. a....,10:04 p.m.m. a.m. p.m. a.m. p.m. a.m. a....
1555,flytecomm,AA-431-MIA-SFO,8:35 p.m.m. a.m. p.m. a.m. p.m. a.m. a....,8:52 p.m.m. a.m. p.m. a.m. p.m. a.m. a....,11:50 p.m.m. a.m. p.m. a.m. p.m. a.m. a....,11:44 p.m.m. a.m. p.m. a.m. p.m. a.m. a....
1556,flytecomm,UA-3373-IAD-PHL,8:29 p.m.m. a.m. p.m. a.m. p.m. a.m. a....,8:37 p.m.m. a.m. p.m. a.m. p.m. a.m. a....,9:24 p.m.m. a.m. p.m. a.m. p.m. a.m. a....,9:13 p.m.m. a.m. p.m. a.m. p.m. a.m. a....
1557,flytecomm,AA-649-ORD-SNA,1:30 p.m.m. a.m. p.m. a.m. p.m. a.m. p....,1:41 p.m.m. a.m. p.m. a.m. p.m. a.m. p....,3:50 p.m.m. a.m. p.m. a.m. p.m. a.m. p....,3:29 p.m.m. a.m. p.m. a.m. p.m. a.m. p....
1558,flytecomm,CO-1250-MIA-IAH,2:53 p.m.m. a.m. p.m. a.m. p.m. a.m. p....,3:01 p.m.m. a.m. p.m. a.m. p.m. a.m. p....,4:48 p.m.m. a.m. p.m. a.m. p.m. a.m. p....,4:59 p.m.m. a.m. p.m. a.m. p.m. a.m. p....
1559,flytecomm,UA-6273-YYC-SFO,7:35 p.m.m. a.m. p.m. a.m. p.m. a.m. a....,7:41 p.m.m. a.m. p.m. a.m. p.m. a.m. a....,9:43 p.m.m. a.m. p.m. a.m. p.m. a.m. a....,8:45 p.m.m. a.m. p.m. a.m. p.m. a.m. a....
1560,flytecomm,UA-828-SFO-ORD,11:08 p.m.m. a.m. p.m. a.m. p.m. a.m. p....,11:35 p.m.m. a.m. p.m. a.m. p.m. a.m. p....,5:11 p.m.m. a.m. p.m. a.m. p.m. a.m. a....,5:21 p.m.m. a.m. p.m. a.m. p.m. a.m. a....
1561,flytecomm,CO-4888-IAH-DAL,5:30 p.m.m. a.m. p.m. a.m. p.m. a.m. p....,5:38 p.m.m. a.m. p.m. a.m. p.m. a.m. p....,6:40 p.m.m. a.m. p.m. a.m. p.m. a.m. p....,6:19 p.m.m. a.m. p.m. a.m. p.m. a.m. p....
1562,flytecomm,UA-858-PVG-SFO,1:45 p.m.m. a.m. p.m. a.m. p.m. a.m. p....,1:32 p.m.m. a.m. p.m. a.m. p.m. a.m. p....,8:27 p.m.m. a.m. p.m. a.m. p.m. a.m. a....,8:02 p.m.m. a.m. p.m. a.m. p.m. a.m. a....
1563,flytecomm,UA-2704-DTW-PHX,11:15 p.m.m. a.m. p.m. a.m. p.m. a.m. a....,11:47 p.m.m. a.m. p.m. a.m. p.m. a.m. a....,1:40 p.m.m. a.m. p.m. a.m. p.m. a.m. p....,2:02 p.m.m. a.m. p.m. a.m. p.m. a.m. p....
1564,flytecomm,AA-3063-SLC-LAX,8:20 p.m.m. a.m. p.m. a.m. p.m. a.m. p....,8:40 p.m.m. a.m. p.m. a.m. p.m. a.m. p....,9:20 p.m.m. a.m. p.m. a.m. p.m. a.m. p....,9:11 p.m.m. a.m. p.m. a.m. p.m. a.m. p....
1565,flytecomm,UA-2708-EWR-CLT,2:55 p.m.m. a.m. p.m. a.m. p.m. a.m. p....,3:04 p.m.m. a.m. p.m. a.m. p.m. a.m. p....,4:53 p.m.m. a.m. p.m. a.m. p.m. a.m. p....,4:24 p.m.m. a.m. p.m. a.m. p.m. a.m. p....
1566,flytecomm,UA-62-IAH-EWR,2:30 p.m.m. a.m. p.m. a.m. p.m. a.m. p....,2:48 p.m.m. a.m. p.m. a.m. p.m. a.m. p....,7:03 p.m.m. a.m. p.m. a.m. p.m. a.m. p....,7:10 p.m.m. a.m. p.m. a.m. p.m. a.m. p....
1567,flytecomm,UA-1500-IAH-GUA,8:55 p.m.m. a.m. p.m. a.m. p.m. a.m. a....,9:43 p.m.m. a.m. p.m. a.m. p.m. a.m. a....,11:45 p.m.m. a.m. p.m. a.m. p.m. a.m. a....,12:12 p.m.m. a.m. p.m. a.m. p.m. a.m. p....
1568,flytecomm,AA-3804-PHL-ORD,2:35 p.m.m. a.m. p.m. a.m. p.m. a.m. p....,2:44 p.m.m. a.m. p.m. a.m. p.m. a.m. p....,4:05 p.m.m. a.m. p.m. a.m. p.m. a.m. p....,3:36 p.m.m. a.m. p.m. a.m. p.m. a.m. p....
1569,flytecomm,AA-1917-JFK-MCO,2:55 p.m.m. a.m. p.m. a.m. p.m. a.m. p....,3:27 p.m.m. a.m. p.m. a.m. p.m. a.m. p....,5:55 p.m.m. a.m. p.m. a.m. p.m. a.m. p....,5:43 p.m.m. a.m. p.m. a.m. p.m. a.m. p....
1570,flytecomm,AA-2268-PHX-ORD,7:15 p.m.m. a.m. p.m. a.m. p.m. a.m. a....,7:23 p.m.m. a.m. p.m. a.m. p.m. a.m. a....,11:35 p.m.m. a.m. p.m. a.m. p.m. a.m. a....,11:04 p.m.m. a.m. p.m. a.m. p.m. a.m. a....
1571,flytecomm,AA-4277-CVG-JFK,12:10 p.m.m. a.m. p.m. a.m. p.m. a.m. p....,12:11 p.m.m. a.m. p.m. a.m. p.m. a.m. p....,2:15 p.m.m. a.m. p.m. a.m. p.m. a.m. p....,1:43 p.m.m. a.m. p.m. a.m. p.m. a.m. p....
1572,flytecomm,AA-2957-DFW-CVG,7:55 p.m.m. a.m. p.m. a.m. p.m. a.m. a....,8:04 p.m.m. a.m. p.m. a.m. p.m. a.m. a....,11:05 p.m.m. a.m. p.m. a.m. p.m. a.m. a....,11:01 p.m.m. a.m. p.m. a.m. p.m. a.m. a....
1573,flytecomm,UA-37-EDI-EWR,9:05 p.m.m. a.m. p.m. a.m. p.m. a.m. a....,9:05 p.m.m. a.m. p.m. a.m. p.m. a.m. a....,11:53 p.m.m. a.m. p.m. a.m. p.m. a.m. a....,12:09 p.m.m. a.m. p.m. a.m. p.m. a.m. p....
1574,flytecomm,AA-789-ORD-DEN,1:05 p.m.m. a.m. p.m. a.m. p.m. a.m. p....,1:19 p.m.m. a.m. p.m. a.m. p.m. a.m. p....,2:35 p.m.m. a.m. p.m. a.m. p.m. a.m. p....,3:13 p.m.m. a.m. p.m. a.m. p.m. a.m. p....
1575,flytecomm,AA-415-BOS-ORD,8:35 p.m.m. a.m. p.m. a.m. p.m. a.m. a....,8:56 p.m.m. a.m. p.m. a.m. p.m. a.m. a....,10:40 p.m.m. a.m. p.m. a.m. p.m. a.m. a....,10:16 p.m.m. a.m. p.m. a.m. p.m. a.m. a....
1576,flytecomm,AA-85-JFK-SFO,3:05 p.m.m. a.m. p.m. a.m. p.m. a.m. p....,3:38 p.m.m. a.m. p.m. a.m. p.m. a.m. p....,6:30 p.m.m. a.m. p.m. a.m. p.m. a.m. p....,6:43 p.m.m. a.m. p.m. a.m. p.m. a.m. p....
1577,flytecomm,AA-3979-CVG-ORD,7:30 p.m.m. a.m. p.m. a.m. p.m. a.m. a....,8:04 p.m.m. a.m. p.m. a.m. p.m. a.m. a....,8:00 p.m.m. a.m. p.m. a.m. p.m. a.m. a....,8:06 p.m.m. a.m. p.m. a.m. p.m. a.m. a....
1578,flytecomm,AA-3786-IAH-ORD,4:00 p.m.m. a.m. p.m. a.m. p.m. a.m. p....,4:12 p.m.m. a.m. p.m. a.m. p.m. a.m. p....,6:40 p.m.m. a.m. p.m. a.m. p.m. a.m. p....,6:15 p.m.m. a.m. p.m. a.m. p.m. a.m. p....
1579,flytecomm,AA-271-MIA-LAX,11:35 p.m.m. a.m. p.m. a.m. p.m. a.m. a....,11:52 p.m.m. a.m. p.m. a.m. p.m. a.m. a....,2:25 p.m.m. a.m. p.m. a.m. p.m. a.m. p....,2:27 p.m.m. a.m. p.m. a.m. p.m. a.m. p....
1580,flytecomm,CO-50-CLE-EWR,2:55 p.m.m. a.m. p.m. a.m. p.m. a.m. p....,3:31 p.m.m. a.m. p.m. a.m. p.m. a.m. p....,4:49 p.m.m. a.m. p.m. a.m. p.m. a.m. p....,5:26 p.m.m. a.m. p.m. a.m. p.m. a.m. p....
1581,flytecomm,UA-3099-PHX-PHL,11:55 p.m.m. a.m. p.m. a.m. p.m. a.m. a....,11:55 p.m.m. a.m. p.m. a.m. p.m. a.m. a....,6:17 p.m.m. a.m. p.m. a.m. p.m. a.m. p....,5:38 p.m.m. a.m. p.m. a.m. p.m. a.m. p....
1582,flytecomm,AA-4198-ORD-CLE,10:40 p.m.m. a.m. p.m. a.m. p.m. a.m. a....,10:55 p.m.m. a.m. p.m. a.m. p.m. a.m. a....,12:55 p.m.m. a.m. p.m. a.m. p.m. a.m. p....,12:50 p.m.m. a.m. p.m. a.m. p.m. a.m. p....
1583,flytecomm,AA-404-MIA-MCO,6:45 p.m.m. a.m. p.m. a.m. p.m. a.m. a....,6:58 p.m.m. a.m. p.m. a.m. p.m. a.m. a....,7:45 p.m.m. a.m. p.m. a.m. p.m. a.m. a....,7:40 p.m.m. a.m. p.m. a.m. p.m. a.m. a....
1584,flytecomm,CO-45-EWR-MIA,4:00 p.m.m. a.m. p.m. a.m. p.m. a.m. p....,3:58 p.m.m. a.m. p.m. a.m. p.m. a.m. p....,7:05 p.m.m. a.m. p.m. a.m. p.m. a.m. p....,6:36 p.m.m. a.m. p.m. a.m. p.m. a.m. p....
1585,flytecomm,AA-3809-PHX-LAX,6:00 p.m.m. a.m. p.m. a.m. p.m. a.m. a....,6:10 p.m.m. a.m. p.m. a.m. p.m. a.m. a....,6:40 p.m.m. a.m. p.m. a.m. p.m. a.m. a....,6:19 p.m.m. a.m. p.m. a.m. p.m. a.m. a....
1586,flytecomm,AA-59-JFK-SFO,7:10 p.m.m. a.m. p.m. a.m. p.m. a.m. a....,7:40 p.m.m. a.m. p.m. a.m. p.m. a.m. a....,10:45 p.m.m. a.m. p.m. a.m. p.m. a.m. a....,11:12 p.m.m. a.m. p.m. a.m. p.m. a.m. a....
1587,flytecomm,AA-222-LAX-BOS,7:10 p.m.m. a.m. p.m. a.m. p.m. a.m. a....,7:32 p.m.m. a.m. p.m. a.m. p.m. a.m. a....,3:30 p.m.m. a.m. p.m. a.m. p.m. a.m. p....,3:14 p.m.m. a.m. p.m. a.m. p.m. a.m. p....
1588,mytripandmore,AA-1733-ORD-PHX,7:45 p.m.m. a.m. p.m. a.m. p.m. a.m. p....,7:59 p.m.m. a.m. p.m. a.m. p.m. a.m. p....,10:30 p.m.m. a.m. p.m. a.m. p.m. a.m. p....,10:30 p.m.m. a.m. p.m. a.m. p.m. a.m. p....
1589,mytripandmore,CO-1586-IAH-MCO,7:00 p.m.m. a.m. p.m. a.m. p.m. a.m. p....,7:42 p.m.m. a.m. p.m. a.m. p.m. a.m. p....,10:15 p.m.m. a.m. p.m. a.m. p.m. a.m. p....,10:29 p.m.m. a.m. p.m. a.m. p.m. a.m. p....
1590,mytripandmore,UA-3925-IAD-ORF,8:41 p.m.m. a.m. p.m. a.m. p.m. a.m. a....,8:42 p.m.m. a.m. p.m. a.m. p.m. a.m. a....,9:54 p.m.m. a.m. p.m. a.m. p.m. a.m. a....,9:43 p.m.m. a.m. p.m. a.m. p.m. a.m. a....
1591,mytripandmore,AA-1640-MIA-MCO,6:30 p.m.m. a.m. p.m. a.m. p.m. a.m. p....,6:47 p.m.m. a.m. p.m. a.m. p.m. a.m. p....,7:25 p.m.m. a.m. p.m. a.m. p.m. a.m. p....,7:25 p.m.m. a.m. p.m. a.m. p.m. a.m. p....
1592,mytripandmore,UA-2830-MCO-CLT,3:27 p.m.m. a.m. p.m. a.m. p.m. a.m. p....,3:50 p.m.m. a.m. p.m. a.m. p.m. a.m. p....,5:05 p.m.m. a.m. p.m. a.m. p.m. a.m. p....,5:17 p.m.m. a.m. p.m. a.m. p.m. a.m. p....
1593,mytripandmore,UA-5487-SFO-MRY,10:39 p.m.m. a.m. p.m. a.m. p.m. a.m. a....,10:53 p.m.m. a.m. p.m. a.m. p.m. a.m. a....,11:19 p.m.m. a.m. p.m. a.m. p.m. a.m. a....,11:21 p.m.m. a.m. p.m. a.m. p.m. a.m. a....
1594,mytripandmore,AA-204-LAX-MCO,11:25 p.m.m. a.m. p.m. a.m. p.m. a.m. p....,11:29 p.m.m. a.m. p.m. a.m. p.m. a.m. p....,6:55 p.m.m. a.m. p.m. a.m. p.m. a.m. a....,12211 6:35 p.m.m. a.m. p.m. a.m. p.m. a.m. a....
1595,mytripandmore,CO-1614-LAX-IAH,12:30 p.m.m. a.m. p.m. a.m. p.m. a.m. a....,12:41 p.m.m. a.m. p.m. a.m. p.m. a.m. a....,5:35 p.m.m. a.m. p.m. a.m. p.m. a.m. a....,5:26 p.m.m. a.m. p.m. a.m. p.m. a.m. a....
1596,mytripandmore,UA-2726-FLL-PHL,4:00 p.m.m. a.m. p.m. a.m. p.m. a.m. p....,4:10 p.m.m. a.m. p.m. a.m. p.m. a.m. p....,6:46 p.m.m. a.m. p.m. a.m. p.m. a.m. p....,6:25 p.m.m. a.m. p.m. a.m. p.m. a.m. p....
1597,mytripandmore,CO-1090-BOS-IAH,9:45 p.m.m. a.m. p.m. a.m. p.m. a.m. a....,10:19 p.m.m. a.m. p.m. a.m. p.m. a.m. a....,1:16 p.m.m. a.m. p.m. a.m. p.m. a.m. p....,1:19 p.m.m. a.m. p.m. a.m. p.m. a.m. p....
1598,mytripandmore,AA-3468-CVG-MIA,7:00 p.m.m. a.m. p.m. a.m. p.m. a.m. a....,7:25 p.m.m. a.m. p.m. a.m. p.m. a.m. a....,9:55 p.m.m. a.m. p.m. a.m. p.m. a.m. a....,9:45 p.m.m. a.m. p.m. a.m. p.m. a.m. a....
1599,mytripandmore,CO-62-IAH-EWR,2:30 p.m.m. a.m. p.m. a.m. p.m. a.m. p....,2:48 p.m.m. a.m. p.m. a.m. p.m. a.m. p....,7:03 p.m.m. a.m. p.m. a.m. p.m. a.m. p....,7:10 p.m.m. a.m. p.m. a.m. p.m. a.m. p....
1600,mytripandmore,CO-1023-IAH-DEN,11:40 p.m.m. a.m. p.m. a.m. p.m. a.m. a....,12:06 p.m.m. a.m. p.m. a.m. p.m. a.m. p....,1:17 p.m.m. a.m. p.m. a.m. p.m. a.m. p....,1:14 p.m.m. a.m. p.m. a.m. p.m. a.m. p....
1601,mytripandmore,AA-466-IAH-MIA,6:00 p.m.m. a.m. p.m. a.m. p.m. a.m. a....,6:09 p.m.m. a.m. p.m. a.m. p.m. a.m. a....,9:20 p.m.m. a.m. p.m. a.m. p.m. a.m. a....,9:05 p.m.m. a.m. p.m. a.m. p.m. a.m. a....
1602,mytripandmore,UA-3050-PHX-CLT,11:05 p.m.m. a.m. p.m. a.m. p.m. a.m. a....,11:45 p.m.m. a.m. p.m. a.m. p.m. a.m. a....,4:57 p.m.m. a.m. p.m. a.m. p.m. a.m. p....,5:05 p.m.m. a.m. p.m. a.m. p.m. a.m. p....
1603,mytripandmore,AA-1664-MIA-ATL,10:15 p.m.m. a.m. p.m. a.m. p.m. a.m. a....,10:19 p.m.m. a.m. p.m. a.m. p.m. a.m. a....,12:10 p.m.m. a.m. p.m. a.m. p.m. a.m. p....,11:50 p.m.m. a.m. p.m. a.m. p.m. a.m. a....
1604,mytripandmore,AA-3979-CVG-ORD,7:30 p.m.m. a.m. p.m. a.m. p.m. a.m. a....,8:04 p.m.m. a.m. p.m. a.m. p.m. a.m. a....,8:00 p.m.m. a.m. p.m. a.m. p.m. a.m. a....,8:06 p.m.m. a.m. p.m. a.m. p.m. a.m. a....
1605,mytripandmore,UA-382-IAD-LAX,12:30 p.m.m. a.m. p.m. a.m. p.m. a.m. p....,12:56 p.m.m. a.m. p.m. a.m. p.m. a.m. p....,3:19 p.m.m. a.m. p.m. a.m. p.m. a.m. p....,3:21 p.m.m. a.m. p.m. a.m. p.m. a.m. p....
1606,mytripandmore,AA-616-DFW-DTW,9:05 p.m.m. a.m. p.m. a.m. p.m. a.m. a....,10:11 p.m.m. a.m. p.m. a.m. p.m. a.m. a....,12:35 p.m.m. a.m. p.m. a.m. p.m. a.m. p....,1:27 p.m.m. a.m. p.m. a.m. p.m. a.m. p....
1607,mytripandmore,AA-4344-ORD-DTW,11:45 p.m.m. a.m. p.m. a.m. p.m. a.m. a....,12:14 p.m.m. a.m. p.m. a.m. p.m. a.m. p....,2:00 p.m.m. a.m. p.m. a.m. p.m. a.m. p....,2:10 p.m.m. a.m. p.m. a.m. p.m. a.m. p....
1608,mytripandmore,UA-2945-PHL-CLT,12:00 p.m.m. a.m. p.m. a.m. p.m. a.m. p....,12:08 p.m.m. a.m. p.m. a.m. p.m. a.m. p....,1:45 p.m.m. a.m. p.m. a.m. p.m. a.m. p....,1:15 p.m.m. a.m. p.m. a.m. p.m. a.m. p....
1609,mytripandmore,CO-47-IAH-LAX,7:10 p.m.m. a.m. p.m. a.m. p.m. a.m. p....,8:25 p.m.m. a.m. p.m. a.m. p.m. a.m. p....,8:56 p.m.m. a.m. p.m. a.m. p.m. a.m. p....,9:38 p.m.m. a.m. p.m. a.m. p.m. a.m. p....
1610,mytripandmore,AA-271-MIA-LAX,11:35 p.m.m. a.m. p.m. a.m. p.m. a.m. a....,11:52 p.m.m. a.m. p.m. a.m. p.m. a.m. a....,2:25 p.m.m. a.m. p.m. a.m. p.m. a.m. p....,2:27 p.m.m. a.m. p.m. a.m. p.m. a.m. p....
1611,mytripandmore,AA-3842-MSP-ORD,6:00 p.m.m. a.m. p.m. a.m. p.m. a.m. a....,6:56 p.m.m. a.m. p.m. a.m. p.m. a.m. a....,7:30 p.m.m. a.m. p.m. a.m. p.m. a.m. a....,7:51 p.m.m. a.m. p.m. a.m. p.m. a.m. a....
1612,mytripandmore,AA-643-MIA-ORD,7:10 p.m.m. a.m. p.m. a.m. p.m. a.m. a....,7:31 p.m.m. a.m. p.m. a.m. p.m. a.m. a....,9:35 p.m.m. a.m. p.m. a.m. p.m. a.m. a....,9:26 p.m.m. a.m. p.m. a.m. p.m. a.m. a....
1613,mytripandmore,AA-1007-MIA-PHX,4:55 p.m.m. a.m. p.m. a.m. p.m. a.m. p....,5:09 p.m.m. a.m. p.m. a.m. p.m. a.m. p....,8:05 p.m.m. a.m. p.m. a.m. p.m. a.m. p....,7:55 p.m.m. a.m. p.m. a.m. p.m. a.m. p....
1614,mytripandmore,AA-2525-DFW-MIA,7:25 p.m.m. a.m. p.m. a.m. p.m. a.m. a....,7:39 p.m.m. a.m. p.m. a.m. p.m. a.m. a....,11:10 p.m.m. a.m. p.m. a.m. p.m. a.m. a....,11:06 p.m.m. a.m. p.m. a.m. p.m. a.m. a....
1615,mytripandmore,AA-1221-MCO-ORD,8:00 p.m.m. a.m. p.m. a.m. p.m. a.m. p....,8:23 p.m.m. a.m. p.m. a.m. p.m. a.m. p....,9:45 p.m.m. a.m. p.m. a.m. p.m. a.m. p....,9:53 p.m.m. a.m. p.m. a.m. p.m. a.m. p....
1616,mytripandmore,UA-2515-DFW-CLT,7:05 p.m.m. a.m. p.m. a.m. p.m. a.m. a....,7:31 p.m.m. a.m. p.m. a.m. p.m. a.m. a....,10:31 p.m.m. a.m. p.m. a.m. p.m. a.m. a....,10:45 p.m.m. a.m. p.m. a.m. p.m. a.m. a....
1617,mytripandmore,AA-4307-ORD-DTW,6:45 p.m.m. a.m. p.m. a.m. p.m. a.m. p....,6:56 p.m.m. a.m. p.m. a.m. p.m. a.m. p....,9:10 p.m.m. a.m. p.m. a.m. p.m. a.m. p....,8:53 p.m.m. a.m. p.m. a.m. p.m. a.m. p....
1618,mytripandmore,UA-233-LAX-JFK,4:25 p.m.m. a.m. p.m. a.m. p.m. a.m. p....,4:28 p.m.m. a.m. p.m. a.m. p.m. a.m. p....,12:29 p.m.m. a.m. p.m. a.m. p.m. a.m. a....,12:01 p.m.m. a.m. p.m. a.m. p.m. a.m. a....
1619,mytripandmore,AA-3823-LAX-DEN,9:00 p.m.m. a.m. p.m. a.m. p.m. a.m. p....,9:06 p.m.m. a.m. p.m. a.m. p.m. a.m. p....,12:15 p.m.m. a.m. p.m. a.m. p.m. a.m. a....,11:49 p.m.m. a.m. p.m. a.m. p.m. a.m. p....
1620,mytripandmore,AA-2312-DFW-DTW,8:25 p.m.m. a.m. p.m. a.m. p.m. a.m. p....,8:29 p.m.m. a.m. p.m. a.m. p.m. a.m. p....,11:50 p.m.m. a.m. p.m. a.m. p.m. a.m. p....,11:35 p.m.m. a.m. p.m. a.m. p.m. a.m. p....
1621,mytripandmore,AA-1165-JFK-MIA,6:59 p.m.m. a.m. p.m. a.m. p.m. a.m. a....,7:23 p.m.m. a.m. p.m. a.m. p.m. a.m. a....,10:34 p.m.m. a.m. p.m. a.m. p.m. a.m. a....,10:04 p.m.m. a.m. p.m. a.m. p.m. a.m. a....
1622,mytripandmore,AA-431-MIA-SFO,8:35 p.m.m. a.m. p.m. a.m. p.m. a.m. a....,8:52 p.m.m. a.m. p.m. a.m. p.m. a.m. a....,11:50 p.m.m. a.m. p.m. a.m. p.m. a.m. a....,11:44 p.m.m. a.m. p.m. a.m. p.m. a.m. a....
1623,mytripandmore,UA-257-JFK-SFO,2:30 p.m.m. a.m. p.m. a.m. p.m. a.m. p....,2:43 p.m.m. a.m. p.m. a.m. p.m. a.m. p....,6:15 p.m.m. a.m. p.m. a.m. p.m. a.m. p....,5:42 p.m.m. a.m. p.m. a.m. p.m. a.m. p....
1624,mytripandmore,AA-649-ORD-SNA,1:30 p.m.m. a.m. p.m. a.m. p.m. a.m. p....,1:41 p.m.m. a.m. p.m. a.m. p.m. a.m. p....,3:50 p.m.m. a.m. p.m. a.m. p.m. a.m. p....,3:29 p.m.m. a.m. p.m. a.m. p.m. a.m. p....
1625,mytripandmore,CO-1250-MIA-IAH,2:53 p.m.m. a.m. p.m. a.m. p.m. a.m. p....,3:01 p.m.m. a.m. p.m. a.m. p.m. a.m. p....,4:48 p.m.m. a.m. p.m. a.m. p.m. a.m. p....,4:59 p.m.m. a.m. p.m. a.m. p.m. a.m. p....
1626,mytripandmore,UA-828-SFO-ORD,11:08 p.m.m. a.m. p.m. a.m. p.m. a.m. p....,11:35 p.m.m. a.m. p.m. a.m. p.m. a.m. p....,5:11 p.m.m. a.m. p.m. a.m. p.m. a.m. a....,5:21 p.m.m. a.m. p.m. a.m. p.m. a.m. a....
1627,mytripandmore,AA-3063-SLC-LAX,8:20 p.m.m. a.m. p.m. a.m. p.m. a.m. p....,8:40 p.m.m. a.m. p.m. a.m. p.m. a.m. p....,9:20 p.m.m. a.m. p.m. a.m. p.m. a.m. p....,9:11 p.m.m. a.m. p.m. a.m. p.m. a.m. p....
1628,mytripandmore,AA-1917-JFK-MCO,2:55 p.m.m. a.m. p.m. a.m. p.m. a.m. p....,3:27 p.m.m. a.m. p.m. a.m. p.m. a.m. p....,5:55 p.m.m. a.m. p.m. a.m. p.m. a.m. p....,5:43 p.m.m. a.m. p.m. a.m. p.m. a.m. p....
1629,mytripandmore,UA-6273-YYC-SFO,7:35 p.m.m. a.m. p.m. a.m. p.m. a.m. a....,7:41 p.m.m. a.m. p.m. a.m. p.m. a.m. a....,9:43 p.m.m. a.m. p.m. a.m. p.m. a.m. a....,8:45 p.m.m. a.m. p.m. a.m. p.m. a.m. a....
1630,mytripandmore,AA-4277-CVG-JFK,12:10 p.m.m. a.m. p.m. a.m. p.m. a.m. p....,12:11 p.m.m. a.m. p.m. a.m. p.m. a.m. p....,2:15 p.m.m. a.m. p.m. a.m. p.m. a.m. p....,1:43 p.m.m. a.m. p.m. a.m. p.m. a.m. p....
1631,mytripandmore,UA-37-EDI-EWR,9:05 p.m.m. a.m. p.m. a.m. p.m. a.m. a....,9:05 p.m.m. a.m. p.m. a.m. p.m. a.m. a....,11:53 p.m.m. a.m. p.m. a.m. p.m. a.m. a....,12:09 p.m.m. a.m. p.m. a.m. p.m. a.m. p....
1632,mytripandmore,AA-59-JFK-SFO,7:10 p.m.m. a.m. p.m. a.m. p.m. a.m. a....,7:40 p.m.m. a.m. p.m. a.m. p.m. a.m. a....,10:45 p.m.m. a.m. p.m. a.m. p.m. a.m. a....,11:12 p.m.m. a.m. p.m. a.m. p.m. a.m. a....
1633,mytripandmore,AA-415-BOS-ORD,8:35 p.m.m. a.m. p.m. a.m. p.m. a.m. a....,8:56 p.m.m. a.m. p.m. a.m. p.m. a.m. a....,10:40 p.m.m. a.m. p.m. a.m. p.m. a.m. a....,10:16 p.m.m. a.m. p.m. a.m. p.m. a.m. a....
1634,mytripandmore,AA-1544-SAN-ORD,11:25 p.m.m. a.m. p.m. a.m. p.m. a.m. a....,11:41 p.m.m. a.m. p.m. a.m. p.m. a.m. a....,5:25 p.m.m. a.m. p.m. a.m. p.m. a.m. p....,4:56 p.m.m. a.m. p.m. a.m. p.m. a.m. p....
1635,mytripandmore,AA-3786-IAH-ORD,4:00 p.m.m. a.m. p.m. a.m. p.m. a.m. p....,4:12 p.m.m. a.m. p.m. a.m. p.m. a.m. p....,6:40 p.m.m. a.m. p.m. a.m. p.m. a.m. p....,6:15 p.m.m. a.m. p.m. a.m. p.m. a.m. p....
1636,mytripandmore,CO-50-CLE-EWR,2:55 p.m.m. a.m. p.m. a.m. p.m. a.m. p....,3:31 p.m.m. a.m. p.m. a.m. p.m. a.m. p....,4:49 p.m.m. a.m. p.m. a.m. p.m. a.m. p....,5:26 p.m.m. a.m. p.m. a.m. p.m. a.m. p....
1637,mytripandmore,AA-404-MIA-MCO,6:45 p.m.m. a.m. p.m. a.m. p.m. a.m. a....,6:58 p.m.m. a.m. p.m. a.m. p.m. a.m. a....,7:45 p.m.m. a.m. p.m. a.m. p.m. a.m. a....,7:40 p.m.m. a.m. p.m. a.m. p.m. a.m. a....
1638,ord,AA-3859-IAH-ORD,7:10 p.m.m. a.m. p.m. a.m. p.m. a.m. a....,7:16 p.m.m. a.m. p.m. a.m. p.m. a.m. a....,9:40 p.m.m. a.m. p.m. a.m. p.m. a.m. a....,9:22 p.m.m. a.m. p.m. a.m. p.m. a.m. a....
1639,ord,AA-3842-MSP-ORD,6:00 p.m.m. a.m. p.m. a.m. p.m. a.m. a....,6:56 p.m.m. a.m. p.m. a.m. p.m. a.m. a....,7:30 p.m.m. a.m. p.m. a.m. p.m. a.m. a....,7:51 p.m.m. a.m. p.m. a.m. p.m. a.m. a....
1640,ord,AA-643-MIA-ORD,7:10 p.m.m. a.m. p.m. a.m. p.m. a.m. a....,7:31 p.m.m. a.m. p.m. a.m. p.m. a.m. a....,9:35 p.m.m. a.m. p.m. a.m. p.m. a.m. a....,9:26 p.m.m. a.m. p.m. a.m. p.m. a.m. a....
1641,ord,AA-3804-PHL-ORD,2:35 p.m.m. a.m. p.m. a.m. p.m. a.m. p....,2:44 p.m.m. a.m. p.m. a.m. p.m. a.m. p....,4:05 p.m.m. a.m. p.m. a.m. p.m. a.m. p....,3:36 p.m.m. a.m. p.m. a.m. p.m. a.m. p....
1642,ord,AA-2268-PHX-ORD,7:15 p.m.m. a.m. p.m. a.m. p.m. a.m. a....,7:23 p.m.m. a.m. p.m. a.m. p.m. a.m. a....,11:35 p.m.m. a.m. p.m. a.m. p.m. a.m. a....,11:04 p.m.m. a.m. p.m. a.m. p.m. a.m. a....
1643,ord,AA-1221-MCO-ORD,8:00 p.m.m. a.m. p.m. a.m. p.m. a.m. p....,8:23 p.m.m. a.m. p.m. a.m. p.m. a.m. p....,9:45 p.m.m. a.m. p.m. a.m. p.m. a.m. p....,9:53 p.m.m. a.m. p.m. a.m. p.m. a.m. p....
1644,ord,UA-938-DEN-ORD,4:16 p.m.m. a.m. p.m. a.m. p.m. a.m. p....,4:37 p.m.m. a.m. p.m. a.m. p.m. a.m. p....,7:35 p.m.m. a.m. p.m. a.m. p.m. a.m. p....,7:36 p.m.m. a.m. p.m. a.m. p.m. a.m. p....
1645,ord,AA-789-ORD-DEN,1:05 p.m.m. a.m. p.m. a.m. p.m. a.m. p....,1:19 p.m.m. a.m. p.m. a.m. p.m. a.m. p....,2:35 p.m.m. a.m. p.m. a.m. p.m. a.m. p....,3:13 p.m.m. a.m. p.m. a.m. p.m. a.m. p....
1646,ord,AA-4307-ORD-DTW,6:45 p.m.m. a.m. p.m. a.m. p.m. a.m. p....,6:56 p.m.m. a.m. p.m. a.m. p.m. a.m. p....,9:10 p.m.m. a.m. p.m. a.m. p.m. a.m. p....,8:53 p.m.m. a.m. p.m. a.m. p.m. a.m. p....
1647,ord,AA-3979-CVG-ORD,7:30 p.m.m. a.m. p.m. a.m. p.m. a.m. a....,8:04 p.m.m. a.m. p.m. a.m. p.m. a.m. a....,8:00 p.m.m. a.m. p.m. a.m. p.m. a.m. a....,8:06 p.m.m. a.m. p.m. a.m. p.m. a.m. a....
1648,ord,UA-664-ORD-PHL,1:33 p.m.m. a.m. p.m. a.m. p.m. a.m. p....,1:48 p.m.m. a.m. p.m. a.m. p.m. a.m. p....,4:31 p.m.m. a.m. p.m. a.m. p.m. a.m. p....,4:23 p.m.m. a.m. p.m. a.m. p.m. a.m. p....
1649,ord,AA-3756-ORD-SLC,12:15 p.m.m. a.m. p.m. a.m. p.m. a.m. p....,12:42 p.m.m. a.m. p.m. a.m. p.m. a.m. p....,2:45 p.m.m. a.m. p.m. a.m. p.m. a.m. p....,2:50 p.m.m. a.m. p.m. a.m. p.m. a.m. p....
1650,ord,AA-3786-IAH-ORD,4:00 p.m.m. a.m. p.m. a.m. p.m. a.m. p....,4:12 p.m.m. a.m. p.m. a.m. p.m. a.m. p....,6:40 p.m.m. a.m. p.m. a.m. p.m. a.m. p....,6:15 p.m.m. a.m. p.m. a.m. p.m. a.m. p....
1651,ord,AA-1522-SFO-ORD,11:55 p.m.m. a.m. p.m. a.m. p.m. a.m. p....,12:11 p.m.m. a.m. p.m. a.m. p.m. a.m. a....,5:50 p.m.m. a.m. p.m. a.m. p.m. a.m. a....,5:42 p.m.m. a.m. p.m. a.m. p.m. a.m. a....
1652,ord,AA-1544-SAN-ORD,11:25 p.m.m. a.m. p.m. a.m. p.m. a.m. a....,11:41 p.m.m. a.m. p.m. a.m. p.m. a.m. a....,5:25 p.m.m. a.m. p.m. a.m. p.m. a.m. p....,4:56 p.m.m. a.m. p.m. a.m. p.m. a.m. p....
1653,ord,AA-4344-ORD-DTW,11:45 p.m.m. a.m. p.m. a.m. p.m. a.m. a....,12:14 p.m.m. a.m. p.m. a.m. p.m. a.m. p....,2:00 p.m.m. a.m. p.m. a.m. p.m. a.m. p....,2:10 p.m.m. a.m. p.m. a.m. p.m. a.m. p....
1654,ord,AA-1733-ORD-PHX,7:45 p.m.m. a.m. p.m. a.m. p.m. a.m. p....,7:59 p.m.m. a.m. p.m. a.m. p.m. a.m. p....,10:30 p.m.m. a.m. p.m. a.m. p.m. a.m. p....,10:30 p.m.m. a.m. p.m. a.m. p.m. a.m. p....
1655,ord,AA-4198-ORD-CLE,10:40 p.m.m. a.m. p.m. a.m. p.m. a.m. a....,10:55 p.m.m. a.m. p.m. a.m. p.m. a.m. a....,12:55 p.m.m. a.m. p.m. a.m. p.m. a.m. p....,12:50 p.m.m. a.m. p.m. a.m. p.m. a.m. p....
1656,ord,UA-828-SFO-ORD,11:08 p.m.m. a.m. p.m. a.m. p.m. a.m. p....,11:35 p.m.m. a.m. p.m. a.m. p.m. a.m. p....,5:11 p.m.m. a.m. p.m. a.m. p.m. a.m. a....,5:21 p.m.m. a.m. p.m. a.m. p.m. a.m. a....
1657,ord,AA-2050-ORD-MIA,10:40 p.m.m. a.m. p.m. a.m. p.m. a.m. a....,11:06 p.m.m. a.m. p.m. a.m. p.m. a.m. a....,2:45 p.m.m. a.m. p.m. a.m. p.m. a.m. p....,2:46 p.m.m. a.m. p.m. a.m. p.m. a.m. p....
1658,ord,UA-248-PHX-ORD,12:57 p.m.m. a.m. p.m. a.m. p.m. a.m. p....,1:43 p.m.m. a.m. p.m. a.m. p.m. a.m. p....,5:15 p.m.m. a.m. p.m. a.m. p.m. a.m. p....,5:34 p.m.m. a.m. p.m. a.m. p.m. a.m. p....
1659,ord,AA-415-BOS-ORD,8:35 p.m.m. a.m. p.m. a.m. p.m. a.m. a....,8:56 p.m.m. a.m. p.m. a.m. p.m. a.m. a....,10:40 p.m.m. a.m. p.m. a.m. p.m. a.m. a....,10:16 p.m.m. a.m. p.m. a.m. p.m. a.m. a....
1660,ord,AA-4330-CVG-ORD,3:35 p.m.m. a.m. p.m. a.m. p.m. a.m. p....,3:36 p.m.m. a.m. p.m. a.m. p.m. a.m. p....,4:00 p.m.m. a.m. p.m. a.m. p.m. a.m. p....,3:33 p.m.m. a.m. p.m. a.m. p.m. a.m. p....
1661,ord,UA-843-LAX-ORD,1:55 p.m.m. a.m. p.m. a.m. p.m. a.m. p....,2:38 p.m.m. a.m. p.m. a.m. p.m. a.m. p....,7:53 p.m.m. a.m. p.m. a.m. p.m. a.m. p....,7:58 p.m.m. a.m. p.m. a.m. p.m. a.m. p....
1662,wunderground,AA-3859-IAH-ORD,7:10 p.m.m. a.m. p.m. a.m. p.m. a.m. a....,7:16 p.m.m. a.m. p.m. a.m. p.m. a.m. a....,9:40 p.m.m. a.m. p.m. a.m. p.m. a.m. a....,9:22 p.m.m. a.m. p.m. a.m. p.m. a.m. a....
1663,wunderground,AA-518-MIA-JFK,6:40 p.m.m. a.m. p.m. a.m. p.m. a.m. a....,6:54 p.m.m. a.m. p.m. a.m. p.m. a.m. a....,9:25 p.m.m. a.m. p.m. a.m. p.m. a.m. a....,9:28 p.m.m. a.m. p.m. a.m. p.m. a.m. a....
1664,wunderground,CO-1586-IAH-MCO,7:00 p.m.m. a.m. p.m. a.m. p.m. a.m. p....,7:42 p.m.m. a.m. p.m. a.m. p.m. a.m. p....,10:15 p.m.m. a.m. p.m. a.m. p.m. a.m. p....,10:29 p.m.m. a.m. p.m. a.m. p.m. a.m. p....
1665,wunderground,UA-3925-IAD-ORF,8:41 p.m.m. a.m. p.m. a.m. p.m. a.m. a....,8:42 p.m.m. a.m. p.m. a.m. p.m. a.m. a....,9:54 p.m.m. a.m. p.m. a.m. p.m. a.m. a....,9:43 p.m.m. a.m. p.m. a.m. p.m. a.m. a....
1666,wunderground,AA-1733-ORD-PHX,7:45 p.m.m. a.m. p.m. a.m. p.m. a.m. p....,7:59 p.m.m. a.m. p.m. a.m. p.m. a.m. p....,10:30 p.m.m. a.m. p.m. a.m. p.m. a.m. p....,10:30 p.m.m. a.m. p.m. a.m. p.m. a.m. p....
1667,wunderground,AA-204-LAX-MCO,11:25 p.m.m. a.m. p.m. a.m. p.m. a.m. p....,11:29 p.m.m. a.m. p.m. a.m. p.m. a.m. p....,6:55 p.m.m. a.m. p.m. a.m. p.m. a.m. a....,12211 6:35 p.m.m. a.m. p.m. a.m. p.m. a.m. a....
1668,wunderground,UA-2726-FLL-PHL,4:00 p.m.m. a.m. p.m. a.m. p.m. a.m. p....,4:10 p.m.m. a.m. p.m. a.m. p.m. a.m. p....,6:46 p.m.m. a.m. p.m. a.m. p.m. a.m. p....,6:25 p.m.m. a.m. p.m. a.m. p.m. a.m. p....
1669,wunderground,CO-52-IAH-LAX,7:35 p.m.m. a.m. p.m. a.m. p.m. a.m. a....,7:56 p.m.m. a.m. p.m. a.m. p.m. a.m. a....,9:21 p.m.m. a.m. p.m. a.m. p.m. a.m. a....,9:09 p.m.m. a.m. p.m. a.m. p.m. a.m. a....
1670,wunderground,AA-3468-CVG-MIA,7:00 p.m.m. a.m. p.m. a.m. p.m. a.m. a....,7:25 p.m.m. a.m. p.m. a.m. p.m. a.m. a....,9:55 p.m.m. a.m. p.m. a.m. p.m. a.m. a....,9:45 p.m.m. a.m. p.m. a.m. p.m. a.m. a....
1671,wunderground,AA-484-DFW-MIA,4:15 p.m.m. a.m. p.m. a.m. p.m. a.m. p....,4:29 p.m.m. a.m. p.m. a.m. p.m. a.m. p....,7:55 p.m.m. a.m. p.m. a.m. p.m. a.m. p....,7:39 p.m.m. a.m. p.m. a.m. p.m. a.m. p....
1672,wunderground,AA-616-DFW-DTW,9:05 p.m.m. a.m. p.m. a.m. p.m. a.m. a....,10:11 p.m.m. a.m. p.m. a.m. p.m. a.m. a....,12:35 p.m.m. a.m. p.m. a.m. p.m. a.m. p....,1:27 p.m.m. a.m. p.m. a.m. p.m. a.m. p....
1673,wunderground,AA-446-DFW-PHL,11:50 p.m.m. a.m. p.m. a.m. p.m. a.m. a....,12:13 p.m.m. a.m. p.m. a.m. p.m. a.m. p....,3:50 p.m.m. a.m. p.m. a.m. p.m. a.m. p....,4:09 p.m.m. a.m. p.m. a.m. p.m. a.m. p....
1674,wunderground,CO-1023-IAH-DEN,11:40 p.m.m. a.m. p.m. a.m. p.m. a.m. a....,12:06 p.m.m. a.m. p.m. a.m. p.m. a.m. p....,1:17 p.m.m. a.m. p.m. a.m. p.m. a.m. p....,1:14 p.m.m. a.m. p.m. a.m. p.m. a.m. p....
1675,wunderground,AA-466-IAH-MIA,6:00 p.m.m. a.m. p.m. a.m. p.m. a.m. a....,6:09 p.m.m. a.m. p.m. a.m. p.m. a.m. a....,9:20 p.m.m. a.m. p.m. a.m. p.m. a.m. a....,9:05 p.m.m. a.m. p.m. a.m. p.m. a.m. a....
1676,wunderground,UA-3050-PHX-CLT,11:05 p.m.m. a.m. p.m. a.m. p.m. a.m. a....,11:45 p.m.m. a.m. p.m. a.m. p.m. a.m. a....,4:57 p.m.m. a.m. p.m. a.m. p.m. a.m. p....,5:05 p.m.m. a.m. p.m. a.m. p.m. a.m. p....
1677,wunderground,AA-2957-DFW-CVG,7:55 p.m.m. a.m. p.m. a.m. p.m. a.m. a....,8:04 p.m.m. a.m. p.m. a.m. p.m. a.m. a....,11:05 p.m.m. a.m. p.m. a.m. p.m. a.m. a....,11:01 p.m.m. a.m. p.m. a.m. p.m. a.m. a....
1678,wunderground,AA-1664-MIA-ATL,10:15 p.m.m. a.m. p.m. a.m. p.m. a.m. a....,10:19 p.m.m. a.m. p.m. a.m. p.m. a.m. a....,12:10 p.m.m. a.m. p.m. a.m. p.m. a.m. p....,11:50 p.m.m. a.m. p.m. a.m. p.m. a.m. a....
1679,wunderground,AA-3979-CVG-ORD,7:30 p.m.m. a.m. p.m. a.m. p.m. a.m. a....,8:04 p.m.m. a.m. p.m. a.m. p.m. a.m. a....,8:00 p.m.m. a.m. p.m. a.m. p.m. a.m. a....,8:06 p.m.m. a.m. p.m. a.m. p.m. a.m. a....
1680,wunderground,AA-1279-DFW-PHX,1:00 p.m.m. a.m. p.m. a.m. p.m. a.m. p....,2:04 p.m.m. a.m. p.m. a.m. p.m. a.m. p....,2:35 p.m.m. a.m. p.m. a.m. p.m. a.m. p....,3:13 p.m.m. a.m. p.m. a.m. p.m. a.m. p....
1681,wunderground,AA-404-MIA-MCO,6:45 p.m.m. a.m. p.m. a.m. p.m. a.m. a....,6:58 p.m.m. a.m. p.m. a.m. p.m. a.m. a....,7:45 p.m.m. a.m. p.m. a.m. p.m. a.m. a....,7:40 p.m.m. a.m. p.m. a.m. p.m. a.m. a....
1682,wunderground,AA-3756-ORD-SLC,12:15 p.m.m. a.m. p.m. a.m. p.m. a.m. p....,12:42 p.m.m. a.m. p.m. a.m. p.m. a.m. p....,2:45 p.m.m. a.m. p.m. a.m. p.m. a.m. p....,2:50 p.m.m. a.m. p.m. a.m. p.m. a.m. p....
1683,wunderground,UA-382-IAD-LAX,12:30 p.m.m. a.m. p.m. a.m. p.m. a.m. p....,12:56 p.m.m. a.m. p.m. a.m. p.m. a.m. p....,3:19 p.m.m. a.m. p.m. a.m. p.m. a.m. p....,3:21 p.m.m. a.m. p.m. a.m. p.m. a.m. p....
1684,wunderground,UA-257-JFK-SFO,2:30 p.m.m. a.m. p.m. a.m. p.m. a.m. p....,2:43 p.m.m. a.m. p.m. a.m. p.m. a.m. p....,6:15 p.m.m. a.m. p.m. a.m. p.m. a.m. p....,5:42 p.m.m. a.m. p.m. a.m. p.m. a.m. p....
1685,wunderground,UA-2945-PHL-CLT,12:00 p.m.m. a.m. p.m. a.m. p.m. a.m. p....,12:08 p.m.m. a.m. p.m. a.m. p.m. a.m. p....,1:45 p.m.m. a.m. p.m. a.m. p.m. a.m. p....,1:15 p.m.m. a.m. p.m. a.m. p.m. a.m. p....
1686,wunderground,CO-63-EWR-IAH,5:25 p.m.m. a.m. p.m. a.m. p.m. a.m. p....,5:38 p.m.m. a.m. p.m. a.m. p.m. a.m. p....,8:22 p.m.m. a.m. p.m. a.m. p.m. a.m. p....,8:03 p.m.m. a.m. p.m. a.m. p.m. a.m. p....
1687,wunderground,AA-2525-DFW-MIA,7:25 p.m.m. a.m. p.m. a.m. p.m. a.m. a....,7:39 p.m.m. a.m. p.m. a.m. p.m. a.m. a....,11:10 p.m.m. a.m. p.m. a.m. p.m. a.m. a....,11:06 p.m.m. a.m. p.m. a.m. p.m. a.m. a....
1688,wunderground,CO-47-IAH-LAX,7:10 p.m.m. a.m. p.m. a.m. p.m. a.m. p....,8:25 p.m.m. a.m. p.m. a.m. p.m. a.m. p....,8:56 p.m.m. a.m. p.m. a.m. p.m. a.m. p....,9:38 p.m.m. a.m. p.m. a.m. p.m. a.m. p....
1689,wunderground,AA-271-MIA-LAX,11:35 p.m.m. a.m. p.m. a.m. p.m. a.m. a....,11:52 p.m.m. a.m. p.m. a.m. p.m. a.m. a....,2:25 p.m.m. a.m. p.m. a.m. p.m. a.m. p....,2:27 p.m.m. a.m. p.m. a.m. p.m. a.m. p....
1690,wunderground,AA-2050-ORD-MIA,10:40 p.m.m. a.m. p.m. a.m. p.m. a.m. a....,11:06 p.m.m. a.m. p.m. a.m. p.m. a.m. a....,2:45 p.m.m. a.m. p.m. a.m. p.m. a.m. p....,2:46 p.m.m. a.m. p.m. a.m. p.m. a.m. p....
1691,wunderground,AA-4330-CVG-ORD,3:35 p.m.m. a.m. p.m. a.m. p.m. a.m. p....,3:36 p.m.m. a.m. p.m. a.m. p.m. a.m. p....,4:00 p.m.m. a.m. p.m. a.m. p.m. a.m. p....,3:33 p.m.m. a.m. p.m. a.m. p.m. a.m. p....
1692,wunderground,AA-1434-DFW-MCO,7:15 p.m.m. a.m. p.m. a.m. p.m. a.m. a....,7:22 p.m.m. a.m. p.m. a.m. p.m. a.m. a....,10:35 p.m.m. a.m. p.m. a.m. p.m. a.m. a....,10:29 p.m.m. a.m. p.m. a.m. p.m. a.m. a....
1693,wunderground,AA-1640-MIA-MCO,6:30 p.m.m. a.m. p.m. a.m. p.m. a.m. p....,6:47 p.m.m. a.m. p.m. a.m. p.m. a.m. p....,7:25 p.m.m. a.m. p.m. a.m. p.m. a.m. p....,7:25 p.m.m. a.m. p.m. a.m. p.m. a.m. p....
1694,wunderground,AA-4307-ORD-DTW,6:45 p.m.m. a.m. p.m. a.m. p.m. a.m. p....,6:56 p.m.m. a.m. p.m. a.m. p.m. a.m. p....,9:10 p.m.m. a.m. p.m. a.m. p.m. a.m. p....,8:53 p.m.m. a.m. p.m. a.m. p.m. a.m. p....
1695,wunderground,AA-3-JFK-LAX,12:00 p.m.m. a.m. p.m. a.m. p.m. a.m. p....,12:12 p.m.m. a.m. p.m. a.m. p.m. a.m. p....,3:15 p.m.m. a.m. p.m. a.m. p.m. a.m. p....,3:16 p.m.m. a.m. p.m. a.m. p.m. a.m. p....
1696,wunderground,CO-1694-LAX-IAH,7:15 p.m.m. a.m. p.m. a.m. p.m. a.m. p....,7:15 p.m.m. a.m. p.m. a.m. p.m. a.m. p....,12:21 p.m.m. a.m. p.m. a.m. p.m. a.m. a....,12:21 p.m.m. a.m. p.m. a.m. p.m. a.m. a....
1697,wunderground,CO-1193-EWR-MCO,9:15 p.m.m. a.m. p.m. a.m. p.m. a.m. a....,9:14 p.m.m. a.m. p.m. a.m. p.m. a.m. a....,12:18 p.m.m. a.m. p.m. a.m. p.m. a.m. p....,12:09 p.m.m. a.m. p.m. a.m. p.m. a.m. p....
1698,wunderground,AA-3842-MSP-ORD,6:00 p.m.m. a.m. p.m. a.m. p.m. a.m. a....,6:56 p.m.m. a.m. p.m. a.m. p.m. a.m. a....,7:30 p.m.m. a.m. p.m. a.m. p.m. a.m. a....,7:51 p.m.m. a.m. p.m. a.m. p.m. a.m. a....
1699,wunderground,AA-643-MIA-ORD,7:10 p.m.m. a.m. p.m. a.m. p.m. a.m. a....,7:31 p.m.m. a.m. p.m. a.m. p.m. a.m. a....,9:35 p.m.m. a.m. p.m. a.m. p.m. a.m. a....,9:26 p.m.m. a.m. p.m. a.m. p.m. a.m. a....
1700,wunderground,AA-1007-MIA-PHX,4:55 p.m.m. a.m. p.m. a.m. p.m. a.m. p....,5:09 p.m.m. a.m. p.m. a.m. p.m. a.m. p....,8:05 p.m.m. a.m. p.m. a.m. p.m. a.m. p....,7:55 p.m.m. a.m. p.m. a.m. p.m. a.m. p....
1701,wunderground,UA-2906-PHL-MCO,3:50 p.m.m. a.m. p.m. a.m. p.m. a.m. p....,4:28 p.m.m. a.m. p.m. a.m. p.m. a.m. p....,6:23 p.m.m. a.m. p.m. a.m. p.m. a.m. p....,6:38 p.m.m. a.m. p.m. a.m. p.m. a.m. p....
1702,wunderground,AA-1221-MCO-ORD,8:00 p.m.m. a.m. p.m. a.m. p.m. a.m. p....,8:23 p.m.m. a.m. p.m. a.m. p.m. a.m. p....,9:45 p.m.m. a.m. p.m. a.m. p.m. a.m. p....,9:53 p.m.m. a.m. p.m. a.m. p.m. a.m. p....
1703,wunderground,AA-400-DFW-JFK,10:40 p.m.m. a.m. p.m. a.m. p.m. a.m. a....,11:02 p.m.m. a.m. p.m. a.m. p.m. a.m. a....,2:59 p.m.m. a.m. p.m. a.m. p.m. a.m. p....,3:04 p.m.m. a.m. p.m. a.m. p.m. a.m. p....
1704,wunderground,UA-664-ORD-PHL,1:33 p.m.m. a.m. p.m. a.m. p.m. a.m. p....,1:48 p.m.m. a.m. p.m. a.m. p.m. a.m. p....,4:31 p.m.m. a.m. p.m. a.m. p.m. a.m. p....,4:23 p.m.m. a.m. p.m. a.m. p.m. a.m. p....
1705,wunderground,UA-37-EWR-MCO,1:29 p.m.m. a.m. p.m. a.m. p.m. a.m. p....,2:01 p.m.m. a.m. p.m. a.m. p.m. a.m. p....,4:17 p.m.m. a.m. p.m. a.m. p.m. a.m. p....,4:17 p.m.m. a.m. p.m. a.m. p.m. a.m. p....
1706,wunderground,UA-233-LAX-JFK,4:25 p.m.m. a.m. p.m. a.m. p.m. a.m. p....,4:28 p.m.m. a.m. p.m. a.m. p.m. a.m. p....,12:29 p.m.m. a.m. p.m. a.m. p.m. a.m. a....,12:01 p.m.m. a.m. p.m. a.m. p.m. a.m. a....
1707,wunderground,AA-3823-LAX-DEN,9:00 p.m.m. a.m. p.m. a.m. p.m. a.m. p....,9:06 p.m.m. a.m. p.m. a.m. p.m. a.m. p....,12:15 p.m.m. a.m. p.m. a.m. p.m. a.m. a....,11:49 p.m.m. a.m. p.m. a.m. p.m. a.m. p....
1708,wunderground,AA-2312-DFW-DTW,8:25 p.m.m. a.m. p.m. a.m. p.m. a.m. p....,8:29 p.m.m. a.m. p.m. a.m. p.m. a.m. p....,11:50 p.m.m. a.m. p.m. a.m. p.m. a.m. p....,11:35 p.m.m. a.m. p.m. a.m. p.m. a.m. p....
1709,wunderground,AA-1165-JFK-MIA,6:59 p.m.m. a.m. p.m. a.m. p.m. a.m. a....,7:23 p.m.m. a.m. p.m. a.m. p.m. a.m. a....,10:34 p.m.m. a.m. p.m. a.m. p.m. a.m. a....,10:04 p.m.m. a.m. p.m. a.m. p.m. a.m. a....
1710,wunderground,AA-431-MIA-SFO,8:35 p.m.m. a.m. p.m. a.m. p.m. a.m. a....,8:52 p.m.m. a.m. p.m. a.m. p.m. a.m. a....,11:50 p.m.m. a.m. p.m. a.m. p.m. a.m. a....,11:44 p.m.m. a.m. p.m. a.m. p.m. a.m. a....
1711,wunderground,AA-649-ORD-SNA,1:30 p.m.m. a.m. p.m. a.m. p.m. a.m. p....,1:41 p.m.m. a.m. p.m. a.m. p.m. a.m. p....,3:50 p.m.m. a.m. p.m. a.m. p.m. a.m. p....,3:29 p.m.m. a.m. p.m. a.m. p.m. a.m. p....
1712,wunderground,UA-828-SFO-ORD,11:08 p.m.m. a.m. p.m. a.m. p.m. a.m. p....,11:35 p.m.m. a.m. p.m. a.m. p.m. a.m. p....,5:11 p.m.m. a.m. p.m. a.m. p.m. a.m. a....,5:21 p.m.m. a.m. p.m. a.m. p.m. a.m. a....
1713,wunderground,CO-4888-IAH-DAL,5:30 p.m.m. a.m. p.m. a.m. p.m. a.m. p....,5:38 p.m.m. a.m. p.m. a.m. p.m. a.m. p....,6:40 p.m.m. a.m. p.m. a.m. p.m. a.m. p....,6:19 p.m.m. a.m. p.m. a.m. p.m. a.m. p....
1714,wunderground,AA-3063-SLC-LAX,8:20 p.m.m. a.m. p.m. a.m. p.m. a.m. p....,8:40 p.m.m. a.m. p.m. a.m. p.m. a.m. p....,9:20 p.m.m. a.m. p.m. a.m. p.m. a.m. p....,9:11 p.m.m. a.m. p.m. a.m. p.m. a.m. p....
1715,wunderground,AA-3804-PHL-ORD,2:35 p.m.m. a.m. p.m. a.m. p.m. a.m. p....,2:44 p.m.m. a.m. p.m. a.m. p.m. a.m. p....,4:05 p.m.m. a.m. p.m. a.m. p.m. a.m. p....,3:36 p.m.m. a.m. p.m. a.m. p.m. a.m. p....
1716,wunderground,AA-1917-JFK-MCO,2:55 p.m.m. a.m. p.m. a.m. p.m. a.m. p....,3:27 p.m.m. a.m. p.m. a.m. p.m. a.m. p....,5:55 p.m.m. a.m. p.m. a.m. p.m. a.m. p....,5:43 p.m.m. a.m. p.m. a.m. p.m. a.m. p....
1717,wunderground,AA-2268-PHX-ORD,7:15 p.m.m. a.m. p.m. a.m. p.m. a.m. a....,7:23 p.m.m. a.m. p.m. a.m. p.m. a.m. a....,11:35 p.m.m. a.m. p.m. a.m. p.m. a.m. a....,11:04 p.m.m. a.m. p.m. a.m. p.m. a.m. a....
1718,wunderground,AA-4277-CVG-JFK,12:10 p.m.m. a.m. p.m. a.m. p.m. a.m. p....,12:11 p.m.m. a.m. p.m. a.m. p.m. a.m. p....,2:15 p.m.m. a.m. p.m. a.m. p.m. a.m. p....,1:43 p.m.m. a.m. p.m. a.m. p.m. a.m. p....
1719,wunderground,AA-789-ORD-DEN,1:05 p.m.m. a.m. p.m. a.m. p.m. a.m. p....,1:19 p.m.m. a.m. p.m. a.m. p.m. a.m. p....,2:35 p.m.m. a.m. p.m. a.m. p.m. a.m. p....,3:13 p.m.m. a.m. p.m. a.m. p.m. a.m. p....
1720,wunderground,AA-85-JFK-SFO,3:05 p.m.m. a.m. p.m. a.m. p.m. a.m. p....,3:38 p.m.m. a.m. p.m. a.m. p.m. a.m. p....,6:30 p.m.m. a.m. p.m. a.m. p.m. a.m. p....,6:43 p.m.m. a.m. p.m. a.m. p.m. a.m. p....
1721,wunderground,AA-3786-IAH-ORD,4:00 p.m.m. a.m. p.m. a.m. p.m. a.m. p....,4:12 p.m.m. a.m. p.m. a.m. p.m. a.m. p....,6:40 p.m.m. a.m. p.m. a.m. p.m. a.m. p....,6:15 p.m.m. a.m. p.m. a.m. p.m. a.m. p....
1722,wunderground,AA-222-LAX-BOS,7:10 p.m.m. a.m. p.m. a.m. p.m. a.m. a....,7:32 p.m.m. a.m. p.m. a.m. p.m. a.m. a....,3:30 p.m.m. a.m. p.m. a.m. p.m. a.m. p....,3:14 p.m.m. a.m. p.m. a.m. p.m. a.m. p....
1723,wunderground,UA-3099-PHX-PHL,11:55 p.m.m. a.m. p.m. a.m. p.m. a.m. a....,11:55 p.m.m. a.m. p.m. a.m. p.m. a.m. a....,6:17 p.m.m. a.m. p.m. a.m. p.m. a.m. p....,5:38 p.m.m. a.m. p.m. a.m. p.m. a.m. p....
1724,wunderground,AA-4198-ORD-CLE,10:40 p.m.m. a.m. p.m. a.m. p.m. a.m. a....,10:55 p.m.m. a.m. p.m. a.m. p.m. a.m. a....,12:55 p.m.m. a.m. p.m. a.m. p.m. a.m. p....,12:50 p.m.m. a.m. p.m. a.m. p.m. a.m. p....
1725,wunderground,CO-45-EWR-MIA,4:00 p.m.m. a.m. p.m. a.m. p.m. a.m. p....,3:58 p.m.m. a.m. p.m. a.m. p.m. a.m. p....,7:05 p.m.m. a.m. p.m. a.m. p.m. a.m. p....,6:36 p.m.m. a.m. p.m. a.m. p.m. a.m. p....
1726,wunderground,AA-3809-PHX-LAX,6:00 p.m.m. a.m. p.m. a.m. p.m. a.m. a....,6:10 p.m.m. a.m. p.m. a.m. p.m. a.m. a....,6:40 p.m.m. a.m. p.m. a.m. p.m. a.m. a....,6:19 p.m.m. a.m. p.m. a.m. p.m. a.m. a....
1727,wunderground,AA-59-JFK-SFO,7:10 p.m.m. a.m. p.m. a.m. p.m. a.m. a....,7:40 p.m.m. a.m. p.m. a.m. p.m. a.m. a....,10:45 p.m.m. a.m. p.m. a.m. p.m. a.m. a....,11:12 p.m.m. a.m. p.m. a.m. p.m. a.m. a....
1728,ua,UA-397-JFK-SFO,8:00 p.m.m. a.m. p.m. a.m. p.m. a.m. a....,8:29 p.m.m. a.m. p.m. a.m. p.m. a.m. a....,11:55 p.m.m. a.m. p.m. a.m. p.m. a.m. a....,11:58 p.m.m. a.m. p.m. a.m. p.m. a.m. a....
1729,ua,UA-3925-IAD-ORF,8:41 p.m.m. a.m. p.m. a.m. p.m. a.m. a....,8:42 p.m.m. a.m. p.m. a.m. p.m. a.m. a....,9:54 p.m.m. a.m. p.m. a.m. p.m. a.m. a....,9:43 p.m.m. a.m. p.m. a.m. p.m. a.m. a....
1730,ua,UA-2830-MCO-CLT,3:27 p.m.m. a.m. p.m. a.m. p.m. a.m. p....,3:50 p.m.m. a.m. p.m. a.m. p.m. a.m. p....,5:05 p.m.m. a.m. p.m. a.m. p.m. a.m. p....,5:17 p.m.m. a.m. p.m. a.m. p.m. a.m. p....
1731,ua,UA-5487-SFO-MRY,10:39 p.m.m. a.m. p.m. a.m. p.m. a.m. a....,10:53 p.m.m. a.m. p.m. a.m. p.m. a.m. a....,11:19 p.m.m. a.m. p.m. a.m. p.m. a.m. a....,11:21 p.m.m. a.m. p.m. a.m. p.m. a.m. a....
1732,ua,UA-2726-FLL-PHL,4:00 p.m.m. a.m. p.m. a.m. p.m. a.m. p....,4:10 p.m.m. a.m. p.m. a.m. p.m. a.m. p....,6:46 p.m.m. a.m. p.m. a.m. p.m. a.m. p....,6:25 p.m.m. a.m. p.m. a.m. p.m. a.m. p....
1733,ua,UA-3050-PHX-CLT,11:05 p.m.m. a.m. p.m. a.m. p.m. a.m. a....,11:45 p.m.m. a.m. p.m. a.m. p.m. a.m. a....,4:57 p.m.m. a.m. p.m. a.m. p.m. a.m. p....,5:05 p.m.m. a.m. p.m. a.m. p.m. a.m. p....
1734,ua,UA-382-IAD-LAX,12:30 p.m.m. a.m. p.m. a.m. p.m. a.m. p....,12:56 p.m.m. a.m. p.m. a.m. p.m. a.m. p....,3:19 p.m.m. a.m. p.m. a.m. p.m. a.m. p....,3:21 p.m.m. a.m. p.m. a.m. p.m. a.m. p....
1735,ua,UA-2945-PHL-CLT,12:00 p.m.m. a.m. p.m. a.m. p.m. a.m. p....,12:08 p.m.m. a.m. p.m. a.m. p.m. a.m. p....,1:45 p.m.m. a.m. p.m. a.m. p.m. a.m. p....,1:15 p.m.m. a.m. p.m. a.m. p.m. a.m. p....
1736,ua,UA-854-SFO-IAH,7:53 p.m.m. a.m. p.m. a.m. p.m. a.m. a....,8:07 p.m.m. a.m. p.m. a.m. p.m. a.m. a....,1:39 p.m.m. a.m. p.m. a.m. p.m. a.m. p....,1:30 p.m.m. a.m. p.m. a.m. p.m. a.m. p....
1737,ua,UA-3515-IAD-MSP,8:15 p.m.m. a.m. p.m. a.m. p.m. a.m. a....,8:26 p.m.m. a.m. p.m. a.m. p.m. a.m. a....,10:06 p.m.m. a.m. p.m. a.m. p.m. a.m. a....,9:56 p.m.m. a.m. p.m. a.m. p.m. a.m. a....
1738,ua,UA-248-PHX-ORD,12:57 p.m.m. a.m. p.m. a.m. p.m. a.m. p....,1:43 p.m.m. a.m. p.m. a.m. p.m. a.m. p....,5:15 p.m.m. a.m. p.m. a.m. p.m. a.m. p....,5:34 p.m.m. a.m. p.m. a.m. p.m. a.m. p....
1739,ua,UA-843-LAX-ORD,1:55 p.m.m. a.m. p.m. a.m. p.m. a.m. p....,2:38 p.m.m. a.m. p.m. a.m. p.m. a.m. p....,7:53 p.m.m. a.m. p.m. a.m. p.m. a.m. p....,7:58 p.m.m. a.m. p.m. a.m. p.m. a.m. p....
1740,ua,UA-2906-PHL-MCO,3:50 p.m.m. a.m. p.m. a.m. p.m. a.m. p....,4:28 p.m.m. a.m. p.m. a.m. p.m. a.m. p....,6:23 p.m.m. a.m. p.m. a.m. p.m. a.m. p....,6:38 p.m.m. a.m. p.m. a.m. p.m. a.m. p....
1741,ua,UA-938-DEN-ORD,4:16 p.m.m. a.m. p.m. a.m. p.m. a.m. p....,4:37 p.m.m. a.m. p.m. a.m. p.m. a.m. p....,7:35 p.m.m. a.m. p.m. a.m. p.m. a.m. p....,7:36 p.m.m. a.m. p.m. a.m. p.m. a.m. p....
1742,ua,UA-2515-DFW-CLT,7:05 p.m.m. a.m. p.m. a.m. p.m. a.m. a....,7:31 p.m.m. a.m. p.m. a.m. p.m. a.m. a....,10:31 p.m.m. a.m. p.m. a.m. p.m. a.m. a....,10:45 p.m.m. a.m. p.m. a.m. p.m. a.m. a....
1743,ua,UA-664-ORD-PHL,1:33 p.m.m. a.m. p.m. a.m. p.m. a.m. p....,1:48 p.m.m. a.m. p.m. a.m. p.m. a.m. p....,4:31 p.m.m. a.m. p.m. a.m. p.m. a.m. p....,4:23 p.m.m. a.m. p.m. a.m. p.m. a.m. p....
1744,ua,UA-37-EWR-MCO,1:29 p.m.m. a.m. p.m. a.m. p.m. a.m. p....,2:01 p.m.m. a.m. p.m. a.m. p.m. a.m. p....,4:17 p.m.m. a.m. p.m. a.m. p.m. a.m. p....,4:17 p.m.m. a.m. p.m. a.m. p.m. a.m. p....
1745,ua,UA-233-LAX-JFK,4:25 p.m.m. a.m. p.m. a.m. p.m. a.m. p....,4:28 p.m.m. a.m. p.m. a.m. p.m. a.m. p....,12:29 p.m.m. a.m. p.m. a.m. p.m. a.m. a....,12:01 p.m.m. a.m. p.m. a.m. p.m. a.m. a....
1746,ua,UA-3373-IAD-PHL,8:29 p.m.m. a.m. p.m. a.m. p.m. a.m. a....,8:37 p.m.m. a.m. p.m. a.m. p.m. a.m. a....,9:24 p.m.m. a.m. p.m. a.m. p.m. a.m. a....,9:13 p.m.m. a.m. p.m. a.m. p.m. a.m. a....
1747,ua,UA-6273-YYC-SFO,7:35 p.m.m. a.m. p.m. a.m. p.m. a.m. a....,7:41 p.m.m. a.m. p.m. a.m. p.m. a.m. a....,9:43 p.m.m. a.m. p.m. a.m. p.m. a.m. a....,8:45 p.m.m. a.m. p.m. a.m. p.m. a.m. a....
1748,ua,UA-828-SFO-ORD,11:08 p.m.m. a.m. p.m. a.m. p.m. a.m. p....,11:35 p.m.m. a.m. p.m. a.m. p.m. a.m. p....,5:11 p.m.m. a.m. p.m. a.m. p.m. a.m. a....,5:21 p.m.m. a.m. p.m. a.m. p.m. a.m. a....
1749,ua,UA-858-PVG-SFO,1:45 p.m.m. a.m. p.m. a.m. p.m. a.m. p....,1:32 p.m.m. a.m. p.m. a.m. p.m. a.m. p....,8:27 p.m.m. a.m. p.m. a.m. p.m. a.m. a....,8:02 p.m.m. a.m. p.m. a.m. p.m. a.m. a....
1750,ua,UA-2704-DTW-PHX,11:15 p.m.m. a.m. p.m. a.m. p.m. a.m. a....,11:47 p.m.m. a.m. p.m. a.m. p.m. a.m. a....,1:40 p.m.m. a.m. p.m. a.m. p.m. a.m. p....,2:02 p.m.m. a.m. p.m. a.m. p.m. a.m. p....
1751,ua,UA-2708-EWR-CLT,2:55 p.m.m. a.m. p.m. a.m. p.m. a.m. p....,3:04 p.m.m. a.m. p.m. a.m. p.m. a.m. p....,4:53 p.m.m. a.m. p.m. a.m. p.m. a.m. p....,4:24 p.m.m. a.m. p.m. a.m. p.m. a.m. p....
1752,ua,UA-62-IAH-EWR,2:30 p.m.m. a.m. p.m. a.m. p.m. a.m. p....,2:48 p.m.m. a.m. p.m. a.m. p.m. a.m. p....,7:03 p.m.m. a.m. p.m. a.m. p.m. a.m. p....,7:10 p.m.m. a.m. p.m. a.m. p.m. a.m. p....
1753,ua,UA-1500-IAH-GUA,8:55 p.m.m. a.m. p.m. a.m. p.m. a.m. a....,9:43 p.m.m. a.m. p.m. a.m. p.m. a.m. a....,11:45 p.m.m. a.m. p.m. a.m. p.m. a.m. a....,12:12 p.m.m. a.m. p.m. a.m. p.m. a.m. p....
1754,ua,UA-2314-ATL-PHL,2:55 p.m.m. a.m. p.m. a.m. p.m. a.m. p....,3:04 p.m.m. a.m. p.m. a.m. p.m. a.m. p....,5:00 p.m.m. a.m. p.m. a.m. p.m. a.m. p....,4:47 p.m.m. a.m. p.m. a.m. p.m. a.m. p....
1755,ua,UA-37-EDI-EWR,9:05 p.m.m. a.m. p.m. a.m. p.m. a.m. a....,9:05 p.m.m. a.m. p.m. a.m. p.m. a.m. a....,11:53 p.m.m. a.m. p.m. a.m. p.m. a.m. a....,12:09 p.m.m. a.m. p.m. a.m. p.m. a.m. p....
1756,ua,UA-3099-PHX-PHL,11:55 p.m.m. a.m. p.m. a.m. p.m. a.m. a....,11:55 p.m.m. a.m. p.m. a.m. p.m. a.m. a....,6:17 p.m.m. a.m. p.m. a.m. p.m. a.m. p....,5:38 p.m.m. a.m. p.m. a.m. p.m. a.m. p....
1757,ua,UA-414-LAX-SFO,6:00 p.m.m. a.m. p.m. a.m. p.m. a.m. a....,6:10 p.m.m. a.m. p.m. a.m. p.m. a.m. a....,7:23 p.m.m. a.m. p.m. a.m. p.m. a.m. a....,7:17 p.m.m. a.m. p.m. a.m. p.m. a.m. a....
1758,ua,UA-257-JFK-SFO,2:30 p.m.m. a.m. p.m. a.m. p.m. a.m. p....,2:43 p.m.m. a.m. p.m. a.m. p.m. a.m. p....,6:15 p.m.m. a.m. p.m. a.m. p.m. a.m. p....,5:42 p.m.m. a.m. p.m. a.m. p.m. a.m. p....
1759,flylouisville,AA-3859-IAH-ORD,7:10 p.m.m. a.m. p.m. a.m. p.m. a.m. a....,7:16 p.m.m. a.m. p.m. a.m. p.m. a.m. a....,9:40 p.m.m. a.m. p.m. a.m. p.m. a.m. a....,9:22 p.m.m. a.m. p.m. a.m. p.m. a.m. a....
1760,flylouisville,CO-1586-IAH-MCO,7:00 p.m.m. a.m. p.m. a.m. p.m. a.m. p....,7:42 p.m.m. a.m. p.m. a.m. p.m. a.m. p....,10:15 p.m.m. a.m. p.m. a.m. p.m. a.m. p....,10:29 p.m.m. a.m. p.m. a.m. p.m. a.m. p....
1761,flylouisville,AA-518-MIA-JFK,6:40 p.m.m. a.m. p.m. a.m. p.m. a.m. a....,6:54 p.m.m. a.m. p.m. a.m. p.m. a.m. a....,9:25 p.m.m. a.m. p.m. a.m. p.m. a.m. a....,9:28 p.m.m. a.m. p.m. a.m. p.m. a.m. a....
1762,flylouisville,UA-397-JFK-SFO,8:00 p.m.m. a.m. p.m. a.m. p.m. a.m. a....,8:29 p.m.m. a.m. p.m. a.m. p.m. a.m. a....,11:55 p.m.m. a.m. p.m. a.m. p.m. a.m. a....,11:58 p.m.m. a.m. p.m. a.m. p.m. a.m. a....
1763,flylouisville,UA-3925-IAD-ORF,8:41 p.m.m. a.m. p.m. a.m. p.m. a.m. a....,8:42 p.m.m. a.m. p.m. a.m. p.m. a.m. a....,9:54 p.m.m. a.m. p.m. a.m. p.m. a.m. a....,9:43 p.m.m. a.m. p.m. a.m. p.m. a.m. a....
1764,flylouisville,AA-1733-ORD-PHX,7:45 p.m.m. a.m. p.m. a.m. p.m. a.m. p....,7:59 p.m.m. a.m. p.m. a.m. p.m. a.m. p....,10:30 p.m.m. a.m. p.m. a.m. p.m. a.m. p....,10:30 p.m.m. a.m. p.m. a.m. p.m. a.m. p....
1765,flylouisville,AA-3-JFK-LAX,12:00 p.m.m. a.m. p.m. a.m. p.m. a.m. p....,12:12 p.m.m. a.m. p.m. a.m. p.m. a.m. p....,3:15 p.m.m. a.m. p.m. a.m. p.m. a.m. p....,3:16 p.m.m. a.m. p.m. a.m. p.m. a.m. p....
1766,flylouisville,UA-2830-MCO-CLT,3:27 p.m.m. a.m. p.m. a.m. p.m. a.m. p....,3:50 p.m.m. a.m. p.m. a.m. p.m. a.m. p....,5:05 p.m.m. a.m. p.m. a.m. p.m. a.m. p....,5:17 p.m.m. a.m. p.m. a.m. p.m. a.m. p....
1767,flylouisville,CO-58-DEN-IAH,11:25 p.m.m. a.m. p.m. a.m. p.m. a.m. a....,11:32 p.m.m. a.m. p.m. a.m. p.m. a.m. a....,2:50 p.m.m. a.m. p.m. a.m. p.m. a.m. p....,3:31 p.m.m. a.m. p.m. a.m. p.m. a.m. p....
1768,flylouisville,UA-5487-SFO-MRY,10:39 p.m.m. a.m. p.m. a.m. p.m. a.m. a....,10:53 p.m.m. a.m. p.m. a.m. p.m. a.m. a....,11:19 p.m.m. a.m. p.m. a.m. p.m. a.m. a....,11:21 p.m.m. a.m. p.m. a.m. p.m. a.m. a....
1769,flylouisville,AA-204-LAX-MCO,11:25 p.m.m. a.m. p.m. a.m. p.m. a.m. p....,11:29 p.m.m. a.m. p.m. a.m. p.m. a.m. p....,6:55 p.m.m. a.m. p.m. a.m. p.m. a.m. a....,12211 6:35 p.m.m. a.m. p.m. a.m. p.m. a.m. a....
1770,flylouisville,UA-414-LAX-SFO,6:00 p.m.m. a.m. p.m. a.m. p.m. a.m. a....,6:10 p.m.m. a.m. p.m. a.m. p.m. a.m. a....,7:23 p.m.m. a.m. p.m. a.m. p.m. a.m. a....,7:17 p.m.m. a.m. p.m. a.m. p.m. a.m. a....
1771,flylouisville,CO-1614-LAX-IAH,12:30 p.m.m. a.m. p.m. a.m. p.m. a.m. a....,12:41 p.m.m. a.m. p.m. a.m. p.m. a.m. a....,5:35 p.m.m. a.m. p.m. a.m. p.m. a.m. a....,5:26 p.m.m. a.m. p.m. a.m. p.m. a.m. a....
1772,flylouisville,UA-2726-FLL-PHL,4:00 p.m.m. a.m. p.m. a.m. p.m. a.m. p....,4:10 p.m.m. a.m. p.m. a.m. p.m. a.m. p....,6:46 p.m.m. a.m. p.m. a.m. p.m. a.m. p....,6:25 p.m.m. a.m. p.m. a.m. p.m. a.m. p....
1773,flylouisville,CO-52-IAH-LAX,7:35 p.m.m. a.m. p.m. a.m. p.m. a.m. a....,7:56 p.m.m. a.m. p.m. a.m. p.m. a.m. a....,9:21 p.m.m. a.m. p.m. a.m. p.m. a.m. a....,9:09 p.m.m. a.m. p.m. a.m. p.m. a.m. a....
1774,flylouisville,CO-1090-BOS-IAH,9:45 p.m.m. a.m. p.m. a.m. p.m. a.m. a....,10:19 p.m.m. a.m. p.m. a.m. p.m. a.m. a....,1:16 p.m.m. a.m. p.m. a.m. p.m. a.m. p....,1:19 p.m.m. a.m. p.m. a.m. p.m. a.m. p....
1775,flylouisville,AA-616-DFW-DTW,9:05 p.m.m. a.m. p.m. a.m. p.m. a.m. a....,10:11 p.m.m. a.m. p.m. a.m. p.m. a.m. a....,12:35 p.m.m. a.m. p.m. a.m. p.m. a.m. p....,1:27 p.m.m. a.m. p.m. a.m. p.m. a.m. p....
1776,flylouisville,UA-3515-IAD-MSP,8:15 p.m.m. a.m. p.m. a.m. p.m. a.m. a....,8:26 p.m.m. a.m. p.m. a.m. p.m. a.m. a....,10:06 p.m.m. a.m. p.m. a.m. p.m. a.m. a....,9:56 p.m.m. a.m. p.m. a.m. p.m. a.m. a....
1777,flylouisville,AA-3468-CVG-MIA,7:00 p.m.m. a.m. p.m. a.m. p.m. a.m. a....,7:25 p.m.m. a.m. p.m. a.m. p.m. a.m. a....,9:55 p.m.m. a.m. p.m. a.m. p.m. a.m. a....,9:45 p.m.m. a.m. p.m. a.m. p.m. a.m. a....
1778,flylouisville,AA-484-DFW-MIA,4:15 p.m.m. a.m. p.m. a.m. p.m. a.m. p....,4:29 p.m.m. a.m. p.m. a.m. p.m. a.m. p....,7:55 p.m.m. a.m. p.m. a.m. p.m. a.m. p....,7:39 p.m.m. a.m. p.m. a.m. p.m. a.m. p....
1779,flylouisville,AA-1886-BOS-MIA,10:45 p.m.m. a.m. p.m. a.m. p.m. a.m. a....,10:55 p.m.m. a.m. p.m. a.m. p.m. a.m. a....,2:20 p.m.m. a.m. p.m. a.m. p.m. a.m. p....,1:40 p.m.m. a.m. p.m. a.m. p.m. a.m. p....
1780,flylouisville,CO-62-IAH-EWR,2:30 p.m.m. a.m. p.m. a.m. p.m. a.m. p....,2:48 p.m.m. a.m. p.m. a.m. p.m. a.m. p....,7:03 p.m.m. a.m. p.m. a.m. p.m. a.m. p....,7:10 p.m.m. a.m. p.m. a.m. p.m. a.m. p....
1781,flylouisville,CO-1561-PHX-IAH,8:05 p.m.m. a.m. p.m. a.m. p.m. a.m. a....,8:00 p.m.m. a.m. p.m. a.m. p.m. a.m. a....,11:35 p.m.m. a.m. p.m. a.m. p.m. a.m. a....,11:32 p.m.m. a.m. p.m. a.m. p.m. a.m. a....
1782,flylouisville,UA-2314-ATL-PHL,2:55 p.m.m. a.m. p.m. a.m. p.m. a.m. p....,3:04 p.m.m. a.m. p.m. a.m. p.m. a.m. p....,5:00 p.m.m. a.m. p.m. a.m. p.m. a.m. p....,4:47 p.m.m. a.m. p.m. a.m. p.m. a.m. p....
1783,flylouisville,AA-446-DFW-PHL,11:50 p.m.m. a.m. p.m. a.m. p.m. a.m. a....,12:13 p.m.m. a.m. p.m. a.m. p.m. a.m. p....,3:50 p.m.m. a.m. p.m. a.m. p.m. a.m. p....,4:09 p.m.m. a.m. p.m. a.m. p.m. a.m. p....
1784,flylouisville,CO-1023-IAH-DEN,11:40 p.m.m. a.m. p.m. a.m. p.m. a.m. a....,12:06 p.m.m. a.m. p.m. a.m. p.m. a.m. p....,1:17 p.m.m. a.m. p.m. a.m. p.m. a.m. p....,1:14 p.m.m. a.m. p.m. a.m. p.m. a.m. p....
1785,flylouisville,AA-466-IAH-MIA,6:00 p.m.m. a.m. p.m. a.m. p.m. a.m. a....,6:09 p.m.m. a.m. p.m. a.m. p.m. a.m. a....,9:20 p.m.m. a.m. p.m. a.m. p.m. a.m. a....,9:05 p.m.m. a.m. p.m. a.m. p.m. a.m. a....
1786,flylouisville,UA-3050-PHX-CLT,11:05 p.m.m. a.m. p.m. a.m. p.m. a.m. a....,11:45 p.m.m. a.m. p.m. a.m. p.m. a.m. a....,4:57 p.m.m. a.m. p.m. a.m. p.m. a.m. p....,5:05 p.m.m. a.m. p.m. a.m. p.m. a.m. p....
1787,flylouisville,CO-89-IAH-EWR,6:00 p.m.m. a.m. p.m. a.m. p.m. a.m. a....,6:02 p.m.m. a.m. p.m. a.m. p.m. a.m. a....,10:20 p.m.m. a.m. p.m. a.m. p.m. a.m. a....,10:27 p.m.m. a.m. p.m. a.m. p.m. a.m. a....
1788,flylouisville,CO-1088-CLE-IAH,8:40 p.m.m. a.m. p.m. a.m. p.m. a.m. a....,8:40 p.m.m. a.m. p.m. a.m. p.m. a.m. a....,10:54 p.m.m. a.m. p.m. a.m. p.m. a.m. a....,10:56 p.m.m. a.m. p.m. a.m. p.m. a.m. a....
1789,flylouisville,AA-1664-MIA-ATL,10:15 p.m.m. a.m. p.m. a.m. p.m. a.m. a....,10:19 p.m.m. a.m. p.m. a.m. p.m. a.m. a....,12:10 p.m.m. a.m. p.m. a.m. p.m. a.m. p....,11:50 p.m.m. a.m. p.m. a.m. p.m. a.m. a....
1790,flylouisville,AA-1279-DFW-PHX,1:00 p.m.m. a.m. p.m. a.m. p.m. a.m. p....,2:04 p.m.m. a.m. p.m. a.m. p.m. a.m. p....,2:35 p.m.m. a.m. p.m. a.m. p.m. a.m. p....,3:13 p.m.m. a.m. p.m. a.m. p.m. a.m. p....
1791,flylouisville,UA-854-SFO-IAH,7:53 p.m.m. a.m. p.m. a.m. p.m. a.m. a....,8:07 p.m.m. a.m. p.m. a.m. p.m. a.m. a....,1:39 p.m.m. a.m. p.m. a.m. p.m. a.m. p....,1:30 p.m.m. a.m. p.m. a.m. p.m. a.m. p....
1792,flylouisville,UA-382-IAD-LAX,12:30 p.m.m. a.m. p.m. a.m. p.m. a.m. p....,12:56 p.m.m. a.m. p.m. a.m. p.m. a.m. p....,3:19 p.m.m. a.m. p.m. a.m. p.m. a.m. p....,3:21 p.m.m. a.m. p.m. a.m. p.m. a.m. p....
1793,flylouisville,AA-4344-ORD-DTW,11:45 p.m.m. a.m. p.m. a.m. p.m. a.m. a....,12:14 p.m.m. a.m. p.m. a.m. p.m. a.m. p....,2:00 p.m.m. a.m. p.m. a.m. p.m. a.m. p....,2:10 p.m.m. a.m. p.m. a.m. p.m. a.m. p....
1794,flylouisville,UA-257-JFK-SFO,2:30 p.m.m. a.m. p.m. a.m. p.m. a.m. p....,2:43 p.m.m. a.m. p.m. a.m. p.m. a.m. p....,6:15 p.m.m. a.m. p.m. a.m. p.m. a.m. p....,5:42 p.m.m. a.m. p.m. a.m. p.m. a.m. p....
1795,flylouisville,UA-2945-PHL-CLT,12:00 p.m.m. a.m. p.m. a.m. p.m. a.m. p....,12:08 p.m.m. a.m. p.m. a.m. p.m. a.m. p....,1:45 p.m.m. a.m. p.m. a.m. p.m. a.m. p....,1:15 p.m.m. a.m. p.m. a.m. p.m. a.m. p....
1796,flylouisville,CO-63-EWR-IAH,5:25 p.m.m. a.m. p.m. a.m. p.m. a.m. p....,5:38 p.m.m. a.m. p.m. a.m. p.m. a.m. p....,8:22 p.m.m. a.m. p.m. a.m. p.m. a.m. p....,8:03 p.m.m. a.m. p.m. a.m. p.m. a.m. p....
1797,flylouisville,CO-47-IAH-LAX,7:10 p.m.m. a.m. p.m. a.m. p.m. a.m. p....,8:25 p.m.m. a.m. p.m. a.m. p.m. a.m. p....,8:56 p.m.m. a.m. p.m. a.m. p.m. a.m. p....,9:38 p.m.m. a.m. p.m. a.m. p.m. a.m. p....
1798,flylouisville,AA-2050-ORD-MIA,10:40 p.m.m. a.m. p.m. a.m. p.m. a.m. a....,11:06 p.m.m. a.m. p.m. a.m. p.m. a.m. a....,2:45 p.m.m. a.m. p.m. a.m. p.m. a.m. p....,2:46 p.m.m. a.m. p.m. a.m. p.m. a.m. p....
1799,flylouisville,UA-248-PHX-ORD,12:57 p.m.m. a.m. p.m. a.m. p.m. a.m. p....,1:43 p.m.m. a.m. p.m. a.m. p.m. a.m. p....,5:15 p.m.m. a.m. p.m. a.m. p.m. a.m. p....,5:34 p.m.m. a.m. p.m. a.m. p.m. a.m. p....
1800,flylouisville,AA-4330-CVG-ORD,3:35 p.m.m. a.m. p.m. a.m. p.m. a.m. p....,3:36 p.m.m. a.m. p.m. a.m. p.m. a.m. p....,4:00 p.m.m. a.m. p.m. a.m. p.m. a.m. p....,3:33 p.m.m. a.m. p.m. a.m. p.m. a.m. p....
1801,flylouisville,AA-1434-DFW-MCO,7:15 p.m.m. a.m. p.m. a.m. p.m. a.m. a....,7:22 p.m.m. a.m. p.m. a.m. p.m. a.m. a....,10:35 p.m.m. a.m. p.m. a.m. p.m. a.m. a....,10:29 p.m.m. a.m. p.m. a.m. p.m. a.m. a....
1802,flylouisville,AA-1640-MIA-MCO,6:30 p.m.m. a.m. p.m. a.m. p.m. a.m. p....,6:47 p.m.m. a.m. p.m. a.m. p.m. a.m. p....,7:25 p.m.m. a.m. p.m. a.m. p.m. a.m. p....,7:25 p.m.m. a.m. p.m. a.m. p.m. a.m. p....
1803,flylouisville,AA-4307-ORD-DTW,6:45 p.m.m. a.m. p.m. a.m. p.m. a.m. p....,6:56 p.m.m. a.m. p.m. a.m. p.m. a.m. p....,9:10 p.m.m. a.m. p.m. a.m. p.m. a.m. p....,8:53 p.m.m. a.m. p.m. a.m. p.m. a.m. p....
1804,flylouisville,CO-1694-LAX-IAH,7:15 p.m.m. a.m. p.m. a.m. p.m. a.m. p....,7:15 p.m.m. a.m. p.m. a.m. p.m. a.m. p....,12:21 p.m.m. a.m. p.m. a.m. p.m. a.m. a....,12:21 p.m.m. a.m. p.m. a.m. p.m. a.m. a....
1805,flylouisville,UA-843-LAX-ORD,1:55 p.m.m. a.m. p.m. a.m. p.m. a.m. p....,2:38 p.m.m. a.m. p.m. a.m. p.m. a.m. p....,7:53 p.m.m. a.m. p.m. a.m. p.m. a.m. p....,7:58 p.m.m. a.m. p.m. a.m. p.m. a.m. p....
1806,flylouisville,CO-1193-EWR-MCO,9:15 p.m.m. a.m. p.m. a.m. p.m. a.m. a....,9:14 p.m.m. a.m. p.m. a.m. p.m. a.m. a....,12:18 p.m.m. a.m. p.m. a.m. p.m. a.m. p....,12:09 p.m.m. a.m. p.m. a.m. p.m. a.m. p....
1807,flylouisville,AA-3842-MSP-ORD,6:00 p.m.m. a.m. p.m. a.m. p.m. a.m. a....,6:56 p.m.m. a.m. p.m. a.m. p.m. a.m. a....,7:30 p.m.m. a.m. p.m. a.m. p.m. a.m. a....,7:51 p.m.m. a.m. p.m. a.m. p.m. a.m. a....
1808,flylouisville,AA-643-MIA-ORD,7:10 p.m.m. a.m. p.m. a.m. p.m. a.m. a....,7:31 p.m.m. a.m. p.m. a.m. p.m. a.m. a....,9:35 p.m.m. a.m. p.m. a.m. p.m. a.m. a....,9:26 p.m.m. a.m. p.m. a.m. p.m. a.m. a....
1809,flylouisville,AA-1007-MIA-PHX,4:55 p.m.m. a.m. p.m. a.m. p.m. a.m. p....,5:09 p.m.m. a.m. p.m. a.m. p.m. a.m. p....,8:05 p.m.m. a.m. p.m. a.m. p.m. a.m. p....,7:55 p.m.m. a.m. p.m. a.m. p.m. a.m. p....
1810,flylouisville,UA-2906-PHL-MCO,3:50 p.m.m. a.m. p.m. a.m. p.m. a.m. p....,4:28 p.m.m. a.m. p.m. a.m. p.m. a.m. p....,6:23 p.m.m. a.m. p.m. a.m. p.m. a.m. p....,6:38 p.m.m. a.m. p.m. a.m. p.m. a.m. p....
1811,flylouisville,UA-938-DEN-ORD,4:16 p.m.m. a.m. p.m. a.m. p.m. a.m. p....,4:37 p.m.m. a.m. p.m. a.m. p.m. a.m. p....,7:35 p.m.m. a.m. p.m. a.m. p.m. a.m. p....,7:36 p.m.m. a.m. p.m. a.m. p.m. a.m. p....
1812,flylouisville,AA-1221-MCO-ORD,8:00 p.m.m. a.m. p.m. a.m. p.m. a.m. p....,8:23 p.m.m. a.m. p.m. a.m. p.m. a.m. p....,9:45 p.m.m. a.m. p.m. a.m. p.m. a.m. p....,9:53 p.m.m. a.m. p.m. a.m. p.m. a.m. p....
1813,flylouisville,CO-16-LAX-EWR,10:25 p.m.m. a.m. p.m. a.m. p.m. a.m. a....,10:20 p.m.m. a.m. p.m. a.m. p.m. a.m. a....,6:44 p.m.m. a.m. p.m. a.m. p.m. a.m. p....,6:34 p.m.m. a.m. p.m. a.m. p.m. a.m. p....
1814,flylouisville,UA-2515-DFW-CLT,7:05 p.m.m. a.m. p.m. a.m. p.m. a.m. a....,7:31 p.m.m. a.m. p.m. a.m. p.m. a.m. a....,10:31 p.m.m. a.m. p.m. a.m. p.m. a.m. a....,10:45 p.m.m. a.m. p.m. a.m. p.m. a.m. a....
1815,flylouisville,AA-400-DFW-JFK,10:40 p.m.m. a.m. p.m. a.m. p.m. a.m. a....,11:02 p.m.m. a.m. p.m. a.m. p.m. a.m. a....,2:59 p.m.m. a.m. p.m. a.m. p.m. a.m. p....,3:04 p.m.m. a.m. p.m. a.m. p.m. a.m. p....
1816,flylouisville,UA-664-ORD-PHL,1:33 p.m.m. a.m. p.m. a.m. p.m. a.m. p....,1:48 p.m.m. a.m. p.m. a.m. p.m. a.m. p....,4:31 p.m.m. a.m. p.m. a.m. p.m. a.m. p....,4:23 p.m.m. a.m. p.m. a.m. p.m. a.m. p....
1817,flylouisville,AA-3756-ORD-SLC,12:15 p.m.m. a.m. p.m. a.m. p.m. a.m. p....,12:42 p.m.m. a.m. p.m. a.m. p.m. a.m. p....,2:45 p.m.m. a.m. p.m. a.m. p.m. a.m. p....,2:50 p.m.m. a.m. p.m. a.m. p.m. a.m. p....
1818,flylouisville,UA-37-EWR-MCO,1:29 p.m.m. a.m. p.m. a.m. p.m. a.m. p....,2:01 p.m.m. a.m. p.m. a.m. p.m. a.m. p....,4:17 p.m.m. a.m. p.m. a.m. p.m. a.m. p....,4:17 p.m.m. a.m. p.m. a.m. p.m. a.m. p....
1819,flylouisville,AA-1522-SFO-ORD,11:55 p.m.m. a.m. p.m. a.m. p.m. a.m. p....,12:11 p.m.m. a.m. p.m. a.m. p.m. a.m. a....,5:50 p.m.m. a.m. p.m. a.m. p.m. a.m. a....,5:42 p.m.m. a.m. p.m. a.m. p.m. a.m. a....
1820,flylouisville,UA-233-LAX-JFK,4:25 p.m.m. a.m. p.m. a.m. p.m. a.m. p....,4:28 p.m.m. a.m. p.m. a.m. p.m. a.m. p....,12:29 p.m.m. a.m. p.m. a.m. p.m. a.m. a....,12:01 p.m.m. a.m. p.m. a.m. p.m. a.m. a....
1821,flylouisville,AA-3823-LAX-DEN,9:00 p.m.m. a.m. p.m. a.m. p.m. a.m. p....,9:06 p.m.m. a.m. p.m. a.m. p.m. a.m. p....,12:15 p.m.m. a.m. p.m. a.m. p.m. a.m. a....,11:49 p.m.m. a.m. p.m. a.m. p.m. a.m. p....
1822,flylouisville,AA-2312-DFW-DTW,8:25 p.m.m. a.m. p.m. a.m. p.m. a.m. p....,8:29 p.m.m. a.m. p.m. a.m. p.m. a.m. p....,11:50 p.m.m. a.m. p.m. a.m. p.m. a.m. p....,11:35 p.m.m. a.m. p.m. a.m. p.m. a.m. p....
1823,flylouisville,AA-1165-JFK-MIA,6:59 p.m.m. a.m. p.m. a.m. p.m. a.m. a....,7:23 p.m.m. a.m. p.m. a.m. p.m. a.m. a....,10:34 p.m.m. a.m. p.m. a.m. p.m. a.m. a....,10:04 p.m.m. a.m. p.m. a.m. p.m. a.m. a....
1824,flylouisville,AA-431-MIA-SFO,8:35 p.m.m. a.m. p.m. a.m. p.m. a.m. a....,8:52 p.m.m. a.m. p.m. a.m. p.m. a.m. a....,11:50 p.m.m. a.m. p.m. a.m. p.m. a.m. a....,11:44 p.m.m. a.m. p.m. a.m. p.m. a.m. a....
1825,flylouisville,UA-3373-IAD-PHL,8:29 p.m.m. a.m. p.m. a.m. p.m. a.m. a....,8:37 p.m.m. a.m. p.m. a.m. p.m. a.m. a....,9:24 p.m.m. a.m. p.m. a.m. p.m. a.m. a....,9:13 p.m.m. a.m. p.m. a.m. p.m. a.m. a....
1826,flylouisville,AA-649-ORD-SNA,1:30 p.m.m. a.m. p.m. a.m. p.m. a.m. p....,1:41 p.m.m. a.m. p.m. a.m. p.m. a.m. p....,3:50 p.m.m. a.m. p.m. a.m. p.m. a.m. p....,3:29 p.m.m. a.m. p.m. a.m. p.m. a.m. p....
1827,flylouisville,CO-1250-MIA-IAH,2:53 p.m.m. a.m. p.m. a.m. p.m. a.m. p....,3:01 p.m.m. a.m. p.m. a.m. p.m. a.m. p....,4:48 p.m.m. a.m. p.m. a.m. p.m. a.m. p....,4:59 p.m.m. a.m. p.m. a.m. p.m. a.m. p....
1828,flylouisville,UA-6273-YYC-SFO,7:35 p.m.m. a.m. p.m. a.m. p.m. a.m. a....,7:41 p.m.m. a.m. p.m. a.m. p.m. a.m. a....,9:43 p.m.m. a.m. p.m. a.m. p.m. a.m. a....,8:45 p.m.m. a.m. p.m. a.m. p.m. a.m. a....
1829,flylouisville,UA-828-SFO-ORD,11:08 p.m.m. a.m. p.m. a.m. p.m. a.m. p....,11:35 p.m.m. a.m. p.m. a.m. p.m. a.m. p....,5:11 p.m.m. a.m. p.m. a.m. p.m. a.m. a....,5:21 p.m.m. a.m. p.m. a.m. p.m. a.m. a....
1830,flylouisville,CO-4888-IAH-DAL,5:30 p.m.m. a.m. p.m. a.m. p.m. a.m. p....,5:38 p.m.m. a.m. p.m. a.m. p.m. a.m. p....,6:40 p.m.m. a.m. p.m. a.m. p.m. a.m. p....,6:19 p.m.m. a.m. p.m. a.m. p.m. a.m. p....
1831,flylouisville,UA-858-PVG-SFO,1:45 p.m.m. a.m. p.m. a.m. p.m. a.m. p....,1:32 p.m.m. a.m. p.m. a.m. p.m. a.m. p....,8:27 p.m.m. a.m. p.m. a.m. p.m. a.m. a....,8:02 p.m.m. a.m. p.m. a.m. p.m. a.m. a....
1832,flylouisville,UA-2704-DTW-PHX,11:15 p.m.m. a.m. p.m. a.m. p.m. a.m. a....,11:47 p.m.m. a.m. p.m. a.m. p.m. a.m. a....,1:40 p.m.m. a.m. p.m. a.m. p.m. a.m. p....,2:02 p.m.m. a.m. p.m. a.m. p.m. a.m. p....
1833,flylouisville,AA-3063-SLC-LAX,8:20 p.m.m. a.m. p.m. a.m. p.m. a.m. p....,8:40 p.m.m. a.m. p.m. a.m. p.m. a.m. p....,9:20 p.m.m. a.m. p.m. a.m. p.m. a.m. p....,9:11 p.m.m. a.m. p.m. a.m. p.m. a.m. p....
1834,flylouisville,UA-2708-EWR-CLT,2:55 p.m.m. a.m. p.m. a.m. p.m. a.m. p....,3:04 p.m.m. a.m. p.m. a.m. p.m. a.m. p....,4:53 p.m.m. a.m. p.m. a.m. p.m. a.m. p....,4:24 p.m.m. a.m. p.m. a.m. p.m. a.m. p....
1835,flylouisville,UA-62-IAH-EWR,2:30 p.m.m. a.m. p.m. a.m. p.m. a.m. p....,2:48 p.m.m. a.m. p.m. a.m. p.m. a.m. p....,7:03 p.m.m. a.m. p.m. a.m. p.m. a.m. p....,7:10 p.m.m. a.m. p.m. a.m. p.m. a.m. p....
1836,flylouisville,UA-1500-IAH-GUA,8:55 p.m.m. a.m. p.m. a.m. p.m. a.m. a....,9:43 p.m.m. a.m. p.m. a.m. p.m. a.m. a....,11:45 p.m.m. a.m. p.m. a.m. p.m. a.m. a....,12:12 p.m.m. a.m. p.m. a.m. p.m. a.m. p....
1837,flylouisville,AA-3804-PHL-ORD,2:35 p.m.m. a.m. p.m. a.m. p.m. a.m. p....,2:44 p.m.m. a.m. p.m. a.m. p.m. a.m. p....,4:05 p.m.m. a.m. p.m. a.m. p.m. a.m. p....,3:36 p.m.m. a.m. p.m. a.m. p.m. a.m. p....
1838,flylouisville,AA-1917-JFK-MCO,2:55 p.m.m. a.m. p.m. a.m. p.m. a.m. p....,3:27 p.m.m. a.m. p.m. a.m. p.m. a.m. p....,5:55 p.m.m. a.m. p.m. a.m. p.m. a.m. p....,5:43 p.m.m. a.m. p.m. a.m. p.m. a.m. p....
1839,flylouisville,AA-2268-PHX-ORD,7:15 p.m.m. a.m. p.m. a.m. p.m. a.m. a....,7:23 p.m.m. a.m. p.m. a.m. p.m. a.m. a....,11:35 p.m.m. a.m. p.m. a.m. p.m. a.m. a....,11:04 p.m.m. a.m. p.m. a.m. p.m. a.m. a....
1840,flylouisville,AA-4277-CVG-JFK,12:10 p.m.m. a.m. p.m. a.m. p.m. a.m. p....,12:11 p.m.m. a.m. p.m. a.m. p.m. a.m. p....,2:15 p.m.m. a.m. p.m. a.m. p.m. a.m. p....,1:43 p.m.m. a.m. p.m. a.m. p.m. a.m. p....
1841,flylouisville,AA-2957-DFW-CVG,7:55 p.m.m. a.m. p.m. a.m. p.m. a.m. a....,8:04 p.m.m. a.m. p.m. a.m. p.m. a.m. a....,11:05 p.m.m. a.m. p.m. a.m. p.m. a.m. a....,11:01 p.m.m. a.m. p.m. a.m. p.m. a.m. a....
1842,flylouisville,UA-37-EDI-EWR,9:05 p.m.m. a.m. p.m. a.m. p.m. a.m. a....,9:05 p.m.m. a.m. p.m. a.m. p.m. a.m. a....,11:53 p.m.m. a.m. p.m. a.m. p.m. a.m. a....,12:09 p.m.m. a.m. p.m. a.m. p.m. a.m. p....
1843,flylouisville,AA-789-ORD-DEN,1:05 p.m.m. a.m. p.m. a.m. p.m. a.m. p....,1:19 p.m.m. a.m. p.m. a.m. p.m. a.m. p....,2:35 p.m.m. a.m. p.m. a.m. p.m. a.m. p....,3:13 p.m.m. a.m. p.m. a.m. p.m. a.m. p....
1844,flylouisville,AA-415-BOS-ORD,8:35 p.m.m. a.m. p.m. a.m. p.m. a.m. a....,8:56 p.m.m. a.m. p.m. a.m. p.m. a.m. a....,10:40 p.m.m. a.m. p.m. a.m. p.m. a.m. a....,10:16 p.m.m. a.m. p.m. a.m. p.m. a.m. a....
1845,flylouisville,AA-85-JFK-SFO,3:05 p.m.m. a.m. p.m. a.m. p.m. a.m. p....,3:38 p.m.m. a.m. p.m. a.m. p.m. a.m. p....,6:30 p.m.m. a.m. p.m. a.m. p.m. a.m. p....,6:43 p.m.m. a.m. p.m. a.m. p.m. a.m. p....
1846,flylouisville,AA-3979-CVG-ORD,7:30 p.m.m. a.m. p.m. a.m. p.m. a.m. a....,8:04 p.m.m. a.m. p.m. a.m. p.m. a.m. a....,8:00 p.m.m. a.m. p.m. a.m. p.m. a.m. a....,8:06 p.m.m. a.m. p.m. a.m. p.m. a.m. a....
1847,flylouisville,AA-1544-SAN-ORD,11:25 p.m.m. a.m. p.m. a.m. p.m. a.m. a....,11:41 p.m.m. a.m. p.m. a.m. p.m. a.m. a....,5:25 p.m.m. a.m. p.m. a.m. p.m. a.m. p....,4:56 p.m.m. a.m. p.m. a.m. p.m. a.m. p....
1848,flylouisville,AA-3786-IAH-ORD,4:00 p.m.m. a.m. p.m. a.m. p.m. a.m. p....,4:12 p.m.m. a.m. p.m. a.m. p.m. a.m. p....,6:40 p.m.m. a.m. p.m. a.m. p.m. a.m. p....,6:15 p.m.m. a.m. p.m. a.m. p.m. a.m. p....
1849,flylouisville,AA-271-MIA-LAX,11:35 p.m.m. a.m. p.m. a.m. p.m. a.m. a....,11:52 p.m.m. a.m. p.m. a.m. p.m. a.m. a....,2:25 p.m.m. a.m. p.m. a.m. p.m. a.m. p....,2:27 p.m.m. a.m. p.m. a.m. p.m. a.m. p....
1850,flylouisville,AA-2525-DFW-MIA,7:25 p.m.m. a.m. p.m. a.m. p.m. a.m. a....,7:39 p.m.m. a.m. p.m. a.m. p.m. a.m. a....,11:10 p.m.m. a.m. p.m. a.m. p.m. a.m. a....,11:06 p.m.m. a.m. p.m. a.m. p.m. a.m. a....
1851,flylouisville,CO-50-CLE-EWR,2:55 p.m.m. a.m. p.m. a.m. p.m. a.m. p....,3:31 p.m.m. a.m. p.m. a.m. p.m. a.m. p....,4:49 p.m.m. a.m. p.m. a.m. p.m. a.m. p....,5:26 p.m.m. a.m. p.m. a.m. p.m. a.m. p....
1852,flylouisville,UA-3099-PHX-PHL,11:55 p.m.m. a.m. p.m. a.m. p.m. a.m. a....,11:55 p.m.m. a.m. p.m. a.m. p.m. a.m. a....,6:17 p.m.m. a.m. p.m. a.m. p.m. a.m. p....,5:38 p.m.m. a.m. p.m. a.m. p.m. a.m. p....
1853,flylouisville,AA-4198-ORD-CLE,10:40 p.m.m. a.m. p.m. a.m. p.m. a.m. a....,10:55 p.m.m. a.m. p.m. a.m. p.m. a.m. a....,12:55 p.m.m. a.m. p.m. a.m. p.m. a.m. p....,12:50 p.m.m. a.m. p.m. a.m. p.m. a.m. p....
1854,flylouisville,AA-404-MIA-MCO,6:45 p.m.m. a.m. p.m. a.m. p.m. a.m. a....,6:58 p.m.m. a.m. p.m. a.m. p.m. a.m. a....,7:45 p.m.m. a.m. p.m. a.m. p.m. a.m. a....,7:40 p.m.m. a.m. p.m. a.m. p.m. a.m. a....
1855,flylouisville,CO-45-EWR-MIA,4:00 p.m.m. a.m. p.m. a.m. p.m. a.m. p....,3:58 p.m.m. a.m. p.m. a.m. p.m. a.m. p....,7:05 p.m.m. a.m. p.m. a.m. p.m. a.m. p....,6:36 p.m.m. a.m. p.m. a.m. p.m. a.m. p....
1856,flylouisville,AA-3809-PHX-LAX,6:00 p.m.m. a.m. p.m. a.m. p.m. a.m. a....,6:10 p.m.m. a.m. p.m. a.m. p.m. a.m. a....,6:40 p.m.m. a.m. p.m. a.m. p.m. a.m. a....,6:19 p.m.m. a.m. p.m. a.m. p.m. a.m. a....
1857,flylouisville,AA-59-JFK-SFO,7:10 p.m.m. a.m. p.m. a.m. p.m. a.m. a....,7:40 p.m.m. a.m. p.m. a.m. p.m. a.m. a....,10:45 p.m.m. a.m. p.m. a.m. p.m. a.m. a....,11:12 p.m.m. a.m. p.m. a.m. p.m. a.m. a....
1858,flylouisville,AA-222-LAX-BOS,7:10 p.m.m. a.m. p.m. a.m. p.m. a.m. a....,7:32 p.m.m. a.m. p.m. a.m. p.m. a.m. a....,3:30 p.m.m. a.m. p.m. a.m. p.m. a.m. p....,3:14 p.m.m. a.m. p.m. a.m. p.m. a.m. p....
1859,quicktrip,AA-3859-IAH-ORD,7:10 p.m.m. a.m. p.m. a.m. p.m. a.m. a....,7:16 p.m.m. a.m. p.m. a.m. p.m. a.m. a....,9:40 p.m.m. a.m. p.m. a.m. p.m. a.m. a....,9:22 p.m.m. a.m. p.m. a.m. p.m. a.m. a....
1860,quicktrip,CO-1586-IAH-MCO,7:00 p.m.m. a.m. p.m. a.m. p.m. a.m. p....,7:42 p.m.m. a.m. p.m. a.m. p.m. a.m. p....,10:15 p.m.m. a.m. p.m. a.m. p.m. a.m. p....,10:29 p.m.m. a.m. p.m. a.m. p.m. a.m. p....
1861,quicktrip,AA-518-MIA-JFK,6:40 p.m.m. a.m. p.m. a.m. p.m. a.m. a....,6:54 p.m.m. a.m. p.m. a.m. p.m. a.m. a....,9:25 p.m.m. a.m. p.m. a.m. p.m. a.m. a....,9:28 p.m.m. a.m. p.m. a.m. p.m. a.m. a....
1862,quicktrip,UA-397-JFK-SFO,8:00 p.m.m. a.m. p.m. a.m. p.m. a.m. a....,8:29 p.m.m. a.m. p.m. a.m. p.m. a.m. a....,11:55 p.m.m. a.m. p.m. a.m. p.m. a.m. a....,11:58 p.m.m. a.m. p.m. a.m. p.m. a.m. a....
1863,quicktrip,UA-3925-IAD-ORF,8:41 p.m.m. a.m. p.m. a.m. p.m. a.m. a....,8:42 p.m.m. a.m. p.m. a.m. p.m. a.m. a....,9:54 p.m.m. a.m. p.m. a.m. p.m. a.m. a....,9:43 p.m.m. a.m. p.m. a.m. p.m. a.m. a....
1864,quicktrip,AA-1733-ORD-PHX,7:45 p.m.m. a.m. p.m. a.m. p.m. a.m. p....,7:59 p.m.m. a.m. p.m. a.m. p.m. a.m. p....,10:30 p.m.m. a.m. p.m. a.m. p.m. a.m. p....,10:30 p.m.m. a.m. p.m. a.m. p.m. a.m. p....
1865,quicktrip,AA-4344-ORD-DTW,11:45 p.m.m. a.m. p.m. a.m. p.m. a.m. a....,12:14 p.m.m. a.m. p.m. a.m. p.m. a.m. p....,2:00 p.m.m. a.m. p.m. a.m. p.m. a.m. p....,2:10 p.m.m. a.m. p.m. a.m. p.m. a.m. p....
1866,quicktrip,AA-1640-MIA-MCO,6:30 p.m.m. a.m. p.m. a.m. p.m. a.m. p....,6:47 p.m.m. a.m. p.m. a.m. p.m. a.m. p....,7:25 p.m.m. a.m. p.m. a.m. p.m. a.m. p....,7:25 p.m.m. a.m. p.m. a.m. p.m. a.m. p....
1867,quicktrip,UA-2830-MCO-CLT,3:27 p.m.m. a.m. p.m. a.m. p.m. a.m. p....,3:50 p.m.m. a.m. p.m. a.m. p.m. a.m. p....,5:05 p.m.m. a.m. p.m. a.m. p.m. a.m. p....,5:17 p.m.m. a.m. p.m. a.m. p.m. a.m. p....
1868,quicktrip,CO-58-DEN-IAH,11:25 p.m.m. a.m. p.m. a.m. p.m. a.m. a....,11:32 p.m.m. a.m. p.m. a.m. p.m. a.m. a....,2:50 p.m.m. a.m. p.m. a.m. p.m. a.m. p....,3:31 p.m.m. a.m. p.m. a.m. p.m. a.m. p....
1869,quicktrip,AA-204-LAX-MCO,11:25 p.m.m. a.m. p.m. a.m. p.m. a.m. p....,11:29 p.m.m. a.m. p.m. a.m. p.m. a.m. p....,6:55 p.m.m. a.m. p.m. a.m. p.m. a.m. a....,12211 6:35 p.m.m. a.m. p.m. a.m. p.m. a.m. a....
1870,quicktrip,UA-414-LAX-SFO,6:00 p.m.m. a.m. p.m. a.m. p.m. a.m. a....,6:10 p.m.m. a.m. p.m. a.m. p.m. a.m. a....,7:23 p.m.m. a.m. p.m. a.m. p.m. a.m. a....,7:17 p.m.m. a.m. p.m. a.m. p.m. a.m. a....
1871,quicktrip,CO-1614-LAX-IAH,12:30 p.m.m. a.m. p.m. a.m. p.m. a.m. a....,12:41 p.m.m. a.m. p.m. a.m. p.m. a.m. a....,5:35 p.m.m. a.m. p.m. a.m. p.m. a.m. a....,5:26 p.m.m. a.m. p.m. a.m. p.m. a.m. a....
1872,quicktrip,UA-2726-FLL-PHL,4:00 p.m.m. a.m. p.m. a.m. p.m. a.m. p....,4:10 p.m.m. a.m. p.m. a.m. p.m. a.m. p....,6:46 p.m.m. a.m. p.m. a.m. p.m. a.m. p....,6:25 p.m.m. a.m. p.m. a.m. p.m. a.m. p....
1873,quicktrip,CO-52-IAH-LAX,7:35 p.m.m. a.m. p.m. a.m. p.m. a.m. a....,7:56 p.m.m. a.m. p.m. a.m. p.m. a.m. a....,9:21 p.m.m. a.m. p.m. a.m. p.m. a.m. a....,9:09 p.m.m. a.m. p.m. a.m. p.m. a.m. a....
1874,quicktrip,CO-1090-BOS-IAH,9:45 p.m.m. a.m. p.m. a.m. p.m. a.m. a....,10:19 p.m.m. a.m. p.m. a.m. p.m. a.m. a....,1:16 p.m.m. a.m. p.m. a.m. p.m. a.m. p....,1:19 p.m.m. a.m. p.m. a.m. p.m. a.m. p....
1875,quicktrip,AA-3468-CVG-MIA,7:00 p.m.m. a.m. p.m. a.m. p.m. a.m. a....,7:25 p.m.m. a.m. p.m. a.m. p.m. a.m. a....,9:55 p.m.m. a.m. p.m. a.m. p.m. a.m. a....,9:45 p.m.m. a.m. p.m. a.m. p.m. a.m. a....
1876,quicktrip,UA-3515-IAD-MSP,8:15 p.m.m. a.m. p.m. a.m. p.m. a.m. a....,8:26 p.m.m. a.m. p.m. a.m. p.m. a.m. a....,10:06 p.m.m. a.m. p.m. a.m. p.m. a.m. a....,9:56 p.m.m. a.m. p.m. a.m. p.m. a.m. a....
1877,quicktrip,AA-484-DFW-MIA,4:15 p.m.m. a.m. p.m. a.m. p.m. a.m. p....,4:29 p.m.m. a.m. p.m. a.m. p.m. a.m. p....,7:55 p.m.m. a.m. p.m. a.m. p.m. a.m. p....,7:39 p.m.m. a.m. p.m. a.m. p.m. a.m. p....
1878,quicktrip,AA-616-DFW-DTW,9:05 p.m.m. a.m. p.m. a.m. p.m. a.m. a....,10:11 p.m.m. a.m. p.m. a.m. p.m. a.m. a....,12:35 p.m.m. a.m. p.m. a.m. p.m. a.m. p....,1:27 p.m.m. a.m. p.m. a.m. p.m. a.m. p....
1879,quicktrip,CO-62-IAH-EWR,2:30 p.m.m. a.m. p.m. a.m. p.m. a.m. p....,2:48 p.m.m. a.m. p.m. a.m. p.m. a.m. p....,7:03 p.m.m. a.m. p.m. a.m. p.m. a.m. p....,7:10 p.m.m. a.m. p.m. a.m. p.m. a.m. p....
1880,quicktrip,CO-63-EWR-IAH,5:25 p.m.m. a.m. p.m. a.m. p.m. a.m. p....,5:38 p.m.m. a.m. p.m. a.m. p.m. a.m. p....,8:22 p.m.m. a.m. p.m. a.m. p.m. a.m. p....,8:03 p.m.m. a.m. p.m. a.m. p.m. a.m. p....
1881,quicktrip,AA-446-DFW-PHL,11:50 p.m.m. a.m. p.m. a.m. p.m. a.m. a....,12:13 p.m.m. a.m. p.m. a.m. p.m. a.m. p....,3:50 p.m.m. a.m. p.m. a.m. p.m. a.m. p....,4:09 p.m.m. a.m. p.m. a.m. p.m. a.m. p....
1882,quicktrip,CO-1023-IAH-DEN,11:40 p.m.m. a.m. p.m. a.m. p.m. a.m. a....,12:06 p.m.m. a.m. p.m. a.m. p.m. a.m. p....,1:17 p.m.m. a.m. p.m. a.m. p.m. a.m. p....,1:14 p.m.m. a.m. p.m. a.m. p.m. a.m. p....
1883,quicktrip,AA-466-IAH-MIA,6:00 p.m.m. a.m. p.m. a.m. p.m. a.m. a....,6:09 p.m.m. a.m. p.m. a.m. p.m. a.m. a....,9:20 p.m.m. a.m. p.m. a.m. p.m. a.m. a....,9:05 p.m.m. a.m. p.m. a.m. p.m. a.m. a....
1884,quicktrip,UA-3050-PHX-CLT,11:05 p.m.m. a.m. p.m. a.m. p.m. a.m. a....,11:45 p.m.m. a.m. p.m. a.m. p.m. a.m. a....,4:57 p.m.m. a.m. p.m. a.m. p.m. a.m. p....,5:05 p.m.m. a.m. p.m. a.m. p.m. a.m. p....
1885,quicktrip,CO-89-IAH-EWR,6:00 p.m.m. a.m. p.m. a.m. p.m. a.m. a....,6:02 p.m.m. a.m. p.m. a.m. p.m. a.m. a....,10:20 p.m.m. a.m. p.m. a.m. p.m. a.m. a....,10:27 p.m.m. a.m. p.m. a.m. p.m. a.m. a....
1886,quicktrip,CO-1088-CLE-IAH,8:40 p.m.m. a.m. p.m. a.m. p.m. a.m. a....,8:40 p.m.m. a.m. p.m. a.m. p.m. a.m. a....,10:54 p.m.m. a.m. p.m. a.m. p.m. a.m. a....,10:56 p.m.m. a.m. p.m. a.m. p.m. a.m. a....
1887,quicktrip,AA-2957-DFW-CVG,7:55 p.m.m. a.m. p.m. a.m. p.m. a.m. a....,8:04 p.m.m. a.m. p.m. a.m. p.m. a.m. a....,11:05 p.m.m. a.m. p.m. a.m. p.m. a.m. a....,11:01 p.m.m. a.m. p.m. a.m. p.m. a.m. a....
1888,quicktrip,AA-1664-MIA-ATL,10:15 p.m.m. a.m. p.m. a.m. p.m. a.m. a....,10:19 p.m.m. a.m. p.m. a.m. p.m. a.m. a....,12:10 p.m.m. a.m. p.m. a.m. p.m. a.m. p....,11:50 p.m.m. a.m. p.m. a.m. p.m. a.m. a....
1889,quicktrip,AA-3979-CVG-ORD,7:30 p.m.m. a.m. p.m. a.m. p.m. a.m. a....,8:04 p.m.m. a.m. p.m. a.m. p.m. a.m. a....,8:00 p.m.m. a.m. p.m. a.m. p.m. a.m. a....,8:06 p.m.m. a.m. p.m. a.m. p.m. a.m. a....
1890,quicktrip,AA-1279-DFW-PHX,1:00 p.m.m. a.m. p.m. a.m. p.m. a.m. p....,2:04 p.m.m. a.m. p.m. a.m. p.m. a.m. p....,2:35 p.m.m. a.m. p.m. a.m. p.m. a.m. p....,3:13 p.m.m. a.m. p.m. a.m. p.m. a.m. p....
1891,quicktrip,AA-404-MIA-MCO,6:45 p.m.m. a.m. p.m. a.m. p.m. a.m. a....,6:58 p.m.m. a.m. p.m. a.m. p.m. a.m. a....,7:45 p.m.m. a.m. p.m. a.m. p.m. a.m. a....,7:40 p.m.m. a.m. p.m. a.m. p.m. a.m. a....
1892,quicktrip,AA-3756-ORD-SLC,12:15 p.m.m. a.m. p.m. a.m. p.m. a.m. p....,12:42 p.m.m. a.m. p.m. a.m. p.m. a.m. p....,2:45 p.m.m. a.m. p.m. a.m. p.m. a.m. p....,2:50 p.m.m. a.m. p.m. a.m. p.m. a.m. p....
1893,quicktrip,UA-382-IAD-LAX,12:30 p.m.m. a.m. p.m. a.m. p.m. a.m. p....,12:56 p.m.m. a.m. p.m. a.m. p.m. a.m. p....,3:19 p.m.m. a.m. p.m. a.m. p.m. a.m. p....,3:21 p.m.m. a.m. p.m. a.m. p.m. a.m. p....
1894,quicktrip,UA-2945-PHL-CLT,12:00 p.m.m. a.m. p.m. a.m. p.m. a.m. p....,12:08 p.m.m. a.m. p.m. a.m. p.m. a.m. p....,1:45 p.m.m. a.m. p.m. a.m. p.m. a.m. p....,1:15 p.m.m. a.m. p.m. a.m. p.m. a.m. p....
1895,quicktrip,CO-47-IAH-LAX,7:10 p.m.m. a.m. p.m. a.m. p.m. a.m. p....,8:25 p.m.m. a.m. p.m. a.m. p.m. a.m. p....,8:56 p.m.m. a.m. p.m. a.m. p.m. a.m. p....,9:38 p.m.m. a.m. p.m. a.m. p.m. a.m. p....
1896,quicktrip,AA-271-MIA-LAX,11:35 p.m.m. a.m. p.m. a.m. p.m. a.m. a....,11:52 p.m.m. a.m. p.m. a.m. p.m. a.m. a....,2:25 p.m.m. a.m. p.m. a.m. p.m. a.m. p....,2:27 p.m.m. a.m. p.m. a.m. p.m. a.m. p....
1897,quicktrip,AA-2050-ORD-MIA,10:40 p.m.m. a.m. p.m. a.m. p.m. a.m. a....,11:06 p.m.m. a.m. p.m. a.m. p.m. a.m. a....,2:45 p.m.m. a.m. p.m. a.m. p.m. a.m. p....,2:46 p.m.m. a.m. p.m. a.m. p.m. a.m. p....
1898,quicktrip,UA-248-PHX-ORD,12:57 p.m.m. a.m. p.m. a.m. p.m. a.m. p....,1:43 p.m.m. a.m. p.m. a.m. p.m. a.m. p....,5:15 p.m.m. a.m. p.m. a.m. p.m. a.m. p....,5:34 p.m.m. a.m. p.m. a.m. p.m. a.m. p....
1899,quicktrip,AA-4330-CVG-ORD,3:35 p.m.m. a.m. p.m. a.m. p.m. a.m. p....,3:36 p.m.m. a.m. p.m. a.m. p.m. a.m. p....,4:00 p.m.m. a.m. p.m. a.m. p.m. a.m. p....,3:33 p.m.m. a.m. p.m. a.m. p.m. a.m. p....
1900,quicktrip,AA-1434-DFW-MCO,7:15 p.m.m. a.m. p.m. a.m. p.m. a.m. a....,7:22 p.m.m. a.m. p.m. a.m. p.m. a.m. a....,10:35 p.m.m. a.m. p.m. a.m. p.m. a.m. a....,10:29 p.m.m. a.m. p.m. a.m. p.m. a.m. a....
1901,quicktrip,CO-1561-PHX-IAH,8:05 p.m.m. a.m. p.m. a.m. p.m. a.m. a....,8:00 p.m.m. a.m. p.m. a.m. p.m. a.m. a....,11:35 p.m.m. a.m. p.m. a.m. p.m. a.m. a....,11:32 p.m.m. a.m. p.m. a.m. p.m. a.m. a....
1902,quicktrip,AA-4307-ORD-DTW,6:45 p.m.m. a.m. p.m. a.m. p.m. a.m. p....,6:56 p.m.m. a.m. p.m. a.m. p.m. a.m. p....,9:10 p.m.m. a.m. p.m. a.m. p.m. a.m. p....,8:53 p.m.m. a.m. p.m. a.m. p.m. a.m. p....
1903,quicktrip,AA-3-JFK-LAX,12:00 p.m.m. a.m. p.m. a.m. p.m. a.m. p....,12:12 p.m.m. a.m. p.m. a.m. p.m. a.m. p....,3:15 p.m.m. a.m. p.m. a.m. p.m. a.m. p....,3:16 p.m.m. a.m. p.m. a.m. p.m. a.m. p....
1904,quicktrip,CO-1694-LAX-IAH,7:15 p.m.m. a.m. p.m. a.m. p.m. a.m. p....,7:15 p.m.m. a.m. p.m. a.m. p.m. a.m. p....,12:21 p.m.m. a.m. p.m. a.m. p.m. a.m. a....,12:21 p.m.m. a.m. p.m. a.m. p.m. a.m. a....
1905,quicktrip,UA-843-LAX-ORD,1:55 p.m.m. a.m. p.m. a.m. p.m. a.m. p....,2:38 p.m.m. a.m. p.m. a.m. p.m. a.m. p....,7:53 p.m.m. a.m. p.m. a.m. p.m. a.m. p....,7:58 p.m.m. a.m. p.m. a.m. p.m. a.m. p....
1906,quicktrip,CO-1193-EWR-MCO,9:15 p.m.m. a.m. p.m. a.m. p.m. a.m. a....,9:14 p.m.m. a.m. p.m. a.m. p.m. a.m. a....,12:18 p.m.m. a.m. p.m. a.m. p.m. a.m. p....,12:09 p.m.m. a.m. p.m. a.m. p.m. a.m. p....
1907,quicktrip,AA-3842-MSP-ORD,6:00 p.m.m. a.m. p.m. a.m. p.m. a.m. a....,6:56 p.m.m. a.m. p.m. a.m. p.m. a.m. a....,7:30 p.m.m. a.m. p.m. a.m. p.m. a.m. a....,7:51 p.m.m. a.m. p.m. a.m. p.m. a.m. a....
1908,quicktrip,AA-643-MIA-ORD,7:10 p.m.m. a.m. p.m. a.m. p.m. a.m. a....,7:31 p.m.m. a.m. p.m. a.m. p.m. a.m. a....,9:35 p.m.m. a.m. p.m. a.m. p.m. a.m. a....,9:26 p.m.m. a.m. p.m. a.m. p.m. a.m. a....
1909,quicktrip,AA-1007-MIA-PHX,4:55 p.m.m. a.m. p.m. a.m. p.m. a.m. p....,5:09 p.m.m. a.m. p.m. a.m. p.m. a.m. p....,8:05 p.m.m. a.m. p.m. a.m. p.m. a.m. p....,7:55 p.m.m. a.m. p.m. a.m. p.m. a.m. p....
1910,quicktrip,AA-2525-DFW-MIA,7:25 p.m.m. a.m. p.m. a.m. p.m. a.m. a....,7:39 p.m.m. a.m. p.m. a.m. p.m. a.m. a....,11:10 p.m.m. a.m. p.m. a.m. p.m. a.m. a....,11:06 p.m.m. a.m. p.m. a.m. p.m. a.m. a....
1911,quicktrip,UA-2906-PHL-MCO,3:50 p.m.m. a.m. p.m. a.m. p.m. a.m. p....,4:28 p.m.m. a.m. p.m. a.m. p.m. a.m. p....,6:23 p.m.m. a.m. p.m. a.m. p.m. a.m. p....,6:38 p.m.m. a.m. p.m. a.m. p.m. a.m. p....
1912,quicktrip,UA-938-DEN-ORD,4:16 p.m.m. a.m. p.m. a.m. p.m. a.m. p....,4:37 p.m.m. a.m. p.m. a.m. p.m. a.m. p....,7:35 p.m.m. a.m. p.m. a.m. p.m. a.m. p....,7:36 p.m.m. a.m. p.m. a.m. p.m. a.m. p....
1913,quicktrip,AA-1221-MCO-ORD,8:00 p.m.m. a.m. p.m. a.m. p.m. a.m. p....,8:23 p.m.m. a.m. p.m. a.m. p.m. a.m. p....,9:45 p.m.m. a.m. p.m. a.m. p.m. a.m. p....,9:53 p.m.m. a.m. p.m. a.m. p.m. a.m. p....
1914,quicktrip,CO-16-LAX-EWR,10:25 p.m.m. a.m. p.m. a.m. p.m. a.m. a....,10:20 p.m.m. a.m. p.m. a.m. p.m. a.m. a....,6:44 p.m.m. a.m. p.m. a.m. p.m. a.m. p....,6:34 p.m.m. a.m. p.m. a.m. p.m. a.m. p....
1915,quicktrip,UA-2515-DFW-CLT,7:05 p.m.m. a.m. p.m. a.m. p.m. a.m. a....,7:31 p.m.m. a.m. p.m. a.m. p.m. a.m. a....,10:31 p.m.m. a.m. p.m. a.m. p.m. a.m. a....,10:45 p.m.m. a.m. p.m. a.m. p.m. a.m. a....
1916,quicktrip,AA-400-DFW-JFK,10:40 p.m.m. a.m. p.m. a.m. p.m. a.m. a....,11:02 p.m.m. a.m. p.m. a.m. p.m. a.m. a....,2:59 p.m.m. a.m. p.m. a.m. p.m. a.m. p....,3:04 p.m.m. a.m. p.m. a.m. p.m. a.m. p....
1917,quicktrip,UA-664-ORD-PHL,1:33 p.m.m. a.m. p.m. a.m. p.m. a.m. p....,1:48 p.m.m. a.m. p.m. a.m. p.m. a.m. p....,4:31 p.m.m. a.m. p.m. a.m. p.m. a.m. p....,4:23 p.m.m. a.m. p.m. a.m. p.m. a.m. p....
1918,quicktrip,UA-37-EWR-MCO,1:29 p.m.m. a.m. p.m. a.m. p.m. a.m. p....,2:01 p.m.m. a.m. p.m. a.m. p.m. a.m. p....,4:17 p.m.m. a.m. p.m. a.m. p.m. a.m. p....,4:17 p.m.m. a.m. p.m. a.m. p.m. a.m. p....
1919,quicktrip,AA-1522-SFO-ORD,11:55 p.m.m. a.m. p.m. a.m. p.m. a.m. p....,12:11 p.m.m. a.m. p.m. a.m. p.m. a.m. a....,5:50 p.m.m. a.m. p.m. a.m. p.m. a.m. a....,5:42 p.m.m. a.m. p.m. a.m. p.m. a.m. a....
1920,quicktrip,UA-233-LAX-JFK,4:25 p.m.m. a.m. p.m. a.m. p.m. a.m. p....,4:28 p.m.m. a.m. p.m. a.m. p.m. a.m. p....,12:29 p.m.m. a.m. p.m. a.m. p.m. a.m. a....,12:01 p.m.m. a.m. p.m. a.m. p.m. a.m. a....
1921,quicktrip,AA-3823-LAX-DEN,9:00 p.m.m. a.m. p.m. a.m. p.m. a.m. p....,9:06 p.m.m. a.m. p.m. a.m. p.m. a.m. p....,12:15 p.m.m. a.m. p.m. a.m. p.m. a.m. a....,11:49 p.m.m. a.m. p.m. a.m. p.m. a.m. p....
1922,quicktrip,AA-2312-DFW-DTW,8:25 p.m.m. a.m. p.m. a.m. p.m. a.m. p....,8:29 p.m.m. a.m. p.m. a.m. p.m. a.m. p....,11:50 p.m.m. a.m. p.m. a.m. p.m. a.m. p....,11:35 p.m.m. a.m. p.m. a.m. p.m. a.m. p....
1923,quicktrip,UA-2314-ATL-PHL,2:55 p.m.m. a.m. p.m. a.m. p.m. a.m. p....,3:04 p.m.m. a.m. p.m. a.m. p.m. a.m. p....,5:00 p.m.m. a.m. p.m. a.m. p.m. a.m. p....,4:47 p.m.m. a.m. p.m. a.m. p.m. a.m. p....
1924,quicktrip,AA-1165-JFK-MIA,6:59 p.m.m. a.m. p.m. a.m. p.m. a.m. a....,7:23 p.m.m. a.m. p.m. a.m. p.m. a.m. a....,10:34 p.m.m. a.m. p.m. a.m. p.m. a.m. a....,10:04 p.m.m. a.m. p.m. a.m. p.m. a.m. a....
1925,quicktrip,AA-431-MIA-SFO,8:35 p.m.m. a.m. p.m. a.m. p.m. a.m. a....,8:52 p.m.m. a.m. p.m. a.m. p.m. a.m. a....,11:50 p.m.m. a.m. p.m. a.m. p.m. a.m. a....,11:44 p.m.m. a.m. p.m. a.m. p.m. a.m. a....
1926,quicktrip,UA-257-JFK-SFO,2:30 p.m.m. a.m. p.m. a.m. p.m. a.m. p....,2:43 p.m.m. a.m. p.m. a.m. p.m. a.m. p....,6:15 p.m.m. a.m. p.m. a.m. p.m. a.m. p....,5:42 p.m.m. a.m. p.m. a.m. p.m. a.m. p....
1927,quicktrip,UA-3373-IAD-PHL,8:29 p.m.m. a.m. p.m. a.m. p.m. a.m. a....,8:37 p.m.m. a.m. p.m. a.m. p.m. a.m. a....,9:24 p.m.m. a.m. p.m. a.m. p.m. a.m. a....,9:13 p.m.m. a.m. p.m. a.m. p.m. a.m. a....
1928,quicktrip,CO-1250-MIA-IAH,2:53 p.m.m. a.m. p.m. a.m. p.m. a.m. p....,3:01 p.m.m. a.m. p.m. a.m. p.m. a.m. p....,4:48 p.m.m. a.m. p.m. a.m. p.m. a.m. p....,4:59 p.m.m. a.m. p.m. a.m. p.m. a.m. p....
1929,quicktrip,UA-828-SFO-ORD,11:08 p.m.m. a.m. p.m. a.m. p.m. a.m. p....,11:35 p.m.m. a.m. p.m. a.m. p.m. a.m. p....,5:11 p.m.m. a.m. p.m. a.m. p.m. a.m. a....,5:21 p.m.m. a.m. p.m. a.m. p.m. a.m. a....
1930,quicktrip,CO-4888-IAH-DAL,5:30 p.m.m. a.m. p.m. a.m. p.m. a.m. p....,5:38 p.m.m. a.m. p.m. a.m. p.m. a.m. p....,6:40 p.m.m. a.m. p.m. a.m. p.m. a.m. p....,6:19 p.m.m. a.m. p.m. a.m. p.m. a.m. p....
1931,quicktrip,UA-2704-DTW-PHX,11:15 p.m.m. a.m. p.m. a.m. p.m. a.m. a....,11:47 p.m.m. a.m. p.m. a.m. p.m. a.m. a....,1:40 p.m.m. a.m. p.m. a.m. p.m. a.m. p....,2:02 p.m.m. a.m. p.m. a.m. p.m. a.m. p....
1932,quicktrip,AA-3063-SLC-LAX,8:20 p.m.m. a.m. p.m. a.m. p.m. a.m. p....,8:40 p.m.m. a.m. p.m. a.m. p.m. a.m. p....,9:20 p.m.m. a.m. p.m. a.m. p.m. a.m. p....,9:11 p.m.m. a.m. p.m. a.m. p.m. a.m. p....
1933,quicktrip,UA-2708-EWR-CLT,2:55 p.m.m. a.m. p.m. a.m. p.m. a.m. p....,3:04 p.m.m. a.m. p.m. a.m. p.m. a.m. p....,4:53 p.m.m. a.m. p.m. a.m. p.m. a.m. p....,4:24 p.m.m. a.m. p.m. a.m. p.m. a.m. p....
1934,quicktrip,UA-62-IAH-EWR,2:30 p.m.m. a.m. p.m. a.m. p.m. a.m. p....,2:48 p.m.m. a.m. p.m. a.m. p.m. a.m. p....,7:03 p.m.m. a.m. p.m. a.m. p.m. a.m. p....,7:10 p.m.m. a.m. p.m. a.m. p.m. a.m. p....
1935,quicktrip,AA-3804-PHL-ORD,2:35 p.m.m. a.m. p.m. a.m. p.m. a.m. p....,2:44 p.m.m. a.m. p.m. a.m. p.m. a.m. p....,4:05 p.m.m. a.m. p.m. a.m. p.m. a.m. p....,3:36 p.m.m. a.m. p.m. a.m. p.m. a.m. p....
1936,quicktrip,AA-1917-JFK-MCO,2:55 p.m.m. a.m. p.m. a.m. p.m. a.m. p....,3:27 p.m.m. a.m. p.m. a.m. p.m. a.m. p....,5:55 p.m.m. a.m. p.m. a.m. p.m. a.m. p....,5:43 p.m.m. a.m. p.m. a.m. p.m. a.m. p....
1937,quicktrip,AA-2268-PHX-ORD,7:15 p.m.m. a.m. p.m. a.m. p.m. a.m. a....,7:23 p.m.m. a.m. p.m. a.m. p.m. a.m. a....,11:35 p.m.m. a.m. p.m. a.m. p.m. a.m. a....,11:04 p.m.m. a.m. p.m. a.m. p.m. a.m. a....
1938,quicktrip,AA-4277-CVG-JFK,12:10 p.m.m. a.m. p.m. a.m. p.m. a.m. p....,12:11 p.m.m. a.m. p.m. a.m. p.m. a.m. p....,2:15 p.m.m. a.m. p.m. a.m. p.m. a.m. p....,1:43 p.m.m. a.m. p.m. a.m. p.m. a.m. p....
1939,quicktrip,AA-789-ORD-DEN,1:05 p.m.m. a.m. p.m. a.m. p.m. a.m. p....,1:19 p.m.m. a.m. p.m. a.m. p.m. a.m. p....,2:35 p.m.m. a.m. p.m. a.m. p.m. a.m. p....,3:13 p.m.m. a.m. p.m. a.m. p.m. a.m. p....
1940,quicktrip,UA-854-SFO-IAH,7:53 p.m.m. a.m. p.m. a.m. p.m. a.m. a....,8:07 p.m.m. a.m. p.m. a.m. p.m. a.m. a....,1:39 p.m.m. a.m. p.m. a.m. p.m. a.m. p....,1:30 p.m.m. a.m. p.m. a.m. p.m. a.m. p....
1941,quicktrip,AA-415-BOS-ORD,8:35 p.m.m. a.m. p.m. a.m. p.m. a.m. a....,8:56 p.m.m. a.m. p.m. a.m. p.m. a.m. a....,10:40 p.m.m. a.m. p.m. a.m. p.m. a.m. a....,10:16 p.m.m. a.m. p.m. a.m. p.m. a.m. a....
1942,quicktrip,AA-85-JFK-SFO,3:05 p.m.m. a.m. p.m. a.m. p.m. a.m. p....,3:38 p.m.m. a.m. p.m. a.m. p.m. a.m. p....,6:30 p.m.m. a.m. p.m. a.m. p.m. a.m. p....,6:43 p.m.m. a.m. p.m. a.m. p.m. a.m. p....
1943,quicktrip,AA-3786-IAH-ORD,4:00 p.m.m. a.m. p.m. a.m. p.m. a.m. p....,4:12 p.m.m. a.m. p.m. a.m. p.m. a.m. p....,6:40 p.m.m. a.m. p.m. a.m. p.m. a.m. p....,6:15 p.m.m. a.m. p.m. a.m. p.m. a.m. p....
1944,quicktrip,AA-222-LAX-BOS,7:10 p.m.m. a.m. p.m. a.m. p.m. a.m. a....,7:32 p.m.m. a.m. p.m. a.m. p.m. a.m. a....,3:30 p.m.m. a.m. p.m. a.m. p.m. a.m. p....,3:14 p.m.m. a.m. p.m. a.m. p.m. a.m. p....
1945,quicktrip,CO-50-CLE-EWR,2:55 p.m.m. a.m. p.m. a.m. p.m. a.m. p....,3:31 p.m.m. a.m. p.m. a.m. p.m. a.m. p....,4:49 p.m.m. a.m. p.m. a.m. p.m. a.m. p....,5:26 p.m.m. a.m. p.m. a.m. p.m. a.m. p....
1946,quicktrip,UA-3099-PHX-PHL,11:55 p.m.m. a.m. p.m. a.m. p.m. a.m. a....,11:55 p.m.m. a.m. p.m. a.m. p.m. a.m. a....,6:17 p.m.m. a.m. p.m. a.m. p.m. a.m. p....,5:38 p.m.m. a.m. p.m. a.m. p.m. a.m. p....
1947,quicktrip,AA-4198-ORD-CLE,10:40 p.m.m. a.m. p.m. a.m. p.m. a.m. a....,10:55 p.m.m. a.m. p.m. a.m. p.m. a.m. a....,12:55 p.m.m. a.m. p.m. a.m. p.m. a.m. p....,12:50 p.m.m. a.m. p.m. a.m. p.m. a.m. p....
1948,quicktrip,CO-45-EWR-MIA,4:00 p.m.m. a.m. p.m. a.m. p.m. a.m. p....,3:58 p.m.m. a.m. p.m. a.m. p.m. a.m. p....,7:05 p.m.m. a.m. p.m. a.m. p.m. a.m. p....,6:36 p.m.m. a.m. p.m. a.m. p.m. a.m. p....
1949,quicktrip,AA-3809-PHX-LAX,6:00 p.m.m. a.m. p.m. a.m. p.m. a.m. a....,6:10 p.m.m. a.m. p.m. a.m. p.m. a.m. a....,6:40 p.m.m. a.m. p.m. a.m. p.m. a.m. a....,6:19 p.m.m. a.m. p.m. a.m. p.m. a.m. a....
1950,quicktrip,AA-59-JFK-SFO,7:10 p.m.m. a.m. p.m. a.m. p.m. a.m. a....,7:40 p.m.m. a.m. p.m. a.m. p.m. a.m. a....,10:45 p.m.m. a.m. p.m. a.m. p.m. a.m. a....,11:12 p.m.m. a.m. p.m. a.m. p.m. a.m. a....
1951,allegiantair,AA-3859-IAH-ORD,7:10 p.m.m. a.m. p.m. a.m. p.m. a.m. a....,7:16 p.m.m. a.m. p.m. a.m. p.m. a.m. a....,9:40 p.m.m. a.m. p.m. a.m. p.m. a.m. a....,9:22 p.m.m. a.m. p.m. a.m. p.m. a.m. a....
1952,allegiantair,CO-1586-IAH-MCO,7:00 p.m.m. a.m. p.m. a.m. p.m. a.m. p....,7:42 p.m.m. a.m. p.m. a.m. p.m. a.m. p....,10:15 p.m.m. a.m. p.m. a.m. p.m. a.m. p....,10:29 p.m.m. a.m. p.m. a.m. p.m. a.m. p....
1953,allegiantair,AA-518-MIA-JFK,6:40 p.m.m. a.m. p.m. a.m. p.m. a.m. a....,6:54 p.m.m. a.m. p.m. a.m. p.m. a.m. a....,9:25 p.m.m. a.m. p.m. a.m. p.m. a.m. a....,9:28 p.m.m. a.m. p.m. a.m. p.m. a.m. a....
1954,allegiantair,UA-397-JFK-SFO,8:00 p.m.m. a.m. p.m. a.m. p.m. a.m. a....,8:29 p.m.m. a.m. p.m. a.m. p.m. a.m. a....,11:55 p.m.m. a.m. p.m. a.m. p.m. a.m. a....,11:58 p.m.m. a.m. p.m. a.m. p.m. a.m. a....
1955,allegiantair,UA-3925-IAD-ORF,8:41 p.m.m. a.m. p.m. a.m. p.m. a.m. a....,8:42 p.m.m. a.m. p.m. a.m. p.m. a.m. a....,9:54 p.m.m. a.m. p.m. a.m. p.m. a.m. a....,9:43 p.m.m. a.m. p.m. a.m. p.m. a.m. a....
1956,allegiantair,AA-1733-ORD-PHX,7:45 p.m.m. a.m. p.m. a.m. p.m. a.m. p....,7:59 p.m.m. a.m. p.m. a.m. p.m. a.m. p....,10:30 p.m.m. a.m. p.m. a.m. p.m. a.m. p....,10:30 p.m.m. a.m. p.m. a.m. p.m. a.m. p....
1957,allegiantair,AA-3-JFK-LAX,12:00 p.m.m. a.m. p.m. a.m. p.m. a.m. p....,12:12 p.m.m. a.m. p.m. a.m. p.m. a.m. p....,3:15 p.m.m. a.m. p.m. a.m. p.m. a.m. p....,3:16 p.m.m. a.m. p.m. a.m. p.m. a.m. p....
1958,allegiantair,UA-2830-MCO-CLT,3:27 p.m.m. a.m. p.m. a.m. p.m. a.m. p....,3:50 p.m.m. a.m. p.m. a.m. p.m. a.m. p....,5:05 p.m.m. a.m. p.m. a.m. p.m. a.m. p....,5:17 p.m.m. a.m. p.m. a.m. p.m. a.m. p....
1959,allegiantair,CO-58-DEN-IAH,11:25 p.m.m. a.m. p.m. a.m. p.m. a.m. a....,11:32 p.m.m. a.m. p.m. a.m. p.m. a.m. a....,2:50 p.m.m. a.m. p.m. a.m. p.m. a.m. p....,3:31 p.m.m. a.m. p.m. a.m. p.m. a.m. p....
1960,allegiantair,UA-5487-SFO-MRY,10:39 p.m.m. a.m. p.m. a.m. p.m. a.m. a....,10:53 p.m.m. a.m. p.m. a.m. p.m. a.m. a....,11:19 p.m.m. a.m. p.m. a.m. p.m. a.m. a....,11:21 p.m.m. a.m. p.m. a.m. p.m. a.m. a....
1961,allegiantair,AA-204-LAX-MCO,11:25 p.m.m. a.m. p.m. a.m. p.m. a.m. p....,11:29 p.m.m. a.m. p.m. a.m. p.m. a.m. p....,6:55 p.m.m. a.m. p.m. a.m. p.m. a.m. a....,12211 6:35 p.m.m. a.m. p.m. a.m. p.m. a.m. a....
1962,allegiantair,UA-414-LAX-SFO,6:00 p.m.m. a.m. p.m. a.m. p.m. a.m. a....,6:10 p.m.m. a.m. p.m. a.m. p.m. a.m. a....,7:23 p.m.m. a.m. p.m. a.m. p.m. a.m. a....,7:17 p.m.m. a.m. p.m. a.m. p.m. a.m. a....
1963,allegiantair,CO-1614-LAX-IAH,12:30 p.m.m. a.m. p.m. a.m. p.m. a.m. a....,12:41 p.m.m. a.m. p.m. a.m. p.m. a.m. a....,5:35 p.m.m. a.m. p.m. a.m. p.m. a.m. a....,5:26 p.m.m. a.m. p.m. a.m. p.m. a.m. a....
1964,allegiantair,UA-2726-FLL-PHL,4:00 p.m.m. a.m. p.m. a.m. p.m. a.m. p....,4:10 p.m.m. a.m. p.m. a.m. p.m. a.m. p....,6:46 p.m.m. a.m. p.m. a.m. p.m. a.m. p....,6:25 p.m.m. a.m. p.m. a.m. p.m. a.m. p....
1965,allegiantair,CO-52-IAH-LAX,7:35 p.m.m. a.m. p.m. a.m. p.m. a.m. a....,7:56 p.m.m. a.m. p.m. a.m. p.m. a.m. a....,9:21 p.m.m. a.m. p.m. a.m. p.m. a.m. a....,9:09 p.m.m. a.m. p.m. a.m. p.m. a.m. a....
1966,allegiantair,CO-1090-BOS-IAH,9:45 p.m.m. a.m. p.m. a.m. p.m. a.m. a....,10:19 p.m.m. a.m. p.m. a.m. p.m. a.m. a....,1:16 p.m.m. a.m. p.m. a.m. p.m. a.m. p....,1:19 p.m.m. a.m. p.m. a.m. p.m. a.m. p....
1967,allegiantair,AA-616-DFW-DTW,9:05 p.m.m. a.m. p.m. a.m. p.m. a.m. a....,10:11 p.m.m. a.m. p.m. a.m. p.m. a.m. a....,12:35 p.m.m. a.m. p.m. a.m. p.m. a.m. p....,1:27 p.m.m. a.m. p.m. a.m. p.m. a.m. p....
1968,allegiantair,UA-3515-IAD-MSP,8:15 p.m.m. a.m. p.m. a.m. p.m. a.m. a....,8:26 p.m.m. a.m. p.m. a.m. p.m. a.m. a....,10:06 p.m.m. a.m. p.m. a.m. p.m. a.m. a....,9:56 p.m.m. a.m. p.m. a.m. p.m. a.m. a....
1969,allegiantair,AA-3468-CVG-MIA,7:00 p.m.m. a.m. p.m. a.m. p.m. a.m. a....,7:25 p.m.m. a.m. p.m. a.m. p.m. a.m. a....,9:55 p.m.m. a.m. p.m. a.m. p.m. a.m. a....,9:45 p.m.m. a.m. p.m. a.m. p.m. a.m. a....
1970,allegiantair,AA-484-DFW-MIA,4:15 p.m.m. a.m. p.m. a.m. p.m. a.m. p....,4:29 p.m.m. a.m. p.m. a.m. p.m. a.m. p....,7:55 p.m.m. a.m. p.m. a.m. p.m. a.m. p....,7:39 p.m.m. a.m. p.m. a.m. p.m. a.m. p....
1971,allegiantair,AA-1886-BOS-MIA,10:45 p.m.m. a.m. p.m. a.m. p.m. a.m. a....,10:55 p.m.m. a.m. p.m. a.m. p.m. a.m. a....,2:20 p.m.m. a.m. p.m. a.m. p.m. a.m. p....,1:40 p.m.m. a.m. p.m. a.m. p.m. a.m. p....
1972,allegiantair,CO-62-IAH-EWR,2:30 p.m.m. a.m. p.m. a.m. p.m. a.m. p....,2:48 p.m.m. a.m. p.m. a.m. p.m. a.m. p....,7:03 p.m.m. a.m. p.m. a.m. p.m. a.m. p....,7:10 p.m.m. a.m. p.m. a.m. p.m. a.m. p....
1973,allegiantair,CO-1561-PHX-IAH,8:05 p.m.m. a.m. p.m. a.m. p.m. a.m. a....,8:00 p.m.m. a.m. p.m. a.m. p.m. a.m. a....,11:35 p.m.m. a.m. p.m. a.m. p.m. a.m. a....,11:32 p.m.m. a.m. p.m. a.m. p.m. a.m. a....
1974,allegiantair,UA-2314-ATL-PHL,2:55 p.m.m. a.m. p.m. a.m. p.m. a.m. p....,3:04 p.m.m. a.m. p.m. a.m. p.m. a.m. p....,5:00 p.m.m. a.m. p.m. a.m. p.m. a.m. p....,4:47 p.m.m. a.m. p.m. a.m. p.m. a.m. p....
1975,allegiantair,AA-446-DFW-PHL,11:50 p.m.m. a.m. p.m. a.m. p.m. a.m. a....,12:13 p.m.m. a.m. p.m. a.m. p.m. a.m. p....,3:50 p.m.m. a.m. p.m. a.m. p.m. a.m. p....,4:09 p.m.m. a.m. p.m. a.m. p.m. a.m. p....
1976,allegiantair,CO-1023-IAH-DEN,11:40 p.m.m. a.m. p.m. a.m. p.m. a.m. a....,12:06 p.m.m. a.m. p.m. a.m. p.m. a.m. p....,1:17 p.m.m. a.m. p.m. a.m. p.m. a.m. p....,1:14 p.m.m. a.m. p.m. a.m. p.m. a.m. p....
1977,allegiantair,AA-466-IAH-MIA,6:00 p.m.m. a.m. p.m. a.m. p.m. a.m. a....,6:09 p.m.m. a.m. p.m. a.m. p.m. a.m. a....,9:20 p.m.m. a.m. p.m. a.m. p.m. a.m. a....,9:05 p.m.m. a.m. p.m. a.m. p.m. a.m. a....
1978,allegiantair,UA-3050-PHX-CLT,11:05 p.m.m. a.m. p.m. a.m. p.m. a.m. a....,11:45 p.m.m. a.m. p.m. a.m. p.m. a.m. a....,4:57 p.m.m. a.m. p.m. a.m. p.m. a.m. p....,5:05 p.m.m. a.m. p.m. a.m. p.m. a.m. p....
1979,allegiantair,CO-89-IAH-EWR,6:00 p.m.m. a.m. p.m. a.m. p.m. a.m. a....,6:02 p.m.m. a.m. p.m. a.m. p.m. a.m. a....,10:20 p.m.m. a.m. p.m. a.m. p.m. a.m. a....,10:27 p.m.m. a.m. p.m. a.m. p.m. a.m. a....
1980,allegiantair,CO-1088-CLE-IAH,8:40 p.m.m. a.m. p.m. a.m. p.m. a.m. a....,8:40 p.m.m. a.m. p.m. a.m. p.m. a.m. a....,10:54 p.m.m. a.m. p.m. a.m. p.m. a.m. a....,10:56 p.m.m. a.m. p.m. a.m. p.m. a.m. a....
1981,allegiantair,AA-1664-MIA-ATL,10:15 p.m.m. a.m. p.m. a.m. p.m. a.m. a....,10:19 p.m.m. a.m. p.m. a.m. p.m. a.m. a....,12:10 p.m.m. a.m. p.m. a.m. p.m. a.m. p....,11:50 p.m.m. a.m. p.m. a.m. p.m. a.m. a....
1982,allegiantair,AA-1279-DFW-PHX,1:00 p.m.m. a.m. p.m. a.m. p.m. a.m. p....,2:04 p.m.m. a.m. p.m. a.m. p.m. a.m. p....,2:35 p.m.m. a.m. p.m. a.m. p.m. a.m. p....,3:13 p.m.m. a.m. p.m. a.m. p.m. a.m. p....
1983,allegiantair,UA-854-SFO-IAH,7:53 p.m.m. a.m. p.m. a.m. p.m. a.m. a....,8:07 p.m.m. a.m. p.m. a.m. p.m. a.m. a....,1:39 p.m.m. a.m. p.m. a.m. p.m. a.m. p....,1:30 p.m.m. a.m. p.m. a.m. p.m. a.m. p....
1984,allegiantair,UA-382-IAD-LAX,12:30 p.m.m. a.m. p.m. a.m. p.m. a.m. p....,12:56 p.m.m. a.m. p.m. a.m. p.m. a.m. p....,3:19 p.m.m. a.m. p.m. a.m. p.m. a.m. p....,3:21 p.m.m. a.m. p.m. a.m. p.m. a.m. p....
1985,allegiantair,AA-4344-ORD-DTW,11:45 p.m.m. a.m. p.m. a.m. p.m. a.m. a....,12:14 p.m.m. a.m. p.m. a.m. p.m. a.m. p....,2:00 p.m.m. a.m. p.m. a.m. p.m. a.m. p....,2:10 p.m.m. a.m. p.m. a.m. p.m. a.m. p....
1986,allegiantair,UA-257-JFK-SFO,2:30 p.m.m. a.m. p.m. a.m. p.m. a.m. p....,2:43 p.m.m. a.m. p.m. a.m. p.m. a.m. p....,6:15 p.m.m. a.m. p.m. a.m. p.m. a.m. p....,5:42 p.m.m. a.m. p.m. a.m. p.m. a.m. p....
1987,allegiantair,UA-2945-PHL-CLT,12:00 p.m.m. a.m. p.m. a.m. p.m. a.m. p....,12:08 p.m.m. a.m. p.m. a.m. p.m. a.m. p....,1:45 p.m.m. a.m. p.m. a.m. p.m. a.m. p....,1:15 p.m.m. a.m. p.m. a.m. p.m. a.m. p....
1988,allegiantair,CO-63-EWR-IAH,5:25 p.m.m. a.m. p.m. a.m. p.m. a.m. p....,5:38 p.m.m. a.m. p.m. a.m. p.m. a.m. p....,8:22 p.m.m. a.m. p.m. a.m. p.m. a.m. p....,8:03 p.m.m. a.m. p.m. a.m. p.m. a.m. p....
1989,allegiantair,CO-47-IAH-LAX,7:10 p.m.m. a.m. p.m. a.m. p.m. a.m. p....,8:25 p.m.m. a.m. p.m. a.m. p.m. a.m. p....,8:56 p.m.m. a.m. p.m. a.m. p.m. a.m. p....,9:38 p.m.m. a.m. p.m. a.m. p.m. a.m. p....
1990,allegiantair,AA-2050-ORD-MIA,10:40 p.m.m. a.m. p.m. a.m. p.m. a.m. a....,11:06 p.m.m. a.m. p.m. a.m. p.m. a.m. a....,2:45 p.m.m. a.m. p.m. a.m. p.m. a.m. p....,2:46 p.m.m. a.m. p.m. a.m. p.m. a.m. p....
1991,allegiantair,UA-248-PHX-ORD,12:57 p.m.m. a.m. p.m. a.m. p.m. a.m. p....,1:43 p.m.m. a.m. p.m. a.m. p.m. a.m. p....,5:15 p.m.m. a.m. p.m. a.m. p.m. a.m. p....,5:34 p.m.m. a.m. p.m. a.m. p.m. a.m. p....
1992,allegiantair,AA-4330-CVG-ORD,3:35 p.m.m. a.m. p.m. a.m. p.m. a.m. p....,3:36 p.m.m. a.m. p.m. a.m. p.m. a.m. p....,4:00 p.m.m. a.m. p.m. a.m. p.m. a.m. p....,3:33 p.m.m. a.m. p.m. a.m. p.m. a.m. p....
1993,allegiantair,AA-1434-DFW-MCO,7:15 p.m.m. a.m. p.m. a.m. p.m. a.m. a....,7:22 p.m.m. a.m. p.m. a.m. p.m. a.m. a....,10:35 p.m.m. a.m. p.m. a.m. p.m. a.m. a....,10:29 p.m.m. a.m. p.m. a.m. p.m. a.m. a....
1994,allegiantair,AA-1640-MIA-MCO,6:30 p.m.m. a.m. p.m. a.m. p.m. a.m. p....,6:47 p.m.m. a.m. p.m. a.m. p.m. a.m. p....,7:25 p.m.m. a.m. p.m. a.m. p.m. a.m. p....,7:25 p.m.m. a.m. p.m. a.m. p.m. a.m. p....
1995,allegiantair,AA-4307-ORD-DTW,6:45 p.m.m. a.m. p.m. a.m. p.m. a.m. p....,6:56 p.m.m. a.m. p.m. a.m. p.m. a.m. p....,9:10 p.m.m. a.m. p.m. a.m. p.m. a.m. p....,8:53 p.m.m. a.m. p.m. a.m. p.m. a.m. p....
1996,allegiantair,CO-1694-LAX-IAH,7:15 p.m.m. a.m. p.m. a.m. p.m. a.m. p....,7:15 p.m.m. a.m. p.m. a.m. p.m. a.m. p....,12:21 p.m.m. a.m. p.m. a.m. p.m. a.m. a....,12:21 p.m.m. a.m. p.m. a.m. p.m. a.m. a....
1997,allegiantair,UA-843-LAX-ORD,1:55 p.m.m. a.m. p.m. a.m. p.m. a.m. p....,2:38 p.m.m. a.m. p.m. a.m. p.m. a.m. p....,7:53 p.m.m. a.m. p.m. a.m. p.m. a.m. p....,7:58 p.m.m. a.m. p.m. a.m. p.m. a.m. p....
1998,allegiantair,CO-1193-EWR-MCO,9:15 p.m.m. a.m. p.m. a.m. p.m. a.m. a....,9:14 p.m.m. a.m. p.m. a.m. p.m. a.m. a....,12:18 p.m.m. a.m. p.m. a.m. p.m. a.m. p....,12:09 p.m.m. a.m. p.m. a.m. p.m. a.m. p....
1999,allegiantair,AA-3842-MSP-ORD,6:00 p.m.m. a.m. p.m. a.m. p.m. a.m. a....,6:56 p.m.m. a.m. p.m. a.m. p.m. a.m. a....,7:30 p.m.m. a.m. p.m. a.m. p.m. a.m. a....,7:51 p.m.m. a.m. p.m. a.m. p.m. a.m. a....
2000,allegiantair,AA-643-MIA-ORD,7:10 p.m.m. a.m. p.m. a.m. p.m. a.m. a....,7:31 p.m.m. a.m. p.m. a.m. p.m. a.m. a....,9:35 p.m.m. a.m. p.m. a.m. p.m. a.m. a....,9:26 p.m.m. a.m. p.m. a.m. p.m. a.m. a....
2001,allegiantair,AA-1007-MIA-PHX,4:55 p.m.m. a.m. p.m. a.m. p.m. a.m. p....,5:09 p.m.m. a.m. p.m. a.m. p.m. a.m. p....,8:05 p.m.m. a.m. p.m. a.m. p.m. a.m. p....,7:55 p.m.m. a.m. p.m. a.m. p.m. a.m. p....
2002,allegiantair,UA-2906-PHL-MCO,3:50 p.m.m. a.m. p.m. a.m. p.m. a.m. p....,4:28 p.m.m. a.m. p.m. a.m. p.m. a.m. p....,6:23 p.m.m. a.m. p.m. a.m. p.m. a.m. p....,6:38 p.m.m. a.m. p.m. a.m. p.m. a.m. p....
2003,allegiantair,UA-938-DEN-ORD,4:16 p.m.m. a.m. p.m. a.m. p.m. a.m. p....,4:37 p.m.m. a.m. p.m. a.m. p.m. a.m. p....,7:35 p.m.m. a.m. p.m. a.m. p.m. a.m. p....,7:36 p.m.m. a.m. p.m. a.m. p.m. a.m. p....
2004,allegiantair,AA-1221-MCO-ORD,8:00 p.m.m. a.m. p.m. a.m. p.m. a.m. p....,8:23 p.m.m. a.m. p.m. a.m. p.m. a.m. p....,9:45 p.m.m. a.m. p.m. a.m. p.m. a.m. p....,9:53 p.m.m. a.m. p.m. a.m. p.m. a.m. p....
2005,allegiantair,CO-16-LAX-EWR,10:25 p.m.m. a.m. p.m. a.m. p.m. a.m. a....,10:20 p.m.m. a.m. p.m. a.m. p.m. a.m. a....,6:44 p.m.m. a.m. p.m. a.m. p.m. a.m. p....,6:34 p.m.m. a.m. p.m. a.m. p.m. a.m. p....
2006,allegiantair,UA-2515-DFW-CLT,7:05 p.m.m. a.m. p.m. a.m. p.m. a.m. a....,7:31 p.m.m. a.m. p.m. a.m. p.m. a.m. a....,10:31 p.m.m. a.m. p.m. a.m. p.m. a.m. a....,10:45 p.m.m. a.m. p.m. a.m. p.m. a.m. a....
2007,allegiantair,AA-400-DFW-JFK,10:40 p.m.m. a.m. p.m. a.m. p.m. a.m. a....,11:02 p.m.m. a.m. p.m. a.m. p.m. a.m. a....,2:59 p.m.m. a.m. p.m. a.m. p.m. a.m. p....,3:04 p.m.m. a.m. p.m. a.m. p.m. a.m. p....
2008,allegiantair,UA-664-ORD-PHL,1:33 p.m.m. a.m. p.m. a.m. p.m. a.m. p....,1:48 p.m.m. a.m. p.m. a.m. p.m. a.m. p....,4:31 p.m.m. a.m. p.m. a.m. p.m. a.m. p....,4:23 p.m.m. a.m. p.m. a.m. p.m. a.m. p....
2009,allegiantair,AA-3756-ORD-SLC,12:15 p.m.m. a.m. p.m. a.m. p.m. a.m. p....,12:42 p.m.m. a.m. p.m. a.m. p.m. a.m. p....,2:45 p.m.m. a.m. p.m. a.m. p.m. a.m. p....,2:50 p.m.m. a.m. p.m. a.m. p.m. a.m. p....
2010,allegiantair,UA-37-EWR-MCO,1:29 p.m.m. a.m. p.m. a.m. p.m. a.m. p....,2:01 p.m.m. a.m. p.m. a.m. p.m. a.m. p....,4:17 p.m.m. a.m. p.m. a.m. p.m. a.m. p....,4:17 p.m.m. a.m. p.m. a.m. p.m. a.m. p....
2011,allegiantair,AA-1522-SFO-ORD,11:55 p.m.m. a.m. p.m. a.m. p.m. a.m. p....,12:11 p.m.m. a.m. p.m. a.m. p.m. a.m. a....,5:50 p.m.m. a.m. p.m. a.m. p.m. a.m. a....,5:42 p.m.m. a.m. p.m. a.m. p.m. a.m. a....
2012,allegiantair,UA-233-LAX-JFK,4:25 p.m.m. a.m. p.m. a.m. p.m. a.m. p....,4:28 p.m.m. a.m. p.m. a.m. p.m. a.m. p....,12:29 p.m.m. a.m. p.m. a.m. p.m. a.m. a....,12:01 p.m.m. a.m. p.m. a.m. p.m. a.m. a....
2013,allegiantair,AA-3823-LAX-DEN,9:00 p.m.m. a.m. p.m. a.m. p.m. a.m. p....,9:06 p.m.m. a.m. p.m. a.m. p.m. a.m. p....,12:15 p.m.m. a.m. p.m. a.m. p.m. a.m. a....,11:49 p.m.m. a.m. p.m. a.m. p.m. a.m. p....
2014,allegiantair,AA-2312-DFW-DTW,8:25 p.m.m. a.m. p.m. a.m. p.m. a.m. p....,8:29 p.m.m. a.m. p.m. a.m. p.m. a.m. p....,11:50 p.m.m. a.m. p.m. a.m. p.m. a.m. p....,11:35 p.m.m. a.m. p.m. a.m. p.m. a.m. p....
2015,allegiantair,AA-1165-JFK-MIA,6:59 p.m.m. a.m. p.m. a.m. p.m. a.m. a....,7:23 p.m.m. a.m. p.m. a.m. p.m. a.m. a....,10:34 p.m.m. a.m. p.m. a.m. p.m. a.m. a....,10:04 p.m.m. a.m. p.m. a.m. p.m. a.m. a....
2016,allegiantair,AA-431-MIA-SFO,8:35 p.m.m. a.m. p.m. a.m. p.m. a.m. a....,8:52 p.m.m. a.m. p.m. a.m. p.m. a.m. a....,11:50 p.m.m. a.m. p.m. a.m. p.m. a.m. a....,11:44 p.m.m. a.m. p.m. a.m. p.m. a.m. a....
2017,allegiantair,UA-3373-IAD-PHL,8:29 p.m.m. a.m. p.m. a.m. p.m. a.m. a....,8:37 p.m.m. a.m. p.m. a.m. p.m. a.m. a....,9:24 p.m.m. a.m. p.m. a.m. p.m. a.m. a....,9:13 p.m.m. a.m. p.m. a.m. p.m. a.m. a....
2018,allegiantair,AA-649-ORD-SNA,1:30 p.m.m. a.m. p.m. a.m. p.m. a.m. p....,1:41 p.m.m. a.m. p.m. a.m. p.m. a.m. p....,3:50 p.m.m. a.m. p.m. a.m. p.m. a.m. p....,3:29 p.m.m. a.m. p.m. a.m. p.m. a.m. p....
2019,allegiantair,CO-1250-MIA-IAH,2:53 p.m.m. a.m. p.m. a.m. p.m. a.m. p....,3:01 p.m.m. a.m. p.m. a.m. p.m. a.m. p....,4:48 p.m.m. a.m. p.m. a.m. p.m. a.m. p....,4:59 p.m.m. a.m. p.m. a.m. p.m. a.m. p....
2020,allegiantair,UA-6273-YYC-SFO,7:35 p.m.m. a.m. p.m. a.m. p.m. a.m. a....,7:41 p.m.m. a.m. p.m. a.m. p.m. a.m. a....,9:43 p.m.m. a.m. p.m. a.m. p.m. a.m. a....,8:45 p.m.m. a.m. p.m. a.m. p.m. a.m. a....
2021,allegiantair,UA-828-SFO-ORD,11:08 p.m.m. a.m. p.m. a.m. p.m. a.m. p....,11:35 p.m.m. a.m. p.m. a.m. p.m. a.m. p....,5:11 p.m.m. a.m. p.m. a.m. p.m. a.m. a....,5:21 p.m.m. a.m. p.m. a.m. p.m. a.m. a....
2022,allegiantair,CO-4888-IAH-DAL,5:30 p.m.m. a.m. p.m. a.m. p.m. a.m. p....,5:38 p.m.m. a.m. p.m. a.m. p.m. a.m. p....,6:40 p.m.m. a.m. p.m. a.m. p.m. a.m. p....,6:19 p.m.m. a.m. p.m. a.m. p.m. a.m. p....
2023,allegiantair,UA-858-PVG-SFO,1:45 p.m.m. a.m. p.m. a.m. p.m. a.m. p....,1:32 p.m.m. a.m. p.m. a.m. p.m. a.m. p....,8:27 p.m.m. a.m. p.m. a.m. p.m. a.m. a....,8:02 p.m.m. a.m. p.m. a.m. p.m. a.m. a....
2024,allegiantair,UA-2704-DTW-PHX,11:15 p.m.m. a.m. p.m. a.m. p.m. a.m. a....,11:47 p.m.m. a.m. p.m. a.m. p.m. a.m. a....,1:40 p.m.m. a.m. p.m. a.m. p.m. a.m. p....,2:02 p.m.m. a.m. p.m. a.m. p.m. a.m. p....
2025,allegiantair,AA-3063-SLC-LAX,8:20 p.m.m. a.m. p.m. a.m. p.m. a.m. p....,8:40 p.m.m. a.m. p.m. a.m. p.m. a.m. p....,9:20 p.m.m. a.m. p.m. a.m. p.m. a.m. p....,9:11 p.m.m. a.m. p.m. a.m. p.m. a.m. p....
2026,allegiantair,UA-2708-EWR-CLT,2:55 p.m.m. a.m. p.m. a.m. p.m. a.m. p....,3:04 p.m.m. a.m. p.m. a.m. p.m. a.m. p....,4:53 p.m.m. a.m. p.m. a.m. p.m. a.m. p....,4:24 p.m.m. a.m. p.m. a.m. p.m. a.m. p....
2027,allegiantair,UA-62-IAH-EWR,2:30 p.m.m. a.m. p.m. a.m. p.m. a.m. p....,2:48 p.m.m. a.m. p.m. a.m. p.m. a.m. p....,7:03 p.m.m. a.m. p.m. a.m. p.m. a.m. p....,7:10 p.m.m. a.m. p.m. a.m. p.m. a.m. p....
2028,allegiantair,UA-1500-IAH-GUA,8:55 p.m.m. a.m. p.m. a.m. p.m. a.m. a....,9:43 p.m.m. a.m. p.m. a.m. p.m. a.m. a....,11:45 p.m.m. a.m. p.m. a.m. p.m. a.m. a....,12:12 p.m.m. a.m. p.m. a.m. p.m. a.m. p....
2029,allegiantair,AA-3804-PHL-ORD,2:35 p.m.m. a.m. p.m. a.m. p.m. a.m. p....,2:44 p.m.m. a.m. p.m. a.m. p.m. a.m. p....,4:05 p.m.m. a.m. p.m. a.m. p.m. a.m. p....,3:36 p.m.m. a.m. p.m. a.m. p.m. a.m. p....
2030,allegiantair,AA-1917-JFK-MCO,2:55 p.m.m. a.m. p.m. a.m. p.m. a.m. p....,3:27 p.m.m. a.m. p.m. a.m. p.m. a.m. p....,5:55 p.m.m. a.m. p.m. a.m. p.m. a.m. p....,5:43 p.m.m. a.m. p.m. a.m. p.m. a.m. p....
2031,allegiantair,AA-2268-PHX-ORD,7:15 p.m.m. a.m. p.m. a.m. p.m. a.m. a....,7:23 p.m.m. a.m. p.m. a.m. p.m. a.m. a....,11:35 p.m.m. a.m. p.m. a.m. p.m. a.m. a....,11:04 p.m.m. a.m. p.m. a.m. p.m. a.m. a....
2032,allegiantair,AA-4277-CVG-JFK,12:10 p.m.m. a.m. p.m. a.m. p.m. a.m. p....,12:11 p.m.m. a.m. p.m. a.m. p.m. a.m. p....,2:15 p.m.m. a.m. p.m. a.m. p.m. a.m. p....,1:43 p.m.m. a.m. p.m. a.m. p.m. a.m. p....
2033,allegiantair,AA-2957-DFW-CVG,7:55 p.m.m. a.m. p.m. a.m. p.m. a.m. a....,8:04 p.m.m. a.m. p.m. a.m. p.m. a.m. a....,11:05 p.m.m. a.m. p.m. a.m. p.m. a.m. a....,11:01 p.m.m. a.m. p.m. a.m. p.m. a.m. a....
2034,allegiantair,UA-37-EDI-EWR,9:05 p.m.m. a.m. p.m. a.m. p.m. a.m. a....,9:05 p.m.m. a.m. p.m. a.m. p.m. a.m. a....,11:53 p.m.m. a.m. p.m. a.m. p.m. a.m. a....,12:09 p.m.m. a.m. p.m. a.m. p.m. a.m. p....
2035,allegiantair,AA-789-ORD-DEN,1:05 p.m.m. a.m. p.m. a.m. p.m. a.m. p....,1:19 p.m.m. a.m. p.m. a.m. p.m. a.m. p....,2:35 p.m.m. a.m. p.m. a.m. p.m. a.m. p....,3:13 p.m.m. a.m. p.m. a.m. p.m. a.m. p....
2036,allegiantair,AA-415-BOS-ORD,8:35 p.m.m. a.m. p.m. a.m. p.m. a.m. a....,8:56 p.m.m. a.m. p.m. a.m. p.m. a.m. a....,10:40 p.m.m. a.m. p.m. a.m. p.m. a.m. a....,10:16 p.m.m. a.m. p.m. a.m. p.m. a.m. a....
2037,allegiantair,AA-85-JFK-SFO,3:05 p.m.m. a.m. p.m. a.m. p.m. a.m. p....,3:38 p.m.m. a.m. p.m. a.m. p.m. a.m. p....,6:30 p.m.m. a.m. p.m. a.m. p.m. a.m. p....,6:43 p.m.m. a.m. p.m. a.m. p.m. a.m. p....
2038,allegiantair,AA-3979-CVG-ORD,7:30 p.m.m. a.m. p.m. a.m. p.m. a.m. a....,8:04 p.m.m. a.m. p.m. a.m. p.m. a.m. a....,8:00 p.m.m. a.m. p.m. a.m. p.m. a.m. a....,8:06 p.m.m. a.m. p.m. a.m. p.m. a.m. a....
2039,allegiantair,AA-1544-SAN-ORD,11:25 p.m.m. a.m. p.m. a.m. p.m. a.m. a....,11:41 p.m.m. a.m. p.m. a.m. p.m. a.m. a....,5:25 p.m.m. a.m. p.m. a.m. p.m. a.m. p....,4:56 p.m.m. a.m. p.m. a.m. p.m. a.m. p....
2040,allegiantair,AA-3786-IAH-ORD,4:00 p.m.m. a.m. p.m. a.m. p.m. a.m. p....,4:12 p.m.m. a.m. p.m. a.m. p.m. a.m. p....,6:40 p.m.m. a.m. p.m. a.m. p.m. a.m. p....,6:15 p.m.m. a.m. p.m. a.m. p.m. a.m. p....
2041,allegiantair,AA-271-MIA-LAX,11:35 p.m.m. a.m. p.m. a.m. p.m. a.m. a....,11:52 p.m.m. a.m. p.m. a.m. p.m. a.m. a....,2:25 p.m.m. a.m. p.m. a.m. p.m. a.m. p....,2:27 p.m.m. a.m. p.m. a.m. p.m. a.m. p....
2042,allegiantair,AA-2525-DFW-MIA,7:25 p.m.m. a.m. p.m. a.m. p.m. a.m. a....,7:39 p.m.m. a.m. p.m. a.m. p.m. a.m. a....,11:10 p.m.m. a.m. p.m. a.m. p.m. a.m. a....,11:06 p.m.m. a.m. p.m. a.m. p.m. a.m. a....
2043,allegiantair,CO-50-CLE-EWR,2:55 p.m.m. a.m. p.m. a.m. p.m. a.m. p....,3:31 p.m.m. a.m. p.m. a.m. p.m. a.m. p....,4:49 p.m.m. a.m. p.m. a.m. p.m. a.m. p....,5:26 p.m.m. a.m. p.m. a.m. p.m. a.m. p....
2044,allegiantair,UA-3099-PHX-PHL,11:55 p.m.m. a.m. p.m. a.m. p.m. a.m. a....,11:55 p.m.m. a.m. p.m. a.m. p.m. a.m. a....,6:17 p.m.m. a.m. p.m. a.m. p.m. a.m. p....,5:38 p.m.m. a.m. p.m. a.m. p.m. a.m. p....
2045,allegiantair,AA-4198-ORD-CLE,10:40 p.m.m. a.m. p.m. a.m. p.m. a.m. a....,10:55 p.m.m. a.m. p.m. a.m. p.m. a.m. a....,12:55 p.m.m. a.m. p.m. a.m. p.m. a.m. p....,12:50 p.m.m. a.m. p.m. a.m. p.m. a.m. p....
2046,allegiantair,AA-404-MIA-MCO,6:45 p.m.m. a.m. p.m. a.m. p.m. a.m. a....,6:58 p.m.m. a.m. p.m. a.m. p.m. a.m. a....,7:45 p.m.m. a.m. p.m. a.m. p.m. a.m. a....,7:40 p.m.m. a.m. p.m. a.m. p.m. a.m. a....
2047,allegiantair,CO-45-EWR-MIA,4:00 p.m.m. a.m. p.m. a.m. p.m. a.m. p....,3:58 p.m.m. a.m. p.m. a.m. p.m. a.m. p....,7:05 p.m.m. a.m. p.m. a.m. p.m. a.m. p....,6:36 p.m.m. a.m. p.m. a.m. p.m. a.m. p....
2048,allegiantair,AA-3809-PHX-LAX,6:00 p.m.m. a.m. p.m. a.m. p.m. a.m. a....,6:10 p.m.m. a.m. p.m. a.m. p.m. a.m. a....,6:40 p.m.m. a.m. p.m. a.m. p.m. a.m. a....,6:19 p.m.m. a.m. p.m. a.m. p.m. a.m. a....
2049,allegiantair,AA-59-JFK-SFO,7:10 p.m.m. a.m. p.m. a.m. p.m. a.m. a....,7:40 p.m.m. a.m. p.m. a.m. p.m. a.m. a....,10:45 p.m.m. a.m. p.m. a.m. p.m. a.m. a....,11:12 p.m.m. a.m. p.m. a.m. p.m. a.m. a....
2050,allegiantair,AA-222-LAX-BOS,7:10 p.m.m. a.m. p.m. a.m. p.m. a.m. a....,7:32 p.m.m. a.m. p.m. a.m. p.m. a.m. a....,3:30 p.m.m. a.m. p.m. a.m. p.m. a.m. p....,3:14 p.m.m. a.m. p.m. a.m. p.m. a.m. p....
2051,businesstravellogue,AA-3859-IAH-ORD,7:10 p.m.m. a.m. p.m. a.m. p.m. a.m. a....,7:16 p.m.m. a.m. p.m. a.m. p.m. a.m. a....,9:40 p.m.m. a.m. p.m. a.m. p.m. a.m. a....,9:22 p.m.m. a.m. p.m. a.m. p.m. a.m. a....
2052,businesstravellogue,CO-1586-IAH-MCO,7:00 p.m.m. a.m. p.m. a.m. p.m. a.m. p....,7:42 p.m.m. a.m. p.m. a.m. p.m. a.m. p....,10:15 p.m.m. a.m. p.m. a.m. p.m. a.m. p....,10:29 p.m.m. a.m. p.m. a.m. p.m. a.m. p....
2053,businesstravellogue,AA-518-MIA-JFK,6:40 p.m.m. a.m. p.m. a.m. p.m. a.m. a....,6:54 p.m.m. a.m. p.m. a.m. p.m. a.m. a....,9:25 p.m.m. a.m. p.m. a.m. p.m. a.m. a....,9:28 p.m.m. a.m. p.m. a.m. p.m. a.m. a....
2054,businesstravellogue,UA-397-JFK-SFO,8:00 p.m.m. a.m. p.m. a.m. p.m. a.m. a....,8:29 p.m.m. a.m. p.m. a.m. p.m. a.m. a....,11:55 p.m.m. a.m. p.m. a.m. p.m. a.m. a....,11:58 p.m.m. a.m. p.m. a.m. p.m. a.m. a....
2055,businesstravellogue,UA-3925-IAD-ORF,8:41 p.m.m. a.m. p.m. a.m. p.m. a.m. a....,8:42 p.m.m. a.m. p.m. a.m. p.m. a.m. a....,9:54 p.m.m. a.m. p.m. a.m. p.m. a.m. a....,9:43 p.m.m. a.m. p.m. a.m. p.m. a.m. a....
2056,businesstravellogue,AA-1733-ORD-PHX,7:45 p.m.m. a.m. p.m. a.m. p.m. a.m. p....,7:59 p.m.m. a.m. p.m. a.m. p.m. a.m. p....,10:30 p.m.m. a.m. p.m. a.m. p.m. a.m. p....,10:30 p.m.m. a.m. p.m. a.m. p.m. a.m. p....
2057,businesstravellogue,AA-3-JFK-LAX,12:00 p.m.m. a.m. p.m. a.m. p.m. a.m. p....,12:12 p.m.m. a.m. p.m. a.m. p.m. a.m. p....,3:15 p.m.m. a.m. p.m. a.m. p.m. a.m. p....,3:16 p.m.m. a.m. p.m. a.m. p.m. a.m. p....
2058,businesstravellogue,UA-2830-MCO-CLT,3:27 p.m.m. a.m. p.m. a.m. p.m. a.m. p....,3:50 p.m.m. a.m. p.m. a.m. p.m. a.m. p....,5:05 p.m.m. a.m. p.m. a.m. p.m. a.m. p....,5:17 p.m.m. a.m. p.m. a.m. p.m. a.m. p....
2059,businesstravellogue,CO-58-DEN-IAH,11:25 p.m.m. a.m. p.m. a.m. p.m. a.m. a....,11:32 p.m.m. a.m. p.m. a.m. p.m. a.m. a....,2:50 p.m.m. a.m. p.m. a.m. p.m. a.m. p....,3:31 p.m.m. a.m. p.m. a.m. p.m. a.m. p....
2060,businesstravellogue,UA-5487-SFO-MRY,10:39 p.m.m. a.m. p.m. a.m. p.m. a.m. a....,10:53 p.m.m. a.m. p.m. a.m. p.m. a.m. a....,11:19 p.m.m. a.m. p.m. a.m. p.m. a.m. a....,11:21 p.m.m. a.m. p.m. a.m. p.m. a.m. a....
2061,businesstravellogue,AA-204-LAX-MCO,11:25 p.m.m. a.m. p.m. a.m. p.m. a.m. p....,11:29 p.m.m. a.m. p.m. a.m. p.m. a.m. p....,6:55 p.m.m. a.m. p.m. a.m. p.m. a.m. a....,12211 6:35 p.m.m. a.m. p.m. a.m. p.m. a.m. a....
2062,businesstravellogue,UA-414-LAX-SFO,6:00 p.m.m. a.m. p.m. a.m. p.m. a.m. a....,6:10 p.m.m. a.m. p.m. a.m. p.m. a.m. a....,7:23 p.m.m. a.m. p.m. a.m. p.m. a.m. a....,7:17 p.m.m. a.m. p.m. a.m. p.m. a.m. a....
2063,businesstravellogue,CO-1614-LAX-IAH,12:30 p.m.m. a.m. p.m. a.m. p.m. a.m. a....,12:41 p.m.m. a.m. p.m. a.m. p.m. a.m. a....,5:35 p.m.m. a.m. p.m. a.m. p.m. a.m. a....,5:26 p.m.m. a.m. p.m. a.m. p.m. a.m. a....
2064,businesstravellogue,UA-2726-FLL-PHL,4:00 p.m.m. a.m. p.m. a.m. p.m. a.m. p....,4:10 p.m.m. a.m. p.m. a.m. p.m. a.m. p....,6:46 p.m.m. a.m. p.m. a.m. p.m. a.m. p....,6:25 p.m.m. a.m. p.m. a.m. p.m. a.m. p....
2065,businesstravellogue,CO-52-IAH-LAX,7:35 p.m.m. a.m. p.m. a.m. p.m. a.m. a....,7:56 p.m.m. a.m. p.m. a.m. p.m. a.m. a....,9:21 p.m.m. a.m. p.m. a.m. p.m. a.m. a....,9:09 p.m.m. a.m. p.m. a.m. p.m. a.m. a....
2066,businesstravellogue,CO-1090-BOS-IAH,9:45 p.m.m. a.m. p.m. a.m. p.m. a.m. a....,10:19 p.m.m. a.m. p.m. a.m. p.m. a.m. a....,1:16 p.m.m. a.m. p.m. a.m. p.m. a.m. p....,1:19 p.m.m. a.m. p.m. a.m. p.m. a.m. p....
2067,businesstravellogue,AA-616-DFW-DTW,9:05 p.m.m. a.m. p.m. a.m. p.m. a.m. a....,10:11 p.m.m. a.m. p.m. a.m. p.m. a.m. a....,12:35 p.m.m. a.m. p.m. a.m. p.m. a.m. p....,1:27 p.m.m. a.m. p.m. a.m. p.m. a.m. p....
2068,businesstravellogue,UA-3515-IAD-MSP,8:15 p.m.m. a.m. p.m. a.m. p.m. a.m. a....,8:26 p.m.m. a.m. p.m. a.m. p.m. a.m. a....,10:06 p.m.m. a.m. p.m. a.m. p.m. a.m. a....,9:56 p.m.m. a.m. p.m. a.m. p.m. a.m. a....
2069,businesstravellogue,AA-3468-CVG-MIA,7:00 p.m.m. a.m. p.m. a.m. p.m. a.m. a....,7:25 p.m.m. a.m. p.m. a.m. p.m. a.m. a....,9:55 p.m.m. a.m. p.m. a.m. p.m. a.m. a....,9:45 p.m.m. a.m. p.m. a.m. p.m. a.m. a....
2070,businesstravellogue,AA-484-DFW-MIA,4:15 p.m.m. a.m. p.m. a.m. p.m. a.m. p....,4:29 p.m.m. a.m. p.m. a.m. p.m. a.m. p....,7:55 p.m.m. a.m. p.m. a.m. p.m. a.m. p....,7:39 p.m.m. a.m. p.m. a.m. p.m. a.m. p....
2071,businesstravellogue,AA-1886-BOS-MIA,10:45 p.m.m. a.m. p.m. a.m. p.m. a.m. a....,10:55 p.m.m. a.m. p.m. a.m. p.m. a.m. a....,2:20 p.m.m. a.m. p.m. a.m. p.m. a.m. p....,1:40 p.m.m. a.m. p.m. a.m. p.m. a.m. p....
2072,businesstravellogue,CO-62-IAH-EWR,2:30 p.m.m. a.m. p.m. a.m. p.m. a.m. p....,2:48 p.m.m. a.m. p.m. a.m. p.m. a.m. p....,7:03 p.m.m. a.m. p.m. a.m. p.m. a.m. p....,7:10 p.m.m. a.m. p.m. a.m. p.m. a.m. p....
2073,businesstravellogue,CO-1561-PHX-IAH,8:05 p.m.m. a.m. p.m. a.m. p.m. a.m. a....,8:00 p.m.m. a.m. p.m. a.m. p.m. a.m. a....,11:35 p.m.m. a.m. p.m. a.m. p.m. a.m. a....,11:32 p.m.m. a.m. p.m. a.m. p.m. a.m. a....
2074,businesstravellogue,UA-2314-ATL-PHL,2:55 p.m.m. a.m. p.m. a.m. p.m. a.m. p....,3:04 p.m.m. a.m. p.m. a.m. p.m. a.m. p....,5:00 p.m.m. a.m. p.m. a.m. p.m. a.m. p....,4:47 p.m.m. a.m. p.m. a.m. p.m. a.m. p....
2075,businesstravellogue,AA-446-DFW-PHL,11:50 p.m.m. a.m. p.m. a.m. p.m. a.m. a....,12:13 p.m.m. a.m. p.m. a.m. p.m. a.m. p....,3:50 p.m.m. a.m. p.m. a.m. p.m. a.m. p....,4:09 p.m.m. a.m. p.m. a.m. p.m. a.m. p....
2076,businesstravellogue,CO-1023-IAH-DEN,11:40 p.m.m. a.m. p.m. a.m. p.m. a.m. a....,12:06 p.m.m. a.m. p.m. a.m. p.m. a.m. p....,1:17 p.m.m. a.m. p.m. a.m. p.m. a.m. p....,1:14 p.m.m. a.m. p.m. a.m. p.m. a.m. p....
2077,businesstravellogue,AA-466-IAH-MIA,6:00 p.m.m. a.m. p.m. a.m. p.m. a.m. a....,6:09 p.m.m. a.m. p.m. a.m. p.m. a.m. a....,9:20 p.m.m. a.m. p.m. a.m. p.m. a.m. a....,9:05 p.m.m. a.m. p.m. a.m. p.m. a.m. a....
2078,businesstravellogue,UA-3050-PHX-CLT,11:05 p.m.m. a.m. p.m. a.m. p.m. a.m. a....,11:45 p.m.m. a.m. p.m. a.m. p.m. a.m. a....,4:57 p.m.m. a.m. p.m. a.m. p.m. a.m. p....,5:05 p.m.m. a.m. p.m. a.m. p.m. a.m. p....
2079,businesstravellogue,CO-89-IAH-EWR,6:00 p.m.m. a.m. p.m. a.m. p.m. a.m. a....,6:02 p.m.m. a.m. p.m. a.m. p.m. a.m. a....,10:20 p.m.m. a.m. p.m. a.m. p.m. a.m. a....,10:27 p.m.m. a.m. p.m. a.m. p.m. a.m. a....
2080,businesstravellogue,CO-1088-CLE-IAH,8:40 p.m.m. a.m. p.m. a.m. p.m. a.m. a....,8:40 p.m.m. a.m. p.m. a.m. p.m. a.m. a....,10:54 p.m.m. a.m. p.m. a.m. p.m. a.m. a....,10:56 p.m.m. a.m. p.m. a.m. p.m. a.m. a....
2081,businesstravellogue,AA-1664-MIA-ATL,10:15 p.m.m. a.m. p.m. a.m. p.m. a.m. a....,10:19 p.m.m. a.m. p.m. a.m. p.m. a.m. a....,12:10 p.m.m. a.m. p.m. a.m. p.m. a.m. p....,11:50 p.m.m. a.m. p.m. a.m. p.m. a.m. a....
2082,businesstravellogue,AA-1279-DFW-PHX,1:00 p.m.m. a.m. p.m. a.m. p.m. a.m. p....,2:04 p.m.m. a.m. p.m. a.m. p.m. a.m. p....,2:35 p.m.m. a.m. p.m. a.m. p.m. a.m. p....,3:13 p.m.m. a.m. p.m. a.m. p.m. a.m. p....
2083,businesstravellogue,UA-854-SFO-IAH,7:53 p.m.m. a.m. p.m. a.m. p.m. a.m. a....,8:07 p.m.m. a.m. p.m. a.m. p.m. a.m. a....,1:39 p.m.m. a.m. p.m. a.m. p.m. a.m. p....,1:30 p.m.m. a.m. p.m. a.m. p.m. a.m. p....
2084,businesstravellogue,UA-382-IAD-LAX,12:30 p.m.m. a.m. p.m. a.m. p.m. a.m. p....,12:56 p.m.m. a.m. p.m. a.m. p.m. a.m. p....,3:19 p.m.m. a.m. p.m. a.m. p.m. a.m. p....,3:21 p.m.m. a.m. p.m. a.m. p.m. a.m. p....
2085,businesstravellogue,AA-4344-ORD-DTW,11:45 p.m.m. a.m. p.m. a.m. p.m. a.m. a....,12:14 p.m.m. a.m. p.m. a.m. p.m. a.m. p....,2:00 p.m.m. a.m. p.m. a.m. p.m. a.m. p....,2:10 p.m.m. a.m. p.m. a.m. p.m. a.m. p....
2086,businesstravellogue,UA-257-JFK-SFO,2:30 p.m.m. a.m. p.m. a.m. p.m. a.m. p....,2:43 p.m.m. a.m. p.m. a.m. p.m. a.m. p....,6:15 p.m.m. a.m. p.m. a.m. p.m. a.m. p....,5:42 p.m.m. a.m. p.m. a.m. p.m. a.m. p....
2087,businesstravellogue,UA-2945-PHL-CLT,12:00 p.m.m. a.m. p.m. a.m. p.m. a.m. p....,12:08 p.m.m. a.m. p.m. a.m. p.m. a.m. p....,1:45 p.m.m. a.m. p.m. a.m. p.m. a.m. p....,1:15 p.m.m. a.m. p.m. a.m. p.m. a.m. p....
2088,businesstravellogue,CO-63-EWR-IAH,5:25 p.m.m. a.m. p.m. a.m. p.m. a.m. p....,5:38 p.m.m. a.m. p.m. a.m. p.m. a.m. p....,8:22 p.m.m. a.m. p.m. a.m. p.m. a.m. p....,8:03 p.m.m. a.m. p.m. a.m. p.m. a.m. p....
2089,businesstravellogue,CO-47-IAH-LAX,7:10 p.m.m. a.m. p.m. a.m. p.m. a.m. p....,8:25 p.m.m. a.m. p.m. a.m. p.m. a.m. p....,8:56 p.m.m. a.m. p.m. a.m. p.m. a.m. p....,9:38 p.m.m. a.m. p.m. a.m. p.m. a.m. p....
2090,businesstravellogue,AA-2050-ORD-MIA,10:40 p.m.m. a.m. p.m. a.m. p.m. a.m. a....,11:06 p.m.m. a.m. p.m. a.m. p.m. a.m. a....,2:45 p.m.m. a.m. p.m. a.m. p.m. a.m. p....,2:46 p.m.m. a.m. p.m. a.m. p.m. a.m. p....
2091,businesstravellogue,UA-248-PHX-ORD,12:57 p.m.m. a.m. p.m. a.m. p.m. a.m. p....,1:43 p.m.m. a.m. p.m. a.m. p.m. a.m. p....,5:15 p.m.m. a.m. p.m. a.m. p.m. a.m. p....,5:34 p.m.m. a.m. p.m. a.m. p.m. a.m. p....
2092,businesstravellogue,AA-4330-CVG-ORD,3:35 p.m.m. a.m. p.m. a.m. p.m. a.m. p....,3:36 p.m.m. a.m. p.m. a.m. p.m. a.m. p....,4:00 p.m.m. a.m. p.m. a.m. p.m. a.m. p....,3:33 p.m.m. a.m. p.m. a.m. p.m. a.m. p....
2093,businesstravellogue,AA-1434-DFW-MCO,7:15 p.m.m. a.m. p.m. a.m. p.m. a.m. a....,7:22 p.m.m. a.m. p.m. a.m. p.m. a.m. a....,10:35 p.m.m. a.m. p.m. a.m. p.m. a.m. a....,10:29 p.m.m. a.m. p.m. a.m. p.m. a.m. a....
2094,businesstravellogue,AA-1640-MIA-MCO,6:30 p.m.m. a.m. p.m. a.m. p.m. a.m. p....,6:47 p.m.m. a.m. p.m. a.m. p.m. a.m. p....,7:25 p.m.m. a.m. p.m. a.m. p.m. a.m. p....,7:25 p.m.m. a.m. p.m. a.m. p.m. a.m. p....
2095,businesstravellogue,AA-4307-ORD-DTW,6:45 p.m.m. a.m. p.m. a.m. p.m. a.m. p....,6:56 p.m.m. a.m. p.m. a.m. p.m. a.m. p....,9:10 p.m.m. a.m. p.m. a.m. p.m. a.m. p....,8:53 p.m.m. a.m. p.m. a.m. p.m. a.m. p....
2096,businesstravellogue,CO-1694-LAX-IAH,7:15 p.m.m. a.m. p.m. a.m. p.m. a.m. p....,7:15 p.m.m. a.m. p.m. a.m. p.m. a.m. p....,12:21 p.m.m. a.m. p.m. a.m. p.m. a.m. a....,12:21 p.m.m. a.m. p.m. a.m. p.m. a.m. a....
2097,businesstravellogue,UA-843-LAX-ORD,1:55 p.m.m. a.m. p.m. a.m. p.m. a.m. p....,2:38 p.m.m. a.m. p.m. a.m. p.m. a.m. p....,7:53 p.m.m. a.m. p.m. a.m. p.m. a.m. p....,7:58 p.m.m. a.m. p.m. a.m. p.m. a.m. p....
2098,businesstravellogue,CO-1193-EWR-MCO,9:15 p.m.m. a.m. p.m. a.m. p.m. a.m. a....,9:14 p.m.m. a.m. p.m. a.m. p.m. a.m. a....,12:18 p.m.m. a.m. p.m. a.m. p.m. a.m. p....,12:09 p.m.m. a.m. p.m. a.m. p.m. a.m. p....
2099,businesstravellogue,AA-3842-MSP-ORD,6:00 p.m.m. a.m. p.m. a.m. p.m. a.m. a....,6:56 p.m.m. a.m. p.m. a.m. p.m. a.m. a....,7:30 p.m.m. a.m. p.m. a.m. p.m. a.m. a....,7:51 p.m.m. a.m. p.m. a.m. p.m. a.m. a....
2100,businesstravellogue,AA-643-MIA-ORD,7:10 p.m.m. a.m. p.m. a.m. p.m. a.m. a....,7:31 p.m.m. a.m. p.m. a.m. p.m. a.m. a....,9:35 p.m.m. a.m. p.m. a.m. p.m. a.m. a....,9:26 p.m.m. a.m. p.m. a.m. p.m. a.m. a....
2101,businesstravellogue,AA-1007-MIA-PHX,4:55 p.m.m. a.m. p.m. a.m. p.m. a.m. p....,5:09 p.m.m. a.m. p.m. a.m. p.m. a.m. p....,8:05 p.m.m. a.m. p.m. a.m. p.m. a.m. p....,7:55 p.m.m. a.m. p.m. a.m. p.m. a.m. p....
2102,businesstravellogue,UA-2906-PHL-MCO,3:50 p.m.m. a.m. p.m. a.m. p.m. a.m. p....,4:28 p.m.m. a.m. p.m. a.m. p.m. a.m. p....,6:23 p.m.m. a.m. p.m. a.m. p.m. a.m. p....,6:38 p.m.m. a.m. p.m. a.m. p.m. a.m. p....
2103,businesstravellogue,UA-938-DEN-ORD,4:16 p.m.m. a.m. p.m. a.m. p.m. a.m. p....,4:37 p.m.m. a.m. p.m. a.m. p.m. a.m. p....,7:35 p.m.m. a.m. p.m. a.m. p.m. a.m. p....,7:36 p.m.m. a.m. p.m. a.m. p.m. a.m. p....
2104,businesstravellogue,AA-1221-MCO-ORD,8:00 p.m.m. a.m. p.m. a.m. p.m. a.m. p....,8:23 p.m.m. a.m. p.m. a.m. p.m. a.m. p....,9:45 p.m.m. a.m. p.m. a.m. p.m. a.m. p....,9:53 p.m.m. a.m. p.m. a.m. p.m. a.m. p....
2105,businesstravellogue,CO-16-LAX-EWR,10:25 p.m.m. a.m. p.m. a.m. p.m. a.m. a....,10:20 p.m.m. a.m. p.m. a.m. p.m. a.m. a....,6:44 p.m.m. a.m. p.m. a.m. p.m. a.m. p....,6:34 p.m.m. a.m. p.m. a.m. p.m. a.m. p....
2106,businesstravellogue,UA-2515-DFW-CLT,7:05 p.m.m. a.m. p.m. a.m. p.m. a.m. a....,7:31 p.m.m. a.m. p.m. a.m. p.m. a.m. a....,10:31 p.m.m. a.m. p.m. a.m. p.m. a.m. a....,10:45 p.m.m. a.m. p.m. a.m. p.m. a.m. a....
2107,businesstravellogue,AA-400-DFW-JFK,10:40 p.m.m. a.m. p.m. a.m. p.m. a.m. a....,11:02 p.m.m. a.m. p.m. a.m. p.m. a.m. a....,2:59 p.m.m. a.m. p.m. a.m. p.m. a.m. p....,3:04 p.m.m. a.m. p.m. a.m. p.m. a.m. p....
2108,businesstravellogue,UA-664-ORD-PHL,1:33 p.m.m. a.m. p.m. a.m. p.m. a.m. p....,1:48 p.m.m. a.m. p.m. a.m. p.m. a.m. p....,4:31 p.m.m. a.m. p.m. a.m. p.m. a.m. p....,4:23 p.m.m. a.m. p.m. a.m. p.m. a.m. p....
2109,businesstravellogue,AA-3756-ORD-SLC,12:15 p.m.m. a.m. p.m. a.m. p.m. a.m. p....,12:42 p.m.m. a.m. p.m. a.m. p.m. a.m. p....,2:45 p.m.m. a.m. p.m. a.m. p.m. a.m. p....,2:50 p.m.m. a.m. p.m. a.m. p.m. a.m. p....
2110,businesstravellogue,UA-37-EWR-MCO,1:29 p.m.m. a.m. p.m. a.m. p.m. a.m. p....,2:01 p.m.m. a.m. p.m. a.m. p.m. a.m. p....,4:17 p.m.m. a.m. p.m. a.m. p.m. a.m. p....,4:17 p.m.m. a.m. p.m. a.m. p.m. a.m. p....
2111,businesstravellogue,AA-1522-SFO-ORD,11:55 p.m.m. a.m. p.m. a.m. p.m. a.m. p....,12:11 p.m.m. a.m. p.m. a.m. p.m. a.m. a....,5:50 p.m.m. a.m. p.m. a.m. p.m. a.m. a....,5:42 p.m.m. a.m. p.m. a.m. p.m. a.m. a....
2112,businesstravellogue,UA-233-LAX-JFK,4:25 p.m.m. a.m. p.m. a.m. p.m. a.m. p....,4:28 p.m.m. a.m. p.m. a.m. p.m. a.m. p....,12:29 p.m.m. a.m. p.m. a.m. p.m. a.m. a....,12:01 p.m.m. a.m. p.m. a.m. p.m. a.m. a....
2113,businesstravellogue,AA-3823-LAX-DEN,9:00 p.m.m. a.m. p.m. a.m. p.m. a.m. p....,9:06 p.m.m. a.m. p.m. a.m. p.m. a.m. p....,12:15 p.m.m. a.m. p.m. a.m. p.m. a.m. a....,11:49 p.m.m. a.m. p.m. a.m. p.m. a.m. p....
2114,businesstravellogue,AA-2312-DFW-DTW,8:25 p.m.m. a.m. p.m. a.m. p.m. a.m. p....,8:29 p.m.m. a.m. p.m. a.m. p.m. a.m. p....,11:50 p.m.m. a.m. p.m. a.m. p.m. a.m. p....,11:35 p.m.m. a.m. p.m. a.m. p.m. a.m. p....
2115,businesstravellogue,AA-1165-JFK-MIA,6:59 p.m.m. a.m. p.m. a.m. p.m. a.m. a....,7:23 p.m.m. a.m. p.m. a.m. p.m. a.m. a....,10:34 p.m.m. a.m. p.m. a.m. p.m. a.m. a....,10:04 p.m.m. a.m. p.m. a.m. p.m. a.m. a....
2116,businesstravellogue,AA-431-MIA-SFO,8:35 p.m.m. a.m. p.m. a.m. p.m. a.m. a....,8:52 p.m.m. a.m. p.m. a.m. p.m. a.m. a....,11:50 p.m.m. a.m. p.m. a.m. p.m. a.m. a....,11:44 p.m.m. a.m. p.m. a.m. p.m. a.m. a....
2117,businesstravellogue,UA-3373-IAD-PHL,8:29 p.m.m. a.m. p.m. a.m. p.m. a.m. a....,8:37 p.m.m. a.m. p.m. a.m. p.m. a.m. a....,9:24 p.m.m. a.m. p.m. a.m. p.m. a.m. a....,9:13 p.m.m. a.m. p.m. a.m. p.m. a.m. a....
2118,businesstravellogue,AA-649-ORD-SNA,1:30 p.m.m. a.m. p.m. a.m. p.m. a.m. p....,1:41 p.m.m. a.m. p.m. a.m. p.m. a.m. p....,3:50 p.m.m. a.m. p.m. a.m. p.m. a.m. p....,3:29 p.m.m. a.m. p.m. a.m. p.m. a.m. p....
2119,businesstravellogue,CO-1250-MIA-IAH,2:53 p.m.m. a.m. p.m. a.m. p.m. a.m. p....,3:01 p.m.m. a.m. p.m. a.m. p.m. a.m. p....,4:48 p.m.m. a.m. p.m. a.m. p.m. a.m. p....,4:59 p.m.m. a.m. p.m. a.m. p.m. a.m. p....
2120,businesstravellogue,UA-6273-YYC-SFO,7:35 p.m.m. a.m. p.m. a.m. p.m. a.m. a....,7:41 p.m.m. a.m. p.m. a.m. p.m. a.m. a....,9:43 p.m.m. a.m. p.m. a.m. p.m. a.m. a....,8:45 p.m.m. a.m. p.m. a.m. p.m. a.m. a....
2121,businesstravellogue,UA-828-SFO-ORD,11:08 p.m.m. a.m. p.m. a.m. p.m. a.m. p....,11:35 p.m.m. a.m. p.m. a.m. p.m. a.m. p....,5:11 p.m.m. a.m. p.m. a.m. p.m. a.m. a....,5:21 p.m.m. a.m. p.m. a.m. p.m. a.m. a....
2122,businesstravellogue,CO-4888-IAH-DAL,5:30 p.m.m. a.m. p.m. a.m. p.m. a.m. p....,5:38 p.m.m. a.m. p.m. a.m. p.m. a.m. p....,6:40 p.m.m. a.m. p.m. a.m. p.m. a.m. p....,6:19 p.m.m. a.m. p.m. a.m. p.m. a.m. p....
2123,businesstravellogue,UA-858-PVG-SFO,1:45 p.m.m. a.m. p.m. a.m. p.m. a.m. p....,1:32 p.m.m. a.m. p.m. a.m. p.m. a.m. p....,8:27 p.m.m. a.m. p.m. a.m. p.m. a.m. a....,8:02 p.m.m. a.m. p.m. a.m. p.m. a.m. a....
2124,businesstravellogue,UA-2704-DTW-PHX,11:15 p.m.m. a.m. p.m. a.m. p.m. a.m. a....,11:47 p.m.m. a.m. p.m. a.m. p.m. a.m. a....,1:40 p.m.m. a.m. p.m. a.m. p.m. a.m. p....,2:02 p.m.m. a.m. p.m. a.m. p.m. a.m. p....
2125,businesstravellogue,AA-3063-SLC-LAX,8:20 p.m.m. a.m. p.m. a.m. p.m. a.m. p....,8:40 p.m.m. a.m. p.m. a.m. p.m. a.m. p....,9:20 p.m.m. a.m. p.m. a.m. p.m. a.m. p....,9:11 p.m.m. a.m. p.m. a.m. p.m. a.m. p....
2126,businesstravellogue,UA-2708-EWR-CLT,2:55 p.m.m. a.m. p.m. a.m. p.m. a.m. p....,3:04 p.m.m. a.m. p.m. a.m. p.m. a.m. p....,4:53 p.m.m. a.m. p.m. a.m. p.m. a.m. p....,4:24 p.m.m. a.m. p.m. a.m. p.m. a.m. p....
2127,businesstravellogue,UA-62-IAH-EWR,2:30 p.m.m. a.m. p.m. a.m. p.m. a.m. p....,2:48 p.m.m. a.m. p.m. a.m. p.m. a.m. p....,7:03 p.m.m. a.m. p.m. a.m. p.m. a.m. p....,7:10 p.m.m. a.m. p.m. a.m. p.m. a.m. p....
2128,businesstravellogue,UA-1500-IAH-GUA,8:55 p.m.m. a.m. p.m. a.m. p.m. a.m. a....,9:43 p.m.m. a.m. p.m. a.m. p.m. a.m. a....,11:45 p.m.m. a.m. p.m. a.m. p.m. a.m. a....,12:12 p.m.m. a.m. p.m. a.m. p.m. a.m. p....
2129,businesstravellogue,AA-3804-PHL-ORD,2:35 p.m.m. a.m. p.m. a.m. p.m. a.m. p....,2:44 p.m.m. a.m. p.m. a.m. p.m. a.m. p....,4:05 p.m.m. a.m. p.m. a.m. p.m. a.m. p....,3:36 p.m.m. a.m. p.m. a.m. p.m. a.m. p....
2130,businesstravellogue,AA-1917-JFK-MCO,2:55 p.m.m. a.m. p.m. a.m. p.m. a.m. p....,3:27 p.m.m. a.m. p.m. a.m. p.m. a.m. p....,5:55 p.m.m. a.m. p.m. a.m. p.m. a.m. p....,5:43 p.m.m. a.m. p.m. a.m. p.m. a.m. p....
2131,businesstravellogue,AA-2268-PHX-ORD,7:15 p.m.m. a.m. p.m. a.m. p.m. a.m. a....,7:23 p.m.m. a.m. p.m. a.m. p.m. a.m. a....,11:35 p.m.m. a.m. p.m. a.m. p.m. a.m. a....,11:04 p.m.m. a.m. p.m. a.m. p.m. a.m. a....
2132,businesstravellogue,AA-4277-CVG-JFK,12:10 p.m.m. a.m. p.m. a.m. p.m. a.m. p....,12:11 p.m.m. a.m. p.m. a.m. p.m. a.m. p....,2:15 p.m.m. a.m. p.m. a.m. p.m. a.m. p....,1:43 p.m.m. a.m. p.m. a.m. p.m. a.m. p....
2133,businesstravellogue,AA-2957-DFW-CVG,7:55 p.m.m. a.m. p.m. a.m. p.m. a.m. a....,8:04 p.m.m. a.m. p.m. a.m. p.m. a.m. a....,11:05 p.m.m. a.m. p.m. a.m. p.m. a.m. a....,11:01 p.m.m. a.m. p.m. a.m. p.m. a.m. a....
2134,businesstravellogue,UA-37-EDI-EWR,9:05 p.m.m. a.m. p.m. a.m. p.m. a.m. a....,9:05 p.m.m. a.m. p.m. a.m. p.m. a.m. a....,11:53 p.m.m. a.m. p.m. a.m. p.m. a.m. a....,12:09 p.m.m. a.m. p.m. a.m. p.m. a.m. p....
2135,businesstravellogue,AA-789-ORD-DEN,1:05 p.m.m. a.m. p.m. a.m. p.m. a.m. p....,1:19 p.m.m. a.m. p.m. a.m. p.m. a.m. p....,2:35 p.m.m. a.m. p.m. a.m. p.m. a.m. p....,3:13 p.m.m. a.m. p.m. a.m. p.m. a.m. p....
2136,businesstravellogue,AA-415-BOS-ORD,8:35 p.m.m. a.m. p.m. a.m. p.m. a.m. a....,8:56 p.m.m. a.m. p.m. a.m. p.m. a.m. a....,10:40 p.m.m. a.m. p.m. a.m. p.m. a.m. a....,10:16 p.m.m. a.m. p.m. a.m. p.m. a.m. a....
2137,businesstravellogue,AA-85-JFK-SFO,3:05 p.m.m. a.m. p.m. a.m. p.m. a.m. p....,3:38 p.m.m. a.m. p.m. a.m. p.m. a.m. p....,6:30 p.m.m. a.m. p.m. a.m. p.m. a.m. p....,6:43 p.m.m. a.m. p.m. a.m. p.m. a.m. p....
2138,businesstravellogue,AA-3979-CVG-ORD,7:30 p.m.m. a.m. p.m. a.m. p.m. a.m. a....,8:04 p.m.m. a.m. p.m. a.m. p.m. a.m. a....,8:00 p.m.m. a.m. p.m. a.m. p.m. a.m. a....,8:06 p.m.m. a.m. p.m. a.m. p.m. a.m. a....
2139,businesstravellogue,AA-1544-SAN-ORD,11:25 p.m.m. a.m. p.m. a.m. p.m. a.m. a....,11:41 p.m.m. a.m. p.m. a.m. p.m. a.m. a....,5:25 p.m.m. a.m. p.m. a.m. p.m. a.m. p....,4:56 p.m.m. a.m. p.m. a.m. p.m. a.m. p....
2140,businesstravellogue,AA-3786-IAH-ORD,4:00 p.m.m. a.m. p.m. a.m. p.m. a.m. p....,4:12 p.m.m. a.m. p.m. a.m. p.m. a.m. p....,6:40 p.m.m. a.m. p.m. a.m. p.m. a.m. p....,6:15 p.m.m. a.m. p.m. a.m. p.m. a.m. p....
2141,businesstravellogue,AA-271-MIA-LAX,11:35 p.m.m. a.m. p.m. a.m. p.m. a.m. a....,11:52 p.m.m. a.m. p.m. a.m. p.m. a.m. a....,2:25 p.m.m. a.m. p.m. a.m. p.m. a.m. p....,2:27 p.m.m. a.m. p.m. a.m. p.m. a.m. p....
2142,businesstravellogue,AA-2525-DFW-MIA,7:25 p.m.m. a.m. p.m. a.m. p.m. a.m. a....,7:39 p.m.m. a.m. p.m. a.m. p.m. a.m. a....,11:10 p.m.m. a.m. p.m. a.m. p.m. a.m. a....,11:06 p.m.m. a.m. p.m. a.m. p.m. a.m. a....
2143,businesstravellogue,CO-50-CLE-EWR,2:55 p.m.m. a.m. p.m. a.m. p.m. a.m. p....,3:31 p.m.m. a.m. p.m. a.m. p.m. a.m. p....,4:49 p.m.m. a.m. p.m. a.m. p.m. a.m. p....,5:26 p.m.m. a.m. p.m. a.m. p.m. a.m. p....
2144,businesstravellogue,UA-3099-PHX-PHL,11:55 p.m.m. a.m. p.m. a.m. p.m. a.m. a....,11:55 p.m.m. a.m. p.m. a.m. p.m. a.m. a....,6:17 p.m.m. a.m. p.m. a.m. p.m. a.m. p....,5:38 p.m.m. a.m. p.m. a.m. p.m. a.m. p....
2145,businesstravellogue,AA-4198-ORD-CLE,10:40 p.m.m. a.m. p.m. a.m. p.m. a.m. a....,10:55 p.m.m. a.m. p.m. a.m. p.m. a.m. a....,12:55 p.m.m. a.m. p.m. a.m. p.m. a.m. p....,12:50 p.m.m. a.m. p.m. a.m. p.m. a.m. p....
2146,businesstravellogue,AA-404-MIA-MCO,6:45 p.m.m. a.m. p.m. a.m. p.m. a.m. a....,6:58 p.m.m. a.m. p.m. a.m. p.m. a.m. a....,7:45 p.m.m. a.m. p.m. a.m. p.m. a.m. a....,7:40 p.m.m. a.m. p.m. a.m. p.m. a.m. a....
2147,businesstravellogue,CO-45-EWR-MIA,4:00 p.m.m. a.m. p.m. a.m. p.m. a.m. p....,3:58 p.m.m. a.m. p.m. a.m. p.m. a.m. p....,7:05 p.m.m. a.m. p.m. a.m. p.m. a.m. p....,6:36 p.m.m. a.m. p.m. a.m. p.m. a.m. p....
2148,businesstravellogue,AA-3809-PHX-LAX,6:00 p.m.m. a.m. p.m. a.m. p.m. a.m. a....,6:10 p.m.m. a.m. p.m. a.m. p.m. a.m. a....,6:40 p.m.m. a.m. p.m. a.m. p.m. a.m. a....,6:19 p.m.m. a.m. p.m. a.m. p.m. a.m. a....
2149,businesstravellogue,AA-59-JFK-SFO,7:10 p.m.m. a.m. p.m. a.m. p.m. a.m. a....,7:40 p.m.m. a.m. p.m. a.m. p.m. a.m. a....,10:45 p.m.m. a.m. p.m. a.m. p.m. a.m. a....,11:12 p.m.m. a.m. p.m. a.m. p.m. a.m. a....
2150,businesstravellogue,AA-222-LAX-BOS,7:10 p.m.m. a.m. p.m. a.m. p.m. a.m. a....,7:32 p.m.m. a.m. p.m. a.m. p.m. a.m. a....,3:30 p.m.m. a.m. p.m. a.m. p.m. a.m. p....,3:14 p.m.m. a.m. p.m. a.m. p.m. a.m. p....
2151,den,CO-58-DEN-IAH,11:25 p.m.m. a.m. p.m. a.m. p.m. a.m. a....,11:32 p.m.m. a.m. p.m. a.m. p.m. a.m. a....,2:50 p.m.m. a.m. p.m. a.m. p.m. a.m. p....,3:31 p.m.m. a.m. p.m. a.m. p.m. a.m. p....
2152,den,CO-1023-IAH-DEN,11:40 p.m.m. a.m. p.m. a.m. p.m. a.m. a....,12:06 p.m.m. a.m. p.m. a.m. p.m. a.m. p....,1:17 p.m.m. a.m. p.m. a.m. p.m. a.m. p....,1:14 p.m.m. a.m. p.m. a.m. p.m. a.m. p....
2153,den,AA-3823-LAX-DEN,9:00 p.m.m. a.m. p.m. a.m. p.m. a.m. p....,9:06 p.m.m. a.m. p.m. a.m. p.m. a.m. p....,12:15 p.m.m. a.m. p.m. a.m. p.m. a.m. a....,11:49 p.m.m. a.m. p.m. a.m. p.m. a.m. p....
2154,den,UA-938-DEN-ORD,4:16 p.m.m. a.m. p.m. a.m. p.m. a.m. p....,4:37 p.m.m. a.m. p.m. a.m. p.m. a.m. p....,7:35 p.m.m. a.m. p.m. a.m. p.m. a.m. p....,7:36 p.m.m. a.m. p.m. a.m. p.m. a.m. p....
2155,den,AA-789-ORD-DEN,1:05 p.m.m. a.m. p.m. a.m. p.m. a.m. p....,1:19 p.m.m. a.m. p.m. a.m. p.m. a.m. p....,2:35 p.m.m. a.m. p.m. a.m. p.m. a.m. p....,3:13 p.m.m. a.m. p.m. a.m. p.m. a.m. p....
2156,gofox,AA-3859-IAH-ORD,7:10 p.m.m. a.m. p.m. a.m. p.m. a.m. a....,7:16 p.m.m. a.m. p.m. a.m. p.m. a.m. a....,9:40 p.m.m. a.m. p.m. a.m. p.m. a.m. a....,9:22 p.m.m. a.m. p.m. a.m. p.m. a.m. a....
2157,gofox,CO-1586-IAH-MCO,7:00 p.m.m. a.m. p.m. a.m. p.m. a.m. p....,7:42 p.m.m. a.m. p.m. a.m. p.m. a.m. p....,10:15 p.m.m. a.m. p.m. a.m. p.m. a.m. p....,10:29 p.m.m. a.m. p.m. a.m. p.m. a.m. p....
2158,gofox,AA-518-MIA-JFK,6:40 p.m.m. a.m. p.m. a.m. p.m. a.m. a....,6:54 p.m.m. a.m. p.m. a.m. p.m. a.m. a....,9:25 p.m.m. a.m. p.m. a.m. p.m. a.m. a....,9:28 p.m.m. a.m. p.m. a.m. p.m. a.m. a....
2159,gofox,UA-397-JFK-SFO,8:00 p.m.m. a.m. p.m. a.m. p.m. a.m. a....,8:29 p.m.m. a.m. p.m. a.m. p.m. a.m. a....,11:55 p.m.m. a.m. p.m. a.m. p.m. a.m. a....,11:58 p.m.m. a.m. p.m. a.m. p.m. a.m. a....
2160,gofox,UA-3925-IAD-ORF,8:41 p.m.m. a.m. p.m. a.m. p.m. a.m. a....,8:42 p.m.m. a.m. p.m. a.m. p.m. a.m. a....,9:54 p.m.m. a.m. p.m. a.m. p.m. a.m. a....,9:43 p.m.m. a.m. p.m. a.m. p.m. a.m. a....
2161,gofox,AA-1733-ORD-PHX,7:45 p.m.m. a.m. p.m. a.m. p.m. a.m. p....,7:59 p.m.m. a.m. p.m. a.m. p.m. a.m. p....,10:30 p.m.m. a.m. p.m. a.m. p.m. a.m. p....,10:30 p.m.m. a.m. p.m. a.m. p.m. a.m. p....
2162,gofox,AA-3-JFK-LAX,12:00 p.m.m. a.m. p.m. a.m. p.m. a.m. p....,12:12 p.m.m. a.m. p.m. a.m. p.m. a.m. p....,3:15 p.m.m. a.m. p.m. a.m. p.m. a.m. p....,3:16 p.m.m. a.m. p.m. a.m. p.m. a.m. p....
2163,gofox,UA-2830-MCO-CLT,3:27 p.m.m. a.m. p.m. a.m. p.m. a.m. p....,3:50 p.m.m. a.m. p.m. a.m. p.m. a.m. p....,5:05 p.m.m. a.m. p.m. a.m. p.m. a.m. p....,5:17 p.m.m. a.m. p.m. a.m. p.m. a.m. p....
2164,gofox,CO-58-DEN-IAH,11:25 p.m.m. a.m. p.m. a.m. p.m. a.m. a....,11:32 p.m.m. a.m. p.m. a.m. p.m. a.m. a....,2:50 p.m.m. a.m. p.m. a.m. p.m. a.m. p....,3:31 p.m.m. a.m. p.m. a.m. p.m. a.m. p....
2165,gofox,UA-5487-SFO-MRY,10:39 p.m.m. a.m. p.m. a.m. p.m. a.m. a....,10:53 p.m.m. a.m. p.m. a.m. p.m. a.m. a....,11:19 p.m.m. a.m. p.m. a.m. p.m. a.m. a....,11:21 p.m.m. a.m. p.m. a.m. p.m. a.m. a....
2166,gofox,AA-204-LAX-MCO,11:25 p.m.m. a.m. p.m. a.m. p.m. a.m. p....,11:29 p.m.m. a.m. p.m. a.m. p.m. a.m. p....,6:55 p.m.m. a.m. p.m. a.m. p.m. a.m. a....,12211 6:35 p.m.m. a.m. p.m. a.m. p.m. a.m. a....
2167,gofox,UA-414-LAX-SFO,6:00 p.m.m. a.m. p.m. a.m. p.m. a.m. a....,6:10 p.m.m. a.m. p.m. a.m. p.m. a.m. a....,7:23 p.m.m. a.m. p.m. a.m. p.m. a.m. a....,7:17 p.m.m. a.m. p.m. a.m. p.m. a.m. a....
2168,gofox,CO-1614-LAX-IAH,12:30 p.m.m. a.m. p.m. a.m. p.m. a.m. a....,12:41 p.m.m. a.m. p.m. a.m. p.m. a.m. a....,5:35 p.m.m. a.m. p.m. a.m. p.m. a.m. a....,5:26 p.m.m. a.m. p.m. a.m. p.m. a.m. a....
2169,gofox,UA-2726-FLL-PHL,4:00 p.m.m. a.m. p.m. a.m. p.m. a.m. p....,4:10 p.m.m. a.m. p.m. a.m. p.m. a.m. p....,6:46 p.m.m. a.m. p.m. a.m. p.m. a.m. p....,6:25 p.m.m. a.m. p.m. a.m. p.m. a.m. p....
2170,gofox,CO-52-IAH-LAX,7:35 p.m.m. a.m. p.m. a.m. p.m. a.m. a....,7:56 p.m.m. a.m. p.m. a.m. p.m. a.m. a....,9:21 p.m.m. a.m. p.m. a.m. p.m. a.m. a....,9:09 p.m.m. a.m. p.m. a.m. p.m. a.m. a....
2171,gofox,CO-1090-BOS-IAH,9:45 p.m.m. a.m. p.m. a.m. p.m. a.m. a....,10:19 p.m.m. a.m. p.m. a.m. p.m. a.m. a....,1:16 p.m.m. a.m. p.m. a.m. p.m. a.m. p....,1:19 p.m.m. a.m. p.m. a.m. p.m. a.m. p....
2172,gofox,AA-616-DFW-DTW,9:05 p.m.m. a.m. p.m. a.m. p.m. a.m. a....,10:11 p.m.m. a.m. p.m. a.m. p.m. a.m. a....,12:35 p.m.m. a.m. p.m. a.m. p.m. a.m. p....,1:27 p.m.m. a.m. p.m. a.m. p.m. a.m. p....
2173,gofox,UA-3515-IAD-MSP,8:15 p.m.m. a.m. p.m. a.m. p.m. a.m. a....,8:26 p.m.m. a.m. p.m. a.m. p.m. a.m. a....,10:06 p.m.m. a.m. p.m. a.m. p.m. a.m. a....,9:56 p.m.m. a.m. p.m. a.m. p.m. a.m. a....
2174,gofox,AA-3468-CVG-MIA,7:00 p.m.m. a.m. p.m. a.m. p.m. a.m. a....,7:25 p.m.m. a.m. p.m. a.m. p.m. a.m. a....,9:55 p.m.m. a.m. p.m. a.m. p.m. a.m. a....,9:45 p.m.m. a.m. p.m. a.m. p.m. a.m. a....
2175,gofox,AA-484-DFW-MIA,4:15 p.m.m. a.m. p.m. a.m. p.m. a.m. p....,4:29 p.m.m. a.m. p.m. a.m. p.m. a.m. p....,7:55 p.m.m. a.m. p.m. a.m. p.m. a.m. p....,7:39 p.m.m. a.m. p.m. a.m. p.m. a.m. p....
2176,gofox,AA-1886-BOS-MIA,10:45 p.m.m. a.m. p.m. a.m. p.m. a.m. a....,10:55 p.m.m. a.m. p.m. a.m. p.m. a.m. a....,2:20 p.m.m. a.m. p.m. a.m. p.m. a.m. p....,1:40 p.m.m. a.m. p.m. a.m. p.m. a.m. p....
2177,gofox,CO-62-IAH-EWR,2:30 p.m.m. a.m. p.m. a.m. p.m. a.m. p....,2:48 p.m.m. a.m. p.m. a.m. p.m. a.m. p....,7:03 p.m.m. a.m. p.m. a.m. p.m. a.m. p....,7:10 p.m.m. a.m. p.m. a.m. p.m. a.m. p....
2178,gofox,CO-1561-PHX-IAH,8:05 p.m.m. a.m. p.m. a.m. p.m. a.m. a....,8:00 p.m.m. a.m. p.m. a.m. p.m. a.m. a....,11:35 p.m.m. a.m. p.m. a.m. p.m. a.m. a....,11:32 p.m.m. a.m. p.m. a.m. p.m. a.m. a....
2179,gofox,UA-2314-ATL-PHL,2:55 p.m.m. a.m. p.m. a.m. p.m. a.m. p....,3:04 p.m.m. a.m. p.m. a.m. p.m. a.m. p....,5:00 p.m.m. a.m. p.m. a.m. p.m. a.m. p....,4:47 p.m.m. a.m. p.m. a.m. p.m. a.m. p....
2180,gofox,AA-446-DFW-PHL,11:50 p.m.m. a.m. p.m. a.m. p.m. a.m. a....,12:13 p.m.m. a.m. p.m. a.m. p.m. a.m. p....,3:50 p.m.m. a.m. p.m. a.m. p.m. a.m. p....,4:09 p.m.m. a.m. p.m. a.m. p.m. a.m. p....
2181,gofox,CO-1023-IAH-DEN,11:40 p.m.m. a.m. p.m. a.m. p.m. a.m. a....,12:06 p.m.m. a.m. p.m. a.m. p.m. a.m. p....,1:17 p.m.m. a.m. p.m. a.m. p.m. a.m. p....,1:14 p.m.m. a.m. p.m. a.m. p.m. a.m. p....
2182,gofox,AA-466-IAH-MIA,6:00 p.m.m. a.m. p.m. a.m. p.m. a.m. a....,6:09 p.m.m. a.m. p.m. a.m. p.m. a.m. a....,9:20 p.m.m. a.m. p.m. a.m. p.m. a.m. a....,9:05 p.m.m. a.m. p.m. a.m. p.m. a.m. a....
2183,gofox,UA-3050-PHX-CLT,11:05 p.m.m. a.m. p.m. a.m. p.m. a.m. a....,11:45 p.m.m. a.m. p.m. a.m. p.m. a.m. a....,4:57 p.m.m. a.m. p.m. a.m. p.m. a.m. p....,5:05 p.m.m. a.m. p.m. a.m. p.m. a.m. p....
2184,gofox,CO-89-IAH-EWR,6:00 p.m.m. a.m. p.m. a.m. p.m. a.m. a....,6:02 p.m.m. a.m. p.m. a.m. p.m. a.m. a....,10:20 p.m.m. a.m. p.m. a.m. p.m. a.m. a....,10:27 p.m.m. a.m. p.m. a.m. p.m. a.m. a....
2185,gofox,CO-1088-CLE-IAH,8:40 p.m.m. a.m. p.m. a.m. p.m. a.m. a....,8:40 p.m.m. a.m. p.m. a.m. p.m. a.m. a....,10:54 p.m.m. a.m. p.m. a.m. p.m. a.m. a....,10:56 p.m.m. a.m. p.m. a.m. p.m. a.m. a....
2186,gofox,AA-1664-MIA-ATL,10:15 p.m.m. a.m. p.m. a.m. p.m. a.m. a....,10:19 p.m.m. a.m. p.m. a.m. p.m. a.m. a....,12:10 p.m.m. a.m. p.m. a.m. p.m. a.m. p....,11:50 p.m.m. a.m. p.m. a.m. p.m. a.m. a....
2187,gofox,AA-1279-DFW-PHX,1:00 p.m.m. a.m. p.m. a.m. p.m. a.m. p....,2:04 p.m.m. a.m. p.m. a.m. p.m. a.m. p....,2:35 p.m.m. a.m. p.m. a.m. p.m. a.m. p....,3:13 p.m.m. a.m. p.m. a.m. p.m. a.m. p....
2188,gofox,UA-854-SFO-IAH,7:53 p.m.m. a.m. p.m. a.m. p.m. a.m. a....,8:07 p.m.m. a.m. p.m. a.m. p.m. a.m. a....,1:39 p.m.m. a.m. p.m. a.m. p.m. a.m. p....,1:30 p.m.m. a.m. p.m. a.m. p.m. a.m. p....
2189,gofox,UA-382-IAD-LAX,12:30 p.m.m. a.m. p.m. a.m. p.m. a.m. p....,12:56 p.m.m. a.m. p.m. a.m. p.m. a.m. p....,3:19 p.m.m. a.m. p.m. a.m. p.m. a.m. p....,3:21 p.m.m. a.m. p.m. a.m. p.m. a.m. p....
2190,gofox,AA-4344-ORD-DTW,11:45 p.m.m. a.m. p.m. a.m. p.m. a.m. a....,12:14 p.m.m. a.m. p.m. a.m. p.m. a.m. p....,2:00 p.m.m. a.m. p.m. a.m. p.m. a.m. p....,2:10 p.m.m. a.m. p.m. a.m. p.m. a.m. p....
2191,gofox,UA-257-JFK-SFO,2:30 p.m.m. a.m. p.m. a.m. p.m. a.m. p....,2:43 p.m.m. a.m. p.m. a.m. p.m. a.m. p....,6:15 p.m.m. a.m. p.m. a.m. p.m. a.m. p....,5:42 p.m.m. a.m. p.m. a.m. p.m. a.m. p....
2192,gofox,UA-2945-PHL-CLT,12:00 p.m.m. a.m. p.m. a.m. p.m. a.m. p....,12:08 p.m.m. a.m. p.m. a.m. p.m. a.m. p....,1:45 p.m.m. a.m. p.m. a.m. p.m. a.m. p....,1:15 p.m.m. a.m. p.m. a.m. p.m. a.m. p....
2193,gofox,CO-63-EWR-IAH,5:25 p.m.m. a.m. p.m. a.m. p.m. a.m. p....,5:38 p.m.m. a.m. p.m. a.m. p.m. a.m. p....,8:22 p.m.m. a.m. p.m. a.m. p.m. a.m. p....,8:03 p.m.m. a.m. p.m. a.m. p.m. a.m. p....
2194,gofox,CO-47-IAH-LAX,7:10 p.m.m. a.m. p.m. a.m. p.m. a.m. p....,8:25 p.m.m. a.m. p.m. a.m. p.m. a.m. p....,8:56 p.m.m. a.m. p.m. a.m. p.m. a.m. p....,9:38 p.m.m. a.m. p.m. a.m. p.m. a.m. p....
2195,gofox,AA-2050-ORD-MIA,10:40 p.m.m. a.m. p.m. a.m. p.m. a.m. a....,11:06 p.m.m. a.m. p.m. a.m. p.m. a.m. a....,2:45 p.m.m. a.m. p.m. a.m. p.m. a.m. p....,2:46 p.m.m. a.m. p.m. a.m. p.m. a.m. p....
2196,gofox,UA-248-PHX-ORD,12:57 p.m.m. a.m. p.m. a.m. p.m. a.m. p....,1:43 p.m.m. a.m. p.m. a.m. p.m. a.m. p....,5:15 p.m.m. a.m. p.m. a.m. p.m. a.m. p....,5:34 p.m.m. a.m. p.m. a.m. p.m. a.m. p....
2197,gofox,AA-4330-CVG-ORD,3:35 p.m.m. a.m. p.m. a.m. p.m. a.m. p....,3:36 p.m.m. a.m. p.m. a.m. p.m. a.m. p....,4:00 p.m.m. a.m. p.m. a.m. p.m. a.m. p....,3:33 p.m.m. a.m. p.m. a.m. p.m. a.m. p....
2198,gofox,AA-1434-DFW-MCO,7:15 p.m.m. a.m. p.m. a.m. p.m. a.m. a....,7:22 p.m.m. a.m. p.m. a.m. p.m. a.m. a....,10:35 p.m.m. a.m. p.m. a.m. p.m. a.m. a....,10:29 p.m.m. a.m. p.m. a.m. p.m. a.m. a....
2199,gofox,AA-1640-MIA-MCO,6:30 p.m.m. a.m. p.m. a.m. p.m. a.m. p....,6:47 p.m.m. a.m. p.m. a.m. p.m. a.m. p....,7:25 p.m.m. a.m. p.m. a.m. p.m. a.m. p....,7:25 p.m.m. a.m. p.m. a.m. p.m. a.m. p....
2200,gofox,AA-4307-ORD-DTW,6:45 p.m.m. a.m. p.m. a.m. p.m. a.m. p....,6:56 p.m.m. a.m. p.m. a.m. p.m. a.m. p....,9:10 p.m.m. a.m. p.m. a.m. p.m. a.m. p....,8:53 p.m.m. a.m. p.m. a.m. p.m. a.m. p....
2201,gofox,CO-1694-LAX-IAH,7:15 p.m.m. a.m. p.m. a.m. p.m. a.m. p....,7:15 p.m.m. a.m. p.m. a.m. p.m. a.m. p....,12:21 p.m.m. a.m. p.m. a.m. p.m. a.m. a....,12:21 p.m.m. a.m. p.m. a.m. p.m. a.m. a....
2202,gofox,UA-843-LAX-ORD,1:55 p.m.m. a.m. p.m. a.m. p.m. a.m. p....,2:38 p.m.m. a.m. p.m. a.m. p.m. a.m. p....,7:53 p.m.m. a.m. p.m. a.m. p.m. a.m. p....,7:58 p.m.m. a.m. p.m. a.m. p.m. a.m. p....
2203,gofox,CO-1193-EWR-MCO,9:15 p.m.m. a.m. p.m. a.m. p.m. a.m. a....,9:14 p.m.m. a.m. p.m. a.m. p.m. a.m. a....,12:18 p.m.m. a.m. p.m. a.m. p.m. a.m. p....,12:09 p.m.m. a.m. p.m. a.m. p.m. a.m. p....
2204,gofox,AA-3842-MSP-ORD,6:00 p.m.m. a.m. p.m. a.m. p.m. a.m. a....,6:56 p.m.m. a.m. p.m. a.m. p.m. a.m. a....,7:30 p.m.m. a.m. p.m. a.m. p.m. a.m. a....,7:51 p.m.m. a.m. p.m. a.m. p.m. a.m. a....
2205,gofox,AA-643-MIA-ORD,7:10 p.m.m. a.m. p.m. a.m. p.m. a.m. a....,7:31 p.m.m. a.m. p.m. a.m. p.m. a.m. a....,9:35 p.m.m. a.m. p.m. a.m. p.m. a.m. a....,9:26 p.m.m. a.m. p.m. a.m. p.m. a.m. a....
2206,gofox,AA-1007-MIA-PHX,4:55 p.m.m. a.m. p.m. a.m. p.m. a.m. p....,5:09 p.m.m. a.m. p.m. a.m. p.m. a.m. p....,8:05 p.m.m. a.m. p.m. a.m. p.m. a.m. p....,7:55 p.m.m. a.m. p.m. a.m. p.m. a.m. p....
2207,gofox,UA-2906-PHL-MCO,3:50 p.m.m. a.m. p.m. a.m. p.m. a.m. p....,4:28 p.m.m. a.m. p.m. a.m. p.m. a.m. p....,6:23 p.m.m. a.m. p.m. a.m. p.m. a.m. p....,6:38 p.m.m. a.m. p.m. a.m. p.m. a.m. p....
2208,gofox,UA-938-DEN-ORD,4:16 p.m.m. a.m. p.m. a.m. p.m. a.m. p....,4:37 p.m.m. a.m. p.m. a.m. p.m. a.m. p....,7:35 p.m.m. a.m. p.m. a.m. p.m. a.m. p....,7:36 p.m.m. a.m. p.m. a.m. p.m. a.m. p....
2209,gofox,AA-1221-MCO-ORD,8:00 p.m.m. a.m. p.m. a.m. p.m. a.m. p....,8:23 p.m.m. a.m. p.m. a.m. p.m. a.m. p....,9:45 p.m.m. a.m. p.m. a.m. p.m. a.m. p....,9:53 p.m.m. a.m. p.m. a.m. p.m. a.m. p....
2210,gofox,CO-16-LAX-EWR,10:25 p.m.m. a.m. p.m. a.m. p.m. a.m. a....,10:20 p.m.m. a.m. p.m. a.m. p.m. a.m. a....,6:44 p.m.m. a.m. p.m. a.m. p.m. a.m. p....,6:34 p.m.m. a.m. p.m. a.m. p.m. a.m. p....
2211,gofox,UA-2515-DFW-CLT,7:05 p.m.m. a.m. p.m. a.m. p.m. a.m. a....,7:31 p.m.m. a.m. p.m. a.m. p.m. a.m. a....,10:31 p.m.m. a.m. p.m. a.m. p.m. a.m. a....,10:45 p.m.m. a.m. p.m. a.m. p.m. a.m. a....
2212,gofox,AA-400-DFW-JFK,10:40 p.m.m. a.m. p.m. a.m. p.m. a.m. a....,11:02 p.m.m. a.m. p.m. a.m. p.m. a.m. a....,2:59 p.m.m. a.m. p.m. a.m. p.m. a.m. p....,3:04 p.m.m. a.m. p.m. a.m. p.m. a.m. p....
2213,gofox,UA-664-ORD-PHL,1:33 p.m.m. a.m. p.m. a.m. p.m. a.m. p....,1:48 p.m.m. a.m. p.m. a.m. p.m. a.m. p....,4:31 p.m.m. a.m. p.m. a.m. p.m. a.m. p....,4:23 p.m.m. a.m. p.m. a.m. p.m. a.m. p....
2214,gofox,AA-3756-ORD-SLC,12:15 p.m.m. a.m. p.m. a.m. p.m. a.m. p....,12:42 p.m.m. a.m. p.m. a.m. p.m. a.m. p....,2:45 p.m.m. a.m. p.m. a.m. p.m. a.m. p....,2:50 p.m.m. a.m. p.m. a.m. p.m. a.m. p....
2215,gofox,UA-37-EWR-MCO,1:29 p.m.m. a.m. p.m. a.m. p.m. a.m. p....,2:01 p.m.m. a.m. p.m. a.m. p.m. a.m. p....,4:17 p.m.m. a.m. p.m. a.m. p.m. a.m. p....,4:17 p.m.m. a.m. p.m. a.m. p.m. a.m. p....
2216,gofox,AA-1522-SFO-ORD,11:55 p.m.m. a.m. p.m. a.m. p.m. a.m. p....,12:11 p.m.m. a.m. p.m. a.m. p.m. a.m. a....,5:50 p.m.m. a.m. p.m. a.m. p.m. a.m. a....,5:42 p.m.m. a.m. p.m. a.m. p.m. a.m. a....
2217,gofox,UA-233-LAX-JFK,4:25 p.m.m. a.m. p.m. a.m. p.m. a.m. p....,4:28 p.m.m. a.m. p.m. a.m. p.m. a.m. p....,12:29 p.m.m. a.m. p.m. a.m. p.m. a.m. a....,12:01 p.m.m. a.m. p.m. a.m. p.m. a.m. a....
2218,gofox,AA-3823-LAX-DEN,9:00 p.m.m. a.m. p.m. a.m. p.m. a.m. p....,9:06 p.m.m. a.m. p.m. a.m. p.m. a.m. p....,12:15 p.m.m. a.m. p.m. a.m. p.m. a.m. a....,11:49 p.m.m. a.m. p.m. a.m. p.m. a.m. p....
2219,gofox,AA-2312-DFW-DTW,8:25 p.m.m. a.m. p.m. a.m. p.m. a.m. p....,8:29 p.m.m. a.m. p.m. a.m. p.m. a.m. p....,11:50 p.m.m. a.m. p.m. a.m. p.m. a.m. p....,11:35 p.m.m. a.m. p.m. a.m. p.m. a.m. p....
2220,gofox,AA-1165-JFK-MIA,6:59 p.m.m. a.m. p.m. a.m. p.m. a.m. a....,7:23 p.m.m. a.m. p.m. a.m. p.m. a.m. a....,10:34 p.m.m. a.m. p.m. a.m. p.m. a.m. a....,10:04 p.m.m. a.m. p.m. a.m. p.m. a.m. a....
2221,gofox,AA-431-MIA-SFO,8:35 p.m.m. a.m. p.m. a.m. p.m. a.m. a....,8:52 p.m.m. a.m. p.m. a.m. p.m. a.m. a....,11:50 p.m.m. a.m. p.m. a.m. p.m. a.m. a....,11:44 p.m.m. a.m. p.m. a.m. p.m. a.m. a....
2222,gofox,UA-3373-IAD-PHL,8:29 p.m.m. a.m. p.m. a.m. p.m. a.m. a....,8:37 p.m.m. a.m. p.m. a.m. p.m. a.m. a....,9:24 p.m.m. a.m. p.m. a.m. p.m. a.m. a....,9:13 p.m.m. a.m. p.m. a.m. p.m. a.m. a....
2223,gofox,AA-649-ORD-SNA,1:30 p.m.m. a.m. p.m. a.m. p.m. a.m. p....,1:41 p.m.m. a.m. p.m. a.m. p.m. a.m. p....,3:50 p.m.m. a.m. p.m. a.m. p.m. a.m. p....,3:29 p.m.m. a.m. p.m. a.m. p.m. a.m. p....
2224,gofox,CO-1250-MIA-IAH,2:53 p.m.m. a.m. p.m. a.m. p.m. a.m. p....,3:01 p.m.m. a.m. p.m. a.m. p.m. a.m. p....,4:48 p.m.m. a.m. p.m. a.m. p.m. a.m. p....,4:59 p.m.m. a.m. p.m. a.m. p.m. a.m. p....
2225,gofox,UA-6273-YYC-SFO,7:35 p.m.m. a.m. p.m. a.m. p.m. a.m. a....,7:41 p.m.m. a.m. p.m. a.m. p.m. a.m. a....,9:43 p.m.m. a.m. p.m. a.m. p.m. a.m. a....,8:45 p.m.m. a.m. p.m. a.m. p.m. a.m. a....
2226,gofox,UA-828-SFO-ORD,11:08 p.m.m. a.m. p.m. a.m. p.m. a.m. p....,11:35 p.m.m. a.m. p.m. a.m. p.m. a.m. p....,5:11 p.m.m. a.m. p.m. a.m. p.m. a.m. a....,5:21 p.m.m. a.m. p.m. a.m. p.m. a.m. a....
2227,gofox,CO-4888-IAH-DAL,5:30 p.m.m. a.m. p.m. a.m. p.m. a.m. p....,5:38 p.m.m. a.m. p.m. a.m. p.m. a.m. p....,6:40 p.m.m. a.m. p.m. a.m. p.m. a.m. p....,6:19 p.m.m. a.m. p.m. a.m. p.m. a.m. p....
2228,gofox,UA-858-PVG-SFO,1:45 p.m.m. a.m. p.m. a.m. p.m. a.m. p....,1:32 p.m.m. a.m. p.m. a.m. p.m. a.m. p....,8:27 p.m.m. a.m. p.m. a.m. p.m. a.m. a....,8:02 p.m.m. a.m. p.m. a.m. p.m. a.m. a....
2229,gofox,UA-2704-DTW-PHX,11:15 p.m.m. a.m. p.m. a.m. p.m. a.m. a....,11:47 p.m.m. a.m. p.m. a.m. p.m. a.m. a....,1:40 p.m.m. a.m. p.m. a.m. p.m. a.m. p....,2:02 p.m.m. a.m. p.m. a.m. p.m. a.m. p....
2230,gofox,AA-3063-SLC-LAX,8:20 p.m.m. a.m. p.m. a.m. p.m. a.m. p....,8:40 p.m.m. a.m. p.m. a.m. p.m. a.m. p....,9:20 p.m.m. a.m. p.m. a.m. p.m. a.m. p....,9:11 p.m.m. a.m. p.m. a.m. p.m. a.m. p....
2231,gofox,UA-2708-EWR-CLT,2:55 p.m.m. a.m. p.m. a.m. p.m. a.m. p....,3:04 p.m.m. a.m. p.m. a.m. p.m. a.m. p....,4:53 p.m.m. a.m. p.m. a.m. p.m. a.m. p....,4:24 p.m.m. a.m. p.m. a.m. p.m. a.m. p....
2232,gofox,UA-62-IAH-EWR,2:30 p.m.m. a.m. p.m. a.m. p.m. a.m. p....,2:48 p.m.m. a.m. p.m. a.m. p.m. a.m. p....,7:03 p.m.m. a.m. p.m. a.m. p.m. a.m. p....,7:10 p.m.m. a.m. p.m. a.m. p.m. a.m. p....
2233,gofox,UA-1500-IAH-GUA,8:55 p.m.m. a.m. p.m. a.m. p.m. a.m. a....,9:43 p.m.m. a.m. p.m. a.m. p.m. a.m. a....,11:45 p.m.m. a.m. p.m. a.m. p.m. a.m. a....,12:12 p.m.m. a.m. p.m. a.m. p.m. a.m. p....
2234,gofox,AA-3804-PHL-ORD,2:35 p.m.m. a.m. p.m. a.m. p.m. a.m. p....,2:44 p.m.m. a.m. p.m. a.m. p.m. a.m. p....,4:05 p.m.m. a.m. p.m. a.m. p.m. a.m. p....,3:36 p.m.m. a.m. p.m. a.m. p.m. a.m. p....
2235,gofox,AA-1917-JFK-MCO,2:55 p.m.m. a.m. p.m. a.m. p.m. a.m. p....,3:27 p.m.m. a.m. p.m. a.m. p.m. a.m. p....,5:55 p.m.m. a.m. p.m. a.m. p.m. a.m. p....,5:43 p.m.m. a.m. p.m. a.m. p.m. a.m. p....
2236,gofox,AA-2268-PHX-ORD,7:15 p.m.m. a.m. p.m. a.m. p.m. a.m. a....,7:23 p.m.m. a.m. p.m. a.m. p.m. a.m. a....,11:35 p.m.m. a.m. p.m. a.m. p.m. a.m. a....,11:04 p.m.m. a.m. p.m. a.m. p.m. a.m. a....
2237,gofox,AA-4277-CVG-JFK,12:10 p.m.m. a.m. p.m. a.m. p.m. a.m. p....,12:11 p.m.m. a.m. p.m. a.m. p.m. a.m. p....,2:15 p.m.m. a.m. p.m. a.m. p.m. a.m. p....,1:43 p.m.m. a.m. p.m. a.m. p.m. a.m. p....
2238,gofox,AA-2957-DFW-CVG,7:55 p.m.m. a.m. p.m. a.m. p.m. a.m. a....,8:04 p.m.m. a.m. p.m. a.m. p.m. a.m. a....,11:05 p.m.m. a.m. p.m. a.m. p.m. a.m. a....,11:01 p.m.m. a.m. p.m. a.m. p.m. a.m. a....
2239,gofox,UA-37-EDI-EWR,9:05 p.m.m. a.m. p.m. a.m. p.m. a.m. a....,9:05 p.m.m. a.m. p.m. a.m. p.m. a.m. a....,11:53 p.m.m. a.m. p.m. a.m. p.m. a.m. a....,12:09 p.m.m. a.m. p.m. a.m. p.m. a.m. p....
2240,gofox,AA-789-ORD-DEN,1:05 p.m.m. a.m. p.m. a.m. p.m. a.m. p....,1:19 p.m.m. a.m. p.m. a.m. p.m. a.m. p....,2:35 p.m.m. a.m. p.m. a.m. p.m. a.m. p....,3:13 p.m.m. a.m. p.m. a.m. p.m. a.m. p....
2241,gofox,AA-415-BOS-ORD,8:35 p.m.m. a.m. p.m. a.m. p.m. a.m. a....,8:56 p.m.m. a.m. p.m. a.m. p.m. a.m. a....,10:40 p.m.m. a.m. p.m. a.m. p.m. a.m. a....,10:16 p.m.m. a.m. p.m. a.m. p.m. a.m. a....
2242,gofox,AA-85-JFK-SFO,3:05 p.m.m. a.m. p.m. a.m. p.m. a.m. p....,3:38 p.m.m. a.m. p.m. a.m. p.m. a.m. p....,6:30 p.m.m. a.m. p.m. a.m. p.m. a.m. p....,6:43 p.m.m. a.m. p.m. a.m. p.m. a.m. p....
2243,gofox,AA-3979-CVG-ORD,7:30 p.m.m. a.m. p.m. a.m. p.m. a.m. a....,8:04 p.m.m. a.m. p.m. a.m. p.m. a.m. a....,8:00 p.m.m. a.m. p.m. a.m. p.m. a.m. a....,8:06 p.m.m. a.m. p.m. a.m. p.m. a.m. a....
2244,gofox,AA-1544-SAN-ORD,11:25 p.m.m. a.m. p.m. a.m. p.m. a.m. a....,11:41 p.m.m. a.m. p.m. a.m. p.m. a.m. a....,5:25 p.m.m. a.m. p.m. a.m. p.m. a.m. p....,4:56 p.m.m. a.m. p.m. a.m. p.m. a.m. p....
2245,gofox,AA-3786-IAH-ORD,4:00 p.m.m. a.m. p.m. a.m. p.m. a.m. p....,4:12 p.m.m. a.m. p.m. a.m. p.m. a.m. p....,6:40 p.m.m. a.m. p.m. a.m. p.m. a.m. p....,6:15 p.m.m. a.m. p.m. a.m. p.m. a.m. p....
2246,gofox,AA-271-MIA-LAX,11:35 p.m.m. a.m. p.m. a.m. p.m. a.m. a....,11:52 p.m.m. a.m. p.m. a.m. p.m. a.m. a....,2:25 p.m.m. a.m. p.m. a.m. p.m. a.m. p....,2:27 p.m.m. a.m. p.m. a.m. p.m. a.m. p....
2247,gofox,AA-2525-DFW-MIA,7:25 p.m.m. a.m. p.m. a.m. p.m. a.m. a....,7:39 p.m.m. a.m. p.m. a.m. p.m. a.m. a....,11:10 p.m.m. a.m. p.m. a.m. p.m. a.m. a....,11:06 p.m.m. a.m. p.m. a.m. p.m. a.m. a....
2248,gofox,CO-50-CLE-EWR,2:55 p.m.m. a.m. p.m. a.m. p.m. a.m. p....,3:31 p.m.m. a.m. p.m. a.m. p.m. a.m. p....,4:49 p.m.m. a.m. p.m. a.m. p.m. a.m. p....,5:26 p.m.m. a.m. p.m. a.m. p.m. a.m. p....
2249,gofox,UA-3099-PHX-PHL,11:55 p.m.m. a.m. p.m. a.m. p.m. a.m. a....,11:55 p.m.m. a.m. p.m. a.m. p.m. a.m. a....,6:17 p.m.m. a.m. p.m. a.m. p.m. a.m. p....,5:38 p.m.m. a.m. p.m. a.m. p.m. a.m. p....
2250,gofox,AA-4198-ORD-CLE,10:40 p.m.m. a.m. p.m. a.m. p.m. a.m. a....,10:55 p.m.m. a.m. p.m. a.m. p.m. a.m. a....,12:55 p.m.m. a.m. p.m. a.m. p.m. a.m. p....,12:50 p.m.m. a.m. p.m. a.m. p.m. a.m. p....
2251,gofox,AA-404-MIA-MCO,6:45 p.m.m. a.m. p.m. a.m. p.m. a.m. a....,6:58 p.m.m. a.m. p.m. a.m. p.m. a.m. a....,7:45 p.m.m. a.m. p.m. a.m. p.m. a.m. a....,7:40 p.m.m. a.m. p.m. a.m. p.m. a.m. a....
2252,gofox,CO-45-EWR-MIA,4:00 p.m.m. a.m. p.m. a.m. p.m. a.m. p....,3:58 p.m.m. a.m. p.m. a.m. p.m. a.m. p....,7:05 p.m.m. a.m. p.m. a.m. p.m. a.m. p....,6:36 p.m.m. a.m. p.m. a.m. p.m. a.m. p....
2253,gofox,AA-3809-PHX-LAX,6:00 p.m.m. a.m. p.m. a.m. p.m. a.m. a....,6:10 p.m.m. a.m. p.m. a.m. p.m. a.m. a....,6:40 p.m.m. a.m. p.m. a.m. p.m. a.m. a....,6:19 p.m.m. a.m. p.m. a.m. p.m. a.m. a....
2254,gofox,AA-59-JFK-SFO,7:10 p.m.m. a.m. p.m. a.m. p.m. a.m. a....,7:40 p.m.m. a.m. p.m. a.m. p.m. a.m. a....,10:45 p.m.m. a.m. p.m. a.m. p.m. a.m. a....,11:12 p.m.m. a.m. p.m. a.m. p.m. a.m. a....
2255,gofox,AA-222-LAX-BOS,7:10 p.m.m. a.m. p.m. a.m. p.m. a.m. a....,7:32 p.m.m. a.m. p.m. a.m. p.m. a.m. a....,3:30 p.m.m. a.m. p.m. a.m. p.m. a.m. p....,3:14 p.m.m. a.m. p.m. a.m. p.m. a.m. p....
2256,flightaware,AA-3859-IAH-ORD,7:10 p.m.m. a.m. p.m. a.m. p.m. a.m. a....,7:16 p.m.m. a.m. p.m. a.m. p.m. a.m. a....,9:40 p.m.m. a.m. p.m. a.m. p.m. a.m. a....,9:22 p.m.m. a.m. p.m. a.m. p.m. a.m. a....
2257,flightaware,AA-518-MIA-JFK,6:40 p.m.m. a.m. p.m. a.m. p.m. a.m. a....,6:54 p.m.m. a.m. p.m. a.m. p.m. a.m. a....,9:25 p.m.m. a.m. p.m. a.m. p.m. a.m. a....,9:28 p.m.m. a.m. p.m. a.m. p.m. a.m. a....
2258,flightaware,CO-1586-IAH-MCO,7:00 p.m.m. a.m. p.m. a.m. p.m. a.m. p....,7:42 p.m.m. a.m. p.m. a.m. p.m. a.m. p....,10:15 p.m.m. a.m. p.m. a.m. p.m. a.m. p....,10:29 p.m.m. a.m. p.m. a.m. p.m. a.m. p....
2259,flightaware,UA-3925-IAD-ORF,8:41 p.m.m. a.m. p.m. a.m. p.m. a.m. a....,8:42 p.m.m. a.m. p.m. a.m. p.m. a.m. a....,9:54 p.m.m. a.m. p.m. a.m. p.m. a.m. a....,9:43 p.m.m. a.m. p.m. a.m. p.m. a.m. a....
2260,flightaware,AA-1733-ORD-PHX,7:45 p.m.m. a.m. p.m. a.m. p.m. a.m. p....,7:59 p.m.m. a.m. p.m. a.m. p.m. a.m. p....,10:30 p.m.m. a.m. p.m. a.m. p.m. a.m. p....,10:30 p.m.m. a.m. p.m. a.m. p.m. a.m. p....
2261,flightaware,AA-204-LAX-MCO,11:25 p.m.m. a.m. p.m. a.m. p.m. a.m. p....,11:29 p.m.m. a.m. p.m. a.m. p.m. a.m. p....,6:55 p.m.m. a.m. p.m. a.m. p.m. a.m. a....,12211 6:35 p.m.m. a.m. p.m. a.m. p.m. a.m. a....
2262,flightaware,UA-2726-FLL-PHL,4:00 p.m.m. a.m. p.m. a.m. p.m. a.m. p....,4:10 p.m.m. a.m. p.m. a.m. p.m. a.m. p....,6:46 p.m.m. a.m. p.m. a.m. p.m. a.m. p....,6:25 p.m.m. a.m. p.m. a.m. p.m. a.m. p....
2263,flightaware,CO-52-IAH-LAX,7:35 p.m.m. a.m. p.m. a.m. p.m. a.m. a....,7:56 p.m.m. a.m. p.m. a.m. p.m. a.m. a....,9:21 p.m.m. a.m. p.m. a.m. p.m. a.m. a....,9:09 p.m.m. a.m. p.m. a.m. p.m. a.m. a....
2264,flightaware,AA-3468-CVG-MIA,7:00 p.m.m. a.m. p.m. a.m. p.m. a.m. a....,7:25 p.m.m. a.m. p.m. a.m. p.m. a.m. a....,9:55 p.m.m. a.m. p.m. a.m. p.m. a.m. a....,9:45 p.m.m. a.m. p.m. a.m. p.m. a.m. a....
2265,flightaware,AA-484-DFW-MIA,4:15 p.m.m. a.m. p.m. a.m. p.m. a.m. p....,4:29 p.m.m. a.m. p.m. a.m. p.m. a.m. p....,7:55 p.m.m. a.m. p.m. a.m. p.m. a.m. p....,7:39 p.m.m. a.m. p.m. a.m. p.m. a.m. p....
2266,flightaware,AA-616-DFW-DTW,9:05 p.m.m. a.m. p.m. a.m. p.m. a.m. a....,10:11 p.m.m. a.m. p.m. a.m. p.m. a.m. a....,12:35 p.m.m. a.m. p.m. a.m. p.m. a.m. p....,1:27 p.m.m. a.m. p.m. a.m. p.m. a.m. p....
2267,flightaware,AA-446-DFW-PHL,11:50 p.m.m. a.m. p.m. a.m. p.m. a.m. a....,12:13 p.m.m. a.m. p.m. a.m. p.m. a.m. p....,3:50 p.m.m. a.m. p.m. a.m. p.m. a.m. p....,4:09 p.m.m. a.m. p.m. a.m. p.m. a.m. p....
2268,flightaware,CO-1023-IAH-DEN,11:40 p.m.m. a.m. p.m. a.m. p.m. a.m. a....,12:06 p.m.m. a.m. p.m. a.m. p.m. a.m. p....,1:17 p.m.m. a.m. p.m. a.m. p.m. a.m. p....,1:14 p.m.m. a.m. p.m. a.m. p.m. a.m. p....
2269,flightaware,AA-466-IAH-MIA,6:00 p.m.m. a.m. p.m. a.m. p.m. a.m. a....,6:09 p.m.m. a.m. p.m. a.m. p.m. a.m. a....,9:20 p.m.m. a.m. p.m. a.m. p.m. a.m. a....,9:05 p.m.m. a.m. p.m. a.m. p.m. a.m. a....
2270,flightaware,UA-3050-PHX-CLT,11:05 p.m.m. a.m. p.m. a.m. p.m. a.m. a....,11:45 p.m.m. a.m. p.m. a.m. p.m. a.m. a....,4:57 p.m.m. a.m. p.m. a.m. p.m. a.m. p....,5:05 p.m.m. a.m. p.m. a.m. p.m. a.m. p....
2271,flightaware,AA-2957-DFW-CVG,7:55 p.m.m. a.m. p.m. a.m. p.m. a.m. a....,8:04 p.m.m. a.m. p.m. a.m. p.m. a.m. a....,11:05 p.m.m. a.m. p.m. a.m. p.m. a.m. a....,11:01 p.m.m. a.m. p.m. a.m. p.m. a.m. a....
2272,flightaware,AA-1664-MIA-ATL,10:15 p.m.m. a.m. p.m. a.m. p.m. a.m. a....,10:19 p.m.m. a.m. p.m. a.m. p.m. a.m. a....,12:10 p.m.m. a.m. p.m. a.m. p.m. a.m. p....,11:50 p.m.m. a.m. p.m. a.m. p.m. a.m. a....
2273,flightaware,AA-3979-CVG-ORD,7:30 p.m.m. a.m. p.m. a.m. p.m. a.m. a....,8:04 p.m.m. a.m. p.m. a.m. p.m. a.m. a....,8:00 p.m.m. a.m. p.m. a.m. p.m. a.m. a....,8:06 p.m.m. a.m. p.m. a.m. p.m. a.m. a....
2274,flightaware,AA-1279-DFW-PHX,1:00 p.m.m. a.m. p.m. a.m. p.m. a.m. p....,2:04 p.m.m. a.m. p.m. a.m. p.m. a.m. p....,2:35 p.m.m. a.m. p.m. a.m. p.m. a.m. p....,3:13 p.m.m. a.m. p.m. a.m. p.m. a.m. p....
2275,flightaware,AA-404-MIA-MCO,6:45 p.m.m. a.m. p.m. a.m. p.m. a.m. a....,6:58 p.m.m. a.m. p.m. a.m. p.m. a.m. a....,7:45 p.m.m. a.m. p.m. a.m. p.m. a.m. a....,7:40 p.m.m. a.m. p.m. a.m. p.m. a.m. a....
2276,flightaware,AA-3756-ORD-SLC,12:15 p.m.m. a.m. p.m. a.m. p.m. a.m. p....,12:42 p.m.m. a.m. p.m. a.m. p.m. a.m. p....,2:45 p.m.m. a.m. p.m. a.m. p.m. a.m. p....,2:50 p.m.m. a.m. p.m. a.m. p.m. a.m. p....
2277,flightaware,UA-382-IAD-LAX,12:30 p.m.m. a.m. p.m. a.m. p.m. a.m. p....,12:56 p.m.m. a.m. p.m. a.m. p.m. a.m. p....,3:19 p.m.m. a.m. p.m. a.m. p.m. a.m. p....,3:21 p.m.m. a.m. p.m. a.m. p.m. a.m. p....
2278,flightaware,UA-257-JFK-SFO,2:30 p.m.m. a.m. p.m. a.m. p.m. a.m. p....,2:43 p.m.m. a.m. p.m. a.m. p.m. a.m. p....,6:15 p.m.m. a.m. p.m. a.m. p.m. a.m. p....,5:42 p.m.m. a.m. p.m. a.m. p.m. a.m. p....
2279,flightaware,UA-2945-PHL-CLT,12:00 p.m.m. a.m. p.m. a.m. p.m. a.m. p....,12:08 p.m.m. a.m. p.m. a.m. p.m. a.m. p....,1:45 p.m.m. a.m. p.m. a.m. p.m. a.m. p....,1:15 p.m.m. a.m. p.m. a.m. p.m. a.m. p....
2280,flightaware,CO-63-EWR-IAH,5:25 p.m.m. a.m. p.m. a.m. p.m. a.m. p....,5:38 p.m.m. a.m. p.m. a.m. p.m. a.m. p....,8:22 p.m.m. a.m. p.m. a.m. p.m. a.m. p....,8:03 p.m.m. a.m. p.m. a.m. p.m. a.m. p....
2281,flightaware,AA-2525-DFW-MIA,7:25 p.m.m. a.m. p.m. a.m. p.m. a.m. a....,7:39 p.m.m. a.m. p.m. a.m. p.m. a.m. a....,11:10 p.m.m. a.m. p.m. a.m. p.m. a.m. a....,11:06 p.m.m. a.m. p.m. a.m. p.m. a.m. a....
2282,flightaware,CO-47-IAH-LAX,7:10 p.m.m. a.m. p.m. a.m. p.m. a.m. p....,8:25 p.m.m. a.m. p.m. a.m. p.m. a.m. p....,8:56 p.m.m. a.m. p.m. a.m. p.m. a.m. p....,9:38 p.m.m. a.m. p.m. a.m. p.m. a.m. p....
2283,flightaware,AA-271-MIA-LAX,11:35 p.m.m. a.m. p.m. a.m. p.m. a.m. a....,11:52 p.m.m. a.m. p.m. a.m. p.m. a.m. a....,2:25 p.m.m. a.m. p.m. a.m. p.m. a.m. p....,2:27 p.m.m. a.m. p.m. a.m. p.m. a.m. p....
2284,flightaware,AA-2050-ORD-MIA,10:40 p.m.m. a.m. p.m. a.m. p.m. a.m. a....,11:06 p.m.m. a.m. p.m. a.m. p.m. a.m. a....,2:45 p.m.m. a.m. p.m. a.m. p.m. a.m. p....,2:46 p.m.m. a.m. p.m. a.m. p.m. a.m. p....
2285,flightaware,AA-4330-CVG-ORD,3:35 p.m.m. a.m. p.m. a.m. p.m. a.m. p....,3:36 p.m.m. a.m. p.m. a.m. p.m. a.m. p....,4:00 p.m.m. a.m. p.m. a.m. p.m. a.m. p....,3:33 p.m.m. a.m. p.m. a.m. p.m. a.m. p....
2286,flightaware,AA-1434-DFW-MCO,7:15 p.m.m. a.m. p.m. a.m. p.m. a.m. a....,7:22 p.m.m. a.m. p.m. a.m. p.m. a.m. a....,10:35 p.m.m. a.m. p.m. a.m. p.m. a.m. a....,10:29 p.m.m. a.m. p.m. a.m. p.m. a.m. a....
2287,flightaware,AA-1640-MIA-MCO,6:30 p.m.m. a.m. p.m. a.m. p.m. a.m. p....,6:47 p.m.m. a.m. p.m. a.m. p.m. a.m. p....,7:25 p.m.m. a.m. p.m. a.m. p.m. a.m. p....,7:25 p.m.m. a.m. p.m. a.m. p.m. a.m. p....
2288,flightaware,AA-4307-ORD-DTW,6:45 p.m.m. a.m. p.m. a.m. p.m. a.m. p....,6:56 p.m.m. a.m. p.m. a.m. p.m. a.m. p....,9:10 p.m.m. a.m. p.m. a.m. p.m. a.m. p....,8:53 p.m.m. a.m. p.m. a.m. p.m. a.m. p....
2289,flightaware,AA-3-JFK-LAX,12:00 p.m.m. a.m. p.m. a.m. p.m. a.m. p....,12:12 p.m.m. a.m. p.m. a.m. p.m. a.m. p....,3:15 p.m.m. a.m. p.m. a.m. p.m. a.m. p....,3:16 p.m.m. a.m. p.m. a.m. p.m. a.m. p....
2290,flightaware,CO-1694-LAX-IAH,7:15 p.m.m. a.m. p.m. a.m. p.m. a.m. p....,7:15 p.m.m. a.m. p.m. a.m. p.m. a.m. p....,12:21 p.m.m. a.m. p.m. a.m. p.m. a.m. a....,12:21 p.m.m. a.m. p.m. a.m. p.m. a.m. a....
2291,flightaware,CO-1193-EWR-MCO,9:15 p.m.m. a.m. p.m. a.m. p.m. a.m. a....,9:14 p.m.m. a.m. p.m. a.m. p.m. a.m. a....,12:18 p.m.m. a.m. p.m. a.m. p.m. a.m. p....,12:09 p.m.m. a.m. p.m. a.m. p.m. a.m. p....
2292,flightaware,AA-3842-MSP-ORD,6:00 p.m.m. a.m. p.m. a.m. p.m. a.m. a....,6:56 p.m.m. a.m. p.m. a.m. p.m. a.m. a....,7:30 p.m.m. a.m. p.m. a.m. p.m. a.m. a....,7:51 p.m.m. a.m. p.m. a.m. p.m. a.m. a....
2293,flightaware,AA-643-MIA-ORD,7:10 p.m.m. a.m. p.m. a.m. p.m. a.m. a....,7:31 p.m.m. a.m. p.m. a.m. p.m. a.m. a....,9:35 p.m.m. a.m. p.m. a.m. p.m. a.m. a....,9:26 p.m.m. a.m. p.m. a.m. p.m. a.m. a....
2294,flightaware,AA-1007-MIA-PHX,4:55 p.m.m. a.m. p.m. a.m. p.m. a.m. p....,5:09 p.m.m. a.m. p.m. a.m. p.m. a.m. p....,8:05 p.m.m. a.m. p.m. a.m. p.m. a.m. p....,7:55 p.m.m. a.m. p.m. a.m. p.m. a.m. p....
2295,flightaware,UA-2906-PHL-MCO,3:50 p.m.m. a.m. p.m. a.m. p.m. a.m. p....,4:28 p.m.m. a.m. p.m. a.m. p.m. a.m. p....,6:23 p.m.m. a.m. p.m. a.m. p.m. a.m. p....,6:38 p.m.m. a.m. p.m. a.m. p.m. a.m. p....
2296,flightaware,AA-1221-MCO-ORD,8:00 p.m.m. a.m. p.m. a.m. p.m. a.m. p....,8:23 p.m.m. a.m. p.m. a.m. p.m. a.m. p....,9:45 p.m.m. a.m. p.m. a.m. p.m. a.m. p....,9:53 p.m.m. a.m. p.m. a.m. p.m. a.m. p....
2297,flightaware,AA-400-DFW-JFK,10:40 p.m.m. a.m. p.m. a.m. p.m. a.m. a....,11:02 p.m.m. a.m. p.m. a.m. p.m. a.m. a....,2:59 p.m.m. a.m. p.m. a.m. p.m. a.m. p....,3:04 p.m.m. a.m. p.m. a.m. p.m. a.m. p....
2298,flightaware,UA-664-ORD-PHL,1:33 p.m.m. a.m. p.m. a.m. p.m. a.m. p....,1:48 p.m.m. a.m. p.m. a.m. p.m. a.m. p....,4:31 p.m.m. a.m. p.m. a.m. p.m. a.m. p....,4:23 p.m.m. a.m. p.m. a.m. p.m. a.m. p....
2299,flightaware,UA-37-EWR-MCO,1:29 p.m.m. a.m. p.m. a.m. p.m. a.m. p....,2:01 p.m.m. a.m. p.m. a.m. p.m. a.m. p....,4:17 p.m.m. a.m. p.m. a.m. p.m. a.m. p....,4:17 p.m.m. a.m. p.m. a.m. p.m. a.m. p....
2300,flightaware,UA-233-LAX-JFK,4:25 p.m.m. a.m. p.m. a.m. p.m. a.m. p....,4:28 p.m.m. a.m. p.m. a.m. p.m. a.m. p....,12:29 p.m.m. a.m. p.m. a.m. p.m. a.m. a....,12:01 p.m.m. a.m. p.m. a.m. p.m. a.m. a....
2301,flightaware,AA-3823-LAX-DEN,9:00 p.m.m. a.m. p.m. a.m. p.m. a.m. p....,9:06 p.m.m. a.m. p.m. a.m. p.m. a.m. p....,12:15 p.m.m. a.m. p.m. a.m. p.m. a.m. a....,11:49 p.m.m. a.m. p.m. a.m. p.m. a.m. p....
2302,flightaware,AA-2312-DFW-DTW,8:25 p.m.m. a.m. p.m. a.m. p.m. a.m. p....,8:29 p.m.m. a.m. p.m. a.m. p.m. a.m. p....,11:50 p.m.m. a.m. p.m. a.m. p.m. a.m. p....,11:35 p.m.m. a.m. p.m. a.m. p.m. a.m. p....
2303,flightaware,AA-1165-JFK-MIA,6:59 p.m.m. a.m. p.m. a.m. p.m. a.m. a....,7:23 p.m.m. a.m. p.m. a.m. p.m. a.m. a....,10:34 p.m.m. a.m. p.m. a.m. p.m. a.m. a....,10:04 p.m.m. a.m. p.m. a.m. p.m. a.m. a....
2304,flightaware,AA-431-MIA-SFO,8:35 p.m.m. a.m. p.m. a.m. p.m. a.m. a....,8:52 p.m.m. a.m. p.m. a.m. p.m. a.m. a....,11:50 p.m.m. a.m. p.m. a.m. p.m. a.m. a....,11:44 p.m.m. a.m. p.m. a.m. p.m. a.m. a....
2305,flightaware,AA-649-ORD-SNA,1:30 p.m.m. a.m. p.m. a.m. p.m. a.m. p....,1:41 p.m.m. a.m. p.m. a.m. p.m. a.m. p....,3:50 p.m.m. a.m. p.m. a.m. p.m. a.m. p....,3:29 p.m.m. a.m. p.m. a.m. p.m. a.m. p....
2306,flightaware,UA-828-SFO-ORD,11:08 p.m.m. a.m. p.m. a.m. p.m. a.m. p....,11:35 p.m.m. a.m. p.m. a.m. p.m. a.m. p....,5:11 p.m.m. a.m. p.m. a.m. p.m. a.m. a....,5:21 p.m.m. a.m. p.m. a.m. p.m. a.m. a....
2307,flightaware,CO-4888-IAH-DAL,5:30 p.m.m. a.m. p.m. a.m. p.m. a.m. p....,5:38 p.m.m. a.m. p.m. a.m. p.m. a.m. p....,6:40 p.m.m. a.m. p.m. a.m. p.m. a.m. p....,6:19 p.m.m. a.m. p.m. a.m. p.m. a.m. p....
2308,flightaware,AA-3063-SLC-LAX,8:20 p.m.m. a.m. p.m. a.m. p.m. a.m. p....,8:40 p.m.m. a.m. p.m. a.m. p.m. a.m. p....,9:20 p.m.m. a.m. p.m. a.m. p.m. a.m. p....,9:11 p.m.m. a.m. p.m. a.m. p.m. a.m. p....
2309,flightaware,AA-3804-PHL-ORD,2:35 p.m.m. a.m. p.m. a.m. p.m. a.m. p....,2:44 p.m.m. a.m. p.m. a.m. p.m. a.m. p....,4:05 p.m.m. a.m. p.m. a.m. p.m. a.m. p....,3:36 p.m.m. a.m. p.m. a.m. p.m. a.m. p....
2310,flightaware,AA-1917-JFK-MCO,2:55 p.m.m. a.m. p.m. a.m. p.m. a.m. p....,3:27 p.m.m. a.m. p.m. a.m. p.m. a.m. p....,5:55 p.m.m. a.m. p.m. a.m. p.m. a.m. p....,5:43 p.m.m. a.m. p.m. a.m. p.m. a.m. p....
2311,flightaware,AA-2268-PHX-ORD,7:15 p.m.m. a.m. p.m. a.m. p.m. a.m. a....,7:23 p.m.m. a.m. p.m. a.m. p.m. a.m. a....,11:35 p.m.m. a.m. p.m. a.m. p.m. a.m. a....,11:04 p.m.m. a.m. p.m. a.m. p.m. a.m. a....
2312,flightaware,AA-4277-CVG-JFK,12:10 p.m.m. a.m. p.m. a.m. p.m. a.m. p....,12:11 p.m.m. a.m. p.m. a.m. p.m. a.m. p....,2:15 p.m.m. a.m. p.m. a.m. p.m. a.m. p....,1:43 p.m.m. a.m. p.m. a.m. p.m. a.m. p....
2313,flightaware,AA-789-ORD-DEN,1:05 p.m.m. a.m. p.m. a.m. p.m. a.m. p....,1:19 p.m.m. a.m. p.m. a.m. p.m. a.m. p....,2:35 p.m.m. a.m. p.m. a.m. p.m. a.m. p....,3:13 p.m.m. a.m. p.m. a.m. p.m. a.m. p....
2314,flightaware,AA-85-JFK-SFO,3:05 p.m.m. a.m. p.m. a.m. p.m. a.m. p....,3:38 p.m.m. a.m. p.m. a.m. p.m. a.m. p....,6:30 p.m.m. a.m. p.m. a.m. p.m. a.m. p....,6:43 p.m.m. a.m. p.m. a.m. p.m. a.m. p....
2315,flightaware,AA-3786-IAH-ORD,4:00 p.m.m. a.m. p.m. a.m. p.m. a.m. p....,4:12 p.m.m. a.m. p.m. a.m. p.m. a.m. p....,6:40 p.m.m. a.m. p.m. a.m. p.m. a.m. p....,6:15 p.m.m. a.m. p.m. a.m. p.m. a.m. p....
2316,flightaware,AA-222-LAX-BOS,7:10 p.m.m. a.m. p.m. a.m. p.m. a.m. a....,7:32 p.m.m. a.m. p.m. a.m. p.m. a.m. a....,3:30 p.m.m. a.m. p.m. a.m. p.m. a.m. p....,3:14 p.m.m. a.m. p.m. a.m. p.m. a.m. p....
2317,flightaware,UA-3099-PHX-PHL,11:55 p.m.m. a.m. p.m. a.m. p.m. a.m. a....,11:55 p.m.m. a.m. p.m. a.m. p.m. a.m. a....,6:17 p.m.m. a.m. p.m. a.m. p.m. a.m. p....,5:38 p.m.m. a.m. p.m. a.m. p.m. a.m. p....
2318,flightaware,AA-4198-ORD-CLE,10:40 p.m.m. a.m. p.m. a.m. p.m. a.m. a....,10:55 p.m.m. a.m. p.m. a.m. p.m. a.m. a....,12:55 p.m.m. a.m. p.m. a.m. p.m. a.m. p....,12:50 p.m.m. a.m. p.m. a.m. p.m. a.m. p....
2319,flightaware,CO-45-EWR-MIA,4:00 p.m.m. a.m. p.m. a.m. p.m. a.m. p....,3:58 p.m.m. a.m. p.m. a.m. p.m. a.m. p....,7:05 p.m.m. a.m. p.m. a.m. p.m. a.m. p....,6:36 p.m.m. a.m. p.m. a.m. p.m. a.m. p....
2320,flightaware,AA-3809-PHX-LAX,6:00 p.m.m. a.m. p.m. a.m. p.m. a.m. a....,6:10 p.m.m. a.m. p.m. a.m. p.m. a.m. a....,6:40 p.m.m. a.m. p.m. a.m. p.m. a.m. a....,6:19 p.m.m. a.m. p.m. a.m. p.m. a.m. a....
2321,flightaware,AA-59-JFK-SFO,7:10 p.m.m. a.m. p.m. a.m. p.m. a.m. a....,7:40 p.m.m. a.m. p.m. a.m. p.m. a.m. a....,10:45 p.m.m. a.m. p.m. a.m. p.m. a.m. a....,11:12 p.m.m. a.m. p.m. a.m. p.m. a.m. a....
2322,world-flight-tracker,AA-3859-IAH-ORD,7:10 p.m.m. a.m. p.m. a.m. p.m. a.m. a....,7:16 p.m.m. a.m. p.m. a.m. p.m. a.m. a....,9:40 p.m.m. a.m. p.m. a.m. p.m. a.m. a....,9:22 p.m.m. a.m. p.m. a.m. p.m. a.m. a....
2323,world-flight-tracker,AA-518-MIA-JFK,6:40 p.m.m. a.m. p.m. a.m. p.m. a.m. a....,6:54 p.m.m. a.m. p.m. a.m. p.m. a.m. a....,9:25 p.m.m. a.m. p.m. a.m. p.m. a.m. a....,9:28 p.m.m. a.m. p.m. a.m. p.m. a.m. a....
2324,world-flight-tracker,UA-397-JFK-SFO,8:00 p.m.m. a.m. p.m. a.m. p.m. a.m. a....,8:29 p.m.m. a.m. p.m. a.m. p.m. a.m. a....,11:55 p.m.m. a.m. p.m. a.m. p.m. a.m. a....,11:58 p.m.m. a.m. p.m. a.m. p.m. a.m. a....
2325,world-flight-tracker,AA-1733-ORD-PHX,7:45 p.m.m. a.m. p.m. a.m. p.m. a.m. p....,7:59 p.m.m. a.m. p.m. a.m. p.m. a.m. p....,10:30 p.m.m. a.m. p.m. a.m. p.m. a.m. p....,10:30 p.m.m. a.m. p.m. a.m. p.m. a.m. p....
2326,world-flight-tracker,AA-1640-MIA-MCO,6:30 p.m.m. a.m. p.m. a.m. p.m. a.m. p....,6:47 p.m.m. a.m. p.m. a.m. p.m. a.m. p....,7:25 p.m.m. a.m. p.m. a.m. p.m. a.m. p....,7:25 p.m.m. a.m. p.m. a.m. p.m. a.m. p....
2327,world-flight-tracker,CO-1694-LAX-IAH,7:15 p.m.m. a.m. p.m. a.m. p.m. a.m. p....,7:15 p.m.m. a.m. p.m. a.m. p.m. a.m. p....,12:21 p.m.m. a.m. p.m. a.m. p.m. a.m. a....,12:21 p.m.m. a.m. p.m. a.m. p.m. a.m. a....
2328,world-flight-tracker,UA-2830-MCO-CLT,3:27 p.m.m. a.m. p.m. a.m. p.m. a.m. p....,3:50 p.m.m. a.m. p.m. a.m. p.m. a.m. p....,5:05 p.m.m. a.m. p.m. a.m. p.m. a.m. p....,5:17 p.m.m. a.m. p.m. a.m. p.m. a.m. p....
2329,world-flight-tracker,AA-204-LAX-MCO,11:25 p.m.m. a.m. p.m. a.m. p.m. a.m. p....,11:29 p.m.m. a.m. p.m. a.m. p.m. a.m. p....,6:55 p.m.m. a.m. p.m. a.m. p.m. a.m. a....,12211 6:35 p.m.m. a.m. p.m. a.m. p.m. a.m. a....
2330,world-flight-tracker,UA-2726-FLL-PHL,4:00 p.m.m. a.m. p.m. a.m. p.m. a.m. p....,4:10 p.m.m. a.m. p.m. a.m. p.m. a.m. p....,6:46 p.m.m. a.m. p.m. a.m. p.m. a.m. p....,6:25 p.m.m. a.m. p.m. a.m. p.m. a.m. p....
2331,world-flight-tracker,AA-3468-CVG-MIA,7:00 p.m.m. a.m. p.m. a.m. p.m. a.m. a....,7:25 p.m.m. a.m. p.m. a.m. p.m. a.m. a....,9:55 p.m.m. a.m. p.m. a.m. p.m. a.m. a....,9:45 p.m.m. a.m. p.m. a.m. p.m. a.m. a....
2332,world-flight-tracker,AA-484-DFW-MIA,4:15 p.m.m. a.m. p.m. a.m. p.m. a.m. p....,4:29 p.m.m. a.m. p.m. a.m. p.m. a.m. p....,7:55 p.m.m. a.m. p.m. a.m. p.m. a.m. p....,7:39 p.m.m. a.m. p.m. a.m. p.m. a.m. p....
2333,world-flight-tracker,AA-616-DFW-DTW,9:05 p.m.m. a.m. p.m. a.m. p.m. a.m. a....,10:11 p.m.m. a.m. p.m. a.m. p.m. a.m. a....,12:35 p.m.m. a.m. p.m. a.m. p.m. a.m. p....,1:27 p.m.m. a.m. p.m. a.m. p.m. a.m. p....
2334,world-flight-tracker,AA-446-DFW-PHL,11:50 p.m.m. a.m. p.m. a.m. p.m. a.m. a....,12:13 p.m.m. a.m. p.m. a.m. p.m. a.m. p....,3:50 p.m.m. a.m. p.m. a.m. p.m. a.m. p....,4:09 p.m.m. a.m. p.m. a.m. p.m. a.m. p....
2335,world-flight-tracker,AA-466-IAH-MIA,6:00 p.m.m. a.m. p.m. a.m. p.m. a.m. a....,6:09 p.m.m. a.m. p.m. a.m. p.m. a.m. a....,9:20 p.m.m. a.m. p.m. a.m. p.m. a.m. a....,9:05 p.m.m. a.m. p.m. a.m. p.m. a.m. a....
2336,world-flight-tracker,UA-3050-PHX-CLT,11:05 p.m.m. a.m. p.m. a.m. p.m. a.m. a....,11:45 p.m.m. a.m. p.m. a.m. p.m. a.m. a....,4:57 p.m.m. a.m. p.m. a.m. p.m. a.m. p....,5:05 p.m.m. a.m. p.m. a.m. p.m. a.m. p....
2337,world-flight-tracker,AA-2957-DFW-CVG,7:55 p.m.m. a.m. p.m. a.m. p.m. a.m. a....,8:04 p.m.m. a.m. p.m. a.m. p.m. a.m. a....,11:05 p.m.m. a.m. p.m. a.m. p.m. a.m. a....,11:01 p.m.m. a.m. p.m. a.m. p.m. a.m. a....
2338,world-flight-tracker,AA-1664-MIA-ATL,10:15 p.m.m. a.m. p.m. a.m. p.m. a.m. a....,10:19 p.m.m. a.m. p.m. a.m. p.m. a.m. a....,12:10 p.m.m. a.m. p.m. a.m. p.m. a.m. p....,11:50 p.m.m. a.m. p.m. a.m. p.m. a.m. a....
2339,world-flight-tracker,AA-3979-CVG-ORD,7:30 p.m.m. a.m. p.m. a.m. p.m. a.m. a....,8:04 p.m.m. a.m. p.m. a.m. p.m. a.m. a....,8:00 p.m.m. a.m. p.m. a.m. p.m. a.m. a....,8:06 p.m.m. a.m. p.m. a.m. p.m. a.m. a....
2340,world-flight-tracker,AA-1279-DFW-PHX,1:00 p.m.m. a.m. p.m. a.m. p.m. a.m. p....,2:04 p.m.m. a.m. p.m. a.m. p.m. a.m. p....,2:35 p.m.m. a.m. p.m. a.m. p.m. a.m. p....,3:13 p.m.m. a.m. p.m. a.m. p.m. a.m. p....
2341,world-flight-tracker,AA-404-MIA-MCO,6:45 p.m.m. a.m. p.m. a.m. p.m. a.m. a....,6:58 p.m.m. a.m. p.m. a.m. p.m. a.m. a....,7:45 p.m.m. a.m. p.m. a.m. p.m. a.m. a....,7:40 p.m.m. a.m. p.m. a.m. p.m. a.m. a....
2342,world-flight-tracker,AA-3756-ORD-SLC,12:15 p.m.m. a.m. p.m. a.m. p.m. a.m. p....,12:42 p.m.m. a.m. p.m. a.m. p.m. a.m. p....,2:45 p.m.m. a.m. p.m. a.m. p.m. a.m. p....,2:50 p.m.m. a.m. p.m. a.m. p.m. a.m. p....
2343,world-flight-tracker,UA-2945-PHL-CLT,12:00 p.m.m. a.m. p.m. a.m. p.m. a.m. p....,12:08 p.m.m. a.m. p.m. a.m. p.m. a.m. p....,1:45 p.m.m. a.m. p.m. a.m. p.m. a.m. p....,1:15 p.m.m. a.m. p.m. a.m. p.m. a.m. p....
2344,world-flight-tracker,AA-2525-DFW-MIA,7:25 p.m.m. a.m. p.m. a.m. p.m. a.m. a....,7:39 p.m.m. a.m. p.m. a.m. p.m. a.m. a....,11:10 p.m.m. a.m. p.m. a.m. p.m. a.m. a....,11:06 p.m.m. a.m. p.m. a.m. p.m. a.m. a....
2345,world-flight-tracker,AA-271-MIA-LAX,11:35 p.m.m. a.m. p.m. a.m. p.m. a.m. a....,11:52 p.m.m. a.m. p.m. a.m. p.m. a.m. a....,2:25 p.m.m. a.m. p.m. a.m. p.m. a.m. p....,2:27 p.m.m. a.m. p.m. a.m. p.m. a.m. p....
2346,world-flight-tracker,AA-2050-ORD-MIA,10:40 p.m.m. a.m. p.m. a.m. p.m. a.m. a....,11:06 p.m.m. a.m. p.m. a.m. p.m. a.m. a....,2:45 p.m.m. a.m. p.m. a.m. p.m. a.m. p....,2:46 p.m.m. a.m. p.m. a.m. p.m. a.m. p....
2347,world-flight-tracker,AA-1434-DFW-MCO,7:15 p.m.m. a.m. p.m. a.m. p.m. a.m. a....,7:22 p.m.m. a.m. p.m. a.m. p.m. a.m. a....,10:35 p.m.m. a.m. p.m. a.m. p.m. a.m. a....,10:29 p.m.m. a.m. p.m. a.m. p.m. a.m. a....
2348,world-flight-tracker,AA-4307-ORD-DTW,6:45 p.m.m. a.m. p.m. a.m. p.m. a.m. p....,6:56 p.m.m. a.m. p.m. a.m. p.m. a.m. p....,9:10 p.m.m. a.m. p.m. a.m. p.m. a.m. p....,8:53 p.m.m. a.m. p.m. a.m. p.m. a.m. p....
2349,world-flight-tracker,AA-3-JFK-LAX,12:00 p.m.m. a.m. p.m. a.m. p.m. a.m. p....,12:12 p.m.m. a.m. p.m. a.m. p.m. a.m. p....,3:15 p.m.m. a.m. p.m. a.m. p.m. a.m. p....,3:16 p.m.m. a.m. p.m. a.m. p.m. a.m. p....
2350,world-flight-tracker,CO-1193-EWR-MCO,9:15 p.m.m. a.m. p.m. a.m. p.m. a.m. a....,9:14 p.m.m. a.m. p.m. a.m. p.m. a.m. a....,12:18 p.m.m. a.m. p.m. a.m. p.m. a.m. p....,12:09 p.m.m. a.m. p.m. a.m. p.m. a.m. p....
2351,world-flight-tracker,AA-3842-MSP-ORD,6:00 p.m.m. a.m. p.m. a.m. p.m. a.m. a....,6:56 p.m.m. a.m. p.m. a.m. p.m. a.m. a....,7:30 p.m.m. a.m. p.m. a.m. p.m. a.m. a....,7:51 p.m.m. a.m. p.m. a.m. p.m. a.m. a....
2352,world-flight-tracker,AA-643-MIA-ORD,7:10 p.m.m. a.m. p.m. a.m. p.m. a.m. a....,7:31 p.m.m. a.m. p.m. a.m. p.m. a.m. a....,9:35 p.m.m. a.m. p.m. a.m. p.m. a.m. a....,9:26 p.m.m. a.m. p.m. a.m. p.m. a.m. a....
2353,world-flight-tracker,UA-2906-PHL-MCO,3:50 p.m.m. a.m. p.m. a.m. p.m. a.m. p....,4:28 p.m.m. a.m. p.m. a.m. p.m. a.m. p....,6:23 p.m.m. a.m. p.m. a.m. p.m. a.m. p....,6:38 p.m.m. a.m. p.m. a.m. p.m. a.m. p....
2354,world-flight-tracker,AA-1221-MCO-ORD,8:00 p.m.m. a.m. p.m. a.m. p.m. a.m. p....,8:23 p.m.m. a.m. p.m. a.m. p.m. a.m. p....,9:45 p.m.m. a.m. p.m. a.m. p.m. a.m. p....,9:53 p.m.m. a.m. p.m. a.m. p.m. a.m. p....
2355,world-flight-tracker,UA-664-ORD-PHL,1:33 p.m.m. a.m. p.m. a.m. p.m. a.m. p....,1:48 p.m.m. a.m. p.m. a.m. p.m. a.m. p....,4:31 p.m.m. a.m. p.m. a.m. p.m. a.m. p....,4:23 p.m.m. a.m. p.m. a.m. p.m. a.m. p....
2356,world-flight-tracker,AA-1522-SFO-ORD,11:55 p.m.m. a.m. p.m. a.m. p.m. a.m. p....,12:11 p.m.m. a.m. p.m. a.m. p.m. a.m. a....,5:50 p.m.m. a.m. p.m. a.m. p.m. a.m. a....,5:42 p.m.m. a.m. p.m. a.m. p.m. a.m. a....
2357,world-flight-tracker,UA-233-LAX-JFK,4:25 p.m.m. a.m. p.m. a.m. p.m. a.m. p....,4:28 p.m.m. a.m. p.m. a.m. p.m. a.m. p....,12:29 p.m.m. a.m. p.m. a.m. p.m. a.m. a....,12:01 p.m.m. a.m. p.m. a.m. p.m. a.m. a....
2358,world-flight-tracker,AA-3823-LAX-DEN,9:00 p.m.m. a.m. p.m. a.m. p.m. a.m. p....,9:06 p.m.m. a.m. p.m. a.m. p.m. a.m. p....,12:15 p.m.m. a.m. p.m. a.m. p.m. a.m. a....,11:49 p.m.m. a.m. p.m. a.m. p.m. a.m. p....
2359,world-flight-tracker,AA-2312-DFW-DTW,8:25 p.m.m. a.m. p.m. a.m. p.m. a.m. p....,8:29 p.m.m. a.m. p.m. a.m. p.m. a.m. p....,11:50 p.m.m. a.m. p.m. a.m. p.m. a.m. p....,11:35 p.m.m. a.m. p.m. a.m. p.m. a.m. p....
2360,world-flight-tracker,AA-1165-JFK-MIA,6:59 p.m.m. a.m. p.m. a.m. p.m. a.m. a....,7:23 p.m.m. a.m. p.m. a.m. p.m. a.m. a....,10:34 p.m.m. a.m. p.m. a.m. p.m. a.m. a....,10:04 p.m.m. a.m. p.m. a.m. p.m. a.m. a....
2361,world-flight-tracker,AA-431-MIA-SFO,8:35 p.m.m. a.m. p.m. a.m. p.m. a.m. a....,8:52 p.m.m. a.m. p.m. a.m. p.m. a.m. a....,11:50 p.m.m. a.m. p.m. a.m. p.m. a.m. a....,11:44 p.m.m. a.m. p.m. a.m. p.m. a.m. a....
2362,world-flight-tracker,UA-257-JFK-SFO,2:30 p.m.m. a.m. p.m. a.m. p.m. a.m. p....,2:43 p.m.m. a.m. p.m. a.m. p.m. a.m. p....,6:15 p.m.m. a.m. p.m. a.m. p.m. a.m. p....,5:42 p.m.m. a.m. p.m. a.m. p.m. a.m. p....
2363,world-flight-tracker,AA-649-ORD-SNA,1:30 p.m.m. a.m. p.m. a.m. p.m. a.m. p....,1:41 p.m.m. a.m. p.m. a.m. p.m. a.m. p....,3:50 p.m.m. a.m. p.m. a.m. p.m. a.m. p....,3:29 p.m.m. a.m. p.m. a.m. p.m. a.m. p....
2364,world-flight-tracker,AA-3804-PHL-ORD,2:35 p.m.m. a.m. p.m. a.m. p.m. a.m. p....,2:44 p.m.m. a.m. p.m. a.m. p.m. a.m. p....,4:05 p.m.m. a.m. p.m. a.m. p.m. a.m. p....,3:36 p.m.m. a.m. p.m. a.m. p.m. a.m. p....
2365,world-flight-tracker,AA-1917-JFK-MCO,2:55 p.m.m. a.m. p.m. a.m. p.m. a.m. p....,3:27 p.m.m. a.m. p.m. a.m. p.m. a.m. p....,5:55 p.m.m. a.m. p.m. a.m. p.m. a.m. p....,5:43 p.m.m. a.m. p.m. a.m. p.m. a.m. p....
2366,world-flight-tracker,AA-2268-PHX-ORD,7:15 p.m.m. a.m. p.m. a.m. p.m. a.m. a....,7:23 p.m.m. a.m. p.m. a.m. p.m. a.m. a....,11:35 p.m.m. a.m. p.m. a.m. p.m. a.m. a....,11:04 p.m.m. a.m. p.m. a.m. p.m. a.m. a....
2367,world-flight-tracker,AA-4277-CVG-JFK,12:10 p.m.m. a.m. p.m. a.m. p.m. a.m. p....,12:11 p.m.m. a.m. p.m. a.m. p.m. a.m. p....,2:15 p.m.m. a.m. p.m. a.m. p.m. a.m. p....,1:43 p.m.m. a.m. p.m. a.m. p.m. a.m. p....
2368,world-flight-tracker,AA-789-ORD-DEN,1:05 p.m.m. a.m. p.m. a.m. p.m. a.m. p....,1:19 p.m.m. a.m. p.m. a.m. p.m. a.m. p....,2:35 p.m.m. a.m. p.m. a.m. p.m. a.m. p....,3:13 p.m.m. a.m. p.m. a.m. p.m. a.m. p....
2369,world-flight-tracker,AA-85-JFK-SFO,3:05 p.m.m. a.m. p.m. a.m. p.m. a.m. p....,3:38 p.m.m. a.m. p.m. a.m. p.m. a.m. p....,6:30 p.m.m. a.m. p.m. a.m. p.m. a.m. p....,6:43 p.m.m. a.m. p.m. a.m. p.m. a.m. p....
2370,world-flight-tracker,AA-3786-IAH-ORD,4:00 p.m.m. a.m. p.m. a.m. p.m. a.m. p....,4:12 p.m.m. a.m. p.m. a.m. p.m. a.m. p....,6:40 p.m.m. a.m. p.m. a.m. p.m. a.m. p....,6:15 p.m.m. a.m. p.m. a.m. p.m. a.m. p....
2371,world-flight-tracker,AA-222-LAX-BOS,7:10 p.m.m. a.m. p.m. a.m. p.m. a.m. a....,7:32 p.m.m. a.m. p.m. a.m. p.m. a.m. a....,3:30 p.m.m. a.m. p.m. a.m. p.m. a.m. p....,3:14 p.m.m. a.m. p.m. a.m. p.m. a.m. p....
2372,world-flight-tracker,UA-3099-PHX-PHL,11:55 p.m.m. a.m. p.m. a.m. p.m. a.m. a....,11:55 p.m.m. a.m. p.m. a.m. p.m. a.m. a....,6:17 p.m.m. a.m. p.m. a.m. p.m. a.m. p....,5:38 p.m.m. a.m. p.m. a.m. p.m. a.m. p....
2373,world-flight-tracker,AA-4198-ORD-CLE,10:40 p.m.m. a.m. p.m. a.m. p.m. a.m. a....,10:55 p.m.m. a.m. p.m. a.m. p.m. a.m. a....,12:55 p.m.m. a.m. p.m. a.m. p.m. a.m. p....,12:50 p.m.m. a.m. p.m. a.m. p.m. a.m. p....
2374,world-flight-tracker,CO-45-EWR-MIA,4:00 p.m.m. a.m. p.m. a.m. p.m. a.m. p....,3:58 p.m.m. a.m. p.m. a.m. p.m. a.m. p....,7:05 p.m.m. a.m. p.m. a.m. p.m. a.m. p....,6:36 p.m.m. a.m. p.m. a.m. p.m. a.m. p....
2375,world-flight-tracker,AA-3809-PHX-LAX,6:00 p.m.m. a.m. p.m. a.m. p.m. a.m. a....,6:10 p.m.m. a.m. p.m. a.m. p.m. a.m. a....,6:40 p.m.m. a.m. p.m. a.m. p.m. a.m. a....,6:19 p.m.m. a.m. p.m. a.m. p.m. a.m. a....
2376,world-flight-tracker,AA-59-JFK-SFO,7:10 p.m.m. a.m. p.m. a.m. p.m. a.m. a....,7:40 p.m.m. a.m. p.m. a.m. p.m. a.m. a....,10:45 p.m.m. a.m. p.m. a.m. p.m. a.m. a....,11:12 p.m.m. a.m. p.m. a.m. p.m. a.m. a....
