tuple_id,src,flight,sched_dep_time,act_dep_time,sched_arr_time,act_arr_time
1,aa,AA-3859-IAH-ORD,7:10,7:16,9:40,9:32
2,aa,AA-1733-ORD-PHX,7:45,7:58,10:30,7:10
3,aa,AA-1640-MIA-MCO,6:30,7:22,7:25,7:10
4,aa,AA-518-MIA-JFK,6:40,6:54,9:25,9:28
5,aa,AA-3756-ORD-SLC,12:15,12:41,2:45,2:50
6,aa,AA-204-LAX-MCO,11:25,7:22,12/02/2011 6:55,7:10
7,aa,AA-3468-CVG-MIA,7:00,7:25,9:55,9:45
8,aa,AA-484-DFW-MIA,4:15,4:29,7:55,7:39
9,aa,AA-446-DFW-PHL,11:50,12:12,3:50,4:09
10,aa,AA-466-IAH-MIA,6:00,6:08,9:20,9:05
11,aa,AA-1886-BOS-MIA,10:45,10:55,2:20,1:40
12,aa,AA-2957-DFW-CVG,7:55,8:04,11:05,11:01
13,aa,AA-1664-MIA-ATL,10:15,10:18,12:10,11:56
14,aa,AA-3979-CVG-ORD,7:30,8:04,8:00,8:06
15,aa,AA-1279-DFW-PHX,1:00,2:04,2:35,3:30
16,aa,AA-616-DFW-DTW,9:05,10:10,12:35,1:27
17,aa,AA-4344-ORD-DTW,11:45,12:13,2:00,2:10
18,aa,AA-2525-DFW-MIA,7:25,7:39,11:10,11:06
19,aa,AA-404-MIA-MCO,6:45,6:57,7:45,7:40
20,aa,AA-271-MIA-LAX,11:35,11:52,2:25,2:27
21,aa,AA-2050-ORD-MIA,10:40,11:05,2:45,2:46
22,aa,AA-4330-CVG-ORD,3:35,3:36,4:00,3:33
23,aa,AA-1434-DFW-MCO,7:15,7:21,10:35,10:36
24,aa,AA-4307-ORD-DTW,6:45,6:55,9:10,8:53
25,aa,AA-3-JFK-LAX,12:00,12:11,3:15,3:16
26,aa,AA-3842-MSP-ORD,6:00,6:56,7:30,7:51
27,aa,AA-643-MIA-ORD,7:10,7:30,9:35,9:31
28,aa,AA-1007-MIA-PHX,4:55,5:08,8:05,7:55
29,aa,AA-1221-MCO-ORD,8:00,8:23,9:45,9:53
30,aa,AA-400-DFW-JFK,10:40,11:01,2:59,3:04
31,aa,AA-4198-ORD-CLE,10:40,10:54,12:55,12:50
32,aa,AA-1522-SFO-ORD,11:55,7:22,12/02/2011 5:50,7:10
33,aa,AA-3823-LAX-DEN,9:00,7:22,12/02/2011 12:15,7:10
34,aa,AA-2312-DFW-DTW,8:25,7:22,11:50,7:10
35,aa,AA-1165-JFK-MIA,6:59,7:22,10:34,10:04
36,aa,AA-431-MIA-SFO,8:35,8:51,11:50,11:44
37,aa,AA-649-ORD-SNA,1:30,7:22,3:50,7:10
38,aa,AA-3063-SLC-LAX,8:20,8:39,9:20,7:10
39,aa,AA-3804-PHL-ORD,2:35,2:44,4:05,3:43
40,aa,AA-1917-JFK-MCO,2:55,3:27,5:55,5:43
41,aa,AA-2268-PHX-ORD,7:15,7:22,11:35,11:06
42,aa,AA-4277-CVG-JFK,12:10,12:10,2:15,1:43
43,aa,AA-789-ORD-DEN,1:05,1:19,2:35,3:13
44,aa,AA-415-BOS-ORD,8:35,8:56,10:40,10:16
45,aa,AA-85-JFK-SFO,3:05,3:36,6:30,6:43
46,aa,AA-1544-SAN-ORD,11:25,11:40,5:25,4:56
47,aa,AA-3786-IAH-ORD,4:00,4:12,6:40,6:15
48,aa,AA-222-LAX-BOS,7:10,7:31,3:30,3:14
49,aa,AA-3809-PHX-LAX,6:00,6:10,6:40,6:19
50,aa,AA-59-JFK-SFO,7:10,7:39,10:45,11:12
51,helloflight,AA-3859-IAH-ORD,7:10,7:16,6:40,9:22
52,helloflight,CO-1586-IAH-MCO,7:00,7:22,10:15,7:10
53,helloflight,AA-518-MIA-JFK,7:10,6:54,6:40,9:14
54,helloflight,UA-397-JFK-SFO,7:10,8:48,6:40,11:30
55,helloflight,UA-3925-IAD-ORF,7:10,9:00,6:40,9:29
56,helloflight,AA-1733-ORD-PHX,7:10,7:59,6:40,10:31
57,helloflight,UA-2830-MCO-CLT,7:10,3:50,6:40,5:14
58,helloflight,CO-58-DEN-IAH,11:25,7:22,2:50,7:10
59,helloflight,AA-1544-SAN-ORD,7:10,11:41,6:40,4:54
60,helloflight,UA-5487-SFO-MRY,7:10,10:53,6:40,11:11
61,helloflight,AA-204-LAX-MCO,7:10,11:29,6:40,12/2/11 6:35
62,helloflight,UA-414-LAX-SFO,7:10,6:10,6:40,7:04
63,helloflight,CO-1614-LAX-IAH,12:30,7:22,5:35,7:10
64,helloflight,UA-2726-FLL-PHL,7:10,4:10,6:40,6:25
65,helloflight,CO-52-IAH-LAX,7:35,7:22,9:21,7:10
66,helloflight,CO-1090-BOS-IAH,9:45,7:22,1:16,7:10
67,helloflight,AA-616-DFW-DTW,7:10,10:11,6:40,1:11
68,helloflight,UA-3515-IAD-MSP,7:10,8:26,6:40,9:56
69,helloflight,AA-3468-CVG-MIA,7:10,7:25,6:40,9:29
70,helloflight,AA-484-DFW-MIA,7:10,4:29,6:40,7:37
71,helloflight,AA-1886-BOS-MIA,7:10,10:54,6:40,1:36
72,helloflight,CO-62-IAH-EWR,2:30,7:22,7:03,7:10
73,helloflight,CO-1561-PHX-IAH,8:05,7:22,11:35,7:10
74,helloflight,UA-2314-ATL-PHL,7:10,3:04,6:40,4:43
75,helloflight,AA-446-DFW-PHL,7:10,12:13,6:40,4:08
76,helloflight,CO-1023-IAH-DEN,11:40,7:22,1:17,7:10
77,helloflight,AA-466-IAH-MIA,7:10,6:09,6:40,8:50
78,helloflight,UA-3050-PHX-CLT,7:10,11:45,6:40,5:00
79,helloflight,CO-89-IAH-EWR,6:00,7:22,10:20,7:10
80,helloflight,CO-1088-CLE-IAH,8:40,7:22,10:54,7:10
81,helloflight,AA-1664-MIA-ATL,7:10,10:19,6:40,11:50
82,helloflight,AA-1279-DFW-PHX,7:10,2:03,6:40,3:13
83,helloflight,UA-854-SFO-IAH,7:10,8:07,6:40,1:23
84,helloflight,UA-382-IAD-LAX,7:10,12:56,6:40,3:09
85,helloflight,AA-4344-ORD-DTW,7:10,12:14,6:40,1:55
86,helloflight,UA-257-JFK-SFO,7:10,2:43,6:40,5:22
87,helloflight,UA-2945-PHL-CLT,7:10,12:07,6:40,1:11
88,helloflight,CO-63-EWR-IAH,5:25,7:22,8:22,7:10
89,helloflight,CO-47-IAH-LAX,7:10,7:22,8:56,7:10
90,helloflight,AA-2050-ORD-MIA,7:10,11:06,6:40,2:39
91,helloflight,UA-248-PHX-ORD,7:10,1:43,6:40,5:24
92,helloflight,AA-4330-CVG-ORD,3:35,7:22,4:00,7:10
93,helloflight,AA-1434-DFW-MCO,7:10,7:22,6:40,10:34
94,helloflight,AA-1640-MIA-MCO,7:10,6:47,6:40,7:25
95,helloflight,AA-4307-ORD-DTW,7:10,6:56,6:40,8:38
96,helloflight,AA-3-JFK-LAX,7:10,12:12,6:40,3:04
97,helloflight,CO-1694-LAX-IAH,7:15,7:22,12/2/11 12:21,7:10
98,helloflight,UA-843-LAX-ORD,7:10,2:04,6:40,7:20
99,helloflight,CO-1193-EWR-MCO,9:15,7:22,12:18,7:10
100,helloflight,AA-3842-MSP-ORD,7:10,6:57,6:40,7:49
101,helloflight,AA-643-MIA-ORD,7:10,7:31,6:40,9:26
102,helloflight,AA-1007-MIA-PHX,7:10,5:09,6:40,7:43
103,helloflight,AA-2525-DFW-MIA,7:10,7:39,6:40,10:43
104,helloflight,UA-2906-PHL-MCO,7:10,4:44,6:40,6:28
105,helloflight,UA-938-DEN-ORD,7:10,4:37,6:40,7:23
106,helloflight,AA-1221-MCO-ORD,7:10,8:23,6:40,9:47
107,helloflight,CO-16-LAX-EWR,10:25,7:22,6:44,7:10
108,helloflight,UA-2515-DFW-CLT,7:10,7:30,6:40,10:43
109,helloflight,AA-400-DFW-JFK,7:10,11:02,6:40,2:58
110,helloflight,UA-664-ORD-PHL,7:10,1:48,6:40,4:20
111,helloflight,AA-3756-ORD-SLC,7:10,12:42,6:40,2:50
112,helloflight,UA-37-EWR-MCO,1:29,7:22,4:17,7:10
113,helloflight,AA-1522-SFO-ORD,7:10,12:11,6:40,5:52
114,helloflight,UA-233-LAX-JFK,7:10,4:28,6:40,12/2/11 12:01
115,helloflight,AA-3823-LAX-DEN,7:10,9:06,6:40,11:49
116,helloflight,AA-2312-DFW-DTW,7:10,8:29,6:40,11:35
117,helloflight,AA-1165-JFK-MIA,7:10,7:23,6:40,9:45
118,helloflight,AA-431-MIA-SFO,7:10,8:52,6:40,11:33
119,helloflight,UA-3373-IAD-PHL,7:10,8:37,6:40,9:13
120,helloflight,AA-649-ORD-SNA,7:10,1:41,6:40,3:29
121,helloflight,CO-1250-MIA-IAH,2:53,7:22,4:48,7:10
122,helloflight,UA-6273-YYC-SFO,7:10,7:41,6:40,8:33
123,helloflight,UA-828-SFO-ORD,11:08,7:22,12/2/11 5:11,7:10
124,helloflight,CO-4888-IAH-DAL,7:10,5:38,6:40,6:19
125,helloflight,UA-858-PVG-SFO,7:10,1:50,6:40,7:50
126,helloflight,UA-2704-DTW-PHX,7:10,11:47,6:40,1:52
127,helloflight,AA-3063-SLC-LAX,7:10,8:40,6:40,9:12
128,helloflight,UA-2708-EWR-CLT,7:10,3:04,6:40,4:22
129,helloflight,UA-62-IAH-EWR,2:30,7:22,7:03,7:10
130,helloflight,UA-1500-IAH-GUA,8:55,7:22,11:45,7:10
131,helloflight,AA-3804-PHL-ORD,7:10,2:44,6:40,3:36
132,helloflight,AA-1917-JFK-MCO,7:10,3:28,6:40,5:39
133,helloflight,AA-2268-PHX-ORD,7:10,7:22,6:40,11:04
134,helloflight,AA-4277-CVG-JFK,7:10,12:11,6:40,1:42
135,helloflight,AA-2957-DFW-CVG,7:10,8:04,6:40,10:58
136,helloflight,UA-37-EDI-EWR,9:05,7:22,11:53,7:10
137,helloflight,AA-789-ORD-DEN,7:10,1:20,6:40,2:49
138,helloflight,AA-415-BOS-ORD,7:10,8:55,6:40,10:12
139,helloflight,AA-85-JFK-SFO,7:10,3:38,6:40,6:30
140,helloflight,AA-3979-CVG-ORD,7:10,8:04,6:40,7:59
141,helloflight,AA-3786-IAH-ORD,7:10,4:12,6:40,6:11
142,helloflight,AA-271-MIA-LAX,7:10,11:52,6:40,2:21
143,helloflight,CO-50-CLE-EWR,2:55,7:22,4:49,7:10
144,helloflight,UA-3099-PHX-PHL,7:10,11:55,6:40,5:34
145,helloflight,AA-4198-ORD-CLE,7:10,10:55,6:40,12:37
146,helloflight,AA-404-MIA-MCO,7:10,6:58,6:40,7:37
147,helloflight,CO-45-EWR-MIA,4:00,7:22,7:05,7:10
148,helloflight,AA-3809-PHX-LAX,7:10,6:11,6:40,6:15
149,helloflight,AA-59-JFK-SFO,7:10,7:40,6:40,10:52
150,helloflight,AA-222-LAX-BOS,7:10,7:32,6:40,3:12
151,boston,AA-3859-IAH-ORD,7:10,7:16,9:40,9:22
152,boston,CO-1586-IAH-MCO,7:10,7:42,6:40,10:23
153,boston,AA-518-MIA-JFK,6:40,6:54,9:25,9:12
154,boston,UA-397-JFK-SFO,8:00,8:49,11:55,11:35
155,boston,UA-3925-IAD-ORF,7:10,9:01,6:40,9:40
156,boston,AA-1733-ORD-PHX,7:45,7:59,10:30,10:39
157,boston,AA-3-JFK-LAX,12:00,12:12,3:15,3:10
158,boston,UA-2830-MCO-CLT,3:27,3:50,5:05,5:17
159,boston,CO-58-DEN-IAH,7:10,12:37,6:40,3:25
160,boston,UA-5487-SFO-MRY,7:10,10:53,6:40,11:18
161,boston,AA-204-LAX-MCO,11:25,not a.m.va.m.ila.m.ble,6:55,not a.m.va.m.ila.m.ble
162,boston,UA-414-LAX-SFO,7:10,6:10,6:40,7:10
163,boston,CO-1614-LAX-IAH,7:10,12:58,6:40,5:23
164,boston,UA-2726-FLL-PHL,4:00,4:10,6:46,6:25
165,boston,CO-52-IAH-LAX,7:10,7:56,6:40,9:09
166,boston,CO-1090-BOS-IAH,7:10,10:35,6:40,1:09
167,boston,AA-616-DFW-DTW,9:05,10:11,12:35,1:18
168,boston,UA-3515-IAD-MSP,7:10,8:26,6:40,9:54
169,boston,AA-3468-CVG-MIA,7:00,7:25,9:55,9:42
170,boston,AA-484-DFW-MIA,4:15,4:30,7:55,7:35
171,boston,AA-1886-BOS-MIA,7:10,10:55,6:40,1:34
172,boston,CO-62-IAH-EWR,7:10,2:59,6:40,6:59
173,boston,CO-1561-PHX-IAH,7:10,8:18,6:40,11:26
174,boston,UA-2314-ATL-PHL,7:10,3:04,6:40,4:45
175,boston,AA-446-DFW-PHL,11:50,12:13,3:50,4:09
176,boston,CO-1023-IAH-DEN,7:10,12:06,6:40,1:12
177,boston,AA-466-IAH-MIA,6:00,6:09,9:20,9:00
178,boston,UA-3050-PHX-CLT,11:05,11:45,4:57,5:03
179,boston,CO-89-IAH-EWR,7:10,6:17,6:40,10:18
180,boston,CO-1088-CLE-IAH,7:10,9:01,6:40,10:47
181,boston,AA-1664-MIA-ATL,10:15,10:19,12:10,11:50
182,boston,AA-1279-DFW-PHX,1:00,2:04,2:35,3:19
183,boston,UA-854-SFO-IAH,7:10,8:07,6:40,1:27
184,boston,UA-382-IAD-LAX,7:10,12:56,6:40,3:20
185,boston,AA-4344-ORD-DTW,7:10,12:14,6:40,2:01
186,boston,UA-257-JFK-SFO,2:30,2:43,6:15,5:28
187,boston,UA-2945-PHL-CLT,12:00,12:08,1:45,1:14
188,boston,CO-63-EWR-IAH,7:10,5:38,6:40,7:55
189,boston,CO-47-IAH-LAX,7:10,8:36,6:40,9:38
190,boston,AA-2050-ORD-MIA,10:40,11:06,2:45,2:37
191,boston,UA-248-PHX-ORD,12:57,7:22,4:52,7:10
192,boston,AA-4330-CVG-ORD,7:10,3:36,6:40,3:25
193,boston,AA-1434-DFW-MCO,7:15,7:22,10:35,10:29
194,boston,AA-1640-MIA-MCO,6:30,not a.m.va.m.ila.m.ble,7:25,not a.m.va.m.ila.m.ble
195,boston,AA-4307-ORD-DTW,6:45,6:56,9:10,8:43
196,boston,CO-1694-LAX-IAH,7:15,not a.m.va.m.ila.m.ble,12:21,not a.m.va.m.ila.m.ble
197,boston,UA-843-LAX-ORD,7:10,2:38,6:40,7:53
198,boston,CO-1193-EWR-MCO,9:15,9:58,12:18,12:03
199,boston,AA-3842-MSP-ORD,6:00,6:57,7:30,7:51
200,boston,AA-643-MIA-ORD,7:10,7:31,9:35,9:29
201,boston,AA-1007-MIA-PHX,7:10,5:09,6:40,7:53
202,boston,UA-2906-PHL-MCO,3:50,4:46,6:23,6:36
203,boston,UA-938-DEN-ORD,7:10,4:37,6:40,7:26
204,boston,AA-1221-MCO-ORD,8:00,8:23,9:45,9:49
205,boston,CO-16-LAX-EWR,7:10,10:37,6:40,6:13
206,boston,UA-2515-DFW-CLT,7:10,7:31,6:40,10:45
207,boston,AA-400-DFW-JFK,10:40,11:02,2:59,2:56
208,boston,UA-664-ORD-PHL,1:33,1:48,4:31,4:18
209,boston,AA-3756-ORD-SLC,12:15,12:42,2:45,2:52
210,boston,UA-37-EWR-MCO,7:10,2:01,6:40,4:06
211,boston,AA-1522-SFO-ORD,11:55,7:22,5:50,7:10
212,boston,UA-233-LAX-JFK,4:25,not a.m.va.m.ila.m.ble,12:29,not a.m.va.m.ila.m.ble
213,boston,AA-3823-LAX-DEN,9:00,not a.m.va.m.ila.m.ble,12:15,not a.m.va.m.ila.m.ble
214,boston,AA-2312-DFW-DTW,8:25,not a.m.va.m.ila.m.ble,11:50,not a.m.va.m.ila.m.ble
215,boston,AA-1165-JFK-MIA,6:59,7:23,10:34,9:58
216,boston,AA-431-MIA-SFO,8:35,8:52,11:50,11:40
217,boston,UA-3373-IAD-PHL,7:10,8:37,6:40,9:11
218,boston,AA-649-ORD-SNA,1:30,not a.m.va.m.ila.m.ble,3:50,not a.m.va.m.ila.m.ble
219,boston,CO-1250-MIA-IAH,7:10,3:17,6:40,4:55
220,boston,UA-6273-YYC-SFO,7:10,7:41,6:40,8:41
221,boston,UA-828-SFO-ORD,11:08,7:22,5:11,7:10
222,boston,CO-4888-IAH-DAL,5:30,7:22,6:09,7:10
223,boston,UA-858-PVG-SFO,7:10,12:45,6:40,7:58
224,boston,UA-2704-DTW-PHX,7:10,11:47,6:40,2:02
225,boston,AA-3063-SLC-LAX,7:10,8:40,6:40,9:11
226,boston,UA-2708-EWR-CLT,7:10,3:04,6:40,4:24
227,boston,UA-62-IAH-EWR,7:10,2:59,6:40,6:59
228,boston,UA-1500-IAH-GUA,7:10,9:43,6:40,12:10
229,boston,AA-3804-PHL-ORD,2:35,2:44,4:05,3:36
230,boston,AA-1917-JFK-MCO,2:55,3:28,5:55,5:34
231,boston,AA-2268-PHX-ORD,7:15,7:23,11:35,11:07
232,boston,AA-4277-CVG-JFK,12:10,12:11,2:15,1:40
233,boston,AA-2957-DFW-CVG,7:55,8:05,11:05,11:00
234,boston,UA-37-EDI-EWR,7:10,9:05,6:40,12:00
235,boston,AA-789-ORD-DEN,1:05,1:20,2:35,3:01
236,boston,AA-415-BOS-ORD,7:10,8:56,6:40,10:10
237,boston,AA-85-JFK-SFO,3:05,3:38,6:30,6:36
238,boston,AA-3979-CVG-ORD,7:30,8:04,8:00,7:57
239,boston,AA-1544-SAN-ORD,7:10,11:41,6:40,4:52
240,boston,AA-3786-IAH-ORD,4:00,4:12,6:40,6:09
241,boston,AA-271-MIA-LAX,11:35,11:52,2:25,2:18
242,boston,AA-2525-DFW-MIA,7:25,7:40,11:10,10:53
243,boston,CO-50-CLE-EWR,7:10,4:02,6:40,5:09
244,boston,UA-3099-PHX-PHL,11:55,11:55,6:17,5:35
245,boston,AA-4198-ORD-CLE,10:40,10:55,12:55,12:48
246,boston,AA-404-MIA-MCO,6:45,6:58,7:45,7:32
247,boston,CO-45-EWR-MIA,4:00,4:15,7:05,6:33
248,boston,AA-3809-PHX-LAX,6:00,6:11,6:40,6:07
249,boston,AA-59-JFK-SFO,7:10,7:40,10:45,11:00
250,boston,AA-222-LAX-BOS,7:10,7:32,3:30,3:09
251,weather,AA-3859-IAH-ORD,7:10,7:22,9:40,7:10
252,weather,AA-518-MIA-JFK,6:40,6:54,9:25,9:09
253,weather,UA-397-JFK-SFO,8:00,8:49,11:55,11:34
254,weather,UA-3925-IAD-ORF,8:41,7:22,9:54,7:10
255,weather,AA-1733-ORD-PHX,7:45,7:22,10:30,7:10
256,weather,AA-1640-MIA-MCO,6:30,6:56,7:25,7:35
257,weather,UA-2830-MCO-CLT,3:27,7:22,5:05,7:10
258,weather,CO-58-DEN-IAH,11:25,7:22,2:50,7:10
259,weather,AA-1544-SAN-ORD,11:25,7:22,5:25,7:10
260,weather,UA-5487-SFO-MRY,10:39,7:22,11:19,7:10
261,weather,AA-204-LAX-MCO,11:25,11:58,6:55,7:02
262,weather,UA-414-LAX-SFO,6:00,7:22,7:23,7:10
263,weather,AA-3756-ORD-SLC,12:15,7:22,2:45,7:10
264,weather,UA-2726-FLL-PHL,4:00,7:22,6:46,7:10
265,weather,CO-1090-BOS-IAH,9:45,7:22,1:16,7:10
266,weather,AA-3468-CVG-MIA,7:00,7:22,9:55,7:10
267,weather,UA-3515-IAD-MSP,8:15,7:22,10:06,7:10
268,weather,AA-484-DFW-MIA,4:15,7:22,7:55,7:10
269,weather,CO-62-IAH-EWR,2:30,7:22,7:03,7:10
270,weather,AA-446-DFW-PHL,11:50,7:22,3:50,7:10
271,weather,AA-466-IAH-MIA,6:00,6:09,9:20,8:50
272,weather,UA-3050-PHX-CLT,11:05,7:22,4:57,7:10
273,weather,CO-89-IAH-EWR,6:00,7:22,10:20,7:10
274,weather,CO-1088-CLE-IAH,8:40,7:22,10:54,7:10
275,weather,AA-1886-BOS-MIA,10:45,7:22,2:20,7:10
276,weather,AA-1664-MIA-ATL,10:15,10:19,12:10,11:50
277,weather,AA-3979-CVG-ORD,7:30,7:22,8:00,7:10
278,weather,AA-1279-DFW-PHX,1:00,2:04,2:35,3:13
279,weather,CO-1614-LAX-IAH,12:30,7:22,5:35,7:10
280,weather,AA-616-DFW-DTW,9:05,10:11,12:35,1:11
281,weather,AA-4344-ORD-DTW,11:45,7:22,2:00,7:10
282,weather,UA-2945-PHL-CLT,12:00,7:22,1:45,7:10
283,weather,AA-2525-DFW-MIA,7:25,7:40,11:10,10:52
284,weather,AA-271-MIA-LAX,11:35,11:52,2:25,2:17
285,weather,AA-2050-ORD-MIA,10:40,11:06,2:45,2:36
286,weather,AA-1434-DFW-MCO,7:15,7:22,10:35,10:34
287,weather,CO-1561-PHX-IAH,8:05,7:22,11:35,7:10
288,weather,AA-4307-ORD-DTW,6:45,7:22,9:10,7:10
289,weather,AA-3-JFK-LAX,12:00,12:12,3:15,3:09
290,weather,CO-1694-LAX-IAH,7:15,7:22,12:21,7:10
291,weather,UA-843-LAX-ORD,1:55,7:22,7:53,7:10
292,weather,CO-1193-EWR-MCO,9:15,7:22,12:18,7:10
293,weather,AA-3842-MSP-ORD,6:00,7:22,7:30,7:10
294,weather,AA-643-MIA-ORD,7:10,7:31,9:35,9:23
295,weather,UA-2906-PHL-MCO,3:50,7:22,6:23,7:10
296,weather,UA-938-DEN-ORD,4:16,7:22,7:35,7:10
297,weather,AA-1221-MCO-ORD,8:00,7:22,9:45,7:10
298,weather,CO-16-LAX-EWR,10:25,7:22,6:44,7:10
299,weather,UA-2515-DFW-CLT,7:05,7:22,10:31,7:10
300,weather,AA-400-DFW-JFK,10:40,11:02,2:59,2:52
301,weather,UA-664-ORD-PHL,1:33,7:22,4:31,7:10
302,weather,AA-1522-SFO-ORD,11:55,12:11,5:50,5:49
303,weather,UA-233-LAX-JFK,4:25,4:30,12:29,11:56
304,weather,AA-3823-LAX-DEN,9:00,7:22,12:15,7:10
305,weather,AA-2312-DFW-DTW,8:25,8:44,11:50,11:54
306,weather,AA-1165-JFK-MIA,6:59,7:23,10:34,9:56
307,weather,AA-431-MIA-SFO,8:35,8:52,11:50,11:39
308,weather,UA-257-JFK-SFO,2:30,7:22,6:15,7:10
309,weather,UA-3373-IAD-PHL,8:29,7:22,9:24,7:10
310,weather,AA-649-ORD-SNA,1:30,7:22,3:50,7:10
311,weather,CO-1250-MIA-IAH,2:53,7:22,4:48,7:10
312,weather,UA-6273-YYC-SFO,7:35,7:22,9:43,7:10
313,weather,UA-858-PVG-SFO,1:45,7:22,8:27,7:10
314,weather,UA-2704-DTW-PHX,11:15,7:22,1:40,7:10
315,weather,AA-3063-SLC-LAX,8:20,7:22,9:20,7:10
316,weather,UA-2708-EWR-CLT,2:55,7:22,4:53,7:10
317,weather,UA-62-IAH-EWR,2:30,7:22,7:03,7:10
318,weather,AA-3804-PHL-ORD,2:35,7:22,4:05,7:10
319,weather,AA-1917-JFK-MCO,2:55,7:22,5:55,7:10
320,weather,AA-2268-PHX-ORD,7:15,7:23,11:35,11:04
321,weather,UA-2314-ATL-PHL,2:55,7:22,5:00,7:10
322,weather,AA-4277-CVG-JFK,12:10,7:22,2:15,7:10
323,weather,AA-2957-DFW-CVG,7:55,7:22,11:05,7:10
324,weather,UA-37-EDI-EWR,9:05,7:22,11:53,7:10
325,weather,AA-789-ORD-DEN,1:05,1:20,2:35,2:49
326,weather,UA-854-SFO-IAH,7:53,8:07,1:39,1:23
327,weather,AA-415-BOS-ORD,8:35,7:22,10:40,7:10
328,weather,AA-85-JFK-SFO,3:05,7:22,6:30,7:10
329,weather,AA-3786-IAH-ORD,4:00,7:22,6:40,7:10
330,weather,CO-50-CLE-EWR,2:55,7:22,4:49,7:10
331,weather,UA-3099-PHX-PHL,11:55,7:22,6:17,7:10
332,weather,AA-4198-ORD-CLE,10:40,7:22,12:55,7:10
333,weather,AA-404-MIA-MCO,6:45,6:58,7:45,7:40
334,weather,CO-45-EWR-MIA,4:00,7:22,7:05,7:10
335,weather,AA-3809-PHX-LAX,6:00,7:22,6:40,7:10
336,weather,AA-59-JFK-SFO,7:10,7:40,10:45,10:49
337,weather,AA-222-LAX-BOS,7:10,7:22,3:30,7:10
338,airtravelcenter,AA-3859-IAH-ORD,7:10,7:16,6:40,9:22
339,airtravelcenter,CO-1586-IAH-MCO,7:00,7:22,10:15,7:10
340,airtravelcenter,AA-518-MIA-JFK,7:10,6:54,6:40,9:14
341,airtravelcenter,UA-397-JFK-SFO,7:10,8:48,6:40,11:30
342,airtravelcenter,UA-3925-IAD-ORF,7:10,9:00,6:40,9:29
343,airtravelcenter,AA-1733-ORD-PHX,7:10,7:59,6:40,10:31
344,airtravelcenter,UA-2830-MCO-CLT,7:10,3:50,6:40,5:14
345,airtravelcenter,CO-58-DEN-IAH,11:25,7:22,2:50,7:10
346,airtravelcenter,AA-1544-SAN-ORD,7:10,11:41,6:40,4:54
347,airtravelcenter,UA-5487-SFO-MRY,7:10,10:53,6:40,11:11
348,airtravelcenter,AA-204-LAX-MCO,7:10,11:29,6:40,12/2/11 6:35
349,airtravelcenter,UA-414-LAX-SFO,7:10,6:10,6:40,7:04
350,airtravelcenter,CO-1614-LAX-IAH,12:30,7:22,5:35,7:10
351,airtravelcenter,UA-2726-FLL-PHL,7:10,4:10,6:40,6:25
352,airtravelcenter,CO-52-IAH-LAX,7:35,7:22,9:21,7:10
353,airtravelcenter,CO-1090-BOS-IAH,9:45,7:22,1:16,7:10
354,airtravelcenter,AA-616-DFW-DTW,7:10,10:11,6:40,1:11
355,airtravelcenter,UA-3515-IAD-MSP,7:10,8:26,6:40,9:56
356,airtravelcenter,AA-3468-CVG-MIA,7:10,7:25,6:40,9:29
357,airtravelcenter,AA-484-DFW-MIA,7:10,4:29,6:40,7:37
358,airtravelcenter,AA-1886-BOS-MIA,7:10,10:54,6:40,1:36
359,airtravelcenter,CO-62-IAH-EWR,2:30,7:22,7:03,7:10
360,airtravelcenter,CO-1561-PHX-IAH,8:05,7:22,11:35,7:10
361,airtravelcenter,UA-2314-ATL-PHL,7:10,3:04,6:40,4:43
362,airtravelcenter,AA-446-DFW-PHL,7:10,12:13,6:40,4:08
363,airtravelcenter,CO-1023-IAH-DEN,11:40,7:22,1:17,7:10
364,airtravelcenter,AA-466-IAH-MIA,7:10,6:09,6:40,8:50
365,airtravelcenter,UA-3050-PHX-CLT,7:10,11:45,6:40,5:00
366,airtravelcenter,CO-89-IAH-EWR,6:00,7:22,10:20,7:10
367,airtravelcenter,CO-1088-CLE-IAH,8:40,7:22,10:54,7:10
368,airtravelcenter,AA-1664-MIA-ATL,7:10,10:19,6:40,11:50
369,airtravelcenter,AA-1279-DFW-PHX,7:10,2:03,6:40,3:13
370,airtravelcenter,UA-854-SFO-IAH,7:10,8:07,6:40,1:23
371,airtravelcenter,UA-382-IAD-LAX,7:10,12:56,6:40,3:09
372,airtravelcenter,AA-4344-ORD-DTW,7:10,12:14,6:40,1:55
373,airtravelcenter,UA-257-JFK-SFO,7:10,2:43,6:40,5:22
374,airtravelcenter,UA-2945-PHL-CLT,7:10,12:07,6:40,1:11
375,airtravelcenter,CO-63-EWR-IAH,5:25,7:22,8:22,7:10
376,airtravelcenter,CO-47-IAH-LAX,7:10,7:22,8:56,7:10
377,airtravelcenter,AA-2050-ORD-MIA,7:10,11:06,6:40,2:39
378,airtravelcenter,UA-248-PHX-ORD,7:10,1:43,6:40,5:24
379,airtravelcenter,AA-4330-CVG-ORD,3:35,7:22,4:00,7:10
380,airtravelcenter,AA-1434-DFW-MCO,7:10,7:22,6:40,10:34
381,airtravelcenter,AA-1640-MIA-MCO,7:10,6:47,6:40,7:25
382,airtravelcenter,AA-4307-ORD-DTW,7:10,6:56,6:40,8:38
383,airtravelcenter,AA-3-JFK-LAX,7:10,12:12,6:40,3:04
384,airtravelcenter,CO-1694-LAX-IAH,7:15,7:22,12/2/11 12:21,7:10
385,airtravelcenter,UA-843-LAX-ORD,7:10,2:04,6:40,7:20
386,airtravelcenter,CO-1193-EWR-MCO,9:15,7:22,12:18,7:10
387,airtravelcenter,AA-3842-MSP-ORD,7:10,6:57,6:40,7:49
388,airtravelcenter,AA-643-MIA-ORD,7:10,7:31,6:40,9:26
389,airtravelcenter,AA-1007-MIA-PHX,7:10,5:09,6:40,7:43
390,airtravelcenter,AA-2525-DFW-MIA,7:10,7:39,6:40,10:43
391,airtravelcenter,UA-2906-PHL-MCO,7:10,4:44,6:40,6:28
392,airtravelcenter,UA-938-DEN-ORD,7:10,4:37,6:40,7:23
393,airtravelcenter,AA-1221-MCO-ORD,7:10,8:23,6:40,9:47
394,airtravelcenter,CO-16-LAX-EWR,10:25,7:22,6:44,7:10
395,airtravelcenter,UA-2515-DFW-CLT,7:10,7:30,6:40,10:43
396,airtravelcenter,AA-400-DFW-JFK,7:10,11:02,6:40,2:58
397,airtravelcenter,UA-664-ORD-PHL,7:10,1:48,6:40,4:20
398,airtravelcenter,AA-3756-ORD-SLC,7:10,12:42,6:40,2:50
399,airtravelcenter,UA-37-EWR-MCO,1:29,7:22,4:17,7:10
400,airtravelcenter,AA-1522-SFO-ORD,7:10,12:11,6:40,5:52
401,airtravelcenter,UA-233-LAX-JFK,7:10,4:28,6:40,12/2/11 12:01
402,airtravelcenter,AA-3823-LAX-DEN,7:10,9:06,6:40,11:49
403,airtravelcenter,AA-2312-DFW-DTW,7:10,8:29,6:40,11:35
404,airtravelcenter,AA-1165-JFK-MIA,7:10,7:23,6:40,9:45
405,airtravelcenter,AA-431-MIA-SFO,7:10,8:52,6:40,11:33
406,airtravelcenter,UA-3373-IAD-PHL,7:10,8:37,6:40,9:13
407,airtravelcenter,AA-649-ORD-SNA,7:10,1:41,6:40,3:29
408,airtravelcenter,CO-1250-MIA-IAH,2:53,7:22,4:48,7:10
409,airtravelcenter,UA-6273-YYC-SFO,7:10,7:41,6:40,8:33
410,airtravelcenter,UA-828-SFO-ORD,11:08,7:22,12/2/11 5:11,7:10
411,airtravelcenter,CO-4888-IAH-DAL,7:10,5:38,6:40,6:19
412,airtravelcenter,UA-858-PVG-SFO,7:10,1:50,6:40,7:50
413,airtravelcenter,UA-2704-DTW-PHX,7:10,11:47,6:40,1:52
414,airtravelcenter,AA-3063-SLC-LAX,7:10,8:40,6:40,9:12
415,airtravelcenter,UA-2708-EWR-CLT,7:10,3:04,6:40,4:22
416,airtravelcenter,UA-62-IAH-EWR,2:30,7:22,7:03,7:10
417,airtravelcenter,UA-1500-IAH-GUA,8:55,7:22,11:45,7:10
418,airtravelcenter,AA-3804-PHL-ORD,7:10,2:44,6:40,3:36
419,airtravelcenter,AA-1917-JFK-MCO,7:10,3:28,6:40,5:39
420,airtravelcenter,AA-2268-PHX-ORD,7:10,7:22,6:40,11:04
421,airtravelcenter,AA-4277-CVG-JFK,7:10,12:11,6:40,1:42
422,airtravelcenter,AA-2957-DFW-CVG,7:10,8:04,6:40,10:58
423,airtravelcenter,UA-37-EDI-EWR,9:05,7:22,11:53,7:10
424,airtravelcenter,AA-789-ORD-DEN,7:10,1:20,6:40,2:49
425,airtravelcenter,AA-415-BOS-ORD,7:10,8:55,6:40,10:12
426,airtravelcenter,AA-85-JFK-SFO,7:10,3:38,6:40,6:30
427,airtravelcenter,AA-3979-CVG-ORD,7:10,8:04,6:40,7:59
428,airtravelcenter,AA-3786-IAH-ORD,7:10,4:12,6:40,6:11
429,airtravelcenter,AA-271-MIA-LAX,7:10,11:52,6:40,2:21
430,airtravelcenter,CO-50-CLE-EWR,2:55,7:22,4:49,7:10
431,airtravelcenter,UA-3099-PHX-PHL,7:10,11:55,6:40,5:34
432,airtravelcenter,AA-4198-ORD-CLE,7:10,10:55,6:40,12:37
433,airtravelcenter,AA-404-MIA-MCO,7:10,6:58,6:40,7:37
434,airtravelcenter,CO-45-EWR-MIA,4:00,7:22,7:05,7:10
435,airtravelcenter,AA-3809-PHX-LAX,7:10,6:11,6:40,6:15
436,airtravelcenter,AA-59-JFK-SFO,7:10,7:40,6:40,10:52
437,airtravelcenter,AA-222-LAX-BOS,7:10,7:32,6:40,3:12
438,flightview,AA-3859-IAH-ORD,7:10,7:16,9:40,9:22
439,flightview,CO-1586-IAH-MCO,7:10,7:42,6:40,10:29
440,flightview,AA-518-MIA-JFK,6:40,6:54,9:25,9:28
441,flightview,UA-397-JFK-SFO,8:00,8:49,11:55,11:58
442,flightview,UA-3925-IAD-ORF,7:10,9:01,6:40,9:43
443,flightview,AA-1733-ORD-PHX,7:45,7:59,10:30,7:10
444,flightview,AA-3-JFK-LAX,12:00,12:12,3:15,3:16
445,flightview,UA-2830-MCO-CLT,3:27,3:50,5:05,5:17
446,flightview,CO-58-DEN-IAH,7:10,12:37,6:40,3:31
447,flightview,UA-5487-SFO-MRY,7:10,10:53,6:40,11:21
448,flightview,AA-204-LAX-MCO,11:25,7:22,6:55,7:10
449,flightview,UA-414-LAX-SFO,7:10,6:10,6:40,7:17
450,flightview,CO-1614-LAX-IAH,7:10,12:58,6:40,5:26
451,flightview,UA-2726-FLL-PHL,4:00,4:10,6:46,6:25
452,flightview,CO-52-IAH-LAX,7:10,7:56,6:40,9:09
453,flightview,CO-1090-BOS-IAH,7:10,10:35,6:40,1:19
454,flightview,AA-616-DFW-DTW,9:05,10:11,12:35,1:18
455,flightview,UA-3515-IAD-MSP,7:10,8:26,6:40,9:56
456,flightview,AA-3468-CVG-MIA,7:00,7:25,9:55,9:45
457,flightview,AA-484-DFW-MIA,4:15,4:30,7:55,7:39
458,flightview,AA-1886-BOS-MIA,7:10,10:55,6:40,1:40
459,flightview,CO-62-IAH-EWR,7:10,2:59,6:40,7:10
460,flightview,CO-1561-PHX-IAH,7:10,8:18,6:40,11:32
461,flightview,UA-2314-ATL-PHL,7:10,3:04,6:40,5:00
462,flightview,AA-446-DFW-PHL,11:50,12:13,3:50,4:09
463,flightview,CO-1023-IAH-DEN,7:10,12:06,6:40,1:14
464,flightview,AA-466-IAH-MIA,6:00,6:09,9:20,9:05
465,flightview,UA-3050-PHX-CLT,11:05,11:45,4:57,5:03
466,flightview,CO-89-IAH-EWR,7:10,6:17,6:40,10:27
467,flightview,CO-1088-CLE-IAH,7:10,9:01,6:40,10:56
468,flightview,AA-1664-MIA-ATL,10:15,10:19,12:10,11:50
469,flightview,AA-1279-DFW-PHX,1:00,2:04,2:35,3:19
470,flightview,UA-854-SFO-IAH,7:10,8:07,6:40,1:30
471,flightview,UA-382-IAD-LAX,7:10,12:56,6:40,3:21
472,flightview,AA-4344-ORD-DTW,7:10,12:14,6:40,2:01
473,flightview,UA-257-JFK-SFO,2:30,2:43,6:15,5:42
474,flightview,UA-2945-PHL-CLT,12:00,12:08,1:45,1:14
475,flightview,CO-63-EWR-IAH,7:10,5:38,6:40,8:03
476,flightview,CO-47-IAH-LAX,7:10,8:36,6:40,9:38
477,flightview,AA-2050-ORD-MIA,10:40,11:06,2:45,2:46
478,flightview,UA-248-PHX-ORD,7:10,1:43,6:40,5:34
479,flightview,AA-4330-CVG-ORD,7:10,3:36,6:40,3:25
480,flightview,AA-1434-DFW-MCO,7:15,7:22,10:35,10:29
481,flightview,AA-1640-MIA-MCO,6:30,7:22,7:25,7:10
482,flightview,AA-4307-ORD-DTW,6:45,6:56,9:10,8:43
483,flightview,CO-1694-LAX-IAH,7:15,7:22,12:21,7:10
484,flightview,UA-843-LAX-ORD,7:10,2:38,6:40,7:58
485,flightview,CO-1193-EWR-MCO,9:15,9:58,12:18,12:09
486,flightview,AA-3842-MSP-ORD,6:00,6:57,7:30,7:51
487,flightview,AA-643-MIA-ORD,7:10,7:31,9:35,9:29
488,flightview,AA-1007-MIA-PHX,7:10,5:09,6:40,7:53
489,flightview,UA-2906-PHL-MCO,3:50,4:46,6:23,6:35
490,flightview,UA-938-DEN-ORD,7:10,4:37,6:40,7:36
491,flightview,AA-1221-MCO-ORD,8:00,8:23,9:45,9:49
492,flightview,CO-16-LAX-EWR,7:10,10:37,6:40,6:34
493,flightview,UA-2515-DFW-CLT,7:10,7:31,6:40,10:45
494,flightview,AA-400-DFW-JFK,10:40,11:02,2:59,3:04
495,flightview,UA-664-ORD-PHL,1:33,1:48,4:31,4:23
496,flightview,AA-3756-ORD-SLC,12:15,12:42,2:45,2:52
497,flightview,UA-37-EWR-MCO,7:10,2:01,6:40,4:17
498,flightview,AA-1522-SFO-ORD,11:55,7:22,5:50,7:10
499,flightview,UA-233-LAX-JFK,4:25,7:22,12:29,7:10
500,flightview,AA-3823-LAX-DEN,9:00,7:22,12:15,7:10
501,flightview,AA-2312-DFW-DTW,8:25,7:22,11:50,7:10
502,flightview,AA-1165-JFK-MIA,6:59,7:23,10:34,10:04
503,flightview,AA-431-MIA-SFO,8:35,8:52,11:50,11:44
504,flightview,UA-3373-IAD-PHL,7:10,8:37,6:40,9:13
505,flightview,AA-649-ORD-SNA,1:30,7:22,3:50,7:10
506,flightview,CO-1250-MIA-IAH,7:10,3:17,6:40,4:59
507,flightview,UA-6273-YYC-SFO,7:10,7:41,6:40,8:45
508,flightview,UA-828-SFO-ORD,11:08,7:22,5:11,7:10
509,flightview,CO-4888-IAH-DAL,5:30,7:22,6:40,7:10
510,flightview,UA-858-PVG-SFO,7:10,1:45,6:40,8:02
511,flightview,UA-2704-DTW-PHX,7:10,11:47,6:40,2:02
512,flightview,AA-3063-SLC-LAX,7:10,8:40,6:40,9:11
513,flightview,UA-2708-EWR-CLT,7:10,3:04,6:40,4:24
514,flightview,UA-62-IAH-EWR,7:10,2:59,6:40,7:10
515,flightview,UA-1500-IAH-GUA,7:10,9:43,6:40,12:12
516,flightview,AA-3804-PHL-ORD,2:35,2:44,4:05,3:36
517,flightview,AA-1917-JFK-MCO,2:55,3:28,5:55,5:34
518,flightview,AA-2268-PHX-ORD,7:15,7:23,11:35,11:07
519,flightview,AA-4277-CVG-JFK,12:10,12:11,2:15,1:43
520,flightview,AA-2957-DFW-CVG,7:55,8:05,11:05,11:00
521,flightview,UA-37-EDI-EWR,7:10,9:05,6:40,12:09
522,flightview,AA-789-ORD-DEN,1:05,1:20,2:35,3:01
523,flightview,AA-415-BOS-ORD,7:10,8:56,6:40,10:10
524,flightview,AA-85-JFK-SFO,3:05,3:38,6:30,6:43
525,flightview,AA-3979-CVG-ORD,7:30,8:04,8:00,7:57
526,flightview,AA-1544-SAN-ORD,7:10,11:41,6:40,4:56
527,flightview,AA-3786-IAH-ORD,4:00,4:12,6:40,6:09
528,flightview,AA-271-MIA-LAX,11:35,11:52,2:25,2:27
529,flightview,AA-2525-DFW-MIA,7:25,7:40,11:10,11:06
530,flightview,CO-50-CLE-EWR,7:10,4:02,6:40,5:26
531,flightview,UA-3099-PHX-PHL,11:55,11:55,6:17,6:17
532,flightview,AA-4198-ORD-CLE,10:40,10:55,12:55,12:48
533,flightview,AA-404-MIA-MCO,6:45,6:58,7:45,7:32
534,flightview,CO-45-EWR-MIA,4:00,4:15,7:05,6:36
535,flightview,AA-3809-PHX-LAX,6:00,6:11,6:40,6:19
536,flightview,AA-59-JFK-SFO,7:10,7:40,10:45,11:12
537,flightview,AA-222-LAX-BOS,7:10,7:32,3:30,3:14
538,flightstats,AA-3859-IAH-ORD,7:10,7:16,9:40,9:32
539,flightstats,CO-1586-IAH-MCO,7:00,7:14,10:15,10:29
540,flightstats,AA-518-MIA-JFK,6:40,6:54,9:25,9:28
541,flightstats,UA-397-JFK-SFO,8:00,8:29,11:55,11:58
542,flightstats,UA-3925-IAD-ORF,8:41,8:42,9:54,9:43
543,flightstats,AA-1733-ORD-PHX,7:45,7:58,10:30,10:30
544,flightstats,AA-4344-ORD-DTW,11:45,12:13,2:00,2:10
545,flightstats,AA-1640-MIA-MCO,6:30,6:47,7:25,7:25
546,flightstats,UA-2830-MCO-CLT,3:27,3:28,5:05,5:17
547,flightstats,CO-58-DEN-IAH,11:25,11:32,2:50,3:31
548,flightstats,AA-204-LAX-MCO,11:25,11:29,6:55,6:35
549,flightstats,UA-414-LAX-SFO,6:00,5:56,7:23,7:17
550,flightstats,CO-1614-LAX-IAH,12:30,12:41,5:35,5:26
551,flightstats,UA-2726-FLL-PHL,4:00,3:58,6:46,6:28
552,flightstats,CO-52-IAH-LAX,7:35,7:29,9:21,9:14
553,flightstats,CO-1090-BOS-IAH,9:45,10:19,1:16,1:19
554,flightstats,AA-3468-CVG-MIA,7:00,7:25,9:55,9:45
555,flightstats,UA-3515-IAD-MSP,8:15,8:12,10:06,9:56
556,flightstats,AA-484-DFW-MIA,4:15,4:29,7:55,7:39
557,flightstats,AA-616-DFW-DTW,9:05,10:10,12:35,1:27
558,flightstats,CO-62-IAH-EWR,2:30,2:48,7:03,7:10
559,flightstats,CO-63-EWR-IAH,5:25,5:22,8:22,8:03
560,flightstats,AA-446-DFW-PHL,11:50,12:12,3:50,4:09
561,flightstats,CO-1023-IAH-DEN,11:40,11:56,1:17,1:14
562,flightstats,AA-466-IAH-MIA,6:00,6:08,9:20,9:05
563,flightstats,UA-3050-PHX-CLT,11:05,11:30,4:57,5:05
564,flightstats,CO-89-IAH-EWR,6:00,6:02,10:20,10:27
565,flightstats,CO-1088-CLE-IAH,8:40,8:40,10:54,10:56
566,flightstats,AA-2957-DFW-CVG,7:55,8:04,11:05,11:01
567,flightstats,AA-1664-MIA-ATL,10:15,10:18,12:10,11:56
568,flightstats,AA-3979-CVG-ORD,7:30,8:04,8:00,8:06
569,flightstats,AA-1279-DFW-PHX,1:00,2:04,2:35,3:20
570,flightstats,AA-404-MIA-MCO,6:45,6:57,7:45,7:40
571,flightstats,AA-3756-ORD-SLC,12:15,12:41,2:45,2:50
572,flightstats,UA-382-IAD-LAX,12:30,12:35,3:19,3:21
573,flightstats,UA-2945-PHL-CLT,12:00,11:51,1:45,1:15
574,flightstats,CO-47-IAH-LAX,7:10,8:25,8:56,9:52
575,flightstats,AA-271-MIA-LAX,11:35,11:52,2:25,2:27
576,flightstats,AA-2050-ORD-MIA,10:40,11:05,2:45,2:46
577,flightstats,UA-248-PHX-ORD,12:57,1:32,5:15,5:34
578,flightstats,AA-4330-CVG-ORD,3:35,3:36,4:00,3:33
579,flightstats,AA-1434-DFW-MCO,7:15,7:21,10:35,10:36
580,flightstats,CO-1561-PHX-IAH,8:05,8:00,11:35,11:32
581,flightstats,AA-4307-ORD-DTW,6:45,6:55,9:10,8:53
582,flightstats,AA-3-JFK-LAX,12:00,12:11,3:15,3:16
583,flightstats,CO-1694-LAX-IAH,7:15,7:15,12:21,12:21
584,flightstats,UA-843-LAX-ORD,1:55,2:10,7:53,7:58
585,flightstats,CO-1193-EWR-MCO,9:15,9:14,12:18,12:09
586,flightstats,AA-3842-MSP-ORD,6:00,6:56,7:30,7:51
587,flightstats,AA-643-MIA-ORD,7:10,7:30,9:35,9:31
588,flightstats,AA-1007-MIA-PHX,4:55,5:08,8:05,7:55
589,flightstats,AA-2525-DFW-MIA,7:25,7:39,11:10,11:06
590,flightstats,UA-2906-PHL-MCO,3:50,4:28,6:23,6:38
591,flightstats,UA-938-DEN-ORD,4:16,4:15,7:35,7:36
592,flightstats,AA-1221-MCO-ORD,8:00,8:23,9:45,9:53
593,flightstats,CO-16-LAX-EWR,10:25,10:20,6:44,6:34
594,flightstats,UA-2515-DFW-CLT,7:05,7:07,10:31,10:47
595,flightstats,AA-400-DFW-JFK,10:40,11:01,2:59,3:04
596,flightstats,UA-664-ORD-PHL,1:33,1:31,4:31,4:23
597,flightstats,UA-37-EWR-MCO,1:29,1:48,4:17,4:17
598,flightstats,AA-1522-SFO-ORD,11:55,12:10,5:50,5:42
599,flightstats,UA-233-LAX-JFK,4:25,4:28,12:29,12:01
600,flightstats,AA-3823-LAX-DEN,9:00,9:06,12:15,11:49
601,flightstats,AA-2312-DFW-DTW,8:25,8:29,11:50,11:35
602,flightstats,UA-2314-ATL-PHL,2:55,2:46,5:00,4:47
603,flightstats,AA-1165-JFK-MIA,6:59,7:22,10:34,10:04
604,flightstats,AA-431-MIA-SFO,8:35,8:51,11:50,11:44
605,flightstats,UA-257-JFK-SFO,2:30,2:26,6:15,5:42
606,flightstats,UA-3373-IAD-PHL,8:29,8:26,9:24,9:13
607,flightstats,CO-1250-MIA-IAH,2:53,3:01,4:48,4:59
608,flightstats,UA-828-SFO-ORD,11:08,7:22,5:11,7:10
609,flightstats,CO-4888-IAH-DAL,5:30,5:30,6:40,6:40
610,flightstats,UA-2704-DTW-PHX,11:15,11:15,1:40,2:00
611,flightstats,AA-3063-SLC-LAX,8:20,8:39,9:20,9:19
612,flightstats,UA-2708-EWR-CLT,2:55,2:52,4:53,4:44
613,flightstats,UA-62-IAH-EWR,2:30,2:48,7:03,7:10
614,flightstats,AA-3804-PHL-ORD,2:35,2:44,4:05,3:43
615,flightstats,AA-1917-JFK-MCO,2:55,3:27,5:55,5:43
616,flightstats,AA-2268-PHX-ORD,7:15,7:22,11:35,11:06
617,flightstats,AA-4277-CVG-JFK,12:10,12:10,2:15,1:43
618,flightstats,AA-789-ORD-DEN,1:05,1:19,2:35,3:13
619,flightstats,UA-854-SFO-IAH,7:53,7:49,1:39,1:30
620,flightstats,AA-415-BOS-ORD,8:35,8:56,10:40,10:16
621,flightstats,AA-85-JFK-SFO,3:05,3:36,6:30,6:43
622,flightstats,AA-3786-IAH-ORD,4:00,4:12,6:40,6:15
623,flightstats,AA-222-LAX-BOS,7:10,7:31,3:30,3:14
624,flightstats,CO-50-CLE-EWR,2:55,3:31,4:49,5:26
625,flightstats,UA-3099-PHX-PHL,11:55,11:43,6:17,5:38
626,flightstats,AA-4198-ORD-CLE,10:40,10:54,12:55,12:50
627,flightstats,CO-45-EWR-MIA,4:00,3:58,7:05,6:36
628,flightstats,AA-3809-PHX-LAX,6:00,6:10,6:40,6:19
629,flightstats,AA-59-JFK-SFO,7:10,7:39,10:45,11:12
630,panynj,AA-3859-IAH-ORD,7:10,7:16,9:40,9:22
631,panynj,CO-1586-IAH-MCO,7:10,7:42,6:40,10:29
632,panynj,AA-518-MIA-JFK,6:40,6:54,9:25,9:28
633,panynj,UA-397-JFK-SFO,8:00,8:49,11:55,11:58
634,panynj,UA-3925-IAD-ORF,7:10,9:01,6:40,9:43
635,panynj,AA-1733-ORD-PHX,7:45,7:59,10:30,7:10
636,panynj,AA-3-JFK-LAX,12:00,12:12,3:15,3:16
637,panynj,UA-2830-MCO-CLT,3:27,3:50,5:05,5:17
638,panynj,CO-58-DEN-IAH,7:10,12:37,6:40,3:31
639,panynj,UA-5487-SFO-MRY,7:10,10:53,6:40,11:21
640,panynj,AA-204-LAX-MCO,11:25,7:22,6:55,7:10
641,panynj,UA-414-LAX-SFO,7:10,6:10,6:40,7:17
642,panynj,CO-1614-LAX-IAH,7:10,12:58,6:40,5:26
643,panynj,UA-2726-FLL-PHL,4:00,4:10,6:46,6:25
644,panynj,CO-52-IAH-LAX,7:10,7:56,6:40,9:09
645,panynj,CO-1090-BOS-IAH,7:10,10:35,6:40,1:19
646,panynj,AA-616-DFW-DTW,9:05,10:11,12:35,1:18
647,panynj,UA-3515-IAD-MSP,7:10,8:26,6:40,9:56
648,panynj,AA-3468-CVG-MIA,7:00,7:25,9:55,9:45
649,panynj,AA-484-DFW-MIA,4:15,4:30,7:55,7:39
650,panynj,AA-1886-BOS-MIA,7:10,10:55,6:40,1:40
651,panynj,CO-62-IAH-EWR,7:10,2:59,6:40,7:10
652,panynj,CO-1561-PHX-IAH,7:10,8:18,6:40,11:32
653,panynj,UA-2314-ATL-PHL,7:10,3:04,6:40,5:00
654,panynj,AA-446-DFW-PHL,11:50,12:13,3:50,4:09
655,panynj,CO-1023-IAH-DEN,7:10,12:06,6:40,1:14
656,panynj,AA-466-IAH-MIA,6:00,6:09,9:20,9:05
657,panynj,UA-3050-PHX-CLT,11:05,11:45,4:57,5:03
658,panynj,CO-89-IAH-EWR,7:10,6:17,6:40,10:27
659,panynj,CO-1088-CLE-IAH,7:10,9:01,6:40,10:56
660,panynj,AA-1664-MIA-ATL,10:15,10:19,12:10,11:50
661,panynj,AA-1279-DFW-PHX,1:00,2:04,2:35,3:19
662,panynj,UA-854-SFO-IAH,7:10,8:07,6:40,1:30
663,panynj,UA-382-IAD-LAX,7:10,12:56,6:40,3:21
664,panynj,AA-4344-ORD-DTW,7:10,12:14,6:40,2:01
665,panynj,UA-257-JFK-SFO,2:30,2:43,6:15,5:42
666,panynj,UA-2945-PHL-CLT,12:00,12:08,1:45,1:14
667,panynj,CO-63-EWR-IAH,7:10,5:38,6:40,8:03
668,panynj,CO-47-IAH-LAX,7:10,8:36,6:40,9:38
669,panynj,AA-2050-ORD-MIA,10:40,11:06,2:45,2:46
670,panynj,UA-248-PHX-ORD,7:10,1:43,6:40,5:34
671,panynj,AA-4330-CVG-ORD,7:10,3:36,6:40,3:25
672,panynj,AA-1434-DFW-MCO,7:15,7:22,10:35,10:29
673,panynj,AA-1640-MIA-MCO,6:30,7:22,7:25,7:10
674,panynj,AA-4307-ORD-DTW,6:45,6:56,9:10,8:43
675,panynj,CO-1694-LAX-IAH,7:15,7:22,12:21,7:10
676,panynj,UA-843-LAX-ORD,7:10,2:38,6:40,7:58
677,panynj,CO-1193-EWR-MCO,9:15,9:58,12:18,12:09
678,panynj,AA-3842-MSP-ORD,6:00,6:57,7:30,7:51
679,panynj,AA-643-MIA-ORD,7:10,7:31,9:35,9:29
680,panynj,AA-1007-MIA-PHX,7:10,5:09,6:40,7:53
681,panynj,UA-2906-PHL-MCO,3:50,4:46,6:23,6:35
682,panynj,UA-938-DEN-ORD,7:10,4:37,6:40,7:36
683,panynj,AA-1221-MCO-ORD,8:00,8:23,9:45,9:49
684,panynj,CO-16-LAX-EWR,7:10,10:37,6:40,6:34
685,panynj,UA-2515-DFW-CLT,7:10,7:31,6:40,10:45
686,panynj,AA-400-DFW-JFK,10:40,11:02,2:59,3:04
687,panynj,UA-664-ORD-PHL,1:33,1:48,4:31,4:23
688,panynj,AA-3756-ORD-SLC,12:15,12:42,2:45,2:52
689,panynj,UA-37-EWR-MCO,7:10,2:01,6:40,4:17
690,panynj,AA-1522-SFO-ORD,11:55,7:22,5:50,7:10
691,panynj,UA-233-LAX-JFK,4:25,7:22,12:29,7:10
692,panynj,AA-3823-LAX-DEN,9:00,7:22,12:15,7:10
693,panynj,AA-2312-DFW-DTW,8:25,7:22,11:50,7:10
694,panynj,AA-1165-JFK-MIA,6:59,7:23,10:34,10:04
695,panynj,AA-431-MIA-SFO,8:35,8:52,11:50,11:44
696,panynj,UA-3373-IAD-PHL,7:10,8:37,6:40,9:13
697,panynj,AA-649-ORD-SNA,1:30,7:22,3:50,7:10
698,panynj,CO-1250-MIA-IAH,7:10,3:17,6:40,4:59
699,panynj,UA-6273-YYC-SFO,7:10,7:41,6:40,8:45
700,panynj,UA-828-SFO-ORD,11:08,7:22,5:11,7:10
701,panynj,CO-4888-IAH-DAL,5:30,7:22,6:40,7:10
702,panynj,UA-858-PVG-SFO,7:10,1:45,6:40,8:02
703,panynj,UA-2704-DTW-PHX,7:10,11:47,6:40,2:02
704,panynj,AA-3063-SLC-LAX,7:10,8:40,6:40,9:11
705,panynj,UA-2708-EWR-CLT,7:10,3:04,6:40,4:24
706,panynj,UA-62-IAH-EWR,7:10,2:59,6:40,7:10
707,panynj,UA-1500-IAH-GUA,7:10,9:43,6:40,12:12
708,panynj,AA-3804-PHL-ORD,2:35,2:44,4:05,3:36
709,panynj,AA-1917-JFK-MCO,2:55,3:28,5:55,5:34
710,panynj,AA-2268-PHX-ORD,7:15,7:23,11:35,11:07
711,panynj,AA-4277-CVG-JFK,12:10,12:11,2:15,1:43
712,panynj,AA-2957-DFW-CVG,7:55,8:05,11:05,11:00
713,panynj,UA-37-EDI-EWR,7:10,9:05,6:40,12:09
714,panynj,AA-789-ORD-DEN,1:05,1:20,2:35,3:01
715,panynj,AA-415-BOS-ORD,7:10,8:56,6:40,10:10
716,panynj,AA-85-JFK-SFO,3:05,3:38,6:30,6:43
717,panynj,AA-3979-CVG-ORD,7:30,8:04,8:00,7:57
718,panynj,AA-1544-SAN-ORD,7:10,11:41,6:40,4:56
719,panynj,AA-3786-IAH-ORD,4:00,4:12,6:40,6:09
720,panynj,AA-271-MIA-LAX,11:35,11:52,2:25,2:27
721,panynj,AA-2525-DFW-MIA,7:25,7:40,11:10,11:06
722,panynj,CO-50-CLE-EWR,7:10,4:02,6:40,5:26
723,panynj,UA-3099-PHX-PHL,11:55,11:55,6:17,6:17
724,panynj,AA-4198-ORD-CLE,10:40,10:55,12:55,12:48
725,panynj,AA-404-MIA-MCO,6:45,6:58,7:45,7:32
726,panynj,CO-45-EWR-MIA,4:00,4:15,7:05,6:36
727,panynj,AA-3809-PHX-LAX,6:00,6:11,6:40,6:19
728,panynj,AA-59-JFK-SFO,7:10,7:40,10:45,11:12
729,panynj,AA-222-LAX-BOS,7:10,7:32,3:30,3:14
730,flightexplorer,AA-3859-IAH-ORD,7:10,7:16,6:40,9:22
731,flightexplorer,AA-1733-ORD-PHX,7:10,7:59,6:40,10:28
732,flightexplorer,CO-1586-IAH-MCO,7:10,7:41,6:40,10:22
733,flightexplorer,UA-397-JFK-SFO,7:10,8:47,6:40,11:30
734,flightexplorer,UA-3925-IAD-ORF,7:10,9:01,6:40,9:39
735,flightexplorer,AA-1640-MIA-MCO,6:30,7:22,7:25,7:10
736,flightexplorer,AA-1544-SAN-ORD,7:10,11:41,6:40,4:54
737,flightexplorer,UA-5487-SFO-MRY,7:10,10:53,6:40,11:16
738,flightexplorer,AA-204-LAX-MCO,11:25,7:22,12/2/2011 6:55,7:10
739,flightexplorer,UA-414-LAX-SFO,7:10,6:09,6:40,7:04
740,flightexplorer,CO-1614-LAX-IAH,7:10,12:57,6:40,5:25
741,flightexplorer,AA-3756-ORD-SLC,7:10,12:42,6:40,2:50
742,flightexplorer,AA-3468-CVG-MIA,7:10,7:25,6:40,9:29
743,flightexplorer,AA-484-DFW-MIA,7:10,4:30,6:40,7:37
744,flightexplorer,AA-616-DFW-DTW,7:10,10:11,6:40,1:19
745,flightexplorer,AA-446-DFW-PHL,7:10,12:13,6:40,4:08
746,flightexplorer,CO-1023-IAH-DEN,7:10,12:05,6:40,1:06
747,flightexplorer,AA-466-IAH-MIA,7:10,6:09,6:40,8:50
748,flightexplorer,AA-2957-DFW-CVG,7:10,8:05,6:40,10:58
749,flightexplorer,AA-1664-MIA-ATL,7:10,10:19,6:40,11:50
750,flightexplorer,AA-3979-CVG-ORD,7:10,8:04,6:40,7:59
751,flightexplorer,AA-1279-DFW-PHX,7:10,2:04,6:40,3:13
752,flightexplorer,UA-382-IAD-LAX,7:10,12:55,6:40,3:07
753,flightexplorer,AA-4344-ORD-DTW,7:10,12:14,6:40,1:55
754,flightexplorer,UA-257-JFK-SFO,7:10,2:41,6:40,5:22
755,flightexplorer,AA-271-MIA-LAX,7:10,11:52,6:40,2:21
756,flightexplorer,AA-2050-ORD-MIA,7:10,11:06,6:40,2:39
757,flightexplorer,UA-248-PHX-ORD,1:09,7:22,4:52,7:10
758,flightexplorer,AA-4330-CVG-ORD,7:10,3:36,6:40,3:26
759,flightexplorer,AA-1434-DFW-MCO,7:10,7:22,6:40,10:34
760,flightexplorer,AA-4307-ORD-DTW,7:10,6:56,6:40,8:38
761,flightexplorer,AA-3-JFK-LAX,7:10,12:12,6:40,3:04
762,flightexplorer,CO-1193-EWR-MCO,7:10,9:56,6:40,12:02
763,flightexplorer,AA-3842-MSP-ORD,7:10,6:57,6:40,7:49
764,flightexplorer,AA-643-MIA-ORD,7:10,7:31,6:40,9:26
765,flightexplorer,AA-1007-MIA-PHX,7:10,5:09,6:40,7:43
766,flightexplorer,AA-2525-DFW-MIA,7:10,7:40,6:40,10:43
767,flightexplorer,UA-938-DEN-ORD,7:10,4:35,6:40,7:23
768,flightexplorer,AA-1221-MCO-ORD,7:10,8:23,6:40,9:47
769,flightexplorer,AA-1886-BOS-MIA,7:10,10:55,6:40,1:36
770,flightexplorer,UA-664-ORD-PHL,7:10,1:46,6:40,4:20
771,flightexplorer,UA-37-EWR-MCO,7:10,1:59,6:40,4:05
772,flightexplorer,AA-1522-SFO-ORD,11:55,7:22,12/2/2011 5:50,7:10
773,flightexplorer,AA-3823-LAX-DEN,9:00,7:22,12/2/2011 12:15,7:10
774,flightexplorer,AA-2312-DFW-DTW,8:25,7:22,11:50,7:10
775,flightexplorer,AA-1165-JFK-MIA,7:10,7:23,6:40,9:45
776,flightexplorer,AA-431-MIA-SFO,7:10,8:52,6:40,11:33
777,flightexplorer,UA-3373-IAD-PHL,7:10,8:37,6:40,9:13
778,flightexplorer,AA-649-ORD-SNA,1:30,7:22,3:50,7:10
779,flightexplorer,UA-828-SFO-ORD,7:10,11/30/2011 11:34,6:40,5:24
780,flightexplorer,CO-4888-IAH-DAL,5:30,7:22,6:40,7:10
781,flightexplorer,CO-1561-PHX-IAH,7:10,8:17,6:40,11:27
782,flightexplorer,AA-3804-PHL-ORD,7:10,2:44,6:40,3:36
783,flightexplorer,AA-2268-PHX-ORD,7:10,7:23,6:40,11:04
784,flightexplorer,UA-233-LAX-JFK,4:25,7:22,12/2/2011 12:29,7:10
785,flightexplorer,UA-6273-YYC-SFO,7:10,7:41,6:40,8:33
786,flightexplorer,AA-4277-CVG-JFK,7:10,12:11,6:40,1:42
787,flightexplorer,AA-789-ORD-DEN,7:10,1:20,6:40,2:49
788,flightexplorer,AA-222-LAX-BOS,7:10,7:32,6:40,3:12
789,flightexplorer,AA-4198-ORD-CLE,7:10,10:55,6:40,12:37
790,flightexplorer,AA-404-MIA-MCO,7:10,6:58,6:40,7:37
791,flightexplorer,AA-3809-PHX-LAX,7:10,6:11,6:40,6:13
792,flightexplorer,AA-59-JFK-SFO,7:10,7:40,6:40,10:52
793,mia,AA-2050-ORD-MIA,7:10,7:22,2:45,2:46
794,mia,AA-1165-JFK-MIA,7:10,7:22,10:34,10:08
795,mia,AA-484-DFW-MIA,7:10,7:22,7:55,7:39
796,mia,AA-466-IAH-MIA,7:10,7:22,9:20,9:04
797,mia,AA-2525-DFW-MIA,7:10,7:22,11:10,11:06
798,iad,UA-382-IAD-LAX,12:30,12:30,6:40,7:10
799,dfw,AA-1279-DFW-PHX,1:00,7:22,6:40,7:10
800,dfw,AA-2312-DFW-DTW,8:25,7:22,6:40,7:10
801,dfw,AA-446-DFW-PHL,11:50,7:22,6:40,7:10
802,dfw,AA-400-DFW-JFK,10:40,7:22,6:40,7:10
803,dfw,AA-484-DFW-MIA,4:15,7:22,6:40,7:10
804,mco,CO-1586-IAH-MCO,7:10,7:22,thu  22:15,thu  22:25
805,mco,AA-1917-JFK-MCO,7:10,7:22,thu  17:55,thu  17:40
806,mco,AA-1640-MIA-MCO,7:10,7:22,thu  19:25,thu  19:33
807,mco,AA-404-MIA-MCO,7:10,7:22,thu  7:45,thu  7:31
808,mco,AA-204-LAX-MCO,7:10,7:22,thu  6:55,thu  6:50
809,mco,AA-1221-MCO-ORD,thu  20:00,7:22,6:40,7:10
810,mco,AA-1434-DFW-MCO,7:10,7:22,thu  10:35,thu  10:28
811,mco,CO-1193-EWR-MCO,7:10,7:22,thu  12:18,7:10
812,flightview,AA-3859-IAH-ORD,7:10,7:16,9:40,9:32
813,flightview,CO-1586-IAH-MCO,7:10,7:14,6:40,10:29
814,flightview,AA-518-MIA-JFK,6:40,6:54,9:25,9:28
815,flightview,UA-397-JFK-SFO,8:00,8:29,11:55,11:58
816,flightview,UA-3925-IAD-ORF,7:10,8:42,6:40,9:43
817,flightview,AA-1733-ORD-PHX,7:45,7:22,10:30,7:10
818,flightview,AA-3-JFK-LAX,12:00,12:11,3:15,3:16
819,flightview,UA-2830-MCO-CLT,3:27,3:28,5:05,5:17
820,flightview,CO-58-DEN-IAH,7:10,11:32,6:40,3:31
821,flightview,UA-5487-SFO-MRY,7:10,10:33,6:40,11:21
822,flightview,AA-204-LAX-MCO,11:25,7:22,6:55,7:10
823,flightview,UA-414-LAX-SFO,7:10,5:56,6:40,7:17
824,flightview,CO-1614-LAX-IAH,7:10,12:41,6:40,5:26
825,flightview,UA-2726-FLL-PHL,4:00,3:58,6:46,6:28
826,flightview,CO-52-IAH-LAX,7:10,7:29,6:40,9:14
827,flightview,CO-1090-BOS-IAH,7:10,10:19,6:40,1:19
828,flightview,AA-616-DFW-DTW,9:05,10:10,12:35,1:27
829,flightview,UA-3515-IAD-MSP,7:10,8:12,6:40,9:56
830,flightview,AA-3468-CVG-MIA,7:00,7:25,9:55,9:45
831,flightview,AA-484-DFW-MIA,4:15,4:29,7:55,7:39
832,flightview,AA-1886-BOS-MIA,7:10,10:55,6:40,1:40
833,flightview,CO-62-IAH-EWR,7:10,2:48,6:40,7:10
834,flightview,CO-1561-PHX-IAH,7:10,8:00,6:40,11:32
835,flightview,UA-2314-ATL-PHL,7:10,2:46,6:40,4:47
836,flightview,AA-446-DFW-PHL,11:50,12:12,3:50,4:09
837,flightview,CO-1023-IAH-DEN,7:10,11:56,6:40,1:14
838,flightview,AA-466-IAH-MIA,6:00,6:08,9:20,9:05
839,flightview,UA-3050-PHX-CLT,11:05,11:30,4:57,5:05
840,flightview,CO-89-IAH-EWR,7:10,6:02,6:40,10:27
841,flightview,CO-1088-CLE-IAH,7:10,8:40,6:40,10:56
842,flightview,AA-1664-MIA-ATL,10:15,10:18,12:10,11:56
843,flightview,AA-1279-DFW-PHX,1:00,2:04,2:35,3:20
844,flightview,UA-854-SFO-IAH,7:10,7:49,6:40,1:30
845,flightview,UA-382-IAD-LAX,7:10,12:35,6:40,3:21
846,flightview,AA-4344-ORD-DTW,7:10,12:13,6:40,2:10
847,flightview,UA-257-JFK-SFO,2:30,2:26,6:15,5:42
848,flightview,UA-2945-PHL-CLT,12:00,11:51,1:45,1:15
849,flightview,CO-63-EWR-IAH,7:10,5:22,6:40,8:03
850,flightview,CO-47-IAH-LAX,7:10,8:25,6:40,8:56
851,flightview,AA-2050-ORD-MIA,10:40,11:05,2:45,2:46
852,flightview,UA-248-PHX-ORD,7:10,1:32,6:40,5:34
853,flightview,AA-4330-CVG-ORD,7:10,3:36,6:40,3:33
854,flightview,AA-1434-DFW-MCO,7:15,7:21,10:35,10:36
855,flightview,AA-1640-MIA-MCO,6:30,7:22,7:25,7:10
856,flightview,AA-4307-ORD-DTW,6:45,6:55,9:10,8:53
857,flightview,CO-1694-LAX-IAH,7:15,7:22,12:21,7:10
858,flightview,UA-843-LAX-ORD,7:10,2:10,6:40,7:58
859,flightview,CO-1193-EWR-MCO,9:15,9:14,12:18,12:09
860,flightview,AA-3842-MSP-ORD,6:00,6:56,7:30,7:51
861,flightview,AA-643-MIA-ORD,7:10,7:30,9:35,9:31
862,flightview,AA-1007-MIA-PHX,7:10,5:08,6:40,7:55
863,flightview,UA-2906-PHL-MCO,3:50,4:28,6:23,6:38
864,flightview,UA-938-DEN-ORD,7:10,4:15,6:40,7:36
865,flightview,AA-1221-MCO-ORD,8:00,8:23,9:45,9:53
866,flightview,CO-16-LAX-EWR,7:10,10:20,6:40,6:34
867,flightview,UA-2515-DFW-CLT,7:10,7:07,6:40,10:47
868,flightview,AA-400-DFW-JFK,7:10,11:01,6:40,3:04
869,flightview,UA-664-ORD-PHL,1:33,1:31,4:31,4:23
870,flightview,AA-3756-ORD-SLC,12:15,12:41,2:45,2:50
871,flightview,UA-37-EWR-MCO,7:10,1:48,6:40,4:17
872,flightview,AA-1522-SFO-ORD,11:55,7:22,5:50,7:10
873,flightview,UA-233-LAX-JFK,4:25,7:22,12:29,7:10
874,flightview,AA-3823-LAX-DEN,9:00,7:22,12:15,7:10
875,flightview,AA-2312-DFW-DTW,8:25,7:22,11:50,7:10
876,flightview,AA-1165-JFK-MIA,6:59,7:22,10:34,10:04
877,flightview,AA-431-MIA-SFO,8:35,8:51,11:50,11:44
878,flightview,UA-3373-IAD-PHL,7:10,8:26,6:40,9:13
879,flightview,AA-649-ORD-SNA,1:30,7:22,3:50,7:10
880,flightview,CO-1250-MIA-IAH,7:10,3:01,6:40,4:59
881,flightview,UA-6273-YYC-SFO,7:10,7:27,6:40,8:45
882,flightview,UA-828-SFO-ORD,11:08,7:22,5:11,7:10
883,flightview,CO-4888-IAH-DAL,5:30,7:22,6:40,7:10
884,flightview,UA-858-PVG-SFO,7:10,1:32,6:40,8:02
885,flightview,UA-2704-DTW-PHX,7:10,11:15,6:40,2:00
886,flightview,AA-3063-SLC-LAX,7:10,8:39,6:40,9:20
887,flightview,UA-2708-EWR-CLT,7:10,2:52,6:40,4:44
888,flightview,UA-62-IAH-EWR,7:10,2:48,6:40,7:10
889,flightview,UA-1500-IAH-GUA,7:10,9:16,6:40,11:45
890,flightview,AA-3804-PHL-ORD,2:35,2:44,4:05,3:43
891,flightview,AA-1917-JFK-MCO,2:55,3:27,5:55,5:43
892,flightview,AA-2268-PHX-ORD,7:15,7:22,11:35,11:06
893,flightview,AA-4277-CVG-JFK,12:10,12:10,2:15,1:43
894,flightview,AA-2957-DFW-CVG,7:55,8:04,11:05,11:01
895,flightview,UA-37-EDI-EWR,7:10,8:52,6:40,12:09
896,flightview,AA-789-ORD-DEN,1:05,1:19,2:35,3:13
897,flightview,AA-415-BOS-ORD,7:10,8:56,6:40,10:16
898,flightview,AA-85-JFK-SFO,3:05,3:36,6:30,6:43
899,flightview,AA-3979-CVG-ORD,7:30,8:04,8:00,8:06
900,flightview,AA-1544-SAN-ORD,7:10,11:40,6:40,4:56
901,flightview,AA-3786-IAH-ORD,4:00,4:12,6:40,6:15
902,flightview,AA-271-MIA-LAX,11:35,11:52,2:25,2:27
903,flightview,AA-2525-DFW-MIA,7:25,7:39,11:10,11:06
904,flightview,CO-50-CLE-EWR,7:10,3:31,6:40,5:26
905,flightview,UA-3099-PHX-PHL,11:55,11:43,6:17,5:38
906,flightview,AA-4198-ORD-CLE,10:40,10:54,12:55,12:50
907,flightview,AA-404-MIA-MCO,6:45,6:57,7:45,7:40
908,flightview,CO-45-EWR-MIA,4:00,3:58,7:05,6:36
909,flightview,AA-3809-PHX-LAX,6:00,6:10,6:40,6:19
910,flightview,AA-59-JFK-SFO,7:10,7:39,10:45,11:12
911,flightview,AA-222-LAX-BOS,7:10,7:31,3:30,3:14
912,flightview,AA-3859-IAH-ORD,7:10,7:16,9:40,9:22
913,flightview,AA-1640-MIA-MCO,6:30,6:56,7:25,7:35
914,flightview,UA-3925-IAD-ORF,8:41,7:22,9:54,7:10
915,flightview,AA-4344-ORD-DTW,7:10,12:14,6:40,2:01
916,flightview,UA-414-LAX-SFO,6:00,7:22,7:23,7:10
917,flightview,CO-1614-LAX-IAH,12:30,7:22,5:35,7:10
918,flightview,CO-52-IAH-LAX,7:10,7:56,6:40,9:09
919,flightview,CO-1090-BOS-IAH,9:45,7:22,1:16,7:10
920,flightview,AA-3468-CVG-MIA,7:00,7:22,9:55,7:10
921,flightview,CO-62-IAH-EWR,2:30,7:22,7:03,7:10
922,flightview,AA-466-IAH-MIA,6:00,6:09,9:20,9:00
923,flightview,AA-1664-MIA-ATL,10:15,10:19,12:10,11:50
924,flightview,AA-1279-DFW-PHX,1:00,2:04,2:35,3:19
925,flightview,AA-404-MIA-MCO,6:45,6:57,7:45,7:40
926,flightview,UA-382-IAD-LAX,7:10,12:56,6:40,3:20
927,flightview,CO-50-CLE-EWR,7:10,4:02,6:40,5:09
928,flightview,AA-616-DFW-DTW,9:05,10:11,12:35,1:11
929,flightview,AA-271-MIA-LAX,11:35,11:52,2:25,2:17
930,flightview,AA-2050-ORD-MIA,10:40,11:06,2:45,2:36
931,flightview,AA-4307-ORD-DTW,6:45,6:55,9:10,8:53
932,flightview,AA-3-JFK-LAX,12:00,12:12,3:15,3:10
933,flightview,CO-1694-LAX-IAH,7:15,7:15,12:21,12:21
934,flightview,CO-1193-EWR-MCO,9:15,7:22,12:18,7:10
935,flightview,UA-2906-PHL-MCO,3:50,4:46,6:23,6:36
936,flightview,UA-938-DEN-ORD,7:10,4:37,6:40,7:26
937,flightview,AA-1221-MCO-ORD,8:00,7:22,9:45,7:10
938,flightview,CO-16-LAX-EWR,10:25,7:22,6:44,7:10
939,flightview,UA-2515-DFW-CLT,7:10,7:31,6:40,10:45
940,flightview,AA-400-DFW-JFK,10:40,11:02,2:59,2:52
941,flightview,UA-664-ORD-PHL,1:33,1:48,4:31,4:18
942,flightview,UA-37-EWR-MCO,1:29,1:48,4:17,4:17
943,flightview,UA-233-LAX-JFK,4:25,4:28,12:29,12:01
944,flightview,AA-2312-DFW-DTW,8:25,8:29,11:50,11:35
945,flightview,AA-431-MIA-SFO,8:35,8:52,11:50,11:40
946,flightview,UA-257-JFK-SFO,2:30,2:43,6:15,5:28
947,flightview,UA-3373-IAD-PHL,8:29,7:22,9:24,7:10
948,flightview,UA-828-SFO-ORD,11:08,7:22,5:11,7:10
949,flightview,CO-4888-IAH-DAL,5:30,7:22,6:09,7:10
950,flightview,UA-858-PVG-SFO,1:45,7:22,8:27,7:10
951,flightview,UA-2704-DTW-PHX,7:10,11:47,6:40,2:02
952,flightview,AA-3063-SLC-LAX,8:20,8:39,9:20,9:19
953,flightview,UA-1500-IAH-GUA,7:10,9:43,6:40,12:10
954,flightview,CO-1561-PHX-IAH,7:10,8:18,6:40,11:26
955,flightview,AA-2268-PHX-ORD,7:15,7:23,11:35,11:04
956,flightview,UA-2314-ATL-PHL,2:55,7:22,5:00,7:10
957,flightview,UA-6273-YYC-SFO,7:35,7:22,9:43,7:10
958,flightview,AA-4277-CVG-JFK,12:10,12:11,2:15,1:40
959,flightview,AA-2957-DFW-CVG,7:55,7:22,11:05,7:10
960,flightview,UA-37-EDI-EWR,9:05,7:22,11:53,7:10
961,flightview,UA-854-SFO-IAH,7:10,8:07,6:40,1:27
962,flightview,AA-85-JFK-SFO,3:05,3:38,6:30,6:36
963,flightview,AA-1544-SAN-ORD,11:25,7:22,5:25,7:10
964,flightview,AA-3786-IAH-ORD,4:00,7:22,6:40,7:10
965,flightview,CO-1088-CLE-IAH,7:10,9:01,6:40,10:47
966,flightview,AA-4198-ORD-CLE,10:40,10:55,12:55,12:48
967,flightview,AA-3809-PHX-LAX,6:00,6:10,6:40,6:19
968,flightview,AA-59-JFK-SFO,7:10,7:40,10:45,11:00
969,flightview,AA-222-LAX-BOS,7:10,7:32,3:30,3:09
970,flightview,AA-3859-IAH-ORD,7:10,7:16,9:30,9:22
971,flightview,AA-3842-MSP-ORD,6:00,6:56,6:50,7:49
972,flightview,AA-643-MIA-ORD,7:10,7:31,9:00,9:26
973,flightview,AA-1640-MIA-MCO,6:30,6:47,7:08,7:25
974,flightview,AA-2525-DFW-MIA,7:25,7:39,10:43,10:43
975,flightview,UA-3050-PHX-CLT,11:05,11:45,4:37,4:57
976,flightview,UA-3925-IAD-ORF,8:41,8:51,9:34,9:44
977,flightview,UA-664-ORD-PHL,1:33,1:48,4:20,4:20
978,flightview,AA-789-ORD-DEN,1:05,1:19,2:17,2:49
979,flightview,AA-2312-DFW-DTW,8:25,8:29,11:31,11:35
980,flightview,CO-1694-LAX-IAH,7:15,7:25,11:52,12:02
981,flightview,CO-63-EWR-IAH,5:25,5:38,8:04,7:43
982,flightview,AA-3786-IAH-ORD,4:00,4:12,6:30,6:11
983,flightview,CO-47-IAH-LAX,7:27,7:27,8:46,8:46
984,flightview,AA-1434-DFW-MCO,7:15,7:21,10:18,10:29
985,flightview,AA-4330-CVG-ORD,3:35,3:36,3:50,3:26
986,flightview,AA-3809-PHX-LAX,6:00,6:10,6:30,6:09
987,flightview,AA-59-JFK-SFO,7:10,7:39,10:09,10:52
988,flightview,AA-4307-ORD-DTW,6:45,6:56,9:00,8:38
989,flightview,AA-85-JFK-SFO,3:05,3:36,5:57,6:30
990,airtravelcenter,AA-3859-IAH-ORD,7:10,7:02,9:40,9:32
991,airtravelcenter,AA-518-MIA-JFK,6:40,6:40,9:25,9:28
992,airtravelcenter,UA-397-JFK-SFO,not a.m.va.m.ila.m.ble,8:48,not a.m.va.m.ila.m.ble,11:58
993,airtravelcenter,UA-3925-IAD-ORF,not a.m.va.m.ila.m.ble,9:00,not a.m.va.m.ila.m.ble,9:43
994,airtravelcenter,AA-1733-ORD-PHX,7:45,7:45,10:30,10:30
995,airtravelcenter,AA-1640-MIA-MCO,6:30,not a.m.va.m.ila.m.ble,7:25,not a.m.va.m.ila.m.ble
996,airtravelcenter,AA-3-JFK-LAX,12:00 noon,11:54,3:15,3:16
997,airtravelcenter,UA-2830-MCO-CLT,3:27,conta.m.ct a.m.irline,5:05,conta.m.ct a.m.irline
998,airtravelcenter,AA-1544-SAN-ORD,11:25,11:20,5:25,4:56
999,airtravelcenter,AA-204-LAX-MCO,11:25,not a.m.va.m.ila.m.ble,dec 02 6:55,dec 02 not a.m.va.m.ila.m.ble
1000,airtravelcenter,UA-414-LAX-SFO,not a.m.va.m.ila.m.ble,6:09,not a.m.va.m.ila.m.ble,7:17
1001,airtravelcenter,AA-3756-ORD-SLC,12:15,12:10,2:45,2:50
1002,airtravelcenter,UA-2726-FLL-PHL,4:00,conta.m.ct a.m.irline,6:46,conta.m.ct a.m.irline
1003,airtravelcenter,AA-3468-CVG-MIA,7:00,7:04,9:55,9:45
1004,airtravelcenter,UA-3515-IAD-MSP,not a.m.va.m.ila.m.ble,8:24,not a.m.va.m.ila.m.ble,9:56
1005,airtravelcenter,AA-484-DFW-MIA,4:15,4:16,7:55,7:39
1006,airtravelcenter,CO-62-IAH-EWR,2:30,2:48,7:03,7:10
1007,airtravelcenter,AA-446-DFW-PHL,11:50,11:54,3:50,4:09
1008,airtravelcenter,AA-466-IAH-MIA,6:00,5:58,9:20,9:05
1009,airtravelcenter,UA-3050-PHX-CLT,11:05,conta.m.ct a.m.irline,4:57,conta.m.ct a.m.irline
1010,airtravelcenter,CO-89-IAH-EWR,6:00,6:02,10:20,10:27
1011,airtravelcenter,CO-1088-CLE-IAH,8:40,8:40,10:54,10:56
1012,airtravelcenter,AA-1886-BOS-MIA,10:45,10:42,2:20,1:40
1013,airtravelcenter,AA-2957-DFW-CVG,7:55,7:51,11:05,11:01
1014,airtravelcenter,AA-1664-MIA-ATL,10:15,10:10,12:10,11:56
1015,airtravelcenter,AA-3979-CVG-ORD,7:30,7:28,8:00,8:06
1016,airtravelcenter,AA-1279-DFW-PHX,1:00,1:48,2:35,3:30
1017,airtravelcenter,AA-616-DFW-DTW,9:05,9:59,12:35,1:27
1018,airtravelcenter,AA-4344-ORD-DTW,11:45,11:47,2:00,2:10
1019,airtravelcenter,UA-2945-PHL-CLT,12:00 noon,conta.m.ct a.m.irline,1:45,conta.m.ct a.m.irline
1020,airtravelcenter,AA-2525-DFW-MIA,7:25,7:22,11:10,11:06
1021,airtravelcenter,AA-271-MIA-LAX,11:35,11:33,2:25,2:27
1022,airtravelcenter,AA-2050-ORD-MIA,10:40,10:46,2:45,2:46
1023,airtravelcenter,AA-1434-DFW-MCO,7:15,7:08,10:35,10:36
1024,airtravelcenter,CO-1561-PHX-IAH,8:05,8:00,11:35,11:32
1025,airtravelcenter,AA-4307-ORD-DTW,6:45,6:40,9:10,8:53
1026,airtravelcenter,CO-1694-LAX-IAH,7:15,conta.m.ct a.m.irline,dec 02 12:21,dec 02 conta.m.ct a.m.irline
1027,airtravelcenter,UA-843-LAX-ORD,not a.m.va.m.ila.m.ble,2:37,not a.m.va.m.ila.m.ble,7:58
1028,airtravelcenter,CO-1193-EWR-MCO,9:15,9:14,12:18,12:09
1029,airtravelcenter,AA-3842-MSP-ORD,6:00,5:59,7:30,7:51
1030,airtravelcenter,AA-643-MIA-ORD,7:10,7:10,9:35,9:31
1031,airtravelcenter,UA-2906-PHL-MCO,3:50,conta.m.ct a.m.irline,6:23,conta.m.ct a.m.irline
1032,airtravelcenter,AA-1221-MCO-ORD,8:00,8:01,9:45,9:53
1033,airtravelcenter,UA-2515-DFW-CLT,7:05,conta.m.ct a.m.irline,10:31,conta.m.ct a.m.irline
1034,airtravelcenter,AA-400-DFW-JFK,10:40,10:47,2:59,3:04
1035,airtravelcenter,UA-664-ORD-PHL,not a.m.va.m.ila.m.ble,1:47,not a.m.va.m.ila.m.ble,4:23
1036,airtravelcenter,AA-1522-SFO-ORD,11:55,not a.m.va.m.ila.m.ble,dec 02 5:50,dec 02 not a.m.va.m.ila.m.ble
1037,airtravelcenter,UA-233-LAX-JFK,4:25,not a.m.va.m.ila.m.ble,12:29,not a.m.va.m.ila.m.ble
1038,airtravelcenter,AA-3823-LAX-DEN,9:00,not a.m.va.m.ila.m.ble,dec 02 12:15,dec 02 not a.m.va.m.ila.m.ble
1039,airtravelcenter,AA-2312-DFW-DTW,8:25,not a.m.va.m.ila.m.ble,11:50,not a.m.va.m.ila.m.ble
1040,airtravelcenter,AA-1165-JFK-MIA,6:59,6:56,10:34,10:04
1041,airtravelcenter,AA-431-MIA-SFO,8:35,8:31,11:50,11:44
1042,airtravelcenter,UA-257-JFK-SFO,not a.m.va.m.ila.m.ble,2:42,not a.m.va.m.ila.m.ble,5:42
1043,airtravelcenter,UA-3373-IAD-PHL,not a.m.va.m.ila.m.ble,8:35,not a.m.va.m.ila.m.ble,9:13
1044,airtravelcenter,AA-649-ORD-SNA,1:30,not a.m.va.m.ila.m.ble,3:50,not a.m.va.m.ila.m.ble
1045,airtravelcenter,CO-1250-MIA-IAH,2:53,3:01,4:48,4:59
1046,airtravelcenter,UA-6273-YYC-SFO,not a.m.va.m.ila.m.ble,7:41,not a.m.va.m.ila.m.ble,8:45
1047,airtravelcenter,UA-858-PVG-SFO,not a.m.va.m.ila.m.ble,1:50,not a.m.va.m.ila.m.ble,8:02
1048,airtravelcenter,UA-2704-DTW-PHX,11:15,conta.m.ct a.m.irline,1:40,conta.m.ct a.m.irline
1049,airtravelcenter,AA-3063-SLC-LAX,8:20,8:30,9:20,9:19
1050,airtravelcenter,UA-2708-EWR-CLT,2:55,conta.m.ct a.m.irline,4:53,conta.m.ct a.m.irline
1051,airtravelcenter,UA-62-IAH-EWR,2:30,conta.m.ct a.m.irline,7:03,conta.m.ct a.m.irline
1052,airtravelcenter,AA-3804-PHL-ORD,2:35,2:32,4:05,3:43
1053,airtravelcenter,AA-1917-JFK-MCO,2:55,3:00,5:55,5:43
1054,airtravelcenter,AA-2268-PHX-ORD,7:15,7:10,11:35,11:06
1055,airtravelcenter,UA-2314-ATL-PHL,2:55,conta.m.ct a.m.irline,5:00,conta.m.ct a.m.irline
1056,airtravelcenter,AA-4277-CVG-JFK,12:10,12:01,2:15,1:43
1057,airtravelcenter,UA-37-EDI-EWR,9:05,conta.m.ct a.m.irline,11:53,conta.m.ct a.m.irline
1058,airtravelcenter,AA-789-ORD-DEN,1:05,1:06,2:35,3:13
1059,airtravelcenter,UA-854-SFO-IAH,not a.m.va.m.ila.m.ble,8:07,not a.m.va.m.ila.m.ble,1:30
1060,airtravelcenter,AA-415-BOS-ORD,8:35,8:32,10:40,10:16
1061,airtravelcenter,AA-85-JFK-SFO,3:05,3:09,6:30,6:43
1062,airtravelcenter,AA-3786-IAH-ORD,4:00,3:52,6:40,6:15
1063,airtravelcenter,CO-50-CLE-EWR,2:55,3:31,4:49,5:26
1064,airtravelcenter,UA-3099-PHX-PHL,11:55,conta.m.ct a.m.irline,6:17,conta.m.ct a.m.irline
1065,airtravelcenter,AA-4198-ORD-CLE,10:40,10:35,12:55,12:50
1066,airtravelcenter,AA-222-LAX-BOS,7:10,7:05,3:30,3:14
1067,airtravelcenter,AA-404-MIA-MCO,6:45,6:41,7:45,7:40
1068,airtravelcenter,CO-45-EWR-MIA,4:00,3:58,7:05,6:36
1069,airtravelcenter,AA-3809-PHX-LAX,6:00,5:56,6:40,6:19
1070,airtravelcenter,AA-59-JFK-SFO,7:10,7:14,10:45,11:12
1071,foxbusiness,AA-3859-IAH-ORD,7:10,7:16,9:40,9:22
1072,foxbusiness,CO-1586-IAH-MCO,7:10,7:42,6:40,10:29
1073,foxbusiness,AA-518-MIA-JFK,6:40,6:54,9:25,9:28
1074,foxbusiness,UA-397-JFK-SFO,8:00,8:49,11:55,11:58
1075,foxbusiness,UA-3925-IAD-ORF,7:10,9:01,6:40,9:43
1076,foxbusiness,AA-1733-ORD-PHX,7:45,7:59,10:30,7:10
1077,foxbusiness,AA-3-JFK-LAX,12:00,12:12,3:15,3:16
1078,foxbusiness,UA-2830-MCO-CLT,3:27,3:50,5:05,5:17
1079,foxbusiness,CO-58-DEN-IAH,7:10,12:37,6:40,3:31
1080,foxbusiness,UA-5487-SFO-MRY,7:10,10:53,6:40,11:21
1081,foxbusiness,AA-204-LAX-MCO,11:25,7:22,6:55,7:10
1082,foxbusiness,UA-414-LAX-SFO,7:10,6:10,6:40,7:17
1083,foxbusiness,CO-1614-LAX-IAH,7:10,12:58,6:40,5:26
1084,foxbusiness,UA-2726-FLL-PHL,4:00,4:10,6:46,6:25
1085,foxbusiness,CO-52-IAH-LAX,7:10,7:56,6:40,9:09
1086,foxbusiness,CO-1090-BOS-IAH,7:10,10:35,6:40,1:19
1087,foxbusiness,AA-616-DFW-DTW,9:05,10:11,12:35,1:18
1088,foxbusiness,UA-3515-IAD-MSP,7:10,8:26,6:40,9:56
1089,foxbusiness,AA-3468-CVG-MIA,7:00,7:25,9:55,9:45
1090,foxbusiness,AA-484-DFW-MIA,4:15,4:30,7:55,7:39
1091,foxbusiness,AA-1886-BOS-MIA,7:10,10:55,6:40,1:40
1092,foxbusiness,CO-62-IAH-EWR,7:10,2:59,6:40,7:10
1093,foxbusiness,CO-1561-PHX-IAH,7:10,8:18,6:40,11:32
1094,foxbusiness,UA-2314-ATL-PHL,7:10,3:04,6:40,5:00
1095,foxbusiness,AA-446-DFW-PHL,11:50,12:13,3:50,4:09
1096,foxbusiness,CO-1023-IAH-DEN,7:10,12:06,6:40,1:14
1097,foxbusiness,AA-466-IAH-MIA,6:00,6:09,9:20,9:05
1098,foxbusiness,UA-3050-PHX-CLT,11:05,11:45,4:57,5:03
1099,foxbusiness,CO-89-IAH-EWR,7:10,6:17,6:40,10:27
1100,foxbusiness,CO-1088-CLE-IAH,7:10,9:01,6:40,10:56
1101,foxbusiness,AA-1664-MIA-ATL,10:15,10:19,12:10,11:50
1102,foxbusiness,AA-1279-DFW-PHX,1:00,2:04,2:35,3:19
1103,foxbusiness,UA-854-SFO-IAH,7:10,8:07,6:40,1:30
1104,foxbusiness,UA-382-IAD-LAX,7:10,12:56,6:40,3:21
1105,foxbusiness,AA-4344-ORD-DTW,7:10,12:14,6:40,2:01
1106,foxbusiness,UA-257-JFK-SFO,2:30,2:43,6:15,5:42
1107,foxbusiness,UA-2945-PHL-CLT,12:00,12:08,1:45,1:14
1108,foxbusiness,CO-63-EWR-IAH,7:10,5:38,6:40,8:03
1109,foxbusiness,CO-47-IAH-LAX,7:10,8:36,6:40,9:38
1110,foxbusiness,AA-2050-ORD-MIA,10:40,11:06,2:45,2:46
1111,foxbusiness,UA-248-PHX-ORD,7:10,1:43,6:40,5:34
1112,foxbusiness,AA-4330-CVG-ORD,7:10,3:36,6:40,3:25
1113,foxbusiness,AA-1434-DFW-MCO,7:15,7:22,10:35,10:29
1114,foxbusiness,AA-1640-MIA-MCO,6:30,7:22,7:25,7:10
1115,foxbusiness,AA-4307-ORD-DTW,6:45,6:56,9:10,8:43
1116,foxbusiness,CO-1694-LAX-IAH,7:15,7:22,12:21,7:10
1117,foxbusiness,UA-843-LAX-ORD,7:10,2:38,6:40,7:58
1118,foxbusiness,CO-1193-EWR-MCO,9:15,9:58,12:18,12:09
1119,foxbusiness,AA-3842-MSP-ORD,6:00,6:57,7:30,7:51
1120,foxbusiness,AA-643-MIA-ORD,7:10,7:31,9:35,9:29
1121,foxbusiness,AA-1007-MIA-PHX,7:10,5:09,6:40,7:53
1122,foxbusiness,UA-2906-PHL-MCO,3:50,4:46,6:23,6:35
1123,foxbusiness,UA-938-DEN-ORD,7:10,4:37,6:40,7:36
1124,foxbusiness,AA-1221-MCO-ORD,8:00,8:23,9:45,9:49
1125,foxbusiness,CO-16-LAX-EWR,7:10,10:37,6:40,6:34
1126,foxbusiness,UA-2515-DFW-CLT,7:10,7:31,6:40,10:45
1127,foxbusiness,AA-400-DFW-JFK,10:40,11:02,2:59,3:04
1128,foxbusiness,UA-664-ORD-PHL,1:33,1:48,4:31,4:23
1129,foxbusiness,AA-3756-ORD-SLC,12:15,12:42,2:45,2:52
1130,foxbusiness,UA-37-EWR-MCO,7:10,2:01,6:40,4:17
1131,foxbusiness,AA-1522-SFO-ORD,11:55,7:22,5:50,7:10
1132,foxbusiness,UA-233-LAX-JFK,4:25,7:22,12:29,7:10
1133,foxbusiness,AA-3823-LAX-DEN,9:00,7:22,12:15,7:10
1134,foxbusiness,AA-2312-DFW-DTW,8:25,7:22,11:50,7:10
1135,foxbusiness,AA-1165-JFK-MIA,6:59,7:23,10:34,10:04
1136,foxbusiness,AA-431-MIA-SFO,8:35,8:52,11:50,11:44
1137,foxbusiness,UA-3373-IAD-PHL,7:10,8:37,6:40,9:13
1138,foxbusiness,AA-649-ORD-SNA,1:30,7:22,3:50,7:10
1139,foxbusiness,CO-1250-MIA-IAH,7:10,3:17,6:40,4:59
1140,foxbusiness,UA-6273-YYC-SFO,7:10,7:41,6:40,8:45
1141,foxbusiness,UA-828-SFO-ORD,11:08,7:22,5:11,7:10
1142,foxbusiness,CO-4888-IAH-DAL,5:30,7:22,6:40,7:10
1143,foxbusiness,UA-858-PVG-SFO,7:10,1:45,6:40,8:02
1144,foxbusiness,UA-2704-DTW-PHX,7:10,11:47,6:40,2:02
1145,foxbusiness,AA-3063-SLC-LAX,7:10,8:40,6:40,9:11
1146,foxbusiness,UA-2708-EWR-CLT,7:10,3:04,6:40,4:24
1147,foxbusiness,UA-62-IAH-EWR,7:10,2:59,6:40,7:10
1148,foxbusiness,UA-1500-IAH-GUA,7:10,9:43,6:40,12:12
1149,foxbusiness,AA-3804-PHL-ORD,2:35,2:44,4:05,3:36
1150,foxbusiness,AA-1917-JFK-MCO,2:55,3:28,5:55,5:34
1151,foxbusiness,AA-2268-PHX-ORD,7:15,7:23,11:35,11:07
1152,foxbusiness,AA-4277-CVG-JFK,12:10,12:11,2:15,1:43
1153,foxbusiness,AA-2957-DFW-CVG,7:55,8:05,11:05,11:00
1154,foxbusiness,UA-37-EDI-EWR,7:10,9:05,6:40,12:09
1155,foxbusiness,AA-789-ORD-DEN,1:05,1:20,2:35,3:01
1156,foxbusiness,AA-415-BOS-ORD,7:10,8:56,6:40,10:10
1157,foxbusiness,AA-85-JFK-SFO,3:05,3:38,6:30,6:43
1158,foxbusiness,AA-3979-CVG-ORD,7:30,8:04,8:00,7:57
1159,foxbusiness,AA-1544-SAN-ORD,7:10,11:41,6:40,4:56
1160,foxbusiness,AA-3786-IAH-ORD,4:00,4:12,6:40,6:09
1161,foxbusiness,AA-271-MIA-LAX,11:35,11:52,2:25,2:27
1162,foxbusiness,AA-2525-DFW-MIA,7:25,7:40,11:10,11:06
1163,foxbusiness,CO-50-CLE-EWR,7:10,4:02,6:40,5:26
1164,foxbusiness,UA-3099-PHX-PHL,11:55,11:55,6:17,6:17
1165,foxbusiness,AA-4198-ORD-CLE,10:40,10:55,12:55,12:48
1166,foxbusiness,AA-404-MIA-MCO,6:45,6:58,7:45,7:32
1167,foxbusiness,CO-45-EWR-MIA,4:00,4:15,7:05,6:36
1168,foxbusiness,AA-3809-PHX-LAX,6:00,6:11,6:40,6:19
1169,foxbusiness,AA-59-JFK-SFO,7:10,7:40,10:45,11:12
1170,foxbusiness,AA-222-LAX-BOS,7:10,7:32,3:30,3:14
1171,usatoday,AA-3859-IAH-ORD,7:10,7:22,9:40,7:10
1172,usatoday,AA-518-MIA-JFK,6:40,6:54,9:25,9:09
1173,usatoday,CO-1586-IAH-MCO,7:10,7:42,6:40,10:23
1174,usatoday,UA-3925-IAD-ORF,8:41,7:22,9:54,7:10
1175,usatoday,AA-1733-ORD-PHX,7:45,7:22,10:30,7:10
1176,usatoday,UA-414-LAX-SFO,7:10,6:10,6:40,7:10
1177,usatoday,UA-3515-IAD-MSP,7:10,8:26,6:40,9:54
1178,usatoday,AA-3468-CVG-MIA,7:00,7:25,9:55,9:45
1179,usatoday,AA-484-DFW-MIA,4:15,7:22,7:55,7:10
1180,usatoday,CO-63-EWR-IAH,7:10,5:38,6:40,7:55
1181,usatoday,AA-466-IAH-MIA,6:00,6:09,9:20,9:00
1182,usatoday,UA-3050-PHX-CLT,11:05,7:22,4:57,7:10
1183,usatoday,AA-1886-BOS-MIA,10:45,7:22,2:20,7:10
1184,usatoday,AA-1664-MIA-ATL,10:15,10:19,12:10,11:50
1185,usatoday,AA-404-MIA-MCO,6:45,6:57,7:45,7:40
1186,usatoday,AA-3756-ORD-SLC,12:15,12:42,2:45,2:52
1187,usatoday,UA-382-IAD-LAX,7:10,12:56,6:40,3:20
1188,usatoday,UA-2945-PHL-CLT,12:00,12:08,1:45,1:14
1189,usatoday,AA-2050-ORD-MIA,10:40,11:06,2:45,2:36
1190,usatoday,UA-248-PHX-ORD,12:57,7:22,4:52,7:10
1191,usatoday,AA-4330-CVG-ORD,3:35,3:36,4:00,3:33
1192,usatoday,AA-4307-ORD-DTW,6:45,7:22,9:10,7:10
1193,usatoday,CO-1694-LAX-IAH,7:15,not a.m.va.m.ila.m.ble,12:21,not a.m.va.m.ila.m.ble
1194,usatoday,UA-843-LAX-ORD,7:10,2:38,6:40,7:53
1195,usatoday,CO-1193-EWR-MCO,9:15,9:14,12:18,12:09
1196,usatoday,AA-1221-MCO-ORD,8:00,8:23,9:45,9:49
1197,usatoday,CO-16-LAX-EWR,10:25,7:22,6:44,7:10
1198,usatoday,AA-400-DFW-JFK,10:40,11:01,2:59,3:04
1199,usatoday,UA-664-ORD-PHL,1:33,7:22,4:31,7:10
1200,usatoday,AA-1522-SFO-ORD,11:55,12:10,5:50,5:42
1201,usatoday,UA-257-JFK-SFO,2:30,2:43,6:15,5:28
1202,usatoday,UA-3373-IAD-PHL,8:29,8:26,9:24,9:13
1203,usatoday,CO-1250-MIA-IAH,7:10,3:17,6:40,4:55
1204,usatoday,UA-6273-YYC-SFO,7:10,7:41,6:40,8:41
1205,usatoday,UA-828-SFO-ORD,11:08,7:22,5:11,7:10
1206,usatoday,CO-4888-IAH-DAL,5:30,7:22,6:09,7:10
1207,usatoday,UA-2704-DTW-PHX,7:10,11:47,6:40,2:02
1208,usatoday,UA-2708-EWR-CLT,7:10,3:04,6:40,4:24
1209,usatoday,UA-1500-IAH-GUA,7:10,9:43,6:40,12:10
1210,usatoday,AA-3804-PHL-ORD,2:35,2:44,4:05,3:43
1211,usatoday,AA-2268-PHX-ORD,7:15,7:23,11:35,11:07
1212,usatoday,UA-233-LAX-JFK,4:25,not a.m.va.m.ila.m.ble,12:29,not a.m.va.m.ila.m.ble
1213,usatoday,AA-4277-CVG-JFK,12:10,7:22,2:15,7:10
1214,usatoday,AA-2957-DFW-CVG,7:55,7:22,11:05,7:10
1215,usatoday,UA-37-EDI-EWR,9:05,7:22,11:53,7:10
1216,usatoday,AA-789-ORD-DEN,1:05,1:19,2:35,3:13
1217,usatoday,UA-854-SFO-IAH,7:53,7:49,1:39,1:30
1218,usatoday,AA-85-JFK-SFO,3:05,3:38,6:30,6:36
1219,usatoday,AA-1640-MIA-MCO,6:30,6:56,7:25,7:35
1220,usatoday,AA-1544-SAN-ORD,11:25,7:22,5:25,7:10
1221,usatoday,AA-3786-IAH-ORD,4:00,7:22,6:40,7:10
1222,usatoday,AA-3809-PHX-LAX,6:00,7:22,6:40,7:10
1223,usatoday,AA-59-JFK-SFO,7:10,7:40,10:45,10:49
1224,myrateplan,AA-3859-IAH-ORD,7:10,7:16,6:40,9:22
1225,myrateplan,CO-1586-IAH-MCO,7:00,7:22,10:15,7:10
1226,myrateplan,AA-518-MIA-JFK,7:10,6:54,6:40,9:14
1227,myrateplan,UA-397-JFK-SFO,7:10,8:48,6:40,11:30
1228,myrateplan,UA-3925-IAD-ORF,7:10,9:00,6:40,9:29
1229,myrateplan,AA-1733-ORD-PHX,7:10,7:59,6:40,10:31
1230,myrateplan,UA-2830-MCO-CLT,7:10,3:50,6:40,5:14
1231,myrateplan,CO-58-DEN-IAH,11:25,7:22,2:50,7:10
1232,myrateplan,AA-1544-SAN-ORD,7:10,11:41,6:40,4:54
1233,myrateplan,UA-5487-SFO-MRY,7:10,10:53,6:40,11:11
1234,myrateplan,AA-204-LAX-MCO,7:10,11:29,6:40,12/2/11 6:35
1235,myrateplan,UA-414-LAX-SFO,7:10,6:10,6:40,7:04
1236,myrateplan,CO-1614-LAX-IAH,12:30,7:22,5:35,7:10
1237,myrateplan,UA-2726-FLL-PHL,7:10,4:10,6:40,6:25
1238,myrateplan,CO-52-IAH-LAX,7:35,7:22,9:21,7:10
1239,myrateplan,CO-1090-BOS-IAH,9:45,7:22,1:16,7:10
1240,myrateplan,AA-616-DFW-DTW,7:10,10:11,6:40,1:11
1241,myrateplan,UA-3515-IAD-MSP,7:10,8:26,6:40,9:56
1242,myrateplan,AA-3468-CVG-MIA,7:10,7:25,6:40,9:29
1243,myrateplan,AA-484-DFW-MIA,7:10,4:29,6:40,7:37
1244,myrateplan,AA-1886-BOS-MIA,7:10,10:54,6:40,1:36
1245,myrateplan,CO-62-IAH-EWR,2:30,7:22,7:03,7:10
1246,myrateplan,CO-1561-PHX-IAH,8:05,7:22,11:35,7:10
1247,myrateplan,UA-2314-ATL-PHL,7:10,3:04,6:40,4:43
1248,myrateplan,AA-446-DFW-PHL,7:10,12:13,6:40,4:08
1249,myrateplan,CO-1023-IAH-DEN,11:40,7:22,1:17,7:10
1250,myrateplan,AA-466-IAH-MIA,7:10,6:09,6:40,8:50
1251,myrateplan,UA-3050-PHX-CLT,7:10,11:45,6:40,5:00
1252,myrateplan,CO-89-IAH-EWR,6:00,7:22,10:20,7:10
1253,myrateplan,CO-1088-CLE-IAH,8:40,7:22,10:54,7:10
1254,myrateplan,AA-1664-MIA-ATL,7:10,10:19,6:40,11:50
1255,myrateplan,AA-1279-DFW-PHX,7:10,2:03,6:40,3:13
1256,myrateplan,UA-854-SFO-IAH,7:10,8:07,6:40,1:23
1257,myrateplan,UA-382-IAD-LAX,7:10,12:56,6:40,3:09
1258,myrateplan,AA-4344-ORD-DTW,7:10,12:14,6:40,1:55
1259,myrateplan,UA-257-JFK-SFO,7:10,2:43,6:40,5:22
1260,myrateplan,UA-2945-PHL-CLT,7:10,12:07,6:40,1:11
1261,myrateplan,CO-63-EWR-IAH,5:25,7:22,8:22,7:10
1262,myrateplan,CO-47-IAH-LAX,7:10,7:22,8:56,7:10
1263,myrateplan,AA-2050-ORD-MIA,7:10,11:06,6:40,2:39
1264,myrateplan,UA-248-PHX-ORD,7:10,1:43,6:40,5:24
1265,myrateplan,AA-4330-CVG-ORD,3:35,7:22,4:00,7:10
1266,myrateplan,AA-1434-DFW-MCO,7:10,7:22,6:40,10:34
1267,myrateplan,AA-1640-MIA-MCO,7:10,6:47,6:40,7:25
1268,myrateplan,AA-4307-ORD-DTW,7:10,6:56,6:40,8:38
1269,myrateplan,AA-3-JFK-LAX,7:10,12:12,6:40,3:04
1270,myrateplan,CO-1694-LAX-IAH,7:15,7:22,12/2/11 12:21,7:10
1271,myrateplan,UA-843-LAX-ORD,7:10,2:04,6:40,7:20
1272,myrateplan,CO-1193-EWR-MCO,9:15,7:22,12:18,7:10
1273,myrateplan,AA-3842-MSP-ORD,7:10,6:57,6:40,7:49
1274,myrateplan,AA-643-MIA-ORD,7:10,7:31,6:40,9:26
1275,myrateplan,AA-1007-MIA-PHX,7:10,5:09,6:40,7:43
1276,myrateplan,AA-2525-DFW-MIA,7:10,7:39,6:40,10:43
1277,myrateplan,UA-2906-PHL-MCO,7:10,4:44,6:40,6:28
1278,myrateplan,UA-938-DEN-ORD,7:10,4:37,6:40,7:23
1279,myrateplan,AA-1221-MCO-ORD,7:10,8:23,6:40,9:47
1280,myrateplan,CO-16-LAX-EWR,10:25,7:22,6:44,7:10
1281,myrateplan,UA-2515-DFW-CLT,7:10,7:30,6:40,10:43
1282,myrateplan,AA-400-DFW-JFK,7:10,11:02,6:40,2:58
1283,myrateplan,UA-664-ORD-PHL,7:10,1:48,6:40,4:20
1284,myrateplan,AA-3756-ORD-SLC,7:10,12:42,6:40,2:50
1285,myrateplan,UA-37-EWR-MCO,1:29,7:22,4:17,7:10
1286,myrateplan,AA-1522-SFO-ORD,7:10,12:11,6:40,5:52
1287,myrateplan,UA-233-LAX-JFK,7:10,4:28,6:40,12/2/11 12:01
1288,myrateplan,AA-3823-LAX-DEN,7:10,9:06,6:40,11:49
1289,myrateplan,AA-2312-DFW-DTW,7:10,8:29,6:40,11:35
1290,myrateplan,AA-1165-JFK-MIA,7:10,7:23,6:40,9:45
1291,myrateplan,AA-431-MIA-SFO,7:10,8:52,6:40,11:33
1292,myrateplan,UA-3373-IAD-PHL,7:10,8:37,6:40,9:13
1293,myrateplan,AA-649-ORD-SNA,7:10,1:41,6:40,3:29
1294,myrateplan,CO-1250-MIA-IAH,2:53,7:22,4:48,7:10
1295,myrateplan,UA-6273-YYC-SFO,7:10,7:41,6:40,8:33
1296,myrateplan,UA-828-SFO-ORD,11:08,7:22,12/2/11 5:11,7:10
1297,myrateplan,CO-4888-IAH-DAL,7:10,5:38,6:40,6:19
1298,myrateplan,UA-858-PVG-SFO,7:10,1:50,6:40,7:50
1299,myrateplan,UA-2704-DTW-PHX,7:10,11:47,6:40,1:52
1300,myrateplan,AA-3063-SLC-LAX,7:10,8:40,6:40,9:12
1301,myrateplan,UA-2708-EWR-CLT,7:10,3:04,6:40,4:22
1302,myrateplan,UA-62-IAH-EWR,2:30,7:22,7:03,7:10
1303,myrateplan,UA-1500-IAH-GUA,8:55,7:22,11:45,7:10
1304,myrateplan,AA-3804-PHL-ORD,7:10,2:44,6:40,3:36
1305,myrateplan,AA-1917-JFK-MCO,7:10,3:28,6:40,5:39
1306,myrateplan,AA-2268-PHX-ORD,7:10,7:22,6:40,11:04
1307,myrateplan,AA-4277-CVG-JFK,7:10,12:11,6:40,1:42
1308,myrateplan,AA-2957-DFW-CVG,7:10,8:04,6:40,10:58
1309,myrateplan,UA-37-EDI-EWR,9:05,7:22,11:53,7:10
1310,myrateplan,AA-789-ORD-DEN,7:10,1:20,6:40,2:49
1311,myrateplan,AA-415-BOS-ORD,7:10,8:55,6:40,10:12
1312,myrateplan,AA-85-JFK-SFO,7:10,3:38,6:40,6:30
1313,myrateplan,AA-3979-CVG-ORD,7:10,8:04,6:40,7:59
1314,myrateplan,AA-3786-IAH-ORD,7:10,4:12,6:40,6:11
1315,myrateplan,AA-271-MIA-LAX,7:10,11:52,6:40,2:21
1316,myrateplan,CO-50-CLE-EWR,2:55,7:22,4:49,7:10
1317,myrateplan,UA-3099-PHX-PHL,7:10,11:55,6:40,5:34
1318,myrateplan,AA-4198-ORD-CLE,7:10,10:55,6:40,12:37
1319,myrateplan,AA-404-MIA-MCO,7:10,6:58,6:40,7:37
1320,myrateplan,CO-45-EWR-MIA,4:00,7:22,7:05,7:10
1321,myrateplan,AA-3809-PHX-LAX,7:10,6:11,6:40,6:15
1322,myrateplan,AA-59-JFK-SFO,7:10,7:40,6:40,10:52
1323,myrateplan,AA-222-LAX-BOS,7:10,7:32,6:40,3:12
1324,orbitz,AA-3859-IAH-ORD,7:10,7:02,9:40,9:32
1325,orbitz,CO-1586-IAH-MCO,7:00,7:14,10:15,10:02
1326,orbitz,AA-518-MIA-JFK,6:40,6:40,9:25,9:28
1327,orbitz,UA-397-JFK-SFO,8:19,8:48,11:55,11:58
1328,orbitz,UA-3925-IAD-ORF,8:41,7:22,9:54,7:10
1329,orbitz,AA-1733-ORD-PHX,7:45,7:45,10:30,7:10
1330,orbitz,AA-3-JFK-LAX,12:00,11:54,3:15,3:16
1331,orbitz,UA-2830-MCO-CLT,3:27,3:28,5:05,5:17
1332,orbitz,CO-58-DEN-IAH,11:25,11:37,2:50,3:31
1333,orbitz,UA-5487-SFO-MRY,10:39,7:22,11:19,7:10
1334,orbitz,AA-204-LAX-MCO,11:25,7:22,6:55,7:10
1335,orbitz,UA-414-LAX-SFO,6:14,6:09,7:23,7:17
1336,orbitz,CO-1614-LAX-IAH,12:30,12:41,5:35,5:26
1337,orbitz,UA-2726-FLL-PHL,4:00,3:58,6:46,6:28
1338,orbitz,CO-52-IAH-LAX,7:35,7:22,9:21,7:10
1339,orbitz,CO-1090-BOS-IAH,9:45,10:19,1:16,1:19
1340,orbitz,AA-616-DFW-DTW,10:00,9:59,12:35,1:27
1341,orbitz,UA-3515-IAD-MSP,8:15,8:12,10:06,9:56
1342,orbitz,AA-3468-CVG-MIA,7:00,7:04,9:55,9:45
1343,orbitz,AA-484-DFW-MIA,4:15,4:16,7:55,7:39
1344,orbitz,AA-1886-BOS-MIA,10:45,10:42,2:20,1:40
1345,orbitz,CO-62-IAH-EWR,2:30,2:48,7:03,7:10
1346,orbitz,CO-1561-PHX-IAH,8:05,8:00,11:35,11:32
1347,orbitz,UA-2314-ATL-PHL,2:55,2:46,5:00,4:47
1348,orbitz,AA-446-DFW-PHL,11:50,11:54,3:50,4:09
1349,orbitz,CO-1023-IAH-DEN,11:40,11:56,1:17,1:14
1350,orbitz,AA-466-IAH-MIA,6:00,5:58,9:20,9:05
1351,orbitz,UA-3050-PHX-CLT,11:05,11:30,4:57,5:05
1352,orbitz,CO-89-IAH-EWR,6:00,6:02,10:20,10:27
1353,orbitz,CO-1088-CLE-IAH,8:40,8:40,10:54,10:56
1354,orbitz,AA-1664-MIA-ATL,10:15,10:10,12:10,11:56
1355,orbitz,AA-1279-DFW-PHX,1:00,1:48,2:35,3:30
1356,orbitz,UA-854-SFO-IAH,7:53,7:49,1:39,1:30
1357,orbitz,UA-382-IAD-LAX,12:30,12:35,3:03,7:10
1358,orbitz,AA-4344-ORD-DTW,11:45,11:47,2:00,2:10
1359,orbitz,UA-257-JFK-SFO,2:46,2:42,6:15,5:42
1360,orbitz,UA-2945-PHL-CLT,12:00,11:51,1:45,1:15
1361,orbitz,CO-63-EWR-IAH,5:25,5:22,8:22,8:03
1362,orbitz,CO-47-IAH-LAX,7:10,8:25,10:48,7:10
1363,orbitz,AA-2050-ORD-MIA,10:40,10:46,2:45,2:46
1364,orbitz,UA-248-PHX-ORD,12:57,1:32,5:15,5:34
1365,orbitz,AA-4330-CVG-ORD,3:35,3:27,4:00,3:33
1366,orbitz,AA-1434-DFW-MCO,7:15,7:08,10:35,10:36
1367,orbitz,AA-1640-MIA-MCO,6:30,7:22,7:25,7:10
1368,orbitz,AA-4307-ORD-DTW,6:45,6:40,9:10,8:53
1369,orbitz,CO-1694-LAX-IAH,7:15,7:22,12:21,7:10
1370,orbitz,UA-843-LAX-ORD,2:22,2:37,7:53,7:58
1371,orbitz,CO-1193-EWR-MCO,9:15,9:14,12:18,12:09
1372,orbitz,AA-3842-MSP-ORD,6:00,5:59,7:30,7:51
1373,orbitz,AA-643-MIA-ORD,7:10,7:10,9:35,9:31
1374,orbitz,AA-1007-MIA-PHX,4:55,4:56,8:05,7:55
1375,orbitz,UA-2906-PHL-MCO,3:50,4:28,6:23,6:38
1376,orbitz,UA-938-DEN-ORD,4:16,4:15,7:35,7:36
1377,orbitz,AA-1221-MCO-ORD,8:00,8:01,9:45,9:53
1378,orbitz,CO-16-LAX-EWR,10:25,10:20,6:44,6:34
1379,orbitz,UA-2515-DFW-CLT,7:05,7:07,10:31,10:47
1380,orbitz,AA-400-DFW-JFK,10:40,10:47,2:59,3:04
1381,orbitz,UA-664-ORD-PHL,1:33,1:31,4:31,4:23
1382,orbitz,AA-3756-ORD-SLC,12:15,12:10,2:45,2:50
1383,orbitz,UA-37-EWR-MCO,1:29,1:48,4:17,4:17
1384,orbitz,AA-1522-SFO-ORD,11:55,7:22,5:50,7:10
1385,orbitz,UA-233-LAX-JFK,4:25,7:22,12:29,7:10
1386,orbitz,AA-3823-LAX-DEN,9:00,7:22,12:15,7:10
1387,orbitz,AA-2312-DFW-DTW,8:25,7:22,11:50,7:10
1388,orbitz,AA-1165-JFK-MIA,6:59,6:56,10:34,10:04
1389,orbitz,AA-431-MIA-SFO,8:35,8:31,11:50,11:44
1390,orbitz,AA-649-ORD-SNA,1:30,7:22,3:50,7:10
1391,orbitz,CO-1250-MIA-IAH,2:53,3:01,4:48,4:59
1392,orbitz,UA-6273-YYC-SFO,7:35,7:27,9:43,8:45
1393,orbitz,UA-828-SFO-ORD,11:08,7:22,5:11,7:10
1394,orbitz,CO-4888-IAH-DAL,5:30,7:22,6:40,7:10
1395,orbitz,UA-858-PVG-SFO,1:45,1:32,8:27,8:02
1396,orbitz,UA-2704-DTW-PHX,11:15,11:15,1:40,2:00
1397,orbitz,AA-3063-SLC-LAX,8:20,8:30,9:18,7:10
1398,orbitz,UA-2708-EWR-CLT,2:55,2:52,4:53,4:44
1399,orbitz,UA-62-IAH-EWR,2:30,2:48,7:03,7:10
1400,orbitz,UA-1500-IAH-GUA,8:55,9:16,12:05,7:10
1401,orbitz,AA-3804-PHL-ORD,2:35,2:32,4:05,3:43
1402,orbitz,AA-1917-JFK-MCO,2:55,3:00,5:55,5:43
1403,orbitz,AA-2268-PHX-ORD,7:15,7:10,11:35,11:06
1404,orbitz,AA-4277-CVG-JFK,12:10,12:01,2:15,1:43
1405,orbitz,AA-2957-DFW-CVG,7:55,7:51,11:05,11:01
1406,orbitz,UA-37-EDI-EWR,9:05,8:52,11:53,12:09
1407,orbitz,AA-789-ORD-DEN,1:05,1:06,2:35,3:13
1408,orbitz,AA-415-BOS-ORD,8:35,8:32,10:40,10:16
1409,orbitz,AA-85-JFK-SFO,3:05,3:09,6:30,6:43
1410,orbitz,AA-3979-CVG-ORD,7:30,7:28,8:00,8:06
1411,orbitz,AA-1544-SAN-ORD,11:25,11:20,5:25,4:56
1412,orbitz,AA-3786-IAH-ORD,4:00,3:52,6:40,6:15
1413,orbitz,AA-271-MIA-LAX,11:35,11:33,2:25,2:27
1414,orbitz,AA-2525-DFW-MIA,7:25,7:22,11:10,11:06
1415,orbitz,CO-50-CLE-EWR,2:55,3:31,4:49,5:26
1416,orbitz,UA-3099-PHX-PHL,11:55,11:43,6:17,5:38
1417,orbitz,AA-4198-ORD-CLE,10:40,10:35,12:55,12:50
1418,orbitz,AA-404-MIA-MCO,6:45,6:41,7:45,7:40
1419,orbitz,CO-45-EWR-MIA,4:00,3:58,7:05,6:36
1420,orbitz,AA-3809-PHX-LAX,6:00,5:56,6:40,6:19
1421,orbitz,AA-59-JFK-SFO,7:10,7:14,10:45,11:12
1422,orbitz,AA-222-LAX-BOS,7:10,7:05,3:30,3:14
1423,phl,AA-446-DFW-PHL,7:10,7:22,3:50,7:10
1424,phl,UA-3373-IAD-PHL,7:10,7:22,9:24,7:10
1425,phl,AA-3804-PHL-ORD,2:35,7:22,6:40,7:10
1426,phl,UA-664-ORD-PHL,7:10,7:22,4:31,7:10
1427,CO,CO-1586-IAH-MCO,7:00,7:14,10:15,10:29
1428,CO,CO-52-IAH-LAX,7:35,7:29,9:21,9:14
1429,CO,CO-1023-IAH-DEN,11:40,11:56,1:17,1:14
1430,CO,CO-89-IAH-EWR,6:00,6:02,10:20,10:27
1431,CO,CO-1694-LAX-IAH,7:15,7:15,12:21,12:21
1432,CO,CO-1614-LAX-IAH,12:30,12:41,5:35,5:26
1433,CO,CO-1088-CLE-IAH,8:40,8:40,10:54,10:56
1434,CO,CO-58-DEN-IAH,11:25,11:32,2:50,3:31
1435,CO,CO-50-CLE-EWR,2:55,3:31,4:49,5:26
1436,CO,CO-62-IAH-EWR,2:30,2:48,7:03,7:10
1437,CO,CO-1193-EWR-MCO,9:15,9:14,12:18,12:09
1438,CO,CO-16-LAX-EWR,10:25,10:20,6:44,6:34
1439,CO,CO-1090-BOS-IAH,9:45,10:19,1:16,1:19
1440,CO,CO-1250-MIA-IAH,2:53,3:01,4:48,4:59
1441,CO,CO-47-IAH-LAX,7:10,8:25,8:56,9:52
1442,CO,CO-4888-IAH-DAL,5:30,5:30,6:40,6:40
1443,CO,CO-45-EWR-MIA,4:00,3:58,7:05,6:36
1444,CO,CO-63-EWR-IAH,5:25,5:22,8:22,8:03
1445,CO,CO-1561-PHX-IAH,8:05,8:00,11:35,11:32
1446,ifly,AA-3842-MSP-ORD,6:00,6:56,7:30,7:51
1447,ifly,AA-3804-PHL-ORD,2:35,2:44,4:05,3:43
1448,ifly,CO-1090-BOS-IAH,9:45,10:19,1:16,1:19
1449,ifly,AA-1917-JFK-MCO,2:55,3:27,5:55,5:43
1450,ifly,UA-2906-PHL-MCO,3:50,4:28,6:23,6:38
1451,ifly,CO-89-IAH-EWR,6:00,6:02,10:20,10:27
1452,ifly,UA-938-DEN-ORD,4:16,4:15,7:35,7:36
1453,ifly,UA-3925-IAD-ORF,8:41,8:42,9:54,9:43
1454,ifly,AA-789-ORD-DEN,1:05,1:19,2:35,3:13
1455,ifly,AA-1434-DFW-MCO,7:15,7:21,10:35,10:36
1456,ifly,UA-664-ORD-PHL,1:33,1:31,4:31,4:23
1457,ifly,AA-3756-ORD-SLC,12:15,12:41,2:45,2:50
1458,ifly,CO-1614-LAX-IAH,12:30,12:41,5:35,5:26
1459,ifly,CO-58-DEN-IAH,11:25,11:32,2:50,3:31
1460,ifly,UA-233-LAX-JFK,4:25,4:28,12:29,12:01
1461,ifly,AA-3979-CVG-ORD,7:30,8:04,8:00,8:06
1462,ifly,AA-3823-LAX-DEN,9:00,9:06,12:15,11:49
1463,ifly,AA-3786-IAH-ORD,4:00,4:12,6:40,6:15
1464,ifly,AA-431-MIA-SFO,8:35,8:51,11:50,11:44
1465,ifly,AA-1733-ORD-PHX,7:45,7:58,10:30,10:30
1466,ifly,UA-3373-IAD-PHL,8:29,8:26,9:24,9:13
1467,ifly,UA-3099-PHX-PHL,11:55,11:43,6:17,5:38
1468,ifly,UA-2314-ATL-PHL,2:55,2:46,5:00,4:47
1469,ifly,CO-16-LAX-EWR,10:25,10:20,6:44,6:34
1470,ifly,CO-1250-MIA-IAH,2:53,3:01,4:48,4:59
1471,ifly,AA-3468-CVG-MIA,7:00,7:25,9:55,9:45
1472,ifly,AA-2050-ORD-MIA,10:40,11:05,2:45,2:46
1473,ifly,AA-415-BOS-ORD,8:35,8:56,10:40,10:16
1474,ifly,AA-3063-SLC-LAX,8:20,8:39,9:20,9:19
1475,ifly,AA-3809-PHX-LAX,6:00,6:10,6:40,6:19
1476,ifly,AA-59-JFK-SFO,7:10,7:39,10:45,11:12
1477,ifly,UA-62-IAH-EWR,2:30,2:48,7:03,7:10
1478,ifly,AA-616-DFW-DTW,9:05,10:10,12:35,1:27
1479,ifly,AA-3-JFK-LAX,12:00,12:11,3:15,3:16
1480,ifly,CO-1694-LAX-IAH,7:15,7:15,12:21,12:21
1481,ifly,AA-446-DFW-PHL,11:50,12:12,3:50,4:09
1482,sfo,UA-397-JFK-SFO,7:10,7:22,11:55,7:10
1483,sfo,AA-85-JFK-SFO,7:10,7:22,6:30,7:10
1484,sfo,AA-431-MIA-SFO,7:10,7:22,11:50,7:10
1485,sfo,AA-59-JFK-SFO,7:10,7:22,10:45,7:10
1486,sfo,UA-257-JFK-SFO,7:10,7:22,6:15,7:10
1487,sfo,UA-414-LAX-SFO,7:10,7:22,7:23,7:10
1488,flytecomm,AA-3859-IAH-ORD,7:10,7:16,6:40,9:22
1489,flytecomm,CO-1586-IAH-MCO,7:00,7:22,10:15,7:10
1490,flytecomm,AA-518-MIA-JFK,7:10,6:54,6:40,9:14
1491,flytecomm,UA-397-JFK-SFO,7:10,8:48,6:40,11:30
1492,flytecomm,UA-3925-IAD-ORF,7:10,9:00,6:40,9:29
1493,flytecomm,AA-1733-ORD-PHX,7:10,7:59,6:40,10:31
1494,flytecomm,UA-2830-MCO-CLT,7:10,3:50,6:40,5:14
1495,flytecomm,CO-58-DEN-IAH,11:25,7:22,2:50,7:10
1496,flytecomm,AA-1544-SAN-ORD,7:10,11:41,6:40,4:54
1497,flytecomm,UA-5487-SFO-MRY,7:10,10:53,6:40,11:11
1498,flytecomm,AA-204-LAX-MCO,7:10,11:29,6:40,12/2/11 6:35
1499,flytecomm,UA-414-LAX-SFO,7:10,6:10,6:40,7:04
1500,flytecomm,CO-1614-LAX-IAH,12:30,7:22,5:35,7:10
1501,flytecomm,UA-2726-FLL-PHL,7:10,4:10,6:40,6:25
1502,flytecomm,CO-52-IAH-LAX,7:35,7:22,9:21,7:10
1503,flytecomm,CO-1090-BOS-IAH,9:45,7:22,1:16,7:10
1504,flytecomm,AA-616-DFW-DTW,7:10,10:11,6:40,1:11
1505,flytecomm,UA-3515-IAD-MSP,7:10,8:26,6:40,9:56
1506,flytecomm,AA-3468-CVG-MIA,7:10,7:25,6:40,9:29
1507,flytecomm,AA-484-DFW-MIA,7:10,4:29,6:40,7:37
1508,flytecomm,AA-1886-BOS-MIA,7:10,10:54,6:40,1:36
1509,flytecomm,CO-62-IAH-EWR,2:30,7:22,7:03,7:10
1510,flytecomm,CO-1561-PHX-IAH,8:05,7:22,11:35,7:10
1511,flytecomm,UA-2314-ATL-PHL,7:10,3:04,6:40,4:43
1512,flytecomm,AA-446-DFW-PHL,7:10,12:13,6:40,4:08
1513,flytecomm,CO-1023-IAH-DEN,11:40,7:22,1:17,7:10
1514,flytecomm,AA-466-IAH-MIA,7:10,6:09,6:40,8:50
1515,flytecomm,UA-3050-PHX-CLT,7:10,11:45,6:40,5:00
1516,flytecomm,CO-89-IAH-EWR,6:00,7:22,10:20,7:10
1517,flytecomm,CO-1088-CLE-IAH,8:40,7:22,10:54,7:10
1518,flytecomm,AA-1664-MIA-ATL,7:10,10:19,6:40,11:50
1519,flytecomm,AA-1279-DFW-PHX,7:10,2:03,6:40,3:13
1520,flytecomm,UA-854-SFO-IAH,7:10,8:07,6:40,1:23
1521,flytecomm,UA-382-IAD-LAX,7:10,12:56,6:40,3:09
1522,flytecomm,AA-4344-ORD-DTW,7:10,12:14,6:40,1:55
1523,flytecomm,UA-257-JFK-SFO,7:10,2:43,6:40,5:22
1524,flytecomm,UA-2945-PHL-CLT,7:10,12:07,6:40,1:11
1525,flytecomm,CO-63-EWR-IAH,5:25,7:22,8:22,7:10
1526,flytecomm,CO-47-IAH-LAX,7:10,7:22,8:56,7:10
1527,flytecomm,AA-2050-ORD-MIA,7:10,11:06,6:40,2:39
1528,flytecomm,UA-248-PHX-ORD,7:10,1:43,6:40,5:24
1529,flytecomm,AA-4330-CVG-ORD,3:35,7:22,4:00,7:10
1530,flytecomm,AA-1434-DFW-MCO,7:10,7:22,6:40,10:34
1531,flytecomm,AA-1640-MIA-MCO,7:10,6:47,6:40,7:25
1532,flytecomm,AA-4307-ORD-DTW,7:10,6:56,6:40,8:38
1533,flytecomm,AA-3-JFK-LAX,7:10,12:12,6:40,3:04
1534,flytecomm,CO-1694-LAX-IAH,7:15,7:22,12/2/11 12:21,7:10
1535,flytecomm,UA-843-LAX-ORD,7:10,2:04,6:40,7:20
1536,flytecomm,CO-1193-EWR-MCO,9:15,7:22,12:18,7:10
1537,flytecomm,AA-3842-MSP-ORD,7:10,6:57,6:40,7:49
1538,flytecomm,AA-643-MIA-ORD,7:10,7:31,6:40,9:26
1539,flytecomm,AA-1007-MIA-PHX,7:10,5:09,6:40,7:43
1540,flytecomm,AA-2525-DFW-MIA,7:10,7:39,6:40,10:43
1541,flytecomm,UA-2906-PHL-MCO,7:10,4:44,6:40,6:28
1542,flytecomm,UA-938-DEN-ORD,7:10,4:37,6:40,7:23
1543,flytecomm,AA-1221-MCO-ORD,7:10,8:23,6:40,9:47
1544,flytecomm,CO-16-LAX-EWR,10:25,7:22,6:44,7:10
1545,flytecomm,UA-2515-DFW-CLT,7:10,7:30,6:40,10:43
1546,flytecomm,AA-400-DFW-JFK,7:10,11:02,6:40,2:58
1547,flytecomm,UA-664-ORD-PHL,7:10,1:48,6:40,4:20
1548,flytecomm,AA-3756-ORD-SLC,7:10,12:42,6:40,2:50
1549,flytecomm,UA-37-EWR-MCO,1:29,7:22,4:17,7:10
1550,flytecomm,AA-1522-SFO-ORD,7:10,12:11,6:40,5:52
1551,flytecomm,UA-233-LAX-JFK,7:10,4:28,6:40,12/2/11 12:01
1552,flytecomm,AA-3823-LAX-DEN,7:10,9:06,6:40,11:49
1553,flytecomm,AA-2312-DFW-DTW,7:10,8:29,6:40,11:35
1554,flytecomm,AA-1165-JFK-MIA,7:10,7:23,6:40,9:45
1555,flytecomm,AA-431-MIA-SFO,7:10,8:52,6:40,11:33
1556,flytecomm,UA-3373-IAD-PHL,7:10,8:37,6:40,9:13
1557,flytecomm,AA-649-ORD-SNA,7:10,1:41,6:40,3:29
1558,flytecomm,CO-1250-MIA-IAH,2:53,7:22,4:48,7:10
1559,flytecomm,UA-6273-YYC-SFO,7:10,7:41,6:40,8:33
1560,flytecomm,UA-828-SFO-ORD,11:08,7:22,12/2/11 5:11,7:10
1561,flytecomm,CO-4888-IAH-DAL,7:10,5:38,6:40,6:19
1562,flytecomm,UA-858-PVG-SFO,7:10,1:50,6:40,7:50
1563,flytecomm,UA-2704-DTW-PHX,7:10,11:47,6:40,1:52
1564,flytecomm,AA-3063-SLC-LAX,7:10,8:40,6:40,9:12
1565,flytecomm,UA-2708-EWR-CLT,7:10,3:04,6:40,4:22
1566,flytecomm,UA-62-IAH-EWR,2:30,7:22,7:03,7:10
1567,flytecomm,UA-1500-IAH-GUA,8:55,7:22,11:45,7:10
1568,flytecomm,AA-3804-PHL-ORD,7:10,2:44,6:40,3:36
1569,flytecomm,AA-1917-JFK-MCO,7:10,3:28,6:40,5:39
1570,flytecomm,AA-2268-PHX-ORD,7:10,7:22,6:40,11:04
1571,flytecomm,AA-4277-CVG-JFK,7:10,12:11,6:40,1:42
1572,flytecomm,AA-2957-DFW-CVG,7:10,8:04,6:40,10:58
1573,flytecomm,UA-37-EDI-EWR,9:05,7:22,11:53,7:10
1574,flytecomm,AA-789-ORD-DEN,7:10,1:20,6:40,2:49
1575,flytecomm,AA-415-BOS-ORD,7:10,8:55,6:40,10:12
1576,flytecomm,AA-85-JFK-SFO,7:10,3:38,6:40,6:30
1577,flytecomm,AA-3979-CVG-ORD,7:10,8:04,6:40,7:59
1578,flytecomm,AA-3786-IAH-ORD,7:10,4:12,6:40,6:11
1579,flytecomm,AA-271-MIA-LAX,7:10,11:52,6:40,2:21
1580,flytecomm,CO-50-CLE-EWR,2:55,7:22,4:49,7:10
1581,flytecomm,UA-3099-PHX-PHL,7:10,11:55,6:40,5:34
1582,flytecomm,AA-4198-ORD-CLE,7:10,10:55,6:40,12:37
1583,flytecomm,AA-404-MIA-MCO,7:10,6:58,6:40,7:37
1584,flytecomm,CO-45-EWR-MIA,4:00,7:22,7:05,7:10
1585,flytecomm,AA-3809-PHX-LAX,7:10,6:11,6:40,6:15
1586,flytecomm,AA-59-JFK-SFO,7:10,7:40,6:40,10:52
1587,flytecomm,AA-222-LAX-BOS,7:10,7:32,6:40,3:12
1588,mytripandmore,AA-1733-ORD-PHX,7:45,7:45,10:30,7:10
1589,mytripandmore,CO-1586-IAH-MCO,7:00,7:14,10:15,10:02
1590,mytripandmore,UA-3925-IAD-ORF,8:41,7:22,9:54,7:10
1591,mytripandmore,AA-1640-MIA-MCO,6:30,7:22,7:25,7:10
1592,mytripandmore,UA-2830-MCO-CLT,3:27,conta.m.ct a.m.irline,5:05,conta.m.ct a.m.irline
1593,mytripandmore,UA-5487-SFO-MRY,10:39,7:22,11:19,7:10
1594,mytripandmore,AA-204-LAX-MCO,11:25,7:22,6:55,7:10
1595,mytripandmore,CO-1614-LAX-IAH,12:30,12:41,5:35,5:26
1596,mytripandmore,UA-2726-FLL-PHL,4:00,3:58,6:46,6:28
1597,mytripandmore,CO-1090-BOS-IAH,9:45,10:19,1:16,1:19
1598,mytripandmore,AA-3468-CVG-MIA,7:00,7:04,9:55,9:45
1599,mytripandmore,CO-62-IAH-EWR,2:30,2:48,7:03,7:10
1600,mytripandmore,CO-1023-IAH-DEN,11:40,11:56,1:17,1:14
1601,mytripandmore,AA-466-IAH-MIA,6:00,5:58,9:20,9:05
1602,mytripandmore,UA-3050-PHX-CLT,11:05,11:30,4:57,5:05
1603,mytripandmore,AA-1664-MIA-ATL,10:15,10:10,12:10,11:56
1604,mytripandmore,AA-3979-CVG-ORD,7:30,7:28,8:00,8:06
1605,mytripandmore,UA-382-IAD-LAX,12:30,12:35,3:03,7:10
1606,mytripandmore,AA-616-DFW-DTW,9:05,9:59,12:35,1:27
1607,mytripandmore,AA-4344-ORD-DTW,11:45,11:47,2:00,2:10
1608,mytripandmore,UA-2945-PHL-CLT,12:00,11:51,1:45,1:15
1609,mytripandmore,CO-47-IAH-LAX,7:10,8:25,10:48,7:10
1610,mytripandmore,AA-271-MIA-LAX,11:35,11:33,2:25,2:27
1611,mytripandmore,AA-3842-MSP-ORD,6:00,5:59,7:30,7:51
1612,mytripandmore,AA-643-MIA-ORD,7:10,7:10,9:35,9:31
1613,mytripandmore,AA-1007-MIA-PHX,4:55,4:56,8:05,7:55
1614,mytripandmore,AA-2525-DFW-MIA,7:25,7:22,11:10,11:06
1615,mytripandmore,AA-1221-MCO-ORD,8:00,8:01,9:45,9:53
1616,mytripandmore,UA-2515-DFW-CLT,7:05,7:07,10:31,10:47
1617,mytripandmore,AA-4307-ORD-DTW,6:45,6:40,9:10,8:53
1618,mytripandmore,UA-233-LAX-JFK,4:25,7:22,12:29,7:10
1619,mytripandmore,AA-3823-LAX-DEN,9:00,not a.m.va.m.ila.m.ble,dec 02 12:15,dec 02 not a.m.va.m.ila.m.ble
1620,mytripandmore,AA-2312-DFW-DTW,8:25,7:22,11:50,7:10
1621,mytripandmore,AA-1165-JFK-MIA,6:59,6:56,10:34,10:04
1622,mytripandmore,AA-431-MIA-SFO,8:35,8:31,11:50,11:44
1623,mytripandmore,UA-257-JFK-SFO,not a.m.va.m.ila.m.ble,2:42,not a.m.va.m.ila.m.ble,5:42
1624,mytripandmore,AA-649-ORD-SNA,1:30,not a.m.va.m.ila.m.ble,3:50,not a.m.va.m.ila.m.ble
1625,mytripandmore,CO-1250-MIA-IAH,2:53,3:01,4:48,4:59
1626,mytripandmore,UA-828-SFO-ORD,11:08,7:22,5:11,7:10
1627,mytripandmore,AA-3063-SLC-LAX,8:20,8:30,9:18,7:10
1628,mytripandmore,AA-1917-JFK-MCO,2:55,3:00,5:55,5:43
1629,mytripandmore,UA-6273-YYC-SFO,not a.m.va.m.ila.m.ble,7:41,not a.m.va.m.ila.m.ble,8:45
1630,mytripandmore,AA-4277-CVG-JFK,12:10,12:01,2:15,1:43
1631,mytripandmore,UA-37-EDI-EWR,9:05,8:52,11:53,12:09
1632,mytripandmore,AA-59-JFK-SFO,7:10,7:14,10:45,11:12
1633,mytripandmore,AA-415-BOS-ORD,8:35,8:32,10:40,10:16
1634,mytripandmore,AA-1544-SAN-ORD,11:25,11:20,5:25,4:56
1635,mytripandmore,AA-3786-IAH-ORD,4:00,3:52,6:40,6:15
1636,mytripandmore,CO-50-CLE-EWR,2:55,3:31,4:49,5:26
1637,mytripandmore,AA-404-MIA-MCO,6:45,6:41,7:45,7:40
1638,ord,AA-3859-IAH-ORD,7:10,7:22,9:40,7:10
1639,ord,AA-3842-MSP-ORD,6:00,7:22,7:30,7:10
1640,ord,AA-643-MIA-ORD,7:10,7:22,9:35,7:10
1641,ord,AA-3804-PHL-ORD,2:35,7:22,4:05,7:10
1642,ord,AA-2268-PHX-ORD,7:15,7:22,11:35,7:10
1643,ord,AA-1221-MCO-ORD,11/30 8:00,7:22,11/30 9:45,7:10
1644,ord,UA-938-DEN-ORD,11/30 4:16,7:22,11/30 7:35,7:10
1645,ord,AA-789-ORD-DEN,1:05,7:22,2:35,7:10
1646,ord,AA-4307-ORD-DTW,11/30 6:45,7:22,11/30 9:10,7:10
1647,ord,AA-3979-CVG-ORD,7:30,7:22,8:00,7:10
1648,ord,UA-664-ORD-PHL,1:33,7:22,4:31,7:10
1649,ord,AA-3756-ORD-SLC,12:15,7:22,2:45,7:10
1650,ord,AA-3786-IAH-ORD,11/30 4:00,7:22,11/30 6:40,7:10
1651,ord,AA-1522-SFO-ORD,11/30 11:55,7:22,5:50,7:10
1652,ord,AA-1544-SAN-ORD,11/30 11:25,7:22,11/30 5:25,7:10
1653,ord,AA-4344-ORD-DTW,11:45,7:22,2:00,7:10
1654,ord,AA-1733-ORD-PHX,11/30 7:45,7:22,11/30 10:30,7:10
1655,ord,AA-4198-ORD-CLE,10:40,7:22,12:55,7:10
1656,ord,UA-828-SFO-ORD,11/30 11:08,7:22,5:11,7:10
1657,ord,AA-2050-ORD-MIA,10:40,7:22,2:45,7:10
1658,ord,UA-248-PHX-ORD,11/30 12:57,7:22,11/30 5:15,7:10
1659,ord,AA-415-BOS-ORD,8:35,7:22,10:40,7:10
1660,ord,AA-4330-CVG-ORD,3:35,7:22,4:00,7:10
1661,ord,UA-843-LAX-ORD,11/30 1:55,7:22,11/30 7:53,7:10
1662,wunderground,AA-3859-IAH-ORD,7:10,7:16,9:30,9:22
1663,wunderground,AA-518-MIA-JFK,6:40,6:54,8:54,9:14
1664,wunderground,CO-1586-IAH-MCO,7:00,7:42,9:40,10:24
1665,wunderground,UA-3925-IAD-ORF,8:41,8:51,9:34,9:44
1666,wunderground,AA-1733-ORD-PHX,7:45,7:59,10:15,10:28
1667,wunderground,AA-204-LAX-MCO,11:25,11:57,6:30,6:55
1668,wunderground,UA-2726-FLL-PHL,4:00,4:10,6:34,6:23
1669,wunderground,CO-52-IAH-LAX,7:35,7:56,9:11,9:08
1670,wunderground,AA-3468-CVG-MIA,7:00,7:25,9:45,9:29
1671,wunderground,AA-484-DFW-MIA,4:15,4:29,7:26,7:37
1672,wunderground,AA-616-DFW-DTW,9:05,10:10,12:12,1:11
1673,wunderground,AA-446-DFW-PHL,11:50,12:13,3:33,3:59
1674,wunderground,CO-1023-IAH-DEN,11:40,12:06,12:51,1:07
1675,wunderground,AA-466-IAH-MIA,6:00,6:08,8:51,8:50
1676,wunderground,UA-3050-PHX-CLT,11:05,11:45,4:37,4:57
1677,wunderground,AA-2957-DFW-CVG,7:55,8:05,10:55,10:58
1678,wunderground,AA-1664-MIA-ATL,10:15,10:19,11:43,11:50
1679,wunderground,AA-3979-CVG-ORD,7:30,8:04,7:50,7:59
1680,wunderground,AA-1279-DFW-PHX,1:00,2:04,2:14,3:13
1681,wunderground,AA-404-MIA-MCO,6:45,6:57,7:25,7:35
1682,wunderground,AA-3756-ORD-SLC,12:15,12:42,2:35,2:40
1683,wunderground,UA-382-IAD-LAX,12:30,12:56,2:48,3:07
1684,wunderground,UA-257-JFK-SFO,2:30,2:42,5:40,5:27
1685,wunderground,UA-2945-PHL-CLT,12:00,12:07,1:35,1:08
1686,wunderground,CO-63-EWR-IAH,5:25,5:38,8:04,7:43
1687,wunderground,AA-2525-DFW-MIA,7:25,7:39,10:43,10:43
1688,wunderground,CO-47-IAH-LAX,7:27,7:27,8:46,8:46
1689,wunderground,AA-271-MIA-LAX,11:35,11:52,1:57,2:21
1690,wunderground,AA-2050-ORD-MIA,10:40,11:05,2:10,2:39
1691,wunderground,AA-4330-CVG-ORD,3:35,3:36,3:50,3:26
1692,wunderground,AA-1434-DFW-MCO,7:15,7:21,10:18,10:29
1693,wunderground,AA-1640-MIA-MCO,6:30,6:47,7:08,7:25
1694,wunderground,AA-4307-ORD-DTW,6:45,6:56,9:00,8:38
1695,wunderground,AA-3-JFK-LAX,12:00,12:12,2:47,3:04
1696,wunderground,CO-1694-LAX-IAH,7:15,7:25,11:52,12:02
1697,wunderground,CO-1193-EWR-MCO,9:15,9:57,12:08,12:02
1698,wunderground,AA-3842-MSP-ORD,6:00,6:56,6:50,7:49
1699,wunderground,AA-643-MIA-ORD,7:10,7:31,9:00,9:26
1700,wunderground,AA-1007-MIA-PHX,4:55,5:08,7:38,7:43
1701,wunderground,UA-2906-PHL-MCO,3:50,4:45,6:00,6:34
1702,wunderground,AA-1221-MCO-ORD,8:00,8:23,9:25,9:47
1703,wunderground,AA-400-DFW-JFK,10:40,11:01,2:35,2:58
1704,wunderground,UA-664-ORD-PHL,1:33,1:48,4:20,4:20
1705,wunderground,UA-37-EWR-MCO,1:29,2:01,3:55,4:06
1706,wunderground,UA-233-LAX-JFK,4:25,4:35,12:09,12:19
1707,wunderground,AA-3823-LAX-DEN,9:00,9:16,12:05,12:01
1708,wunderground,AA-2312-DFW-DTW,8:25,8:29,11:31,11:35
1709,wunderground,AA-1165-JFK-MIA,6:59,7:22,9:25,9:45
1710,wunderground,AA-431-MIA-SFO,8:35,8:51,11:22,11:33
1711,wunderground,AA-649-ORD-SNA,1:30,1:40,3:30,3:40
1712,wunderground,UA-828-SFO-ORD,11:08,11:35,5:08,5:21
1713,wunderground,CO-4888-IAH-DAL,5:30,6:11,6:15,6:56
1714,wunderground,AA-3063-SLC-LAX,8:20,8:40,9:10,9:11
1715,wunderground,AA-3804-PHL-ORD,2:35,2:44,3:55,3:36
1716,wunderground,AA-1917-JFK-MCO,2:55,3:27,5:17,5:39
1717,wunderground,AA-2268-PHX-ORD,7:15,7:23,10:57,11:04
1718,wunderground,AA-4277-CVG-JFK,12:10,12:10,2:05,1:42
1719,wunderground,AA-789-ORD-DEN,1:05,1:19,2:17,2:49
1720,wunderground,AA-85-JFK-SFO,3:05,3:36,5:57,6:30
1721,wunderground,AA-3786-IAH-ORD,4:00,4:12,6:30,6:11
1722,wunderground,AA-222-LAX-BOS,7:10,7:32,2:52,3:12
1723,wunderground,UA-3099-PHX-PHL,11:55,11:55,6:07,5:34
1724,wunderground,AA-4198-ORD-CLE,10:40,10:55,12:45,12:37
1725,wunderground,CO-45-EWR-MIA,4:00,4:14,6:31,6:33
1726,wunderground,AA-3809-PHX-LAX,6:00,6:10,6:30,6:09
1727,wunderground,AA-59-JFK-SFO,7:10,7:39,10:09,10:52
1728,ua,UA-397-JFK-SFO,8:00,8:29,11:55,11:58
1729,ua,UA-3925-IAD-ORF,8:41,8:42,9:54,9:43
1730,ua,UA-2830-MCO-CLT,3:27,3:27,5:05,5:17
1731,ua,UA-5487-SFO-MRY,10:39,10:33,11:19,11:21
1732,ua,UA-2726-FLL-PHL,4:00,4:00,6:46,6:28
1733,ua,UA-3050-PHX-CLT,11:05,11:30,4:57,5:05
1734,ua,UA-382-IAD-LAX,12:30,12:35,3:19,3:21
1735,ua,UA-2945-PHL-CLT,12:00,3:11,1:45,1:15
1736,ua,UA-854-SFO-IAH,7:53,7:49,1:39,1:30
1737,ua,UA-3515-IAD-MSP,8:15,8:12,10:06,9:56
1738,ua,UA-248-PHX-ORD,12:57,1:32,5:15,5:34
1739,ua,UA-843-LAX-ORD,1:55,2:10,7:53,7:58
1740,ua,UA-2906-PHL-MCO,3:50,4:28,6:23,6:38
1741,ua,UA-938-DEN-ORD,4:16,4:15,7:35,7:36
1742,ua,UA-2515-DFW-CLT,7:05,7:05,10:31,10:47
1743,ua,UA-664-ORD-PHL,1:33,1:31,4:31,4:23
1744,ua,UA-37-EWR-MCO,1:29,1:48,4:17,4:17
1745,ua,UA-233-LAX-JFK,4:25,4:25,fri dec 2 12:29,fri dec 2 12:29
1746,ua,UA-3373-IAD-PHL,8:29,8:26,9:24,9:13
1747,ua,UA-6273-YYC-SFO,7:35,7:27,9:43,8:45
1748,ua,UA-828-SFO-ORD,11:08,11:08,fri dec 2 5:11,fri dec 2 5:11
1749,ua,UA-858-PVG-SFO,1:45,1:32,8:27,8:02
1750,ua,UA-2704-DTW-PHX,11:15,11:15,1:40,2:00
1751,ua,UA-2708-EWR-CLT,2:55,2:55,4:53,4:44
1752,ua,UA-62-IAH-EWR,2:30,2:48,7:03,7:10
1753,ua,UA-1500-IAH-GUA,8:55,9:16,11:45,11:56
1754,ua,UA-2314-ATL-PHL,2:55,2:55,5:00,4:47
1755,ua,UA-37-EDI-EWR,9:05,8:52,11:53,12:09
1756,ua,UA-3099-PHX-PHL,11:55,11:55,6:17,5:38
1757,ua,UA-414-LAX-SFO,6:00,5:56,7:23,7:17
1758,ua,UA-257-JFK-SFO,2:30,2:26,6:15,5:42
1759,flylouisville,AA-3859-IAH-ORD,7:10,7:16,9:40,9:32
1760,flylouisville,CO-1586-IAH-MCO,7:10,7:14,6:40,10:29
1761,flylouisville,AA-518-MIA-JFK,6:40,6:54,9:25,9:28
1762,flylouisville,UA-397-JFK-SFO,8:00,8:29,11:55,11:58
1763,flylouisville,UA-3925-IAD-ORF,7:10,8:42,6:40,9:43
1764,flylouisville,AA-1733-ORD-PHX,7:45,7:22,10:30,7:10
1765,flylouisville,AA-3-JFK-LAX,12:00,12:11,3:15,3:16
1766,flylouisville,UA-2830-MCO-CLT,3:27,3:28,5:05,5:17
1767,flylouisville,CO-58-DEN-IAH,7:10,11:32,6:40,3:31
1768,flylouisville,UA-5487-SFO-MRY,7:10,10:33,6:40,11:21
1769,flylouisville,AA-204-LAX-MCO,11:25,7:22,6:55,7:10
1770,flylouisville,UA-414-LAX-SFO,7:10,5:56,6:40,7:17
1771,flylouisville,CO-1614-LAX-IAH,7:10,12:41,6:40,5:26
1772,flylouisville,UA-2726-FLL-PHL,4:00,3:58,6:46,6:28
1773,flylouisville,CO-52-IAH-LAX,7:10,7:29,6:40,9:14
1774,flylouisville,CO-1090-BOS-IAH,7:10,10:19,6:40,1:19
1775,flylouisville,AA-616-DFW-DTW,9:05,10:10,12:35,1:27
1776,flylouisville,UA-3515-IAD-MSP,7:10,8:12,6:40,9:56
1777,flylouisville,AA-3468-CVG-MIA,7:00,7:25,9:55,9:45
1778,flylouisville,AA-484-DFW-MIA,4:15,4:29,7:55,7:39
1779,flylouisville,AA-1886-BOS-MIA,7:10,10:55,6:40,1:40
1780,flylouisville,CO-62-IAH-EWR,7:10,2:48,6:40,7:10
1781,flylouisville,CO-1561-PHX-IAH,7:10,8:00,6:40,11:32
1782,flylouisville,UA-2314-ATL-PHL,7:10,2:46,6:40,4:47
1783,flylouisville,AA-446-DFW-PHL,11:50,12:12,3:50,4:09
1784,flylouisville,CO-1023-IAH-DEN,7:10,11:56,6:40,1:14
1785,flylouisville,AA-466-IAH-MIA,6:00,6:08,9:20,9:05
1786,flylouisville,UA-3050-PHX-CLT,11:05,11:30,4:57,5:05
1787,flylouisville,CO-89-IAH-EWR,7:10,6:02,6:40,10:27
1788,flylouisville,CO-1088-CLE-IAH,7:10,8:40,6:40,10:56
1789,flylouisville,AA-1664-MIA-ATL,10:15,10:18,12:10,11:56
1790,flylouisville,AA-1279-DFW-PHX,1:00,2:04,2:35,3:20
1791,flylouisville,UA-854-SFO-IAH,7:10,7:49,6:40,1:30
1792,flylouisville,UA-382-IAD-LAX,7:10,12:35,6:40,3:21
1793,flylouisville,AA-4344-ORD-DTW,7:10,12:13,6:40,2:10
1794,flylouisville,UA-257-JFK-SFO,2:30,2:26,6:15,5:42
1795,flylouisville,UA-2945-PHL-CLT,12:00,11:51,1:45,1:15
1796,flylouisville,CO-63-EWR-IAH,7:10,5:22,6:40,8:03
1797,flylouisville,CO-47-IAH-LAX,7:10,8:25,6:40,8:56
1798,flylouisville,AA-2050-ORD-MIA,10:40,11:05,2:45,2:46
1799,flylouisville,UA-248-PHX-ORD,7:10,1:32,6:40,5:34
1800,flylouisville,AA-4330-CVG-ORD,7:10,3:36,6:40,3:33
1801,flylouisville,AA-1434-DFW-MCO,7:15,7:21,10:35,10:36
1802,flylouisville,AA-1640-MIA-MCO,6:30,7:22,7:25,7:10
1803,flylouisville,AA-4307-ORD-DTW,6:45,6:55,9:10,8:53
1804,flylouisville,CO-1694-LAX-IAH,7:15,7:22,12:21,7:10
1805,flylouisville,UA-843-LAX-ORD,7:10,2:10,6:40,7:58
1806,flylouisville,CO-1193-EWR-MCO,9:15,9:14,12:18,12:09
1807,flylouisville,AA-3842-MSP-ORD,6:00,6:56,7:30,7:51
1808,flylouisville,AA-643-MIA-ORD,7:10,7:30,9:35,9:31
1809,flylouisville,AA-1007-MIA-PHX,7:10,5:08,6:40,7:55
1810,flylouisville,UA-2906-PHL-MCO,3:50,4:28,6:23,6:38
1811,flylouisville,UA-938-DEN-ORD,7:10,4:15,6:40,7:36
1812,flylouisville,AA-1221-MCO-ORD,8:00,8:23,9:45,9:53
1813,flylouisville,CO-16-LAX-EWR,7:10,10:20,6:40,6:34
1814,flylouisville,UA-2515-DFW-CLT,7:10,7:07,6:40,10:47
1815,flylouisville,AA-400-DFW-JFK,7:10,11:01,6:40,3:04
1816,flylouisville,UA-664-ORD-PHL,1:33,1:31,4:31,4:23
1817,flylouisville,AA-3756-ORD-SLC,12:15,12:41,2:45,2:50
1818,flylouisville,UA-37-EWR-MCO,7:10,1:48,6:40,4:17
1819,flylouisville,AA-1522-SFO-ORD,11:55,7:22,5:50,7:10
1820,flylouisville,UA-233-LAX-JFK,4:25,7:22,12:29,7:10
1821,flylouisville,AA-3823-LAX-DEN,9:00,7:22,12:15,7:10
1822,flylouisville,AA-2312-DFW-DTW,8:25,7:22,11:50,7:10
1823,flylouisville,AA-1165-JFK-MIA,6:59,7:22,10:34,10:04
1824,flylouisville,AA-431-MIA-SFO,8:35,8:51,11:50,11:44
1825,flylouisville,UA-3373-IAD-PHL,7:10,8:26,6:40,9:13
1826,flylouisville,AA-649-ORD-SNA,1:30,7:22,3:50,7:10
1827,flylouisville,CO-1250-MIA-IAH,7:10,3:01,6:40,4:59
1828,flylouisville,UA-6273-YYC-SFO,7:10,7:27,6:40,8:45
1829,flylouisville,UA-828-SFO-ORD,11:08,7:22,5:11,7:10
1830,flylouisville,CO-4888-IAH-DAL,5:30,7:22,6:40,7:10
1831,flylouisville,UA-858-PVG-SFO,7:10,1:32,6:40,8:02
1832,flylouisville,UA-2704-DTW-PHX,7:10,11:15,6:40,2:00
1833,flylouisville,AA-3063-SLC-LAX,7:10,8:39,6:40,9:20
1834,flylouisville,UA-2708-EWR-CLT,7:10,2:52,6:40,4:44
1835,flylouisville,UA-62-IAH-EWR,7:10,2:48,6:40,7:10
1836,flylouisville,UA-1500-IAH-GUA,7:10,9:16,6:40,11:45
1837,flylouisville,AA-3804-PHL-ORD,2:35,2:44,4:05,3:43
1838,flylouisville,AA-1917-JFK-MCO,2:55,3:27,5:55,5:43
1839,flylouisville,AA-2268-PHX-ORD,7:15,7:22,11:35,11:06
1840,flylouisville,AA-4277-CVG-JFK,12:10,12:10,2:15,1:43
1841,flylouisville,AA-2957-DFW-CVG,7:55,8:04,11:05,11:01
1842,flylouisville,UA-37-EDI-EWR,7:10,8:52,6:40,12:09
1843,flylouisville,AA-789-ORD-DEN,1:05,1:19,2:35,3:13
1844,flylouisville,AA-415-BOS-ORD,7:10,8:56,6:40,10:16
1845,flylouisville,AA-85-JFK-SFO,3:05,3:36,6:30,6:43
1846,flylouisville,AA-3979-CVG-ORD,7:30,8:04,8:00,8:06
1847,flylouisville,AA-1544-SAN-ORD,7:10,11:40,6:40,4:56
1848,flylouisville,AA-3786-IAH-ORD,4:00,4:12,6:40,6:15
1849,flylouisville,AA-271-MIA-LAX,11:35,11:52,2:25,2:27
1850,flylouisville,AA-2525-DFW-MIA,7:25,7:39,11:10,11:06
1851,flylouisville,CO-50-CLE-EWR,7:10,3:31,6:40,5:26
1852,flylouisville,UA-3099-PHX-PHL,11:55,11:43,6:17,5:38
1853,flylouisville,AA-4198-ORD-CLE,10:40,10:54,12:55,12:50
1854,flylouisville,AA-404-MIA-MCO,6:45,6:57,7:45,7:40
1855,flylouisville,CO-45-EWR-MIA,4:00,3:58,7:05,6:36
1856,flylouisville,AA-3809-PHX-LAX,6:00,6:10,6:40,6:19
1857,flylouisville,AA-59-JFK-SFO,7:10,7:39,10:45,11:12
1858,flylouisville,AA-222-LAX-BOS,7:10,7:31,3:30,3:14
1859,quicktrip,AA-3859-IAH-ORD,7:10,7:16,9:40,9:32
1860,quicktrip,CO-1586-IAH-MCO,7:00,7:14,10:15,10:29
1861,quicktrip,AA-518-MIA-JFK,6:40,6:54,9:25,9:28
1862,quicktrip,UA-397-JFK-SFO,8:00,8:29,11:55,11:58
1863,quicktrip,UA-3925-IAD-ORF,8:41,8:42,9:54,9:43
1864,quicktrip,AA-1733-ORD-PHX,7:45,7:58,10:30,10:30
1865,quicktrip,AA-4344-ORD-DTW,11:45,12:13,2:00,2:10
1866,quicktrip,AA-1640-MIA-MCO,6:30,6:47,7:25,7:25
1867,quicktrip,UA-2830-MCO-CLT,3:27,3:28,5:05,5:17
1868,quicktrip,CO-58-DEN-IAH,11:25,11:32,2:50,3:31
1869,quicktrip,AA-204-LAX-MCO,11:25,11:29,6:55,6:35
1870,quicktrip,UA-414-LAX-SFO,6:00,5:56,7:23,7:17
1871,quicktrip,CO-1614-LAX-IAH,12:30,12:41,5:35,5:26
1872,quicktrip,UA-2726-FLL-PHL,4:00,3:58,6:46,6:28
1873,quicktrip,CO-52-IAH-LAX,7:35,7:29,9:21,9:14
1874,quicktrip,CO-1090-BOS-IAH,9:45,10:19,1:16,1:19
1875,quicktrip,AA-3468-CVG-MIA,7:00,7:25,9:55,9:45
1876,quicktrip,UA-3515-IAD-MSP,8:15,8:12,10:06,9:56
1877,quicktrip,AA-484-DFW-MIA,4:15,4:29,7:55,7:39
1878,quicktrip,AA-616-DFW-DTW,9:05,10:10,12:35,1:27
1879,quicktrip,CO-62-IAH-EWR,2:30,2:48,7:03,7:10
1880,quicktrip,CO-63-EWR-IAH,5:25,5:22,8:22,8:03
1881,quicktrip,AA-446-DFW-PHL,11:50,12:12,3:50,4:09
1882,quicktrip,CO-1023-IAH-DEN,11:40,11:56,1:17,1:14
1883,quicktrip,AA-466-IAH-MIA,6:00,6:08,9:20,9:05
1884,quicktrip,UA-3050-PHX-CLT,11:05,11:30,4:57,5:05
1885,quicktrip,CO-89-IAH-EWR,6:00,6:02,10:20,10:27
1886,quicktrip,CO-1088-CLE-IAH,8:40,8:40,10:54,10:56
1887,quicktrip,AA-2957-DFW-CVG,7:55,8:04,11:05,11:01
1888,quicktrip,AA-1664-MIA-ATL,10:15,10:18,12:10,11:56
1889,quicktrip,AA-3979-CVG-ORD,7:30,8:04,8:00,8:06
1890,quicktrip,AA-1279-DFW-PHX,1:00,2:04,2:35,3:20
1891,quicktrip,AA-404-MIA-MCO,6:45,6:57,7:45,7:40
1892,quicktrip,AA-3756-ORD-SLC,12:15,12:41,2:45,2:50
1893,quicktrip,UA-382-IAD-LAX,12:30,12:35,3:19,3:21
1894,quicktrip,UA-2945-PHL-CLT,12:00,11:51,1:45,1:15
1895,quicktrip,CO-47-IAH-LAX,7:10,8:25,8:56,9:52
1896,quicktrip,AA-271-MIA-LAX,11:35,11:52,2:25,2:27
1897,quicktrip,AA-2050-ORD-MIA,10:40,11:05,2:45,2:46
1898,quicktrip,UA-248-PHX-ORD,12:57,1:32,5:15,5:34
1899,quicktrip,AA-4330-CVG-ORD,3:35,3:36,4:00,3:33
1900,quicktrip,AA-1434-DFW-MCO,7:15,7:21,10:35,10:36
1901,quicktrip,CO-1561-PHX-IAH,8:05,8:00,11:35,11:32
1902,quicktrip,AA-4307-ORD-DTW,6:45,6:55,9:10,8:53
1903,quicktrip,AA-3-JFK-LAX,12:00,12:11,3:15,3:16
1904,quicktrip,CO-1694-LAX-IAH,7:15,7:15,12:21,12:21
1905,quicktrip,UA-843-LAX-ORD,1:55,2:10,7:53,7:58
1906,quicktrip,CO-1193-EWR-MCO,9:15,9:14,12:18,12:09
1907,quicktrip,AA-3842-MSP-ORD,6:00,6:56,7:30,7:51
1908,quicktrip,AA-643-MIA-ORD,7:10,7:30,9:35,9:31
1909,quicktrip,AA-1007-MIA-PHX,4:55,5:08,8:05,7:55
1910,quicktrip,AA-2525-DFW-MIA,7:25,7:39,11:10,11:06
1911,quicktrip,UA-2906-PHL-MCO,3:50,4:28,6:23,6:38
1912,quicktrip,UA-938-DEN-ORD,4:16,4:15,7:35,7:36
1913,quicktrip,AA-1221-MCO-ORD,8:00,8:23,9:45,9:53
1914,quicktrip,CO-16-LAX-EWR,10:25,10:20,6:44,6:34
1915,quicktrip,UA-2515-DFW-CLT,7:05,7:07,10:31,10:47
1916,quicktrip,AA-400-DFW-JFK,10:40,11:01,2:59,3:04
1917,quicktrip,UA-664-ORD-PHL,1:33,1:31,4:31,4:23
1918,quicktrip,UA-37-EWR-MCO,1:29,1:48,4:17,4:17
1919,quicktrip,AA-1522-SFO-ORD,11:55,12:10,5:50,5:42
1920,quicktrip,UA-233-LAX-JFK,4:25,4:28,12:29,12:01
1921,quicktrip,AA-3823-LAX-DEN,9:00,9:06,12:15,11:49
1922,quicktrip,AA-2312-DFW-DTW,8:25,8:29,11:50,11:35
1923,quicktrip,UA-2314-ATL-PHL,2:55,2:46,5:00,4:47
1924,quicktrip,AA-1165-JFK-MIA,6:59,7:22,10:34,10:04
1925,quicktrip,AA-431-MIA-SFO,8:35,8:51,11:50,11:44
1926,quicktrip,UA-257-JFK-SFO,2:30,2:26,6:15,5:42
1927,quicktrip,UA-3373-IAD-PHL,8:29,8:26,9:24,9:13
1928,quicktrip,CO-1250-MIA-IAH,2:53,3:01,4:48,4:59
1929,quicktrip,UA-828-SFO-ORD,11:08,7:22,5:11,7:10
1930,quicktrip,CO-4888-IAH-DAL,5:30,5:30,6:40,6:40
1931,quicktrip,UA-2704-DTW-PHX,11:15,11:15,1:40,2:00
1932,quicktrip,AA-3063-SLC-LAX,8:20,8:39,9:20,9:19
1933,quicktrip,UA-2708-EWR-CLT,2:55,2:52,4:53,4:44
1934,quicktrip,UA-62-IAH-EWR,2:30,2:48,7:03,7:10
1935,quicktrip,AA-3804-PHL-ORD,2:35,2:44,4:05,3:43
1936,quicktrip,AA-1917-JFK-MCO,2:55,3:27,5:55,5:43
1937,quicktrip,AA-2268-PHX-ORD,7:15,7:22,11:35,11:06
1938,quicktrip,AA-4277-CVG-JFK,12:10,12:10,2:15,1:43
1939,quicktrip,AA-789-ORD-DEN,1:05,1:19,2:35,3:13
1940,quicktrip,UA-854-SFO-IAH,7:53,7:49,1:39,1:30
1941,quicktrip,AA-415-BOS-ORD,8:35,8:56,10:40,10:16
1942,quicktrip,AA-85-JFK-SFO,3:05,3:36,6:30,6:43
1943,quicktrip,AA-3786-IAH-ORD,4:00,4:12,6:40,6:15
1944,quicktrip,AA-222-LAX-BOS,7:10,7:31,3:30,3:14
1945,quicktrip,CO-50-CLE-EWR,2:55,3:31,4:49,5:26
1946,quicktrip,UA-3099-PHX-PHL,11:55,11:43,6:17,5:38
1947,quicktrip,AA-4198-ORD-CLE,10:40,10:54,12:55,12:50
1948,quicktrip,CO-45-EWR-MIA,4:00,3:58,7:05,6:36
1949,quicktrip,AA-3809-PHX-LAX,6:00,6:10,6:40,6:19
1950,quicktrip,AA-59-JFK-SFO,7:10,7:39,10:45,11:12
1951,allegiantair,AA-3859-IAH-ORD,7:10,7:16,9:40,9:22
1952,allegiantair,CO-1586-IAH-MCO,7:10,7:42,6:40,10:29
1953,allegiantair,AA-518-MIA-JFK,6:40,6:54,9:25,9:28
1954,allegiantair,UA-397-JFK-SFO,8:00,8:49,11:55,11:58
1955,allegiantair,UA-3925-IAD-ORF,7:10,9:01,6:40,9:43
1956,allegiantair,AA-1733-ORD-PHX,7:45,7:59,10:30,7:10
1957,allegiantair,AA-3-JFK-LAX,12:00,12:12,3:15,3:16
1958,allegiantair,UA-2830-MCO-CLT,3:27,3:50,5:05,5:17
1959,allegiantair,CO-58-DEN-IAH,7:10,12:37,6:40,3:31
1960,allegiantair,UA-5487-SFO-MRY,7:10,10:53,6:40,11:21
1961,allegiantair,AA-204-LAX-MCO,11:25,7:22,6:55,7:10
1962,allegiantair,UA-414-LAX-SFO,7:10,6:10,6:40,7:17
1963,allegiantair,CO-1614-LAX-IAH,7:10,12:58,6:40,5:26
1964,allegiantair,UA-2726-FLL-PHL,4:00,4:10,6:46,6:25
1965,allegiantair,CO-52-IAH-LAX,7:10,7:56,6:40,9:09
1966,allegiantair,CO-1090-BOS-IAH,7:10,10:35,6:40,1:19
1967,allegiantair,AA-616-DFW-DTW,9:05,10:11,12:35,1:18
1968,allegiantair,UA-3515-IAD-MSP,7:10,8:26,6:40,9:56
1969,allegiantair,AA-3468-CVG-MIA,7:00,7:25,9:55,9:45
1970,allegiantair,AA-484-DFW-MIA,4:15,4:30,7:55,7:39
1971,allegiantair,AA-1886-BOS-MIA,7:10,10:55,6:40,1:40
1972,allegiantair,CO-62-IAH-EWR,7:10,2:59,6:40,7:10
1973,allegiantair,CO-1561-PHX-IAH,7:10,8:18,6:40,11:32
1974,allegiantair,UA-2314-ATL-PHL,7:10,3:04,6:40,5:00
1975,allegiantair,AA-446-DFW-PHL,11:50,12:13,3:50,4:09
1976,allegiantair,CO-1023-IAH-DEN,7:10,12:06,6:40,1:14
1977,allegiantair,AA-466-IAH-MIA,6:00,6:09,9:20,9:05
1978,allegiantair,UA-3050-PHX-CLT,11:05,11:45,4:57,5:03
1979,allegiantair,CO-89-IAH-EWR,7:10,6:17,6:40,10:27
1980,allegiantair,CO-1088-CLE-IAH,7:10,9:01,6:40,10:56
1981,allegiantair,AA-1664-MIA-ATL,10:15,10:19,12:10,11:50
1982,allegiantair,AA-1279-DFW-PHX,1:00,2:04,2:35,3:19
1983,allegiantair,UA-854-SFO-IAH,7:10,8:07,6:40,1:30
1984,allegiantair,UA-382-IAD-LAX,7:10,12:56,6:40,3:21
1985,allegiantair,AA-4344-ORD-DTW,7:10,12:14,6:40,2:01
1986,allegiantair,UA-257-JFK-SFO,2:30,2:43,6:15,5:42
1987,allegiantair,UA-2945-PHL-CLT,12:00,12:08,1:45,1:14
1988,allegiantair,CO-63-EWR-IAH,7:10,5:38,6:40,8:03
1989,allegiantair,CO-47-IAH-LAX,7:10,8:36,6:40,9:38
1990,allegiantair,AA-2050-ORD-MIA,10:40,11:06,2:45,2:46
1991,allegiantair,UA-248-PHX-ORD,7:10,1:43,6:40,5:34
1992,allegiantair,AA-4330-CVG-ORD,7:10,3:36,6:40,3:25
1993,allegiantair,AA-1434-DFW-MCO,7:15,7:22,10:35,10:29
1994,allegiantair,AA-1640-MIA-MCO,6:30,7:22,7:25,7:10
1995,allegiantair,AA-4307-ORD-DTW,6:45,6:56,9:10,8:43
1996,allegiantair,CO-1694-LAX-IAH,7:15,7:22,12:21,7:10
1997,allegiantair,UA-843-LAX-ORD,7:10,2:38,6:40,7:58
1998,allegiantair,CO-1193-EWR-MCO,9:15,9:58,12:18,12:09
1999,allegiantair,AA-3842-MSP-ORD,6:00,6:57,7:30,7:51
2000,allegiantair,AA-643-MIA-ORD,7:10,7:31,9:35,9:29
2001,allegiantair,AA-1007-MIA-PHX,7:10,5:09,6:40,7:53
2002,allegiantair,UA-2906-PHL-MCO,3:50,4:46,6:23,6:35
2003,allegiantair,UA-938-DEN-ORD,7:10,4:37,6:40,7:36
2004,allegiantair,AA-1221-MCO-ORD,8:00,8:23,9:45,9:49
2005,allegiantair,CO-16-LAX-EWR,7:10,10:37,6:40,6:34
2006,allegiantair,UA-2515-DFW-CLT,7:10,7:31,6:40,10:45
2007,allegiantair,AA-400-DFW-JFK,10:40,11:02,2:59,3:04
2008,allegiantair,UA-664-ORD-PHL,1:33,1:48,4:31,4:23
2009,allegiantair,AA-3756-ORD-SLC,12:15,12:42,2:45,2:52
2010,allegiantair,UA-37-EWR-MCO,7:10,2:01,6:40,4:17
2011,allegiantair,AA-1522-SFO-ORD,11:55,7:22,5:50,7:10
2012,allegiantair,UA-233-LAX-JFK,4:25,7:22,12:29,7:10
2013,allegiantair,AA-3823-LAX-DEN,9:00,7:22,12:15,7:10
2014,allegiantair,AA-2312-DFW-DTW,8:25,7:22,11:50,7:10
2015,allegiantair,AA-1165-JFK-MIA,6:59,7:23,10:34,10:04
2016,allegiantair,AA-431-MIA-SFO,8:35,8:52,11:50,11:44
2017,allegiantair,UA-3373-IAD-PHL,7:10,8:37,6:40,9:13
2018,allegiantair,AA-649-ORD-SNA,1:30,7:22,3:50,7:10
2019,allegiantair,CO-1250-MIA-IAH,7:10,3:17,6:40,4:59
2020,allegiantair,UA-6273-YYC-SFO,7:10,7:41,6:40,8:45
2021,allegiantair,UA-828-SFO-ORD,11:08,7:22,5:11,7:10
2022,allegiantair,CO-4888-IAH-DAL,5:30,7:22,6:40,7:10
2023,allegiantair,UA-858-PVG-SFO,7:10,1:45,6:40,8:02
2024,allegiantair,UA-2704-DTW-PHX,7:10,11:47,6:40,2:02
2025,allegiantair,AA-3063-SLC-LAX,7:10,8:40,6:40,9:11
2026,allegiantair,UA-2708-EWR-CLT,7:10,3:04,6:40,4:24
2027,allegiantair,UA-62-IAH-EWR,7:10,2:59,6:40,7:10
2028,allegiantair,UA-1500-IAH-GUA,7:10,9:43,6:40,12:12
2029,allegiantair,AA-3804-PHL-ORD,2:35,2:44,4:05,3:36
2030,allegiantair,AA-1917-JFK-MCO,2:55,3:28,5:55,5:34
2031,allegiantair,AA-2268-PHX-ORD,7:15,7:23,11:35,11:07
2032,allegiantair,AA-4277-CVG-JFK,12:10,12:11,2:15,1:43
2033,allegiantair,AA-2957-DFW-CVG,7:55,8:05,11:05,11:00
2034,allegiantair,UA-37-EDI-EWR,7:10,9:05,6:40,12:09
2035,allegiantair,AA-789-ORD-DEN,1:05,1:20,2:35,3:01
2036,allegiantair,AA-415-BOS-ORD,7:10,8:56,6:40,10:10
2037,allegiantair,AA-85-JFK-SFO,3:05,3:38,6:30,6:43
2038,allegiantair,AA-3979-CVG-ORD,7:30,8:04,8:00,7:57
2039,allegiantair,AA-1544-SAN-ORD,7:10,11:41,6:40,4:56
2040,allegiantair,AA-3786-IAH-ORD,4:00,4:12,6:40,6:09
2041,allegiantair,AA-271-MIA-LAX,11:35,11:52,2:25,2:27
2042,allegiantair,AA-2525-DFW-MIA,7:25,7:40,11:10,11:06
2043,allegiantair,CO-50-CLE-EWR,7:10,4:02,6:40,5:26
2044,allegiantair,UA-3099-PHX-PHL,11:55,11:55,6:17,6:17
2045,allegiantair,AA-4198-ORD-CLE,10:40,10:55,12:55,12:48
2046,allegiantair,AA-404-MIA-MCO,6:45,6:58,7:45,7:32
2047,allegiantair,CO-45-EWR-MIA,4:00,4:15,7:05,6:36
2048,allegiantair,AA-3809-PHX-LAX,6:00,6:11,6:40,6:19
2049,allegiantair,AA-59-JFK-SFO,7:10,7:40,10:45,11:12
2050,allegiantair,AA-222-LAX-BOS,7:10,7:32,3:30,3:14
2051,businesstravellogue,AA-3859-IAH-ORD,7:10,7:16,9:40,9:32
2052,businesstravellogue,CO-1586-IAH-MCO,7:10,7:14,6:40,10:29
2053,businesstravellogue,AA-518-MIA-JFK,6:40,6:54,9:25,9:28
2054,businesstravellogue,UA-397-JFK-SFO,8:00,8:29,11:55,11:58
2055,businesstravellogue,UA-3925-IAD-ORF,7:10,8:42,6:40,9:43
2056,businesstravellogue,AA-1733-ORD-PHX,7:45,7:22,10:30,7:10
2057,businesstravellogue,AA-3-JFK-LAX,12:00,12:11,3:15,3:16
2058,businesstravellogue,UA-2830-MCO-CLT,3:27,3:28,5:05,5:17
2059,businesstravellogue,CO-58-DEN-IAH,7:10,11:32,6:40,3:31
2060,businesstravellogue,UA-5487-SFO-MRY,7:10,10:33,6:40,11:21
2061,businesstravellogue,AA-204-LAX-MCO,11:25,7:22,6:55,7:10
2062,businesstravellogue,UA-414-LAX-SFO,7:10,5:56,6:40,7:17
2063,businesstravellogue,CO-1614-LAX-IAH,7:10,12:41,6:40,5:26
2064,businesstravellogue,UA-2726-FLL-PHL,4:00,3:58,6:46,6:28
2065,businesstravellogue,CO-52-IAH-LAX,7:10,7:29,6:40,9:14
2066,businesstravellogue,CO-1090-BOS-IAH,7:10,10:19,6:40,1:19
2067,businesstravellogue,AA-616-DFW-DTW,9:05,10:10,12:35,1:27
2068,businesstravellogue,UA-3515-IAD-MSP,7:10,8:12,6:40,9:56
2069,businesstravellogue,AA-3468-CVG-MIA,7:00,7:25,9:55,9:45
2070,businesstravellogue,AA-484-DFW-MIA,4:15,4:29,7:55,7:39
2071,businesstravellogue,AA-1886-BOS-MIA,7:10,10:55,6:40,1:40
2072,businesstravellogue,CO-62-IAH-EWR,7:10,2:48,6:40,7:10
2073,businesstravellogue,CO-1561-PHX-IAH,7:10,8:00,6:40,11:32
2074,businesstravellogue,UA-2314-ATL-PHL,7:10,2:46,6:40,4:47
2075,businesstravellogue,AA-446-DFW-PHL,11:50,12:12,3:50,4:09
2076,businesstravellogue,CO-1023-IAH-DEN,7:10,11:56,6:40,1:14
2077,businesstravellogue,AA-466-IAH-MIA,6:00,6:08,9:20,9:05
2078,businesstravellogue,UA-3050-PHX-CLT,11:05,11:30,4:57,5:05
2079,businesstravellogue,CO-89-IAH-EWR,7:10,6:02,6:40,10:27
2080,businesstravellogue,CO-1088-CLE-IAH,7:10,8:40,6:40,10:56
2081,businesstravellogue,AA-1664-MIA-ATL,10:15,10:18,12:10,11:56
2082,businesstravellogue,AA-1279-DFW-PHX,1:00,2:04,2:35,3:20
2083,businesstravellogue,UA-854-SFO-IAH,7:10,7:49,6:40,1:30
2084,businesstravellogue,UA-382-IAD-LAX,7:10,12:35,6:40,3:21
2085,businesstravellogue,AA-4344-ORD-DTW,7:10,12:13,6:40,2:10
2086,businesstravellogue,UA-257-JFK-SFO,2:30,2:26,6:15,5:42
2087,businesstravellogue,UA-2945-PHL-CLT,12:00,11:51,1:45,1:15
2088,businesstravellogue,CO-63-EWR-IAH,7:10,5:22,6:40,8:03
2089,businesstravellogue,CO-47-IAH-LAX,7:10,8:25,6:40,8:56
2090,businesstravellogue,AA-2050-ORD-MIA,10:40,11:05,2:45,2:46
2091,businesstravellogue,UA-248-PHX-ORD,7:10,1:32,6:40,5:34
2092,businesstravellogue,AA-4330-CVG-ORD,7:10,3:36,6:40,3:33
2093,businesstravellogue,AA-1434-DFW-MCO,7:15,7:21,10:35,10:36
2094,businesstravellogue,AA-1640-MIA-MCO,6:30,7:22,7:25,7:10
2095,businesstravellogue,AA-4307-ORD-DTW,6:45,6:55,9:10,8:53
2096,businesstravellogue,CO-1694-LAX-IAH,7:15,7:22,12:21,7:10
2097,businesstravellogue,UA-843-LAX-ORD,7:10,2:10,6:40,7:58
2098,businesstravellogue,CO-1193-EWR-MCO,9:15,9:14,12:18,12:09
2099,businesstravellogue,AA-3842-MSP-ORD,6:00,6:56,7:30,7:51
2100,businesstravellogue,AA-643-MIA-ORD,7:10,7:30,9:35,9:31
2101,businesstravellogue,AA-1007-MIA-PHX,7:10,5:08,6:40,7:55
2102,businesstravellogue,UA-2906-PHL-MCO,3:50,4:28,6:23,6:38
2103,businesstravellogue,UA-938-DEN-ORD,7:10,4:15,6:40,7:36
2104,businesstravellogue,AA-1221-MCO-ORD,8:00,8:23,9:45,9:53
2105,businesstravellogue,CO-16-LAX-EWR,7:10,10:20,6:40,6:34
2106,businesstravellogue,UA-2515-DFW-CLT,7:10,7:07,6:40,10:47
2107,businesstravellogue,AA-400-DFW-JFK,7:10,11:01,6:40,3:04
2108,businesstravellogue,UA-664-ORD-PHL,1:33,1:31,4:31,4:23
2109,businesstravellogue,AA-3756-ORD-SLC,12:15,12:41,2:45,2:50
2110,businesstravellogue,UA-37-EWR-MCO,7:10,1:48,6:40,4:17
2111,businesstravellogue,AA-1522-SFO-ORD,11:55,7:22,5:50,7:10
2112,businesstravellogue,UA-233-LAX-JFK,4:25,7:22,12:29,7:10
2113,businesstravellogue,AA-3823-LAX-DEN,9:00,7:22,12:15,7:10
2114,businesstravellogue,AA-2312-DFW-DTW,8:25,7:22,11:50,7:10
2115,businesstravellogue,AA-1165-JFK-MIA,6:59,7:22,10:34,10:04
2116,businesstravellogue,AA-431-MIA-SFO,8:35,8:51,11:50,11:44
2117,businesstravellogue,UA-3373-IAD-PHL,7:10,8:26,6:40,9:13
2118,businesstravellogue,AA-649-ORD-SNA,1:30,7:22,3:50,7:10
2119,businesstravellogue,CO-1250-MIA-IAH,7:10,3:01,6:40,4:59
2120,businesstravellogue,UA-6273-YYC-SFO,7:10,7:27,6:40,8:45
2121,businesstravellogue,UA-828-SFO-ORD,11:08,7:22,5:11,7:10
2122,businesstravellogue,CO-4888-IAH-DAL,5:30,7:22,6:40,7:10
2123,businesstravellogue,UA-858-PVG-SFO,7:10,1:32,6:40,8:02
2124,businesstravellogue,UA-2704-DTW-PHX,7:10,11:15,6:40,2:00
2125,businesstravellogue,AA-3063-SLC-LAX,7:10,8:39,6:40,9:20
2126,businesstravellogue,UA-2708-EWR-CLT,7:10,2:52,6:40,4:44
2127,businesstravellogue,UA-62-IAH-EWR,7:10,2:48,6:40,7:10
2128,businesstravellogue,UA-1500-IAH-GUA,7:10,9:16,6:40,11:45
2129,businesstravellogue,AA-3804-PHL-ORD,2:35,2:44,4:05,3:43
2130,businesstravellogue,AA-1917-JFK-MCO,2:55,3:27,5:55,5:43
2131,businesstravellogue,AA-2268-PHX-ORD,7:15,7:22,11:35,11:06
2132,businesstravellogue,AA-4277-CVG-JFK,12:10,12:10,2:15,1:43
2133,businesstravellogue,AA-2957-DFW-CVG,7:55,8:04,11:05,11:01
2134,businesstravellogue,UA-37-EDI-EWR,7:10,8:52,6:40,12:09
2135,businesstravellogue,AA-789-ORD-DEN,1:05,1:19,2:35,3:13
2136,businesstravellogue,AA-415-BOS-ORD,7:10,8:56,6:40,10:16
2137,businesstravellogue,AA-85-JFK-SFO,3:05,3:36,6:30,6:43
2138,businesstravellogue,AA-3979-CVG-ORD,7:30,8:04,8:00,8:06
2139,businesstravellogue,AA-1544-SAN-ORD,7:10,11:40,6:40,4:56
2140,businesstravellogue,AA-3786-IAH-ORD,4:00,4:12,6:40,6:15
2141,businesstravellogue,AA-271-MIA-LAX,11:35,11:52,2:25,2:27
2142,businesstravellogue,AA-2525-DFW-MIA,7:25,7:39,11:10,11:06
2143,businesstravellogue,CO-50-CLE-EWR,7:10,3:31,6:40,5:26
2144,businesstravellogue,UA-3099-PHX-PHL,11:55,11:43,6:17,5:38
2145,businesstravellogue,AA-4198-ORD-CLE,10:40,10:54,12:55,12:50
2146,businesstravellogue,AA-404-MIA-MCO,6:45,6:57,7:45,7:40
2147,businesstravellogue,CO-45-EWR-MIA,4:00,3:58,7:05,6:36
2148,businesstravellogue,AA-3809-PHX-LAX,6:00,6:10,6:40,6:19
2149,businesstravellogue,AA-59-JFK-SFO,7:10,7:39,10:45,11:12
2150,businesstravellogue,AA-222-LAX-BOS,7:10,7:31,3:30,3:14
2151,den,CO-58-DEN-IAH,11:25,7:22,6:40,7:10
2152,den,CO-1023-IAH-DEN,7:10,7:22,1:17,7:10
2153,den,AA-3823-LAX-DEN,7:10,7:22,12:15,7:10
2154,den,UA-938-DEN-ORD,4:16,7:22,6:40,7:10
2155,den,AA-789-ORD-DEN,7:10,7:22,2:35,7:10
2156,gofox,AA-3859-IAH-ORD,7:10,7:16,9:40,9:22
2157,gofox,CO-1586-IAH-MCO,7:10,7:42,6:40,10:29
2158,gofox,AA-518-MIA-JFK,6:40,6:54,9:25,9:28
2159,gofox,UA-397-JFK-SFO,8:00,8:49,11:55,11:58
2160,gofox,UA-3925-IAD-ORF,7:10,9:01,6:40,9:43
2161,gofox,AA-1733-ORD-PHX,7:45,7:59,10:30,7:10
2162,gofox,AA-3-JFK-LAX,12:00,12:12,3:15,3:16
2163,gofox,UA-2830-MCO-CLT,3:27,3:50,5:05,5:17
2164,gofox,CO-58-DEN-IAH,7:10,12:37,6:40,3:31
2165,gofox,UA-5487-SFO-MRY,7:10,10:53,6:40,11:21
2166,gofox,AA-204-LAX-MCO,11:25,7:22,6:55,7:10
2167,gofox,UA-414-LAX-SFO,7:10,6:10,6:40,7:17
2168,gofox,CO-1614-LAX-IAH,7:10,12:58,6:40,5:26
2169,gofox,UA-2726-FLL-PHL,4:00,4:10,6:46,6:25
2170,gofox,CO-52-IAH-LAX,7:10,7:56,6:40,9:09
2171,gofox,CO-1090-BOS-IAH,7:10,10:35,6:40,1:19
2172,gofox,AA-616-DFW-DTW,9:05,10:11,12:35,1:18
2173,gofox,UA-3515-IAD-MSP,7:10,8:26,6:40,9:56
2174,gofox,AA-3468-CVG-MIA,7:00,7:25,9:55,9:45
2175,gofox,AA-484-DFW-MIA,4:15,4:30,7:55,7:39
2176,gofox,AA-1886-BOS-MIA,7:10,10:55,6:40,1:40
2177,gofox,CO-62-IAH-EWR,7:10,2:59,6:40,7:10
2178,gofox,CO-1561-PHX-IAH,7:10,8:18,6:40,11:32
2179,gofox,UA-2314-ATL-PHL,7:10,3:04,6:40,5:00
2180,gofox,AA-446-DFW-PHL,11:50,12:13,3:50,4:09
2181,gofox,CO-1023-IAH-DEN,7:10,12:06,6:40,1:14
2182,gofox,AA-466-IAH-MIA,6:00,6:09,9:20,9:05
2183,gofox,UA-3050-PHX-CLT,11:05,11:45,4:57,5:03
2184,gofox,CO-89-IAH-EWR,7:10,6:17,6:40,10:27
2185,gofox,CO-1088-CLE-IAH,7:10,9:01,6:40,10:56
2186,gofox,AA-1664-MIA-ATL,10:15,10:19,12:10,11:50
2187,gofox,AA-1279-DFW-PHX,1:00,2:04,2:35,3:19
2188,gofox,UA-854-SFO-IAH,7:10,8:07,6:40,1:30
2189,gofox,UA-382-IAD-LAX,7:10,12:56,6:40,3:21
2190,gofox,AA-4344-ORD-DTW,7:10,12:14,6:40,2:01
2191,gofox,UA-257-JFK-SFO,2:30,2:43,6:15,5:42
2192,gofox,UA-2945-PHL-CLT,12:00,12:08,1:45,1:14
2193,gofox,CO-63-EWR-IAH,7:10,5:38,6:40,8:03
2194,gofox,CO-47-IAH-LAX,7:10,8:36,6:40,9:38
2195,gofox,AA-2050-ORD-MIA,10:40,11:06,2:45,2:46
2196,gofox,UA-248-PHX-ORD,7:10,1:43,6:40,5:34
2197,gofox,AA-4330-CVG-ORD,7:10,3:36,6:40,3:25
2198,gofox,AA-1434-DFW-MCO,7:15,7:22,10:35,10:29
2199,gofox,AA-1640-MIA-MCO,6:30,7:22,7:25,7:10
2200,gofox,AA-4307-ORD-DTW,6:45,6:56,9:10,8:43
2201,gofox,CO-1694-LAX-IAH,7:15,7:22,12:21,7:10
2202,gofox,UA-843-LAX-ORD,7:10,2:38,6:40,7:58
2203,gofox,CO-1193-EWR-MCO,9:15,9:58,12:18,12:09
2204,gofox,AA-3842-MSP-ORD,6:00,6:57,7:30,7:51
2205,gofox,AA-643-MIA-ORD,7:10,7:31,9:35,9:29
2206,gofox,AA-1007-MIA-PHX,7:10,5:09,6:40,7:53
2207,gofox,UA-2906-PHL-MCO,3:50,4:46,6:23,6:35
2208,gofox,UA-938-DEN-ORD,7:10,4:37,6:40,7:36
2209,gofox,AA-1221-MCO-ORD,8:00,8:23,9:45,9:49
2210,gofox,CO-16-LAX-EWR,7:10,10:37,6:40,6:34
2211,gofox,UA-2515-DFW-CLT,7:10,7:31,6:40,10:45
2212,gofox,AA-400-DFW-JFK,10:40,11:02,2:59,3:04
2213,gofox,UA-664-ORD-PHL,1:33,1:48,4:31,4:23
2214,gofox,AA-3756-ORD-SLC,12:15,12:42,2:45,2:52
2215,gofox,UA-37-EWR-MCO,7:10,2:01,6:40,4:17
2216,gofox,AA-1522-SFO-ORD,11:55,7:22,5:50,7:10
2217,gofox,UA-233-LAX-JFK,4:25,7:22,12:29,7:10
2218,gofox,AA-3823-LAX-DEN,9:00,7:22,12:15,7:10
2219,gofox,AA-2312-DFW-DTW,8:25,7:22,11:50,7:10
2220,gofox,AA-1165-JFK-MIA,6:59,7:23,10:34,10:04
2221,gofox,AA-431-MIA-SFO,8:35,8:52,11:50,11:44
2222,gofox,UA-3373-IAD-PHL,7:10,8:37,6:40,9:13
2223,gofox,AA-649-ORD-SNA,1:30,7:22,3:50,7:10
2224,gofox,CO-1250-MIA-IAH,7:10,3:17,6:40,4:59
2225,gofox,UA-6273-YYC-SFO,7:10,7:41,6:40,8:45
2226,gofox,UA-828-SFO-ORD,11:08,7:22,5:11,7:10
2227,gofox,CO-4888-IAH-DAL,5:30,7:22,6:40,7:10
2228,gofox,UA-858-PVG-SFO,7:10,1:45,6:40,8:02
2229,gofox,UA-2704-DTW-PHX,7:10,11:47,6:40,2:02
2230,gofox,AA-3063-SLC-LAX,7:10,8:40,6:40,9:11
2231,gofox,UA-2708-EWR-CLT,7:10,3:04,6:40,4:24
2232,gofox,UA-62-IAH-EWR,7:10,2:59,6:40,7:10
2233,gofox,UA-1500-IAH-GUA,7:10,9:43,6:40,12:12
2234,gofox,AA-3804-PHL-ORD,2:35,2:44,4:05,3:36
2235,gofox,AA-1917-JFK-MCO,2:55,3:28,5:55,5:34
2236,gofox,AA-2268-PHX-ORD,7:15,7:23,11:35,11:07
2237,gofox,AA-4277-CVG-JFK,12:10,12:11,2:15,1:43
2238,gofox,AA-2957-DFW-CVG,7:55,8:05,11:05,11:00
2239,gofox,UA-37-EDI-EWR,7:10,9:05,6:40,12:09
2240,gofox,AA-789-ORD-DEN,1:05,1:20,2:35,3:01
2241,gofox,AA-415-BOS-ORD,7:10,8:56,6:40,10:10
2242,gofox,AA-85-JFK-SFO,3:05,3:38,6:30,6:43
2243,gofox,AA-3979-CVG-ORD,7:30,8:04,8:00,7:57
2244,gofox,AA-1544-SAN-ORD,7:10,11:41,6:40,4:56
2245,gofox,AA-3786-IAH-ORD,4:00,4:12,6:40,6:09
2246,gofox,AA-271-MIA-LAX,11:35,11:52,2:25,2:27
2247,gofox,AA-2525-DFW-MIA,7:25,7:40,11:10,11:06
2248,gofox,CO-50-CLE-EWR,7:10,4:02,6:40,5:26
2249,gofox,UA-3099-PHX-PHL,11:55,11:55,6:17,6:17
2250,gofox,AA-4198-ORD-CLE,10:40,10:55,12:55,12:48
2251,gofox,AA-404-MIA-MCO,6:45,6:58,7:45,7:32
2252,gofox,CO-45-EWR-MIA,4:00,4:15,7:05,6:36
2253,gofox,AA-3809-PHX-LAX,6:00,6:11,6:40,6:19
2254,gofox,AA-59-JFK-SFO,7:10,7:40,10:45,11:12
2255,gofox,AA-222-LAX-BOS,7:10,7:32,3:30,3:14
2256,flightview,AA-3859-IAH-ORD,7:10,7:16,9:30,9:22
2257,flightview,AA-518-MIA-JFK,6:40,6:54,8:54,9:14
2258,flightview,CO-1586-IAH-MCO,7:00,7:42,9:40,10:24
2259,flightview,UA-3925-IAD-ORF,8:41,8:51,9:34,9:44
2260,flightview,AA-1733-ORD-PHX,7:45,7:59,10:15,10:28
2261,flightview,AA-204-LAX-MCO,11:25,11:57,6:30,6:55
2262,flightview,UA-2726-FLL-PHL,4:00,4:10,6:34,6:23
2263,flightview,CO-52-IAH-LAX,7:35,7:56,9:11,9:08
2264,flightview,AA-3468-CVG-MIA,7:00,7:25,9:45,9:29
2265,flightview,AA-484-DFW-MIA,4:15,4:29,7:26,7:37
2266,flightview,AA-616-DFW-DTW,9:05,10:10,12:12,1:11
2267,flightview,AA-446-DFW-PHL,11:50,12:13,3:33,3:59
2268,flightview,CO-1023-IAH-DEN,11:40,12:06,12:51,1:07
2269,flightview,AA-466-IAH-MIA,6:00,6:08,8:51,8:50
2270,flightview,UA-3050-PHX-CLT,11:05,11:45,4:37,4:57
2271,flightview,AA-2957-DFW-CVG,7:55,8:05,10:55,10:58
2272,flightview,AA-1664-MIA-ATL,10:15,10:19,11:43,11:50
2273,flightview,AA-3979-CVG-ORD,7:30,8:04,7:50,7:59
2274,flightview,AA-1279-DFW-PHX,1:00,2:04,2:14,3:13
2275,flightview,AA-404-MIA-MCO,6:45,6:57,7:25,7:35
2276,flightview,AA-3756-ORD-SLC,12:15,12:42,2:35,2:40
2277,flightview,UA-382-IAD-LAX,12:30,12:56,2:48,3:07
2278,flightview,UA-257-JFK-SFO,2:30,2:42,5:40,5:27
2279,flightview,UA-2945-PHL-CLT,12:00,12:07,1:35,1:08
2280,flightview,CO-63-EWR-IAH,5:25,5:38,8:04,7:43
2281,flightview,AA-2525-DFW-MIA,7:25,7:39,10:43,10:43
2282,flightview,CO-47-IAH-LAX,7:27,7:27,8:46,8:46
2283,flightview,AA-271-MIA-LAX,11:35,11:52,1:57,2:21
2284,flightview,AA-2050-ORD-MIA,10:40,11:05,2:10,2:39
2285,flightview,AA-4330-CVG-ORD,3:35,3:36,3:50,3:26
2286,flightview,AA-1434-DFW-MCO,7:15,7:21,10:18,10:29
2287,flightview,AA-1640-MIA-MCO,6:30,6:47,7:08,7:25
2288,flightview,AA-4307-ORD-DTW,6:45,6:56,9:00,8:38
2289,flightview,AA-3-JFK-LAX,12:00,12:12,2:47,3:04
2290,flightview,CO-1694-LAX-IAH,7:15,7:25,11:52,12:02
2291,flightview,CO-1193-EWR-MCO,9:15,9:57,12:08,12:02
2292,flightview,AA-3842-MSP-ORD,6:00,6:56,6:50,7:49
2293,flightview,AA-643-MIA-ORD,7:10,7:31,9:00,9:26
2294,flightview,AA-1007-MIA-PHX,4:55,5:08,7:38,7:43
2295,flightview,UA-2906-PHL-MCO,3:50,4:45,6:00,6:34
2296,flightview,AA-1221-MCO-ORD,8:00,8:23,9:25,9:47
2297,flightview,AA-400-DFW-JFK,10:40,11:01,2:35,2:58
2298,flightview,UA-664-ORD-PHL,1:33,1:48,4:20,4:20
2299,flightview,UA-37-EWR-MCO,1:29,2:01,3:55,4:06
2300,flightview,UA-233-LAX-JFK,4:25,4:35,12:09,12:19
2301,flightview,AA-3823-LAX-DEN,9:00,9:16,12:05,12:01
2302,flightview,AA-2312-DFW-DTW,8:25,8:29,11:31,11:35
2303,flightview,AA-1165-JFK-MIA,6:59,7:22,9:25,9:45
2304,flightview,AA-431-MIA-SFO,8:35,8:51,11:22,11:33
2305,flightview,AA-649-ORD-SNA,1:30,1:40,3:30,3:40
2306,flightview,UA-828-SFO-ORD,11:08,11:35,5:08,5:21
2307,flightview,CO-4888-IAH-DAL,5:30,6:11,6:15,6:56
2308,flightview,AA-3063-SLC-LAX,8:20,8:40,9:10,9:11
2309,flightview,AA-3804-PHL-ORD,2:35,2:44,3:55,3:36
2310,flightview,AA-1917-JFK-MCO,2:55,3:27,5:17,5:39
2311,flightview,AA-2268-PHX-ORD,7:15,7:23,10:57,11:04
2312,flightview,AA-4277-CVG-JFK,12:10,12:10,2:05,1:42
2313,flightview,AA-789-ORD-DEN,1:05,1:19,2:17,2:49
2314,flightview,AA-85-JFK-SFO,3:05,3:36,5:57,6:30
2315,flightview,AA-3786-IAH-ORD,4:00,4:12,6:30,6:11
2316,flightview,AA-222-LAX-BOS,7:10,7:32,2:52,3:12
2317,flightview,UA-3099-PHX-PHL,11:55,11:55,6:07,5:34
2318,flightview,AA-4198-ORD-CLE,10:40,10:55,12:45,12:37
2319,flightview,CO-45-EWR-MIA,4:00,4:14,6:31,6:33
2320,flightview,AA-3809-PHX-LAX,6:00,6:10,6:30,6:09
2321,flightview,AA-59-JFK-SFO,7:10,7:39,10:09,10:52
2322,world-flight-tracker,AA-3859-IAH-ORD,7:10,7:16,9:40,9:32
2323,world-flight-tracker,AA-518-MIA-JFK,6:40,6:54,9:25,9:28
2324,world-flight-tracker,UA-397-JFK-SFO,8:00,8:29,11:55,11:58
2325,world-flight-tracker,AA-1733-ORD-PHX,7:45,7:58,10:30,10:30
2326,world-flight-tracker,AA-1640-MIA-MCO,6:30,6:47,7:25,7:25
2327,world-flight-tracker,CO-1694-LAX-IAH,7:15,7:15,12:21,12:21
2328,world-flight-tracker,UA-2830-MCO-CLT,3:27,3:28,5:05,5:17
2329,world-flight-tracker,AA-204-LAX-MCO,11:25,11:29,6:55,6:35
2330,world-flight-tracker,UA-2726-FLL-PHL,4:00,3:58,6:46,6:28
2331,world-flight-tracker,AA-3468-CVG-MIA,7:00,7:25,9:55,9:45
2332,world-flight-tracker,AA-484-DFW-MIA,4:15,4:29,7:55,7:39
2333,world-flight-tracker,AA-616-DFW-DTW,9:05,10:10,12:35,1:27
2334,world-flight-tracker,AA-446-DFW-PHL,11:50,12:12,3:50,4:09
2335,world-flight-tracker,AA-466-IAH-MIA,6:00,6:08,9:20,9:05
2336,world-flight-tracker,UA-3050-PHX-CLT,11:05,11:30,4:57,5:05
2337,world-flight-tracker,AA-2957-DFW-CVG,7:55,8:04,11:05,11:01
2338,world-flight-tracker,AA-1664-MIA-ATL,10:15,10:18,12:10,11:56
2339,world-flight-tracker,AA-3979-CVG-ORD,7:30,8:04,8:00,8:06
2340,world-flight-tracker,AA-1279-DFW-PHX,1:00,2:04,2:35,3:20
2341,world-flight-tracker,AA-404-MIA-MCO,6:45,6:57,7:45,7:40
2342,world-flight-tracker,AA-3756-ORD-SLC,12:15,12:41,2:45,2:50
2343,world-flight-tracker,UA-2945-PHL-CLT,12:00,11:51,1:45,1:15
2344,world-flight-tracker,AA-2525-DFW-MIA,7:25,7:39,11:10,11:06
2345,world-flight-tracker,AA-271-MIA-LAX,11:35,11:52,2:25,2:27
2346,world-flight-tracker,AA-2050-ORD-MIA,10:40,11:05,2:45,2:46
2347,world-flight-tracker,AA-1434-DFW-MCO,7:15,7:21,10:35,10:36
2348,world-flight-tracker,AA-4307-ORD-DTW,6:45,6:55,9:10,8:53
2349,world-flight-tracker,AA-3-JFK-LAX,12:00,12:11,3:15,3:16
2350,world-flight-tracker,CO-1193-EWR-MCO,9:15,9:14,12:18,12:09
2351,world-flight-tracker,AA-3842-MSP-ORD,6:00,6:56,7:30,7:51
2352,world-flight-tracker,AA-643-MIA-ORD,7:10,7:30,9:35,9:31
2353,world-flight-tracker,UA-2906-PHL-MCO,3:50,4:28,6:23,6:38
2354,world-flight-tracker,AA-1221-MCO-ORD,8:00,8:23,9:45,9:53
2355,world-flight-tracker,UA-664-ORD-PHL,1:33,1:31,4:31,4:23
2356,world-flight-tracker,AA-1522-SFO-ORD,11:55,12:10,5:50,5:42
2357,world-flight-tracker,UA-233-LAX-JFK,4:25,4:28,12:29,12:01
2358,world-flight-tracker,AA-3823-LAX-DEN,9:00,9:06,12:15,11:49
2359,world-flight-tracker,AA-2312-DFW-DTW,8:25,8:29,11:50,11:35
2360,world-flight-tracker,AA-1165-JFK-MIA,6:59,7:22,10:34,10:04
2361,world-flight-tracker,AA-431-MIA-SFO,8:35,8:51,11:50,11:44
2362,world-flight-tracker,UA-257-JFK-SFO,2:30,2:26,6:15,5:42
2363,world-flight-tracker,AA-649-ORD-SNA,1:30,1:41,3:50,3:29
2364,world-flight-tracker,AA-3804-PHL-ORD,2:35,2:44,4:05,3:43
2365,world-flight-tracker,AA-1917-JFK-MCO,2:55,3:27,5:55,5:43
2366,world-flight-tracker,AA-2268-PHX-ORD,7:15,7:22,11:35,11:06
2367,world-flight-tracker,AA-4277-CVG-JFK,12:10,12:10,2:15,1:43
2368,world-flight-tracker,AA-789-ORD-DEN,1:05,1:19,2:35,3:13
2369,world-flight-tracker,AA-85-JFK-SFO,3:05,3:36,6:30,6:43
2370,world-flight-tracker,AA-3786-IAH-ORD,4:00,4:12,6:40,6:15
2371,world-flight-tracker,AA-222-LAX-BOS,7:10,7:31,3:30,3:14
2372,world-flight-tracker,UA-3099-PHX-PHL,11:55,11:43,6:17,5:38
2373,world-flight-tracker,AA-4198-ORD-CLE,10:40,10:54,12:55,12:50
2374,world-flight-tracker,CO-45-EWR-MIA,4:00,3:58,7:05,6:36
2375,world-flight-tracker,AA-3809-PHX-LAX,6:00,6:10,6:40,6:19
2376,world-flight-tracker,AA-59-JFK-SFO,7:10,7:39,10:45,11:12
