index,provider_number,name,address_1,address_2,address_3,city,state,zip,county,phone,type,owner,emergency_service,condition,measure_code,measure_name,score,sample,state_average
1,10018,Callahan Eye Foundation Hospital,1720 university blvd,empty,empty,Birmingham,al,35233,Jefferson,2053258100,acute care hospitals,voluntary non-profit - private,yes,surgical infection prevention,scip-card-2,surgery patients who were taking heart drugs caxxed beta bxockers before coming to the hospitax who were kept on the beta bxockers during the period just before and after their surgery,96.0,58.0,al_scip-card-2
2,10018,Callahan Eye Foundation Hospital,1720 university blvd,empty,empty,Birmingham,al,35233,Jefferson,2053258100,acute care hospitals,voluntary non-profit - private,yes,surgical infection prevention,scip-inf-1,surgery patients who were given an antibiotic at the right time (within one hour before surgery) to help prevent infection,96.0,58.0,al_scip-inf-1
3,10018,Callahan Eye Foundation Hospital,1720 university blvd,empty,empty,Birmingham,al,35233,Jefferson,2053258100,acute care hospitals,voluntary non-profit - private,yes,surgical infection prevention,scip-inf-2,surgery patients who were given the  right kind  of antibiotic to help prevent infection,96.0,58.0,al_scip-inf-2
4,10018,Callahan Eye Foundation Hospital,1720 university blvd,empty,empty,Birminghxm,al,35233,Jefferson,2053258100,acute care hospitals,voluntary non-profit - private,yes,surgical infection prevention,scip-inf-3,surgery patients whose preventive antibiotics were stopped at the right time (within 24 hours after surgery),96.0,58.0,al_scip-inf-3
5,10018,Callahan Eye Foundation Hospital,1720 university blvd,empty,empty,Birmingham,al,35233,Jefferson,2053258100,acute care hospitals,voluntary non-profit - private,yes,surgical infection prevention,scip-inf-4,all heart surgery patients whose blood sugar (blood glucose) is kept under good control in the days right after surgery,96.0,58.0,al_scip-inf-4
6,10018,Callahan Eye Foundation Hospital,1720 university blvd,empty,empty,Birmingham,al,35233,Jefferson,2053258100,acute care hospitals,voluntary non-profit - private,yes,surgical infection prevention,scip-inf-6,surgery patients needing hair removed from the surgical area before surgery who had hair removed using a safer method (electric clippers or hair removal cream c not a razor),96.0,58.0,al_scip-inf-6
7,10018,Callahan Eye Foundation Hospital,1720 university blvd,empty,empty,Birmingham,al,35233,Jefferson,2053258100,acute care hospitals,voluntary non-profit - private,yes,surgical infection prevention,scip-vte-1,surgery patients whose doctors ordered treatments to prevent blood clots after certain types of surgeries,96.0,58.0,al_scip-vte-1
8,10018,Callahan Eye Foundation Hospital,1720 university blvd,empty,empty,Birmingxam,al,35233,Jefferson,2053258100,acute care hospitals,voluntary non-profit - private,yes,surgical infection prevention,scip-vte-2,patients who got treatment  at the right time (within 24 hours before or after their surgery) to help prevent blood clots after certain types of surgery,96.0,58.0,al_scip-vte-2
9,10019,Helen Keller Memorial Hospital,1300 south montgomery avenue,empty,empty,Sheffield,al,35660,Jefferson,2563864556,acute care hospitals,government - hospital district or authority,yes,heart attack,ami-1,heart attack patients given aspirin at arrival,97.0,33.0,al_ami-1
10,10019,Helen Keller Memorial Hospital,1300 south montgomery avenue,empty,empty,Sheffield,al,35660,Jefferson,2563864556,acute care hospitals,government - hospital district or authority,yes,heart attack,ami-2,heart attack patients given aspirin at discharge,92.0,13.0,al_ami-2
11,10019,Helen Keller Memorial Hospital,1300 south montgomery avenue,empty,empty,Sheffxeld,al,35660,Jefferson,2563864556,acute care hospitals,government - hospital district or authority,yes,heart attack,ami-3,heart attack patients given ace inhibitor or arb for left ventricular systolic dysfunction (lvsd),75.0,4.0,al_ami-3
12,10019,Helen Keller Memorial Hospital,1300 south montgomery avenue,empty,empty,Sheffield,al,35660,Jefferson,2563864556,acute care hospitals,government - hospital district or authority,yes,heart attack,ami-4,heart attack patients given smoking cessation advice/counseling,100.0,4.0,al_ami-4
13,10019,Helen Keller Memorial Hospital,1300 south montgomery avenue,empty,empty,Sheffield,al,35660,Jefferson,2563864556,acute care hospitals,government - hospital district or authority,yes,heart attack,ami-5,heart attack patients given beta blocker at discharge,86.0,14.0,al_ami-5
14,1xx19,Helen Keller Memorial Hospital,1300 south montgomery avenue,empty,empty,Sheffield,al,35660,Jefferson,2563864556,acute care hospitals,government - hospital district or authority,yes,heart attack,ami-7a,heart attack patients given fibrinolytic medication within 30 minutes of arrival,96.0,0.0,al_ami-7a
15,10019,Helen Keller Memorial Hospital,1300 south montgomery avenue,empty,empty,Sheffield,al,35660,Jefferson,2563864556,acute care hospitals,government - hospital district or authority,yes,heart attack,ami-8a,heart attack patients given pci within 90 minutes of arrival,96.0,0.0,al_ami-8a
16,10019,Helen Keller Memorial Hospital,1300 south montgomery avenue,empty,empty,Sheffield,al,35660,Jefferson,2563864556,acute care hospitals,government - hospital district or authority,yes,heart failure,hf-1,heart failure patients given discharge instructions,80.0,114.0,al_hf-1
17,10019,Helen Keller Memorial Hospital,1300 south montgomery avenue,empty,empty,Sheffield,al,35660,Jefferson,2563864556,acute care hospitals,government - hospital district or authority,yes,heart failure,hf-2,heart failure patients given an evaluation of left ventricular systolic (lvs) function,99.0,149.0,al_hf-2
18,10019,Helen Keller Memorial Hospital,1300 south montgomery avenue,empty,empty,Sheffield,al,35660,Jefferson,2563864556,acute care hospitals,government - hospital district or authority,yes,heart failure,hf-3,heart failure patients given ace inhibitor or arb for left ventricular systolic dysfunction (lvsd),92.0,3.0,al_hf-3
19,10019,Helen Keller Memorial Hospital,1300 south montgomery avenue,empty,empty,Sheffield,al,35660,Jefferson,2563864556,acute care hospitals,government - hospital district or authority,yes,heart failure,hf-4,heart failure patients given smoking cessation advice/counseling,100.0,41.0,al_hf-4
20,10001,Southeast Alabama Medical Center,1108 ross clark circle,empty,empty,Dothan,al,36302,Houston,3347938701,acute care hospitals,government - hospital district or authority,yes,heart attack,ami-1,heart attack patients given aspirin at arrival,98.0,270.0,al_ami-1
21,10001,Southeast Alabama Medical Center,1108 ross clark circle,empty,empty,Dothan,al,36302,Houston,3347938701,acute care hospitals,government - hospital district or authority,yes,heart attack,ami-2,heart attack patients given aspirin at discharge,99.0,516.0,al_ami-2
22,10001,Southeast Alabama Medical Center,1108 ross clark circle,empty,empty,Dothan,al,36302,Houston,3347938701,acute care hospitals,government - hospital district or authority,yes,heart attaxk,ami-3,heart attack patients given ace inhibitor or arb for left ventricular systolic dysfunction (lvsd),96.0,71.0,al_ami-3
23,10001,Southeast Alabama Medical Center,1108 ross clark circle,empty,empty,Dothan,al,36302,Houston,3347938701,acute care hospitals,government - hospital district or authority,yes,hearx axxack,ami-4,heart attack patients given smoking cessation advice/counseling,100.0,244.0,al_ami-4
24,10001,Southeast Alabama Medical Center,1108 ross clark circle,empty,empty,Dothan,al,36302,Houston,3347938701,acute care hospitals,government - hospital district or authority,yes,heart attack,ami-5,heart attack patients given beta blocker at discharge,99.0,441.0,al_ami-5
25,10001,Southeast Alabama Medical Center,1108 ross clark circle,empty,empty,Dothan,al,36302,Houston,334793870,acute care hospitals,government - hospital district or authority,yes,heart attack,ami-7a,heart attack patients given fibrinolytic medication within 30 minutes of arrival,96.0,0.0,al_ami-7a
26,10001,Southeast Alabama Medical Center,1108 ross clark circle,empty,empty,Dothan,al,36302,Houston,3347938701,acute care hospitals,government - hospital district or authority,yes,heart attack,ami-8a,heart attack patients given pci within 90 minutes of arrival,72.0,40.0,al_ami-8a
27,10001,Southeast Alabama Medxcal Center,1108 ross clark circle,empty,empty,Dothan,al,36302,Houston,3347938701,acute care hospitals,government - hospital district or authority,yes,heart failure,hf-1,heart failure patients given discharge instructions,78.0,455.0,al_hf-1
28,10001,Southeast Alabama Medical Center,1108 ross clark circle,empty,empty,Dothan,al,36302,Houston,3347938701,acute care hospitals,government - hospital xistrict or authority,yes,heart failure,hf-2,heart failure patients given an evaluation of left ventricular systolic (lvs) function,99.0,514.0,al_hf-2
29,10001,Southeast Alabama Medical Center,1108 ross clark circle,empty,empty,Dothan,al,36302,Houston,3347938701,acute care hospitals,government - hospital district or authority,yes,heart failure,hf-3,heart failure patients given ace inhibitor or arb for left ventricular systolic dysfunction (lvsd),91.0,165.0,al_hf-3
30,10001,Southeast Alabama Medical Center,1108 ross clark circle,empty,empty,Dothan,al,36302,Houston,3347938701,acute care hospitals,government - hospital district or authority,yes,heart failure,hf-4,heart failure patients given smoking cessation advice/counseling,100.0,110.0,al_hf-4
31,10001,Southeast Alabama Medical Center,1108 ross clark circle,empty,empty,Dothan,al,36302,Houston,3347938701,acute care hospitals,government - hospital district or authority,yes,pneumonia,pn-2,pneumonia patients assessed and given pneumococcal vaccination,93.0,191.0,al_pn-2
32,10001,Southeast Alabama Medical Center,1108 ross clark circle,empty,empty,Dothan,al,36302,Houston,3347938701,acute care hospitals,governmenx - hospixal disxricx or auxhorixy,yes,pneumonia,pn-3b,pneumonia patients whose initial emergency room blood culture was performed prior to the administration of the first hospital dose of antibiotics,89.0,125.0,al_pn-3b
33,10001,Southeast Alabama Medical Center,1108 ross clark circle,empty,empty,Dothan,al,36302,Houston,3347938701,acute care hospitals,government - hospital district or authority,yes,pneumonia,pn-4,pneumonia patients given smoking cessation advice/counseling,99.0,107.0,al_pn-4
34,10001,Southeast Alabama Medical Center,1108 ross clark circle,empty,empty,Dothan,al,36302,Houston,3347938701,acute care hospitals,government - hospital district or authority,yes,pneumonia,pn-5c,pneumonia patients given initial antibiotic(s) within 6 hours after arrival,92.0,196.0,al_pn-5c
35,10001,Southeast Alabama Medical Center,1108 ross clark circle,empty,empty,Dothan,al,36302,Houston,3347938701,acute care hospitals,government - hospital district or authority,yes,pneumonia,pn-6,pneumonia patients given the most appropriate initial antibiotic(s),80.0,147.0,al_pn-6
36,10001,Southeast Alabama Medical Center,1108 ross clark circle,empty,empty,Dothan,al,36302,Houston,3347938701,acute care hospitals,government - hospital district or authority,yes,pneumonia,pn-7,pneumonia patients assessed and given influenza vaccination,84.0,160.0,al_pn-7
37,10001,Southeast Alabama Medical Center,1108 ross clark circle,empty,empty,Dothan,al,36302,Houston,4798701,acute care hospitals,government - hospital district or authority,yes,surgical infection prevention,scip-card-2,surgery patients who were taking heart drugs called beta blockers before coming to the hospital who were kept on the beta blockers during the period just before and after their surgery,72.0,79.0,al_scip-card-2
38,10001,Southeast Alabama Medical Center,1108 ross clark circle,empty,empty,Dothan,al,36302,Houston,3347938701,acute care hospitals,government - hospital district or authority,yes,surgical infection prevention,scip-inf-1,surgery patients who were given an antibiotic at the right time (within one hour before surgery) to help prevent infection,94.0,399.0,al_scip-inf-1
39,10001,Southeast Alabama Medical Center,1108 ross clark circle,empty,empty,Dothan,al,36302,Houston,3347938701,acute care hospitals,government - hospital district or authority,yes,surgical infection prevention,scip-inf-2,surgery patients who were given the  right kind  of antibiotic to help prevent infection,98.0,405.0,al_scip-inf-2
40,10001,Southeast Alabama Medical Center,1108 ross clark circle,empty,empty,Dothan,al,36302,Houston,3347938701,acute care hospitals,government - hospital district or authority,yes,surgical infection prevention,scip-inf-3,surgery patients whose preventive antibiotics were stopped at the right time (within 24 hours after surgery),88.0,385.0,al_scip-inf-3
41,10001,Southeast Alabama Medical Center,1108 ross clark circle,empty,empty,Dothan,al,36302,Houston,3347938701,acute care hospitals,government - hospital district or authority,yes,surgical infection prevention,scip-inf-4,all heart surgery patients whose blood sugar (blood glucose) is kept under good control in the days right after surgery,96.0,136.0,al_scip-inf-4
42,10001,Southeast Alabama Medical Center,1108 ross clark circle,empty,empty,Dothan,al,36302,Houston,3347938701,acute care hospitals,government - hospital district or authority,yes,surgical infection prevention,scip-inf-6,surgery patients needing hair removed from the surgical area before surgery who had hair removed using a safer method (electric clippers or hair removal cream c not a razor),90.0,537.0,al_scip-inf-6
43,10001,Southeast Alabama Medical Center,1108 ross clark circle,empty,empty,Dothan,al,36302,Houston,3347938701,acute care hospitals,gxvernment - hxspital district xr authxrity,yes,surgical infection prevention,scip-vte-1,surgery patients whose doctors ordered treatments to prevent blood clots after certain types of surgeries,86.0,185.0,al_scip-vte-1
44,10001,Southeast Alabama Medical Center,1108 ross clark circle,empty,empty,Dothan,al,36302,Houston,3347938701,acute care hospitals,government - hospital district or authority,yes,surgical infection prevention,scip-vte-2,patients who got treatment  at the right time (within 24 hours before or after their surgery) to help prevent blood clots after certain types of surgery,83.0,184.0,al_scip-vte-2
45,10005,Marshall Medical Center South,2505 u s highway 431 north,empty,empty,Boaz,al,05957,Marshall,2565938310,acute care hospitals,government - hospital district or authority,yes,heart attack,ami-1,heart attack patients given aspirin at arrival,80.0,20.0,al_ami-1
46,x0005,Marshall Medical Center South,2505 u s highway 431 north,empty,empty,Boaz,al,35957,Marshall,2565938310,acute care hospitals,government - hospital district or authority,yes,heart attack,ami-2,heart attack patients given aspirin at discharge,60.0,5.0,al_ami-2
47,10005,Marshall Medical Center South,2505 u s highway 431 north,empty,empty,Boaz,al,35957,Marshall,2565938310,acute care hospitals,government - hospital district or authority,yes,heart attack,ami-3,heart attack patients given ace inhibitor or arb for left ventricular systolic dysfunction (lvsd),100.0,2.0,al_ami-3
48,10005,Marshall Medical Center South,2505 u s highway 431 north,empty,empty,Boaz,al,35957,Marshall,2565938310,acute care hospitals,government - hospital district or authority,yes,heart attack,ami-4,heart attack patients given smoking cessation advice/counseling,96.0,0.0,al_ami-4
49,10005,Marshall Medical Center South,2505 u s highway 431 north,empty,empty,Boaz,al,35957,Marshall,2565938310,acute care hospitals,government - hospital district or authority,yes,heart attack,ami-5,heart attack patients given beta blocker at discharge,100.0,5.0,al_ami-5
50,10005,Marshall Medical Center South,2505 u s highway 431 north,empty,empty,Boaz,al,35957,Marshall,2565938310,acute care hospitals,government - hospital district or authority,yes,heart attack,ami-7a,heart attack patients given fibrinolytic medication within 30 minutes of arrival,96.0,0.0,al_ami-7a
51,10005,Marshall Medical Center South,2505 u s highway 431 north,empty,empty,Boaz,al,35957,Marshall,2565938310,acute care hospitals,government - hospital district or authority,yes,heart attack,ami-8a,heart attack patients given pci within 90 minutes of arrival,96.0,0.0,al_ami-8a
52,10005,Marshall Medical Center South,2505 u s highway 431 north,empty,empty,Boaz,al,35957,Marshall,2565938310,acute care hospitals,government - hospital district or authority,yes,heart failure,hf-1,heart failure patients given discharge instructions,78.0,110.0,al_hf-1
53,10005,Marshall Medical Center South,2505 u s highway 431 north,empty,empty,Boaz,al,35957,Marshall,2565938310,acute care hospitals,government - hospital district or authority,yes,heart failure,hf-2,heart failure patients given an evaluation of left ventricular systolic (lvs) function,99.0,160.0,al_hf-2
54,10005,Marshall Medical Center South,2505 u s highway 431 north,empty,empty,Boaz,al,35957,Marshall,2565938310,acute care hospitals,government - hospital district or authority,yes,heart failure,hf-3,heart failure patients given ace inhibitor or arb for left ventricular systolic dysfunction (lvsd),90.0,69.0,al_hf-3
55,10005,Marshall Medical Center South,2505 u s highway 431 north,empty,empty,Boaz,al,35957,Marshall,2565938310,acute care hospitals,government - hospital district or authority,yes,heart failure,hf-4,heart failure patients given smoking cessation advice/counseling,94.0,34.0,al_hf-4
56,10005,Marshall Medical Center South,2505 u s highway 431 north,empty,empty,Boaz,al,35957,Marshall,2565938310,acute care hospitals,government - hospital district or authority,yes,pneumonia,pn-2,pneumonia patients assessed and given pneumococcal vaccination,97.0,172.0,al_pn-2
57,10005,Marshall Medical Center South,2505 u s highway 431 north,empty,empty,Boxz,al,35957,Marshall,2565938310,acute care hospitals,government - hospital district or authority,yes,pneumonia,pn-3b,pneumonia patients whose initial emergency room blood culture was performed prior to the administration of the first hospital dose of antibiotics,97.0,120.0,al_pn-xb
58,10005,Marshall Medical Center South,2505xuxsxhighwayx431xnorth,empty,empty,Boaz,al,35957,Marshall,26938310,acute care hospitals,government - hospital district or authority,yes,pneumonia,pn-4,pneumonia patients given smoking cessation advice/counseling,97.0,98.0,al_pn-4
59,10005,Marshall Medical Center South,2505 u s highway 431 north,empty,empty,Boaz,al,35957,Marshall,2565938310,acute care hospitals,government - hospital district or authority,yes,pneumonia,pn-5c,pneumonia patients given initial antibiotic(s) within 6 hours after arrival,96.0,211.0,al_pn-5c
60,10005,Marshall Medical Center South,2505 u s highway 431 north,empty,empty,Boaz,al,35957,Marshall,2565938310,acute care hospitals,government - hospital district or authority,yes,pneumonia,pn-6,pneumonia patients given the most appropriate initial antibiotic(s),92.0,175.0,al_pn-6
61,10005,Marshall Medical Center South,2505 u s highway 431 north,empty,empty,Boaz,al,35957,Marshall,26938310,acute care hospitals,government - hospital district or authority,yes,pneumonia,pn-7,pneumonia patients assessed and given influenza vaccination,81.0,118.0,al_pn-7
62,10005,Marshall Medical Center South,2505 u s highway 431 north,empty,empty,Boaz,al,35957,Marshall,2565938310,acute care hospitals,government - hospital district or authority,yes,surgical infection prevention,scip-card-2,surgery patients who were taking heart drugs called beta blockers before coming to the hospital who were kept on the beta blockers during the period just before and after their surgery,36.0,14.0,al_scip-card-2
63,10005,Marshall Medical Center South,2505 u s highway 431 north,empty,empty,Boaz,al,35957,Marshall,2565938310,acute care hospitals,government - hospital district or authority,yes,surgical infection prevention,scip-inf-1,surgery patients who were given an antibiotic at the right time (within one hour before surgery) to help prevent infection,96.0,168.0,al_scip-inf-1
64,10005,Marshall Medical Center South,2505 u s highway 431 north,empty,empty,Boaz,al,03595,Marshall,2565938310,acute care hospitals,government - hospital district or authority,yes,surgical infection prevention,scip-inf-2,surgery patients who were given the  right kind  of antibiotic to help prevent infection,93.0,167.0,al_scip-inf-2
65,10005,Marshall Medical Center South,2505 u s highway 431 north,empty,empty,Boaz,al,35957,Marshall,2565938310,acute care hospitals,government - hospital district or authority,yes,surgical infection prevention,scip-inf-3,surgery patients whose preventive antibiotics were stopped at the right time (within 24 hours after surgery),95.0,158.0,al_scip-inf-3
66,10005,Marshall Medical Center South,2505 u s highway 431 north,empty,empty,Boaz,al,35957,Marshall,256538310,acute care hospitals,government - hospital district or authority,yes,surgical infection prevention,scip-inf-4,all heart surgery patients whose blood sugar (blood glucose) is kept under good control in the days right after surgery,96.0,0.0,al_scip-inf-4
67,10005,Marshall Medical Center South,2505 u s highway 431 north,empty,empty,Boaz,al,35957,Marshall,2565938310,acute care hospitals,government - hospital district or authority,yes,surgical infection prevention,scip-inf-6,surgery patients needing hair removed from the surgical area before surgery who had hair removed using a safer method (electric clippers or hair removal cream c not a razor),100.0,237.0,al_scip-inf-6
68,10005,Marshall Medical Center South,2505 u s highway 431 north,empty,empty,Boaz,al,35957,Mxrshxll,2565938310,acute care hospitals,government - hospital district or authority,yes,surgical infection prevention,scip-vte-1,surgery patients whose doctors ordered treatments to prevent blood clots after certain types of surgeries,78.0,76.0,al_scip-vte-1
69,10005,Marshall Medical Center South,2505 u s highway 431 north,empty,empty,Boaz,al,35957,Marshall,2565938310,acute care hospitals,government - hospital district or authority,yes,surgical infection prevention,scip-vte-2,patients who got treatment  at the right time (within 24 hours before or after their surgery) to help prevent blood clots after certain types of surgery,74.0,76.0,al_scip-vte-2
70,10006,Eliza Coffee Memorial Hospital,205 marengo street,empty,empty,Florence,al,35631,Lauderdale,2567688400,acute care hospitals,voluntary non-profit - other,yes,heart attack,ami-1,heart attack patients given aspirin at arrival,97.0,159.0,al_amx-1
71,10006,Eliza Coffee Memorial Hospital,205 marengo street,empty,empty,Florence,al,03563,Lauderdale,2567688400,acute care hospitals,voluntary non-profit - other,yes,heart attack,ami-2,heart attack patients given aspirin at discharge,96.0,247.0,al_ami-2
72,10006,Eliza Coffee Memorial Hospital,205 marengo street,empty,empty,Florence,al,35631,Lauderdale,2567688400,acute care hospitals,voluntary non-profit - other,yes,heart attack,ami-3,heart attack patients given ace inhibitor or arb for left ventricular systolic dysfunction (lvsd),93.0,43.0,al_ami-3
73,10006,Eliza Coffee Memorial Hospital,205 marengo street,empty,empty,Florence,al,35631,Laudxrdalx,2567688400,acute care hospitals,voluntary non-profit - other,yes,heart attack,ami-4,heart attack patients given smoking cessation advice/counseling,100.0,103.0,al_ami-4
74,10006,Eliza Coffee Memorial Hospital,205 marengo street,empty,empty,Florence,al,35631,Lauderdale,2567688400,acute care hospitals,voluntary non-profit - other,yes,hearx axxack,ami-5,heart attack patients given beta blocker at discharge,96.0,227.0,al_ami-5
75,10006,Eliza Coffee Memorial Hospital,205 marengo street,empty,empty,Florence,al,35631,Lauderdale,2567688400,acute care hospitals,voluntary non-profit - other,yes,heart attack,ami-7a,heart attack patients given fibrinolytic medication within 30 minutes of arrival,96.0,0.0,al_ami-7a
76,10006,Eliza Coffee Memorial Hospital,205 marengo street,empty,empty,Florence,al,35631,Lauderdale,2567688400,acute care hospitals,voluntary non-profit - other,yes,heart attack,ami-8a,heart attack patients given pci within 90 minutes of arrival,98.0,61.0,al_ami-8a
77,10006,Eliza Coffee Memorial Hospital,205 marengo street,empty,empty,Florence,al,35631,Lauderdale,2567688400,acute care hospitals,voluntary non-profit - other,yes,heart failure,hf-1,heart failure patients given discharge instructions,79.0,217.0,al_hf-1
78,10006,Eliza Coffee Memorial Hospital,205 marengo street,empty,empty,Florence,al,35631,Laudexdale,2567688400,acute care hospitals,voluntary non-profit - other,yes,heart failure,hf-2,heart failure patients given an evaluation of left ventricular systolic (lvs) function,97.0,259.0,al_hf-2
79,10006,Eliza Coffee Memorial Hospital,205 marengo street,empty,empty,Florence,al,35631,Lauderdale,2567688400,acute care hospitals,voluntary non-profit - other,yes,heart failure,hf-3,heart failure patients given ace inhibitor or arb for left ventricular systolic dysfunction (lvsd),82.0,84.0,al_hf-3
80,10006,Eliza Coffee Memorial Hospital,205 marengo street,empty,empty,Fxorence,al,35631,Lauderdale,2567688400,acute care hospitals,voluntary non-profit - other,yes,heart failure,hf-4,heart failure patients given smoking cessation advice/counseling,100.0,53.0,al_hf-4
81,10006,Eliza Coffee Memorial Hospital,205 marengo street,empty,empty,Florence,al,35631,Lauderdale,2567688400,acute care hospitals,voluntary non-profit - other,yes,pneumonia,pn-2,pneumonia patients assessed and given pneumococcal vaccination,90.0,174.0,al_pn-2
82,1000x,Eliza Coffee Memorial Hospital,205 marengo street,empty,empty,Florence,al,35631,Lauderdale,2567688400,acute care hospitals,voluntary non-profit - other,yes,pneumonia,pn-3b,pneumonia patients whose initial emergency room blood culture was performed prior to the administration of the first hospital dose of antibiotics,95.0,137.0,al_pn-3b
83,10006,Eliza Coffee Memorial Hospital,205 marengo street,empty,empty,Florence,al,35631,Lauderdale,2567688400,acute care hospitals,voluntary non-profit - other,yes,pneumonia,pn-4,pneumonia patients given smoking cessation advice/counseling,100.0,65.0,al_pn-4
84,10006,Eliza Coffee Memorial Hospital,205 marengo street,empty,empty,Florence,al,35631,Lauderdale,2567688400,acute care hospitals,voluntary non-profit - other,yes,pneumonia,pn-5c,pneumonia patients given initial antibiotic(s) within 6 hours after arrival,96.0,200.0,al_pn-5c
85,10006,Eliza Coffee Memorial Hospital,205 marengo street,empty,empty,Florence,al,35631,Lauderdale,2567688400,acute care hospitals,voluntary non-profit - other,yes,pneumonia,pn-6,pneumonia patients given the most appropriate initial antibiotic(s),91.0,138.0,al_pn-6
86,10006,Eliza Coffee Memorial Hospital,205 marengo street,empty,empty,Florence,al,35631,Lauderdale,2567688400,acute care hospitals,voluntary non-profit - other,yes,pneumonia,pn-7,pneumonia patients assessed and given influenza vaccination,88.0,85.0,al_pn-7
87,10006,Eliza Coffee Memorial Hospital,205 marengo street,empty,empty,Florence,al,35631,Lauderdale,2567688400,acute care hospitals,voluntary non-profit - other,yes,surgical infection prevention,scip-card-2,surgery patients who were taking heart drugs called beta blockers before coming to the hospital who were kept on the beta blockers during the period just before and after their surgery,96.0,107.0,al_scip-card-2
88,10006,Eliza Coffee Memorial Hospital,205 marengo street,empty,empty,Florence,al,35631,Lauderdale,2567688400,acute care hospitals,voluntary non-profit - other,yes,surgical infection prevention,scip-inf-1,surgery patients who were given an antibiotic at the right time (within one hour before surgery) to help prevent infection,99.0,457.0,al_scip-inf-1
89,10006,Eliza Coffee Memorial Hospital,205 marengo street,empty,empty,Florxncx,al,35631,Lauderdale,2567688400,acute care hospitals,voluntary non-profit - other,yes,surgical infection prevention,scip-inf-2,surgery patients who were given the  right kind  of antibiotic to help prevent infection,99.0,462.0,al_scip-inf-2
90,10006,Eliza Coffee Memorial Hospital,205 marengo street,empty,empty,Florence,al,35631,Lauderdale,2567688400,acute care hospitals,voluntary non-profit - other,yes,surgical infection prevention,scip-inf-3,surgery patients whose preventive antibiotics were stopped at the right time (within 24 hours after surgery),94.0,439.0,al_scip-inf-3
91,10006,Eliza Coffee Memorial Hospital,205 marengo street,empty,empty,Florence,al,35631,Lauderdale,2567688400,acute care hospitals,voluntary non-profit - other,yes,surgical infection prevention,scip-inf-4,all heart surgery patients whose blood sugar (blood glucose) is kept under good control in the days right after surgery,89.0,130.0,al_scip-inf-4
92,10006,Eliza Coffee Memorial Hospital,205 marengo street,empty,empty,Florence,al,35631,Lauderdale,2567688400,acute care hospitals,voluntary non-profit - other,yes,surgical infection prevention,scip-inf-6,surgery patients needing hair removed from the surgical area before surgery who had hair removed using a safer method (electric clippers or hair removal cream c not a razor),100.0,619.0,al_scip-inf-6
93,10006,Eliza Coffee Memorial Hospital,205 marengo street,empty,empty,Florence,al,35631,Lauderdale,2567688400,acute care hospitals,voluntary non-profit - other,yes,surgical infection prevention,scip-vte-1,surgery patients whose doctors ordered treatments to prevent blood clots after certain types of surgeries,95.0,242.0,al_scip-vte-1
94,10006,Eliza Coffee Memorial Hospital,205 marengo street,empty,empty,Flxrence,al,03563,Lauderdale,2567688400,acute care hospitals,voluntary non-profit - other,yes,surgical infection prevention,scip-vte-2,patients who got treatment  at the right time (within 24 hours before or after their surgery) to help prevent blood clots after certain types of surgery,92.0,242.0,al_scip-vte-2
95,10007,Mizell Memorial Hospital,702xnxmainxst,empty,empty,Opp,al,36467,Covington,3344933541,acute care hospitals,voluntary non-profit - private,no,heart attack,ami-1,xeart attack patients given aspirin at arrival,60.0,5.0,al_ami-1
96,10007,Mizell Memorial Hospital,702 n main st,empty,empty,Opp,al,36467,Covington,3344933541,acute care hospitals,voluntary non-profit - private,no,heart attack,ami-2,heart attack patients given aspirin at discharge,50.0,2.0,al_ami-2
97,10007,Mizell Memorial Hospital,702 n main st,empty,empty,Opp,al,36467,Covington,3344933541,acute care hospitals,voluntary non-profit - private,no,heart attack,ami-3,heart attack patients given ace inhibitor or arb for left ventricular systolic dysfunction (lvsd),96.0,0.0,al_ami-3
98,10007,Mizell Memorial Hospital,702 n main st,empty,empty,Opp,al,36467,Covington,3344933541,acute care hospitals,voluntary non-profit - private,no,heart attack,axi-4,heart attack patients given smoking cessation advice/counseling,96.0,0.0,al_ami-4
99,10007,Mizell Memorial Hospital,702 n main st,empty,empty,Opp,al,36467,Covington,3344933541,acute care hosxitals,voluntary non-profit - private,no,heart attack,ami-5,heart attack patients given beta blocker at discharge,100.0,2.0,al_ami-5
100,10007,Mizell Memorial Hospital,702 n main st,empty,empty,Opp,al,36467,Covington,3344933541,acute care hospitals,voluntary non-profit - private,no,heart attack,ami-7a,heart attack patients given fibrinolytic medication within 30 minutes of arrival,96.0,0.0,al_ami-7a
101,10007,Mizell Memorial Hospital,702 n main st,empty,empty,Opp,al,36467,Covington,3344933541,acute care hospitals,voluntary non-profit - private,no,heart attack,ami-8a,heart attack patients given pci within 90 minutes of arrival,96.0,0.0,al_ami-8a
102,10007,Mizell Memorial Hospital,702 n main st,empty,empty,Opp,al,36467,Covington,334433541,acute care hospitals,voluntary non-profit - private,no,heart failure,hfx1,heart failure patients given discharge instructions,98.0,59.0,al_hf-1
103,10007,Mizell Memorial Hospital,702 n main st,empty,empty,Opp,al,36467,Covington,3344933541,acute care hospitals,voluntary non-profit - private,no,heart failure,hf-2,heart failure patients given an evaluation of left ventricular systolic (lvs) function,87.0,76.0,al_hf-2
104,10007,Mizell Memorial Hospital,702 n main st,empty,empty,Opp,al,36467,Covington,3344933541,acute care hospitals,voluntary non-profit - private,no,heart failure,hf-3,heart failure patients given ace inhibitor or arb for left ventricular systolic dysfunction (lvsd),64.0,14.0,al_hf-3
105,10007,Mizell Memorial Hospital,702 n main st,empty,empty,Opp,al,36467,Covington,3344933541,acute care hospitals,voluntary non-profit - private,no,heart failure,hf-4,heart failure patients given smoking cessation advice/counseling,100.0,8.0,al_hf-4
106,10007,Mizell Memorial Hospital,702 n main st,empty,empty,Opp,al,36467,Covington,3344933541,acute care hospitals,voluntary non-profit - private,no,pneumonia,pn-2,pneumonia patients assessed and given pneumococcal vaccination,87.0,85.0,al_pn-2
107,10007,Mizell Memorial Hospital,702 x maix st,empty,empty,Opp,al,36467,Covington,3344933541,acute care hospitals,voluntary non-profit - private,no,pneumonia,pn-3b,pneumonia patients whose initial emergency room blood culture was performed prior to the administration of the first hospital dose of antibiotics,78.0,64.0,al_pn-3b
108,10007,Mizell Memorial Hospital,702 n main st,empty,empty,Opp,al,36467,Covington,3344933541,acute care hospitals,voluntary non-profit - private,no,pneumonia,pn-4,pneumonia patients given smoking cessation advice/counseling,100.0,28.0,al_pn-4
109,10007,Mizell Memorial Hospital,702 n main st,empty,empty,Opp,al,36467,Covington,3344933541,acute care hospitals,voluntary non-profit - private,no,pneumonia,pnx5c,pneumonia patients given initial antibiotic(s) within 6 hours after arrival,95.0,87.0,al_pn-5c
110,10007,Mizell Memorial Hospital,702 n main st,empty,empty,Opp,al,36467,Covington,3344933541,acute care hospitals,voluntary non-profit - private,no,pneumonia,pn-6,pneumonia patients given the most appropriate initial antibiotic(s),88.0,57.0,al_pn-6
111,10007,Mizell Memorial Hospital,702 n main st,empty,empty,Opp,al,36467,Covington,3344933541,acute care hospitals,voluntary non-profit - private,no,pneumonia,pn-7,pneumonia patients assessed and given influenza vaccination,90.0,63.0,al_pn-7
112,10007,Mizell Memorial Hospital,702 n main st,empty,empty,Opp,al,36467,Covington,3344933541,acute care hospitals,voluntary non-profit - private,no,surgical infection prevention,scip-card-2,surgery patiexts who were takixg heart drugs called beta blockers before comixg to the hospital who were kept ox the beta blockers durixg the period just before axd after their surgery,91.0,11.0,al_scip-card-2
113,10007,Mizell Memorial Hospital,702 n main st,empty,empty,Opp,al,36467,Covington,3344933541,acute care hospitals,voluntary non-profit - private,no,surgical infection prevention,scip-inf-1,surgery patients who were given an antibiotic at the right time (within one hour before surgery) to help prevent infection,88.0,101.0,al_scip-inf-1
114,10007,Mizell Memorial Hospital,702 n main st,empty,empty,Opp,al,36467,Covington,3344933541,acute care hospitals,volunxary non-profix - privaxe,no,surgical infection prevention,scip-inf-2,surgery patients who were given the  right kind  of antibiotic to help prevent infection,91.0,101.0,al_scip-inf-2
115,10007,Mizell Memorial Hospital,702 n main st,empty,empty,Opp,al,36467,Covington,3344933541,acute care hospitals,voluntary non-profit - private,no,surgical infection prevention,scip-inf-3,surgery patients whose preventive antibiotics were stopped at the right time (within 24 hours after surgery),93.0,100.0,al_scip-inf-3
116,10007,Mizell Memorial Hospital,702 n main st,empty,empty,Opp,al,36467,Covington,3344933541,acute care hospitals,voluntary non-profit - private,no,surgical infection prevention,scip-inf-4,all heart surgery patients whose blood sugar (blood glucose) is kept under good control in the days right after surgery,96.0,0.0,al_scip-inf-4
117,10007,Mizell Memorial Hospital,702 n main st,empty,empty,Opp,al,36467,Covington,3344933541,acute care hospitals,voluntary non-profit - private,no,surgical infection prevention,scip-inf-6,surgery patients needing hair removed from the surgical area before surgery who had hair removed using a safer method (electric clippers or hair removal cream c not a razor),100.0,123.0,al_scip-inf-6
118,10007,Mizell Memorial Hospital,702 n main st,empty,empty,Opp,al,36467,Covington,3344933541,acute care hospitals,voluntary non-profit - private,no,surgical infection prevention,scip-vte-1,surgery patients whose doctors ordered treatments to prevent blood clots after certain types of surgeries,87.0,77.0,al_scip-vte-1
119,10007,Mizell Memorial Hospital,702 n main st,empty,empty,Opp,al,36467,Covington,3344933541,acute care hospitals,voluntary non-profit - private,no,surgical infection prevention,scip-vte-2,patients who got treatment  at the right time (within 24 hours before or after their surgery) to help prevent blood clots after certain types of surgery,88.0,76.0,al_scip-vte-2
120,10008,Crenshaw Community Hospital,101 hospital circle,empty,empty,Luverne,al,36049,Crenshaw,3343353374,acute care hospitals,government - federal,yes,heart attack,ami-1,heart attack patients given aspirin at arrivax,0.0,1.0,al_ami-1
121,10008,Crenshaw Community Hospital,101 hospital circle,empty,empty,Luverne,al,36049,Crenshaw,3343353374,acute care hospitals,government - federal,yes,heart attack,axi-2,heart attack patients given aspirin at discharge,0.0,1.0,al_ami-2
122,10008,Crenshaw Community Hospital,101 hospital circle,empty,empty,Luverne,al,36049,Crenshaw,3343353374,acute care hospitals,government - federal,yes,heart attack,ami-3,heart attack patients given ace inhibitor or arb for left ventricular systolic dysfunction (lvsd),96.0,0.0,al_ami-3
123,10008,Crenshaw Community Hospital,101 hospital circle,empty,empty,Luverne,al,36049,Crenshaw,3343353374,acute care hospitals,government - federal,yes,heart attack,ami-4,heart attack patients given smoking cessation advice/counseling,96.0,0.0,al_ami-4
124,10008,Crenshaw Community Hospital,101 hospital circle,empty,empty,Luverne,al,36049,Crenshaw,3343353374,acute care hospitals,government - federal,yes,heart attack,ami-5,heart attack patients given beta blocker at discharge,0.0,1.0,al_ami-5
125,10008,Crenshaw Community Hospital,101 hospital circle,empty,empty,Luverne,al,36049,Crenshaw,3343353374,acute care hospitals,government - federal,yes,heart attack,ami-7a,heart attack patients given fibrinolytic medication within 30 minutes of arrival,96.0,0.0,al_ami-7a
126,10008,Crenshaw Community Hospital,101 hospital circle,empty,empty,Luverne,al,36049,Crenshaw,3343353374,acute care hospitals,government - federal,yes,heart attack,ami-8a,heart attack patients given pci within 90 minutes of arrival,96.0,0.0,al_ami-8a
127,10008,Crenshaw Community Hospital,101 hospital circle,empty,empty,Luverne,al,36049,Crenshaw,3343353374,acute care hospitals,government - federal,yes,heart failure,hf-1,heart failure patients given discharge instructions,4.0,26.0,al_hf-1
128,10008,Crenshaw Community Hospital,101 hospital circle,empty,empty,Luverne,al,36049,Crenshaw,3343353374,acute care hospitals,government - federal,yes,heaxt failuxe,hf-2,heart failure patients given an evaluation of left ventricular systolic (lvs) function,72.0,39.0,al_hf-2
129,10008,Crenshaw Community Hospital,101 hospital circle,empty,empty,Luverne,al,36049,Crenshaw,3343353374,acute care hospitals,government - federal,yes,heart failure,hf-3,heart failure patients given ace inhibitor or arb for left ventricular systolic dysfunction (lvsd),75.0,8.0,al_hf-3
130,10008,Crenshaw Community Hospital,101 hospital circle,empty,empty,Luverne,al,36049,Crenshaw,3343353374,acute care hospitals,government - federal,yes,heart failure,hf-4,heart failure patients given smoking cessation advice/counseling,0.0,5.0,al_hf-4
131,10008,Crenshaw Community Hospital,101 hospital circle,empty,empty,Luverne,al,36049,Crenshaw,3343353374,acute care hospitals,government - federal,yes,pneumonia,pn-2,pneumonia patients assessed and given pneumococcal vaccination,25.0,16.0,al_pn-2
132,10008,Crenshaw Cxmmunity Hxspital,101 hospital circle,empty,empty,Luverne,al,36049,Crenshaw,3343353374,acute care hospitals,government - federal,yes,pneumonia,pn-3b,pneumonia patients whose initial emergency room blood culture was performed prior to the administration of the first hospital dose of antibiotics,93.0,15.0,al_pn-3b
133,10008,Crenshaw Community Hospital,101 hospital circle,empty,empty,Luverne,al,36049,Crenshaw,3343353374,acute care hospitals,government - federal,yes,pneumonia,pn-4,pneumonia patients given smoking cessation advice/counseling,33.0,9.0,al_pn-4
134,10008,Crenshaw Community Hospital,101 hospital circle,empty,empty,Luverne,al,36049,Crenshaw,3343353374,acute care hospitals,government - federal,yes,pneumonia,pn-5c,pneumonia patients given initial antibiotic(s) within 6 hours after arrival,95.0,21.0,al_pn-5c
135,10008,Crenshaw Community Hospital,101 hospital circle,empty,empty,Luverne,al,36049,Crenshaw,3343353374,acute care hospitals,government - federal,yes,pneumonia,pn-6,pneumonia patients given the most appropriate initial antibiotic(s),62.0,21.0,al_pn-6
136,10008,Crenshaw Community Hospital,101 hospital circle,empty,empty,Luverne,al,36049,Crenshaw,3343353374,acute care hospitals,government - federal,yes,pneumonia,pn-7,pneumonia patients assessed and given influenza vaccination,47.0,15.0,al_pn-7
137,10008,Crenshaw Community Hospital,101 hospital circle,empty,empty,Luverne,al,36049,Crxnshaw,3343353374,acute care hospitals,government - federal,yes,surgical infection prevention,scip-card-2,surgery patients who were taking heart drugs called beta blockers before coming to the hospital who were kept on the beta blockers during the period just before and after their surgery,100.0,1.0,al_scip-card-2
138,10008,Crenshaw Community Hospital,101 hospital circle,empty,empty,Luverne,al,03649,Crenshaw,3343353374,acute care hospitals,government - federal,yes,surgical infection prevention,scip-inf-1,surgery patients who were given an antibiotic at the right time (within one hour before surgery) to help prevent infection,100.0,2.0,al_scip-inf-1
139,10008,Crenshaw Community Hospital,101 hospital circle,empty,empty,Luverne,al,36049,Crenshaw,3343353374,acute care hospitals,government - federal,yes,surgical infection prevention,scip-inf-2,surgery patients who were given the  right kind  of antibiotic to help prevent infection,100.0,2.0,al_scip-inf-2
140,10008,Crenshaw Community Hospital,101 hospital circle,empty,empty,Luverne,al,03609,Crenshaw,3343353374,acute care hospitals,government - federal,yes,surgical infection prevention,scip-inf-3,surgery patients whose preventive antibiotics were stopped at the right time (within 24 hours after surgery),100.0,2.0,al_scip-inf-3
141,10008,Crenshaw Community Hospital,101 hospital circle,empty,empty,Luverne,al,36049,Crenshaw,3343353374,acute care hospitals,government - federal,yes,surgical infection prevention,scip-inf-4,all heart surgery patients whose blood sugar (blood glucose) is kept under good control in the days right after surgery,96.0,0.0,al_scip-inf-4
142,10008,Crenshaw Community Hospital,101 hospital circle,empty,empty,Luverne,al,36049,Crenshaw,3343353374,acute care hospitals,government - federal,yes,surgical infection prevention,scip-inf-6,surgery patients needing hair removed from the surgical area before surgery who had hair removed using a safer method (electric clippers or hair removal cream c not a razor),100.0,4.0,al_scip-inf-6
143,10008,Crenshaw Community Hospital,101 hospital circle,empty,empty,Luverne,al,36049,Crenshaw,3343353374,acute care hospitals,government - federal,yes,surgical infection prevention,scip-vte-1,surgery patients whose doctors ordered treatments to prevent blood clots after certain types of surgeries,100.0,4.0,al_scip-vte-1
144,10008,Crenshaw Community Hospital,101 hospital circle,empty,empty,Luverne,al,36049,Crenshaw,3343353374,acute care hospitals,government - federal,yes,surgical infection prevention,scip-vte-2,patients who got treatment  at the right time (within 24 hours before or after their surgery) to help prevent blood clots after certain types of surgery,100.0,4.0,al_scip-vte-2
145,10009,Hartselle Medical Center,201 pine street northwest,empty,empty,Hartselle,al,35640,Morgan,2567736511,acute care hospitals,proprietary,yes,heart attack,ami-1,heart attack patients given aspirin at arrival,100.0,6.0,al_ami-1
146,10009,Hartselle Medical Center,201 pine street northwest,empty,empty,Hartselle,al,35640,Morgan,2567736511,acute care hospitals,proprietary,yes,heart attack,ami-2,heart attaxk patients given aspirin at disxharge,100.0,1.0,al_ami-2
147,10009,Hartselle Medical Center,201 pine street northwest,empty,empty,Hartselle,al,35640,Morgan,2567736511,acute care hospitals,proprietary,yes,heart attack,ami-3,heart attack patients given ace inhibitor or arb for left ventricular systolic dysfunction (lvsd),100.0,1.0,al_ami-3
148,10009,Hartselle Medical Center,201 pine street northwest,empty,empty,Hartselle,al,35640,Morgan,2567736511,acute care hospitals,proprietary,yes,heart attack,ami-4,heart attack patients given smoking cessation advice/counseling,100.0,2.0,al_ami-4
149,10009,Hartselle Medical Center,201 pine street northwest,empty,empty,Hartselle,al,35640,Morgan,2567736511,acute care hospitals,proprietary,yes,heart attack,ami-5,heart attack patients given beta blocker at discharge,100.0,3.0,al_ami-5
150,10009,Hartselle Medical Center,201 pine street northwest,empty,empty,Hartselle,al,03640,Morgan,2567736511,acute care hospitals,proprietary,yes,heart attack,ami-7a,heart attack patients given fibrinolytic medication within 30 minutes of arrival,96.0,0.0,al_ami-7a
151,10009,Hartselle Medical Center,201 pine street northwest,empty,empty,Hartselle,al,35640,Morgan,2567736511,acute care hospitals,proprietary,yes,heart attack,ami-8a,heart attack patients given pci within 90 minutes of arrival,96.0,0.0,al_ami-8a
152,10009,Hartselle Medical Center,201 pine street northwest,empty,empty,Hartselle,al,35640,Morgan,2567736511,acute care hospitals,proprietary,yes,heart failure,hf-1,heart failure patients given discharge instructions,97.0,35.0,al_hf-1
153,10009,Hartselle Medical Center,201 pine street northwest,empty,empty,Hartselle,al,35640,Morgan,2567736511,acute care hospitals,proprietary,yes,heart failure,hf-2,heart failure patients given an evaluation of left ventricular systolic (lvs) function,98.0,42.0,al_hf-2
154,10009,Hartselle Medical Center,201 pine street northwest,empty,empty,Hartselle,al,35640,Morgan,2567736511,acute care hospitals,proprietary,yes,heart failure,hf-3,heart failure patients given ace inhibitor or arb for left ventricular systolic dysfunction (lvsd),100.0,10.0,al_hf-3
155,10009,Hartselle Medical Center,201 pine street northwest,empty,empty,Hartselle,al,35640,Morgan,2567736511,acute care hospitals,proprietary,yes,heart failure,hf-4,heart failure patients given smoking cessation advice/counseling,100.0,12.0,al_hf-4
156,10009,Hartselle Medical Center,201 pine street northwest,empty,empty,Hartselle,al,35640,Morgan,2567736511,acute care hospitals,proprietary,yes,pneumonia,pn-2,pneumonia patients assessed and given pneumococcal vaccination,98.0,44.0,al_pn-2
157,10009,Hartselle Medical Center,201 pine street northwest,empty,empty,Hartselle,al,35640,Morgan,2567736511,acute care hospitals,proprietary,yes,pneumonia,pn-3b,pneumonia patients whose initial emergency room blood culture was performed prior to the administration of the first hospital dose of antibiotics,100.0,30.0,al_pn-3b
158,10009,Hartselle Medical Center,201 pine street northwest,empty,empty,Hartselle,al,03640,Morgan,2567736511,acute care hospitals,pxopxietaxy,yes,pneumonia,pn-4,pneumonia patients given smoking cessation advice/counseling,100.0,25.0,al_pn-4
159,10009,Hartselle Medical Center,201 pine street northwest,empty,empty,Hartselle,al,35640,Morgan,2567736511,acute care hospitals,proprietary,yes,pneumonia,pn-5c,pneumonia patients given initial antibiotic(s) within 6 hours after arrival,9.0,51.0,al_pn-5c
160,10009,Hartselle Medical Center,201 pine street northwest,empty,empty,Hartselle,al,35640,Morgan,2567736511,acute care hospitals,proxrietary,yes,pneumonia,pn-6,pneumonia patients given the most appropriate initial antibiotic(s),100.0,45.0,al_pn-6
161,10009,Hartselle Medical Center,201 pine street northwest,empty,empty,Hartselle,al,35640,Morgan,2567736511,acute care hospitals,proprietary,yes,pneumonia,pn-7,pneumonia patients assessed and given influenza vaccination,97.0,30.0,al_pn-7
162,10009,Hartselle Medical Center,201 pine sxreex norxhwesx,empty,empty,Hartselle,al,35640,Morgan,2567736511,acute care hospitals,proprietary,yes,surgical infection prevention,scip-card-2,surgery patients who were taking heart drugs called beta blockers before coming to the hospital who were kept on the beta blockers during the period just before and after their surgery,67.0,3.0,al_scip-card-2
163,10009,Hartselle Medical Center,201 pine street northwest,empty,empty,Hartselle,al,35640,Morgan,2567736511,acute care hospitals,xroprietary,yes,surgical infection prevention,scip-inf-1,surgery patients who were given an antibiotic at the right time (within one hour before surgery) to help prevent infection,100.0,6.0,al_scip-inf-1
164,10009,Hartselle Medical Center,201 pine street northwest,empty,empty,Hartselle,al,35640,Morgan,2567736511,acute care hospitals,proprietary,yes,surgical infection prevention,scip-inf-2,surgery patients who were given the  right kind  of antibiotic to help prevent infection,7.0,7.0,al_scip-inf-2
165,10009,Hartselle Medical Center,201 pine street northwest,empty,empty,Hartselle,al,35640,Morgan,2567736511,acute care hospitals,pxopxietaxy,yes,surgical infection prevention,scip-inf-3,surgery patients whose preventive antibiotics were stopped at the right time (within 24 hours after surgery),80.0,5.0,al_scip-inf-3
166,10009,Hartselle Medical Center,201 pine street northwest,empty,empty,Hartselle,al,35640,Morgan,2567736511,acute care hospitals,proprietary,yes,surgical infection prevention,scip-inf-4,all heart surgery patients whose blood sugar (blood glucose) is kept under good control in the days right after surgery,96.0,0.0,al_scip-inf-4
167,10009,Hartselle Medical Center,201 pine street northwest,empty,empty,Hartselle,al,35640,Morgan,2567736511,acute care hospitals,proprietary,yes,surgical infection prevention,scip-inf-6,surgery patients needing hair removed from the surgical area before surgery who had hair removed using a safer method (electric clippers or hair removal cream c not a razor),100.0,58.0,al_scip-inf-6
168,10009,Hartselle Medical Center,201 pine street northwest,empty,empty,Hartselle,al,35640,Morgan,2567736511,acute care hospitals,proprietary,yes,surgical infection prevention,scip-vte-1,surgery patients whose doctors ordered treatments to prevent blood clots after certain types of surgeries,78.0,9.0,al_scip-vte-1
169,10009,Hartselle Medical Center,201 pine street northwest,empty,empty,Hartselle,al,35640,Morgan,2567736511,acute care hospitals,proprietary,yes,surgical infection prevention,scip-vte-2,patients who got treatment  at the right time (within 24 hours before or after their surgery) to help prevent blood clots after certain types of surgery,78.0,9.0,al_scip-vte-2
170,10010,Marshall Medical Center North,8000 alabama highway 69,empty,empty,Guntersville,al,35976,Marshall,2565718000,acute care hospitals,government - hospital district or authority,yes,heart attack,ami-1,heart attack patients given aspirin at arrival,100.0,8.0,al_ami-1
171,10010,Marshall Medical Center North,8000 alabama highway 69,empty,empty,Guntersville,al,35976,Marshall,2565718000,acute care hospitals,government - hospital district or authority,yes,heart attack,ami-2,heart attack patients given aspirin at discharge,100.0,6.0,al_ami-2
172,10010,Marshall Medical Cenxer Norxh,8000 alabama highway 69,empty,empty,Guntersville,al,35976,Marshall,2565718000,acute care hospitals,government - hospital district or authority,yes,heart attack,ami-3,heart attack patients given ace inhibitor or arb for left ventricular systolic dysfunction (lvsd),50.0,2.0,al_ami-3
173,10010,Marshall Medical Center North,8000 alabama highway 69,empty,empty,Guntersville,al,35976,Marshall,2565718000,acute care hospitals,government - hospital district or authority,yes,heart attack,ami-4,heart attack patients given smoking cessation advice/counseling,100.0,2.0,al_ami-4
174,10010,Marshall Medical Center North,8000 alabama highway 69,empty,empty,Guntersville,al,35976,Marshall,2565718000,acute care hospitals,government - hospital district or authority,yes,heart attack,ami-5,heart attack patients given beta blocker at discharge,83.0,6.0,al_ami-5
175,10010,Marshall Medical Center North,8000 alabama highway 69,empty,empty,Guntersville,al,35976,Marshall,2565718000,acute care hospitals,government - hospital district or authority,yes,heart attack,ami-7a,heart attack patients given fibrinolytic medication within 30 minutes of arrival,96.0,0.0,al_ami-7a
176,10010,Marshall Medical Center North,8000 alabama xigxway 69,empty,empty,Guntersville,al,35976,Marshall,2565718000,acute care hospitals,government - hospital district or authority,yes,heart attack,ami-8a,heart attack patients given pci within 90 minutes of arrival,96.0,0.0,al_ami-8a
177,10010,Marshall Medical Center North,8000 alabama highway 69,empty,empty,Guntersville,al,35976,Marshall,2565718000,acute care hospitals,government - hospital district or authority,yes,heart failure,hf-1,heart failure patients given discharge instructions,93.0,55.0,al_hf-1
178,10010,Marshall Medical Center North,8000 alabama highway 69,empty,empty,Guntersville,al,35976,Marshall,2565718000,acute care hospitals,government - hospital district or authority,yes,heart failure,hf-x,heart failure patients given an evaluation of left ventricular systolic (lvs) function,84.0,80.0,al_hf-2
179,10010,Marshall Medical Center North,8000 alabama highway 69,empty,empty,Guntersville,al,35976,Marshall,2565718000,acute care hospitals,government - hospital district or authority,yes,heart failure,hf-3,heart failure patients given ace inhibitor or arb for left ventricular systolic dysfunction (lvsd),78.0,27.0,al_hf-3
180,10010,Marshall Medical Center North,8000 alabama highway 69,empty,empty,Guntersville,al,35976,Marshall,2565718000,acute care hospitals,government - hospital district or authority,yes,heart failure,hf-4,heart failure patients given smoking cessation advice/counseling,100.0,10.0,al_hf-4
181,10010,Marshall Medical Center North,8000 alabama highway 69,empty,empty,Guntxrsvillx,al,35976,Marshall,2565718000,acute care hospitals,government - hospital district or authority,yes,pneumonia,pn-2,pneumonia patients assessed and given pneumococcal vaccination,87.0,128.0,al_pn-2
182,10010,Marshall Medical Center North,8000 alabama highway 69,empty,empty,Guntersville,al,35976,Marshall,2565718000,acute care hospitals,government - hospital district or authority,yes,pneumonia,pn-3b,pneumonia patients whose initial emergency room blood culture was performed prior to the administration of the first hospital dose of antibiotics,94.0,115.0,al_pn-3b
183,10010,Marshall Medical Center North,8000 alabama highway 69,empty,empty,Guntersville,al,35976,Marshall,2565718000,acute care hospitals,government - hospital district or authority,yes,pneumonia,pn-4,pneumonia patients given smoking cessation advice/counseling,94.0,65.0,al_pn-4
184,10010,Marshall Medical Center North,8000 alabama highway 69,empty,empty,Guntersville,al,35976,Marshall,2565718000,acute care hospitals,government - hospital district or authority,yes,pneumonia,pn-5c,pneumonia patients given initial antibiotic(s) within 6 hours after arrival,97.0,158.0,al_pn-5c
185,10010,Marshall Medical Center North,8000 alabama highway 69,empty,empty,Guntersville,al,35976,Marshall,2565718000,acute care hospitals,government - hospital district or authority,yes,pneumonia,pn-6,pneumonia patients given the most appropriate initial antibiotic(s),93.0,133.0,al_pn-6
186,10010,Marshall Medical Center North,8000 alabama highway 69,empty,empty,Guntersville,al,35976,Marshall,2565718000,acute care hospitals,government - hospital district or authority,yes,pneumonia,pn-7,pneumonia patients assessed and given influenza vaccination,90.0,101.0,al_pn-7
187,10010,Marshall Medical Center North,8000 alabama highway 69,empty,empty,Guntersville,al,35976,Marshall,2565718000,acute care hospitals,government - hospital district or authority,yes,surgical infection prevention,scip-card-2,surgery patients who were taking heart drugs called beta blockers before coming to the hospital who were kept on the beta blockers during the period just before and after their surgery,86.0,14.0,al_scip-card-2
188,10010,Marshall Medical Center North,8000 alabama highway 69,empty,empty,Guntersville,al,35976,Marshall,2565718000,acute care hospitals,government - hospital district or authority,yes,surgical infection prevention,scip-inf-1,surgery patients who were given an antibiotic at the right time (within one hour before surgery) to help prevent infection,95.0,66.0,al_scip-inf-1
189,10010,Marshall Medical Center North,8000 alabama highway 69,empty,empty,Guntersville,al,35976,Marshall,2565718000,acute care hospitals,government - hospital district or authority,yes,surgical infection prevention,scip-inf-2,surgery patients who were given the  right kind  of antibiotic to help prevent infection,91.0,64.0,al_scip-inf-2
190,10010,Marshall Medical Center North,8000 alabama highway 69,empty,empty,Guntersville,al,35976,Marshall,2565718000,acute care hospitals,government - hospital district or authority,yes,surgical infection prevention,scip-inf-3,surgery patients whose preventive antibiotics were stopped at the right time (within 24 hours after surgery),100.0,63.0,al_scip-inf-3
191,10010,Marshall Medical Center North,8000 alabama highway 69,empty,empty,Guntersville,al,35976,Marshall,2565718000,acute care hospitals,government - hospital district or authority,yes,surgical infection prevention,scip-inx-4,all heart surgery patients whose blood sugar (blood glucose) is kept under good control in the days right after surgery,96.0,0.0,al_scip-inf-4
192,10010,Marshall Medical Center North,8000 alabama highway 69,empty,empty,Guntersville,al,35976,Marshall,2565718000,acute care hospitals,government - hospital district or authority,yes,surgical infection prevention,scip-inf-6,surgery patients needing hair removed from the surgical area before surgery who had hair removed using a safer method (electric clippers or hair removal cream c not a razor),100.0,155.0,al_scip-inf-6
193,10010,Marshall Medical Center North,8000 alabama highway 69,empty,empty,Guntersville,al,35976,Marshall,2565718000,acute care hospitals,government - hospital district or authority,yes,surgical infection prevention,scip-vte-1,surgery patients whose doctors ordered treatments to prevent blood clots after certain types of surgeries,86.0,56.0,al_scip-vte-1
194,10010,Marshall Medical Center North,8000 alabama highway 69,empty,empty,Guntersville,al,35976,Marshall,2565718000,acute care hospitals,government - hospital district or authority,yes,surgical infection prevention,scip-vte-2,patients who got treatment  at the right time (within 24 hours before or after their surgery) to help prevent blood clots after certain types of surgery,84.0,56.0,al_scix-vte-2
195,10011,St Vincents East,50 medical park east drive,empty,empty,Birmingham,al,35235,Jefferson,2058383122,acute care hospitals,voluntary non-profit - private,yes,heart attack,ami-1,heart attack patients given aspirin at arrival,99.0,240.0,al_ami-1
196,10011,St Vincents East,50 medical park east drive,empty,empty,Birmingham,al,35235,Jefferson,2058383122,acute care hospitals,voluntary non-profit - private,yes,heart attack,ami-2,heart attack patients given aspirin at discharge,96.0,295.0,al_ami-2
197,10011,St Vincents East,50 medical park east drive,empty,empty,Birmingham,al,00323,Jefferson,2058383122,acute care hospitals,voluntary non-profit - private,yes,heart attack,ami-3,heart attack patients given ace inhibitor or arb for left ventricular systolic dysfunction (lvsd),91.0,70.0,al_ami-3
198,10011,St Vincents East,50 medical park east drive,empty,empty,Birmingham,al,35235,Jefferson,2058383122,acute care hospitals,voluntary non-profit - private,yes,heart attack,ami-4,heart attack patients given smoking cessation advice/counseling,100.0,131.0,al_ami-4
199,10011,St Vincents East,50 medical park east drive,empty,empty,Birmingham,al,35235,Jefferson,2058383122,acute care hospitals,voluntary non-profit - private,yes,heart attack,ami-5,heart attack patients given beta blocker at discharge,99.0,288.0,al_ami-5
200,10011,St Vincents East,50 medical park east drive,empty,empty,Birmingham,al,35235,Jefferson,2058383122,acute care hosxitals,voluntary non-profit - private,yes,heaxt attack,ami-7a,heart attack patients given fibrinolytic medication within 30 minutes of arrival,96.0,0.0,al_ami-7a
201,10011,St Vincents East,50 medical park east drive,empty,empty,Birmingham,al,35235,Jefferson,2058383122,acute care hospitals,voluntary non-profit - private,yes,heart attack,ami-8a,heart attack patients given pci within 90 minutes of arrival,85.0,48.0,al_ami-8a
202,10011,St Vincents East,50 medical park east drive,empty,empty,Birmingham,al,35235,Jefferson,2058383122,acute care hospitals,voluntary non-profit - private,yes,heart failure,hf-1,heart failure patients given discharge instructions,94.0,316.0,al_hf-1
203,10011,St Vincents East,50 medical park east drive,empty,empty,Birmingham,al,35235,Jefferson,2058383122,acute care hospitals,voluntary non-profit - private,yes,heart failure,hf-2,heart failure patients given an evaluation of left ventricular systolic (lvs) function,98.0,372.0,al_hf-2
204,10011,St Vincents East,50 medical park east drive,empty,empty,Birmingham,al,35235,Jefferson,2058383122,acute care hospitals,voluntary non-profit - private,yes,heart failure,hf-3,heart failure patients given ace inhibitor or arb for left ventricular systolic dysfunction (lvsd),98.0,130.0,al_hf-3
205,10011,St Vincents East,50 medical park east drive,empty,empty,Birmingham,al,35235,Jefferson,2058383122,acute care hospitals,voluntary non-profit - private,yes,heart failure,hf-4,heart failure patients given smoking cessation advice/counseling,100.0,69.0,al_hf-4
206,10011,St Vincents East,50 medical park east drive,empty,empty,Birmingham,al,35235,Jefferson,2058383122,acute care hospitals,voluntary non-profit - private,yes,pneumonia,pn-2,pneumonia patients assessed and given pneumococcal vaccination,87.0,125.0,al_pn-2
207,10011,St Vincents East,50 medical park east drive,empty,empty,Birmingham,al,35235,Jefferson,2058383122,acute care hospitals,voluntary non-profit - private,yes,pneumonia,pn-3b,pneumonia patients whose initial emergency room blood culture was performed prior to the administration of the first hospital dose of antibiotics,96.0,131.0,al_pn-3b
208,10011,St Vincents East,50 medical park east drive,empty,empty,Birmixgham,al,35235,Jefferson,2058383122,acute care hospitals,voluntary non-profit - private,yes,pneumonia,pn-4,pneumonia patients given smoking cessation advice/counseling,100.0,69.0,al_pn-4
209,10011,St Vincents East,50 medical park east drive,empty,empty,Birmingham,al,35235,Jefferson,2058383122,acute care hospitals,voluntary non-profit - private,yes,pneumonia,pn-5c,pneumonia patients given initial antibiotic(s) within 6 hours after arrival,5.0,135.0,al_pn-5c
210,10011,St Vincents East,50 medical park east drive,empty,empty,Birmingham,al,35235,Jefferson,2058383122,acute care hospitals,voluntary non-profit - private,yes,pneumonia,pn-6,pneumonia patients given the most appropriate initial antibiotic(s),91.0,112.0,al_pn-6
211,10011,St Vincents East,50 medical park east drive,empty,empty,Birmingham,al,35235,Jefferson,2058383122,acute care hospitals,voluntary non-profit - private,yes,pneumonia,pn-7,pneumoniaxpatientsxassessedxandxgivenxinfluenzaxvaccination,85.0,89.0,al_pn-7
212,10011,St Vincents East,50 medical park east drive,empty,empty,Birmingham,al,35235,Jefferson,2058383122,acute care hospitals,voluntary non-profit - private,yes,surgical infection prevention,scip-card-2,surgery patients who were taking heart drugs called beta blockers before coming to the hospital who were kept on the beta blockers during the period just before and after their surgery,83.0,125.0,al_scip-card-2
213,10011,St Vincents East,50 medical park east drive,empty,empty,Bxrmxngham,al,35235,Jefferson,2058383122,acute care hospitals,voluntary non-profit - private,yes,surgical infection prevention,scip-inf-1,surgery patients who were given an antibiotic at the right time (within one hour before surgery) to help prevent infection,97.0,461.0,al_scip-inf-1
214,x00xx,St Vincents East,50 medical park east drive,empty,empty,Birmingham,al,35235,Jefferson,2058383122,acutx carx hospitals,voluntary non-profit - private,yes,surgical infection prevention,scip-inf-2,surgery patients who were given the  right kind  of antibiotic to help prevent infection,98.0,473.0,al_sxip-inf-2
215,10011,St Vincents East,50 medical park east drive,empty,empty,Birmingham,al,35235,Jefferson,2058383122,acute care hospitals,voluntary non-profit - private,yes,surgical infection prevention,scip-inf-3,surgery patients whose preventive antibiotics were stopped at the right time (within 24 hours after surgery),81.0,442.0,al_scip-inf-3
216,10011,St Vincents East,50 medical park east drive,empty,empty,Birmingham,al,35235,Jefferson,2058383122,acute care hospitals,voluntary non-profit - private,yes,surgical infection prevention,scip-inf-4,all heart surgery patients whose blood sugar (blood glucose) is kept under good control in the days right after surgery,60.0,127.0,al_scip-inf-4
217,10011,St Vincents East,50 medical park east drive,empty,empty,Birmingham,al,35235,Jeffersxn,2058383122,acute care hospitals,volunxary non-profix - privaxe,yes,surgical infection prevention,scip-inf-6,surgery patients needing hair removed from the surgical area before surgery who had hair removed using a safer method (electric clippers or hair removal cream c not a razor),100.0,601.0,al_scip-inf-6
218,10011,St Vincents East,50 medical park east drive,empty,empty,Birmingham,al,35235,Jefferson,20588122,acute care hospitals,voluntary non-profit - private,yes,surgical infection prevention,scip-vte-1,surgery patients whose doctors ordered treatments to prevent blood clots after certain types of surgeries,89.0,229.0,al_scip-vte-1
219,10011,St Vincents East,50 medical park east drive,empty,empty,Birmingham,al,35235,Jefferson,2058383122,acute care hospitals,voluntary nonxprofit x private,yes,surgical infection prevention,scip-vte-2,patients who got treatment  at the right time (within 24 hours before or after their surgery) to help prevent blood clots after certain types of surgery,83.0,224.0,al_scip-vte-2
220,10012,Dekalb Regional Medical Center,200 med center drive,empty,empty,Fort Payne,al,35968,De Kalb,2568453150,acute care hospitals,voluntary non-profit - church,yes,heart attack,ami-1,heartxattackxpatientsxgivenxaspirinxatxarrival,100.0,46.0,al_ami-1
221,10012,Dekalb Regional Medical Center,200 med center drive,empty,empty,Fort Payne,al,35968,De Kalb,2568453150,acute care hospitals,voluntary non-profit - church,yes,heart attack,ami-2,heart attack patients given aspirin at discharge,95.0,39.0,al_ami-2
222,10012,Dekalb Regional Medical Center,200 med center drive,empty,empty,Fort Payne,al,35968,Dx Kalb,2568453150,acute care hospitals,voluntaryxnon-profitx-xchurch,yes,heart attack,ami-3,heart attack patients given ace inhibitor or arb for left ventricular systolic dysfunction (lvsd),91.0,11.0,al_ami-3
223,10012,Dekalb Regional Medical Center,200 med center drive,empty,empty,Fort Payne,al,35968,De Kalb,2568453150,acute care hospitals,voluntary non-profit - church,yes,heart attack,ami-4,heart attack patients given smoking cessation advice/counseling,100.0,14.0,al_ami-4
224,10012,Dekalb Regional Medical Center,200 med center drive,empty,empty,Fort Payne,al,35968,Xe Kalb,2568453150,acute care hospitals,voluntary non-profit - church,yes,heart attack,ami-5,heart attack patients given beta blocker at discharge,95.0,41.0,al_ami-5
225,10012,Dekalb Regional Medical Center,200 med center drive,empty,empty,Fort Payne,al,35968,De Kalb,2568453150,acute care hospitals,voluntary non-profit - church,yes,heart attack,ami-7a,heart attack patients given fibrinolytic medication within 30 minutes of arrival,100.0,1.0,al_ami-7a
226,10012,Dekalb Regional Medical Center,200 med center drive,empty,empty,Fort Payne,al,35968,De Kalb,2568453150,acute care hospitals,voluntary non-profit - church,yes,hexrt attxck,ami-8a,heart attack patients given pci within 90 minutes of arrival,40.0,5.0,al_ami-8a
227,10012,Dekalb Regional Medical Center,200 med center drive,empty,empty,Fort Payne,al,35968,De Kalb,2568453150,acute care hospitals,voluntary non-profit - church,yes,heart failure,hf-1,heart failure patients given discharge instructions,89.0,76.0,al_hf-1
228,10012,Dekalb Regional Medical Center,200 med center drive,empty,empty,Fort Payne,al,35968,Dx Kalb,2568453150,acute care hospitals,voluntary non-profit - church,yes,heart failure,hf-2,heart failure patients given an evaluation of left ventricular systolic (lvs) function,100.0,94.0,al_hf-2
229,10012,Dekalb Regional Medical Center,200 med center drive,empty,empty,Fort Payxe,al,35968,De Kalb,256845350,acute care hospitals,voluntary non-profit - church,yes,heart failure,hf-3,heart failure patients given ace inhibitor or arb for left ventricular systolic dysfunction (lvsd),94.0,36.0,al_hf-3
230,10012,Dekalb Regional Medical Center,200 med center drive,empty,empty,Fort Payne,al,35968,De Kalb,2568453150,acute care hospitals,voluntary non-profit - church,yes,heart faxlure,hf-4,heart failure patients given smoking cessation advice/counseling,100.0,15.0,al_hf-4
231,10012,Dekalb Regional Medical Center,200 med center drive,empty,empty,Fort Payne,al,35968,De Kalb,2568453150,acute care hospitals,voluntary non-profit - church,yes,pneumonia,pn-2,pneumonia patients assessed and given pneumococcal vaccination,97.0,69.0,al_pn-2
232,10012,Dekalb Regional Medical Center,200 med center drive,empty,empty,Fort Payne,al,35968,De Kalb,2568453150,acute care hospitals,voluntary non-profit - church,yes,pneumonia,pn-3b,pneumonia patients whose initial emergency room blood culture was performed prior to the administration of the first hospital dose of antibiotics,93.0,91.0,al_pn-3b
233,10012,Dekalb Regional Medical Center,200 med center drive,empty,empty,Fort Payne,al,03598,De Kalb,2568453150,acute care hospitals,voluntary non-profit - church,yes,pneumonia,pn-4,pneumonia patients given smoking cessation advice/counseling,100.0,37.0,al_pn-4
234,10012,Dekalb Regional Medical Center,200 med center drive,empty,empty,Fort Payne,al,35968,De Kalb,2568453150,acute care hospitals,voluntary non-profit - church,yes,pneumonia,pn-5c,pneumonia patients given initial antibiotic(s) within 6 hours after arrival,99.0,88.0,al_pn-5c
235,10012,Dekalb Regional Medical Center,200 med center drive,empty,empty,Fort Payne,al,35968,De Kalb,2568453150,acute care hospitals,voluntary non-profit - church,yes,pneumonia,pn-6,pneumonia patients given the most appropriate initial antibiotic(s),88.0,82.0,al_pn-6
236,10012,Dekalb Regional Medical Center,200 med center drive,empty,empty,Fort Payne,al,35968,De Kalb,2568453150,acute care hospitals,voluntary non-profit - church,yes,pneumonia,pn-7,pneumonia patients assessed and given influenza vaccination,98.0,56.0,al_pn-7
237,10012,Dekalb Regional Medical Center,200 med center drive,empty,empty,Fort Payne,al,35968,De Kalb,2568453150,acute care hospitals,voluntary non-profit - church,yes,suxgical infection pxevention,scip-card-2,surgery patients who were taking heart drugs called beta blockers before coming to the hospital who were kept on the beta blockers during the period just before and after their surgery,100.0,16.0,al_scip-card-2
238,10012,Dekalb Regional Medical Center,200 med center drive,empty,empty,Fort Payne,al,35968,De Kalb,2568453150,acute care hospitals,voluntary non-profit - church,yes,surgical infection prevention,scip-inf-1,surgery patients who were given an antibiotic at the right time (within one hour before surgery) to help prevent infection,9.0,139.0,al_scip-inf-1
239,10012,Dekalb Regional Medical Center,200 med center drive,empty,empty,Fort Payne,al,35968,Xe Kalb,2568453150,acute care hospitals,voxuntary non-profit - church,yes,surgical infection prevention,scip-inf-2,surgery patients who were given the  right kind  of antibiotic to help prevent infection,96.0,147.0,al_scip-inf-2
240,10012,Dekalb Regional Medical Center,200 med center drive,empty,empty,Fort Payne,al,35968,De Kalb,2568453150,acute care hospitals,voluntary non-profit - church,yes,surgxcal infectxon preventxon,scip-inf-3,surgery patients whose preventive antibiotics were stopped at the right time (within 24 hours after surgery),98.0,136.0,al_scip-inf-3
241,10012,Dekalb Regional Medical Center,200 med center drive,empty,empty,Fort Payne,al,35968,De Kalb,2568453150,acute care hospitals,voluntary non-profit - church,yes,surgical infection prevention,scip-inf-4,all heart surgery patients whose blood sugar (blood glucose) is kept under good control in the days right after surgery,96.0,0.0,al_scip-inf-4
242,10012,Dekalb Regional Medical Center,200 med center drive,empty,empty,Fort Payne,al,35968,De Kalb,2568453150,acute care hospitals,voluntary non-profit - church,yes,surgical infection prevention,scip-inf-6,surgery patients needing hair removed from the surgical area before surgery who had hair removed using a safer method (electric clippers or hair removal cream c not a razor),100.0,179.0,al_scip-inf-6
243,10012,Dekalb Regional Medical Center,200 med center drive,empty,empty,Fort Payne,al,35968,De Kalb,2568453150,acute care hospitals,voluntary non-profit - church,yes,surgical infection prevention,scip-vte-1,surgery patients whose doctors ordered treatments to prevent blood clots after certain types of surgeries,97.0,90.0,al_scip-vte-1
244,10012,Dexalb Regional Medical Center,200 med center drive,empty,empty,Fort Payne,al,35968,De Kalb,2568453150,acute care hospitals,voluntary non-profit - church,yes,surgical infection prevention,scip-vte-2,patients who got treatment  at the right time (within 24 hours before or after their surgery) to help prevent blood clots after certain types of surgery,97.0,90.0,al_scip-vte-2
245,x00x5,Southwest Alabama Medical Center,33700 highway 43,empty,empty,Thomasville,al,36784,Clarke,3346366221,acute care hospitals,government - federal,yes,heart attack,ami-1,heart attack patients given aspirin at arrival,96.0,0.0,ax_ami-1
246,10015,Southwest Alabama Medical Center,33700 highway 43,empty,empty,Thomasville,al,36784,Clarke,3346366221,acute care hospitals,government - federal,yes,heart attack,ami-2,heart attack patients given aspirin at discharge,96.0,0.0,al_ami-2
247,10015,Southwest Alabama Medical Center,33700 highway 43,empty,empty,Thomasville,al,36784,Clarke,3346366221,acute care hospitals,government - federal,yes,heart attack,ami-3,heart attack patients given ace inhibitor or arb for left ventricular systolic dysfunction (lvsd),96.0,0.0,al_ami-3
248,10015,Southwest Alabama Medical Center,33700 highway 43,empty,empty,Thomasville,al,36784,Clarke,4666221,acute care hospitals,governxent - federal,yes,heart attack,ami-4,heart attack patients given smoking cessation advice/counseling,96.0,0.0,al_ami-4
249,10015,Southwest Alabama Medical Center,33700 highway 43,empty,empty,Thomasville,al,36784,Clarke,3346366221,acute care hospitals,government - federal,yes,heart attack,ami-5,heart attack patients given beta blocker at discharge,96.0,0.0,xl_xmi-5
250,10015,Southwest Alabama Medical Center,33700 highway 43,empty,empty,Thomasville,al,36784,Clarke,3346366221,acute care hospitals,government - federal,yes,heart attack,ami-7a,heart attack patients given fibrinolytic medication within 30 minutes of arrival,96.0,0.0,al_ami-7a
251,10015,Southwest Alabama Medical Center,33700 highway 43,empty,empty,Thomasville,al,36784,Clarke,3346366221,acute care hospitals,government - federal,yes,heart attack,ami-8a,heart attack patients given pci within 90 minutes of arrival,96.0,0.0,al_ami-8a
252,10015,Southwest Alabama Medical Center,33700 highway 43,empty,empty,Thomasville,al,36784,Clarke,3346366221,acute care hospitals,government - federal,yes,heart failure,hf-1,heart failure patients given discharge instructions,100.0,79.0,al_hf-1
253,10015,Southwest Alabama Medical Center,33700 highway 43,empty,empty,Thomasville,al,36784,Xlarke,3346366221,acute care hospitals,government - federal,yes,heart failure,hf-2,heart failure patients given an evaluation of left ventricular systolic (lvs) function,89.0,91.0,al_hf-2
254,1xx15,Southwest Alabama Medical Center,33700 highway 43,empty,empty,Thomasville,al,36784,Clarke,3346366221,acute care hospitals,government - federal,yes,heart failure,hf-3,heart failure patients given ace inhibitor or arb for left ventricular systolic dysfunction (lvsd),88.0,25.0,al_hf-3
255,10015,Southwest Alabama Medical Center,33700 highway 43,empty,empty,Thomasville,al,36784,Clarke,3346366221,acute care hospitals,government - federal,yes,heart failure,hf-4,heart failure patients given smoking cessation advice/counseling,88.0,17.0,al_hf-4
256,10015,Southwest Alabama Medical Center,33700 highway 43,empty,empty,Thomasville,al,36784,Clarke,3346366221,acute care hospitals,government - federal,yes,pneumonia,pn-2,pneumonia patients assessed and given pneumococcal vaccination,92.0,25.0,al_pn-2
257,10015,Southwest Alabama Medical Center,33700 highway 43,empty,empty,Thomasville,al,36784,Clarke,3346366221,acute care hospitals,government - federal,yes,xneumonia,pn-3b,pneumonxa patxents whose inxtxal emergency room blood culture was performed prxor to the admxnxstratxon of the fxrst hospxtal dose of antxbxotxcs,6.0,24.0,al_pn-3b
258,10015,Southwest Alabama Medical Center,33700 highway 43,empty,empty,Thomasville,al,36784,Clarke,3346366221,acute care hospitals,government - federal,yes,pneumonia,pn-4,pneumonia patients given smoking cessation advice/counseling,100.0,6.0,al_pn-4
259,10015,Southwest Alabama Medical Center,33700 highway 43,empty,empty,Thomasville,al,36784,Clarke,3346366221,acute care hospitals,government - federal,yes,pneumonia,pn-5c,pneumonia patients given initial antibiotic(s) within 6 hours after arrival,96.0,24.0,al_pn-5c
260,10015,Southwest Alabama Medical Center,33700 highway 43,empty,empty,Thomasville,al,36784,Clarke,3346366221,acute care hospitals,government - federal,yes,pneumonia,pn-6,pneumonia patients given the most appropriate initial antibiotic(s),100.0,26.0,al_pn-6
261,10015,Southwest Alabama Medical Center,33700 hxghway 43,empty,empty,Thomasville,al,36784,Clarke,3346366221,acute care hospitals,government - federal,yes,pneumonia,pn-7,pneumonia patients assessed and given influenza vaccination,92.0,24.0,al_pn-7
262,10015,Southwest Alabama Medical Center,33700 highway 43,empty,empty,Thomasville,al,36784,Clarke,3343221,acute care hospitals,government - federal,yes,surgical infection prevention,scip-card-2,surgery patients who were taking heart drugs called beta blockers before coming to the hospital who were kept on the beta blockers during the period just before and after their surgery,96.0,58.0,al_scip-card-2
263,10015,Southwest Alabama Medical Center,33700 highway 43,empty,empty,Thomasville,al,36784,Clarke,3346366221,acute care hospitals,government - federal,yes,surgical infection prevention,scip-inf-1,surgery patients who were given an antibiotic at the right time (within one hour before surgery) to help prevent infection,86.0,14.0,al_scip-inf-1
264,10015,Southwest Alabama Medical Center,33700 highway 43,empty,empty,Thomasville,al,36784,Clarke,3346366221,acute care hospitals,government - federal,yes,surgical infection prevention,scip-inf-2,surgery patients who were given the  right kind  of antibiotic to help prevent infection,93.0,14.0,al_scip-inf-2
265,10015,Southwest Alabama Medical Center,33700 highway x3,empty,empty,Thomasville,al,36784,Clarke,3346366221,acute care hospitals,government - federal,yes,surgical infection prevention,scxp-xnf-3,surgery patients whose preventive antibiotics were stopped at the right time (within 24 hours after surgery),86.0,14.0,al_scip-inf-3
266,10015,Southwest Alabama Medical Center,33700 highway 43,empty,empty,Thomasville,al,36784,Clarke,3346366221,acute care hospitals,government - federal,yes,surgical infection prevention,scip-inf-4,all heart surgery patients whose blood sugar (blood glucose) is kept under good control in the days right after surgery,96.0,0.0,al_scip-inf-4
267,10015,Southwest Alabama Medical Center,33700 highway 43,empty,empty,Thomasville,al,36784,Clarke,3346366221,acute care hospitals,government - federal,yes,surgical infection prevention,scip-inf-6,surgery patients needing hair removed from the surgical area before surgery who had hair removed using a safer method (electric clippers or hair removal cream c not a razor),100.0,15.0,al_scip-inf-6
268,10015,Southwest Alabama Medical Center,33700 highway 43,empty,empty,Thomasville,al,06784,Clarke,3346366221,acute care hospitals,government - federal,yes,surgical infection prevention,scip-vte-1,surgery patients whose doctors ordered treatments to prevent blood clots after certain types of surgeries,90.0,10.0,al_scip-vte-1
269,10015,Southwest Alabama Medical Center,33700 highway 43,empty,empty,Thomasville,al,36784,Clarke,3346366221,acute care hospitals,government - federal,yes,surgical infection prevention,scip-vte-2,patients who got treatment  at the right time (within 24 hours before or after their surgery) to help prevent blood clots after certain types of surgery,90.0,10.0,al_scip-vte-2
270,10016,Shelby Baptist Medical Center,1000 first street north,empty,empty,Alabaster,al,35007,Shelby,2056208100,acute care hospitals,voluntary non-profit - church,yes,heart attack,ami-1,heart attack patients given aspirin at arrival,99.0,179.0,al_axi-1
271,10016,Shelby Baptist Medical Center,1000 first street north,empty,empty,Alabaster,al,35007,Shelby,2056208100,acute care hospitals,voluntary non-profit - church,yes,heart attack,ami-2,heart attack patients given aspirin at discharge,97.0,208.0,al_ami-2
272,10016,Shelby Baptist Medical Center,1000 first street north,empty,empty,Alabaster,al,35007,Shelby,2056208100,acute care hospitals,voluntary non-profit - church,yes,heart attack,ami-3,heart attack patients given ace inhibitor or arb for left ventricular systolic dysfunction (lvsd),100.0,30.0,al_ami-3
273,10016,Shelby Baptist Medical Center,1000 first street north,empty,empty,Alabaster,al,35007,Shelby,2056208100,acute care hospitals,voluntary non-profit - church,yes,heart attack,ami-4,heart attack patients given smoking cessation advice/counseling,100.0,98.0,al_ami-4
274,1xx16,Shelby Baptist Medical Center,1000 first street north,empty,empty,Alabaster,al,35007,Shelby,2056208100,acute care hospitals,voluntary non-profit - church,yes,heart attack,ami-5,heart attack patients given beta blocker at discharge,97.0,169.0,al_ami-5
275,10016,Shelby Baptist Medical Center,1000 first street north,empty,empty,Alabaster,al,35007,Shelby,2056208100,acute care hospitals,voluntary non-profit - church,yes,heart attack,ami-7a,heart attack patients given fibrinolytic medication within 30 minutes of arrival,96.0,0.0,al_ami-7a
276,10016,Shelby Baptist Medical Center,1000 fixst stxeet noxth,empty,empty,Alabaster,al,35007,Shelby,2056208100,acute care hospitals,voluntary non-profit - church,yes,heart attack,ami-8a,heart attack patients given pci within 90 minutes of arrival,83.0,36.0,al_ami-8a
277,10016,Shelby Baptist Medical Center,1000 first street north,empty,empty,Alabaster,al,35007,Shelby,2056208100,acute care hospitals,voluntary non-profit - church,yes,heart failure,hf-1,heart failure patients given discharge instructions,86.0,210.0,al_hf-1
278,10016,Shelby Baptist Medical Center,1000 first street north,empty,empty,Alabaster,al,35007,Shelby,2056208100,acute care hospitals,voluntary non-profit - church,yes,heart failure,hf-2,heart failure patients given an evaluation of left ventricular systolic (lvs) function,100.0,246.0,al_hf-2
279,10016,Shelby Baptist Medical Center,1000 first street north,empty,empty,Alabaster,al,35007,Shelby,2056208100,acute care hospitals,voluntary non-profit - church,yes,heart failure,hf-3,heart failure patients given ace inhibitor or arb for left ventricular systolic dysfunction (lvsd),97.0,71.0,al_hf-3
280,10016,Shelby Baptist Medical Center,1000 first street north,empty,empty,Alabaster,al,35007,Shelby,2056208100,acute care hospitals,voluntary non-profit - church,yes,xeart failure,hf-4,heart failure patients given smoking cessation advice/counseling,100.0,48.0,al_hf-4
281,10016,Shelby Baptist Medical Center,1000 first street north,empty,empty,Alabaster,al,35007,Shelby,2056208100,acutexcarexhospitals,voluntary non-profit - church,yes,pneumonia,pn-2,pneumonia patients assessed and given pneumococcal vaccination,97.0,235.0,al_pn-2
282,10016,Shelby Baptist Medical Center,1000 first street north,empty,empty,Alabaster,al,35007,Shelby,2056208100,acute care hospitals,voluntary non-profit - church,yes,pneumonia,pn-3b,pnxumonia patixnts whosx initial emxrgxncy room blood culturx was pxrformxd prior to thx administration of thx first hospital dosx of antibiotics,100.0,110.0,al_pn-3b
283,10016,Shelby Baptist Medical Center,1000 first street north,empty,empty,Alabaster,al,35007,Shelby,2056208100,acute care hospitals,voluntary non-profit - church,yes,pneumonia,pn-4,pneumonia patients given smoking cessation advice/counseling,100.0,131.0,al_pn-4
284,10016,Shelby Baptist Medical Center,1000 first street north,empty,empty,Alabaster,al,03007,Shelby,2056208100,acute care hospitals,voluntary non-profit - church,yes,pneumonia,pn-5c,pneumonia patients given initial antibiotic(s) within 6 hours after arrival,96.0,239.0,al_pn-5c
285,10016,Shelby Baptist Medical Center,1000 first street north,empty,empty,Alabaster,al,35007,Shelby,2056208100,acute care hospitals,voluntary non-profit - church,yes,pneumonia,pn-6,pneumonia patients given the most appropriate initial antibiotic(s),93.0,116.0,al_pn-6
286,10016,Shelby Baptist Medical Center,1000 first street north,empty,empty,Alabaster,al,35007,Shelby,2056208100,acute care hospitals,voluntary non-profit - church,yes,pneumonia,pn-7,pneumonia patients assessed and given influenza vaccination,92.0,199.0,al_pn-7
287,10016,Shelby Baptist Medical Center,1000 first street north,empty,empty,Alabaster,al,35007,Shelby,2056208100,acute care hospitals,voluntary non-profit - church,yes,surgical infection prevention,scip-card-2,surgery patients who were taking heart drugs called beta blockers before coming to the hospital who were kept on the beta blockers during the period just before and after their surgery,89.0,96.0,al_scip-card-2
288,10016,Shelby Baptist Medical Center,1000 first street north,empty,empty,Alabaster,al,35007,Shelby,2056208100,acute care hospitals,voluntary non-profit - church,yes,surgical infection prevention,scip-inf-1,surgery patients who were given an antibiotic at the right time (within one hour before surgery) to help prevent infection,98.0,368.0,al_scip-inf-1
289,10016,Shelby Baptist Medical Center,1000 first street north,empty,empty,Alabaster,al,35007,Shelby,2056208100,acute care hospitals,voluntary non-profit - church,yes,surgical infection prevention,scip-inf-2,surgery patients who were given the  right kind  of antibiotic to help prevent infection,99.0,370.0,al_scip-inf-2
290,10016,Shelby Baptist Medical Center,1000 first street north,empty,empty,Alabaster,al,35007,Shelby,2056208100,acute care hospitals,voluntary non-profit - church,yes,surgical infection prevention,scip-inf-3,surgery patients whose preventive antibiotics were stopped at the right time (within 24 hours after surgery),91.0,331.0,al_scip-inf-3
291,10016,Shelby Baptist Medical Center,1000 first street north,empty,empty,Alabaster,al,05007,Shelby,2056208100,acute care hospitals,voluntary non-profit - church,yes,surgical infection prevention,scip-inf-4,all heart surgerx patients whose blood sugar (blood glucose) is kept under good control in the daxs right after surgerx,93.0,116.0,al_scip-inf-4
292,10016,Shelby Baptist Medical Center,1000 first street north,empty,empty,Alabaster,al,35007,Shelby,2056208100,acute care hospitals,voluntary non-profit - church,yes,surgical infection prevention,scip-inf-6,surgery patients needing hair removed from the surgical area before surgery who had hair removed using a safer method (electric clippers or hair removal cream c not a razor),100.0,588.0,al_scip-inf-6
293,10016,Shelby Baptist Medical Center,1000 first street north,empty,empty,Alabaster,al,35007,Shelby,2056208100,acute care hospitals,voluntary non-profit - church,yes,surgical infection prevention,scip-vte-1,surgery patients whose doctors ordered treatments to prevent blood clots after certain types of surgeries,97.0,226.0,al_scip-vte-1
294,10016,Shelby Baptist Medical Center,1000 first street north,empty,empty,Alabaster,al,35007,Shelby,2056208100,acute care hospitals,voluntary non-profit - church,yes,surgical infection prevention,scip-vte-2,patients who got treatment  at the right time (within 24 hours before or after their surgery) to help prevent blood clots after certain types of surgery,94.0,225.0,al_scip-vte-2
295,10018,Callahan Eye Foundation Hospital,1720 university blvd,empty,empty,Birmingham,al,35233,Jefferson,2053258100,acute care hospitals,voluntary non-profit - private,yes,heart attack,ami-1,heart attack patients given aspirin at arrival,96.0,58.0,al_ami-1
296,10018,Callahan Eye Foundation Hospital,1720 univxrsity blvd,empty,empty,Birmingham,al,35233,Jefferson,2053258100,acute care hospitals,voluntary non-profit - private,yes,heart attack,ami-2,heart attack patients given aspirin at discharge,96.0,58.0,al_ami-2
297,10018,Callahan Eye Foundation Hospital,1720 university blvd,empty,empty,Birmingham,al,35233,Jefferson,2053258100,acute care hospitals,voluntary non-profit - private,yes,heart attack,ami-3,heart attack patients given ace inhibitor or arb for left ventricular systolic dysfunction (lvsd),96.0,58.0,al_ami-3
298,10018,Callahan Eye Foundation Hospital,1720 university blvd,empty,empty,Birmingham,al,35233,Jefferson,2053258100,acute care hospitals,voluntary non-profit - private,yes,heart attack,ami-4,heart attack patients given smoking cessation advice/counseling,96.0,58.0,al_ami-4
299,10018,Callahan Eye Foundation Hospital,1720 university blvd,empty,empty,Birmingham,al,35233,Jefferson,2053258100,acute care hospitals,voluntary non-profit - private,yes,heart attack,ami-5,heart attack patients given beta blocker at discharge,96.0,58.0,al_ami-5
300,10018,Callahan Eye Foundation Hospital,1720 university blvd,empty,empty,Birmingham,al,35233,Jefferson,2053258100,acute care hospitals,voluntary non-profit - private,yes,heart attack,ami-7a,heart attack patients given fibrinolytic medication within 30 minutes of arrival,96.0,58.0,al_ami-7a
301,10018,Callahan Eye Foundation Hospital,1720 university blvd,empty,empty,Birmingham,al,35233,Jefferson,2053258100,acute care hospitals,voluntary non-profit - private,yes,heart attack,ami-8a,heart attack patients given pci within 90 minutes of arrival,96.0,58.0,al_ami-8a
302,10018,Callahan Eye Foundation Hospital,1720 university blvd,empty,empty,Birmingham,al,35233,Jefferson,2053258100,acute care hospitals,voluntary non-profit - private,yes,heart failure,hf-1,heart failure patients given discharge instructions,96.0,58.0,al_hf-1
303,10018,Callahan Eye Foundation Hospital,1720 university blvd,empty,empty,Birmingham,al,35233,Jefferson,2053258100,acute care hospitals,voluntary non-profit - private,yes,heart failure,hf-2,heart failure patients given an evaluation of left ventricular systolic (lvs) function,96.0,58.0,al_hf-2
304,10018,Callahan Eye Foundation Hospital,1720 university blvd,empty,empty,Birmingham,al,35233,Jefferson,2053258100,acute care hospitals,voluntary non-profit - private,yes,heart failure,hf-3,heart failure patients given ace inhibitor or arb for left ventricular systolic dysfunction (lvsd),96.0,58.0,al_hf-3
305,10018,Callahan Eye Foundation Hospital,1720 university blvd,empty,empty,Birmingham,al,35233,Jefferson,2053258100,acute care hospitals,voluntary non-profit - private,yes,heart failure,hf-4,heart failure patients given smoking cessation advice/counseling,96.0,58.0,al_hf-4
306,10018,Callahan Eye Foundation Hospital,1720 university blvd,empty,empty,Birmingham,al,35233,Jefferson,2053258100,acute care hospitals,voluntary non-profit - private,yes,pneumonia,pn-2,pneumonia patients assessed and given pneumococcal vaccination,96.0,58.0,al_pn-2
307,10018,Callahan Eye Foundation Hospital,1720 university blvd,empty,empty,Birmingham,al,35233,Jefferson,2053258100,acute care hospitals,voluntary non-profit - private,yes,pneumonia,pn-3b,pneumonia patients whose initial emergency room blood culture was performed prior to the administration of the first hospital dose of antibiotics,96.0,58.0,al_pn-3b
308,10018,Callahan Eye Foundation Hospital,1720 university blvd,empty,empty,Birmingham,al,35233,Jefferson,2053258100,acute care hospitals,voluntary non-profit - private,yes,pneumonia,pn-4,pneumonia patients given smoking cessation advice/counseling,96.0,58.0,al_pn-4
309,10018,Callahan Eye Foundation Hospital,1720 university blvd,empty,empty,Birmingham,al,35233,Jefferson,2053258100,acute care hospitals,voluntary non-profit - private,yes,pneumonia,pn-5c,pneumonia patients given initial antibiotic(s) within 6 hours after arrival,96.0,58.0,al_pn-5c
310,10018,Callahan Eye Foundation Hospital,1720 university blvd,empty,empty,Birmingham,al,35233,Jefferson,2053258100,acute care hospitals,voluntary non-profit - private,yes,pneumonia,pn-6,pneumonia patients given the most appropriate initial antibiotic(s),96.0,58.0,al_pn-6
311,10018,Callahan Eye Foundation Hospital,1720 university blvd,empty,empty,Birmingham,al,35233,Jefferson,2053258100,acute care hospitals,voluntary non-profit - private,yes,pneumonia,pn-7,pneumonia patients assessed and given influenza vaccination,96.0,58.0,al_pn-7
312,10038,Stringfellow Memorial Hospital,301 east 18th st,empty,empty,Axxistox,al,36201,Calhoun,2562358900,acute care hospitals,proprietary,yes,children s asthma care,cac-2,children who received systemic corticosteroid medication (oral and iv medication that reduces inflammation and controls symptoms) while hospitalized for asthma,100.0,9.0,al_cac-2
313,10038,Stringfellow Memorial Hospital,301 east 18th st,empty,empty,Anniston,al,36201,Calhoxn,2562358900,acute care hospitals,proprietary,yes,children s asthma care,cac-3,children and their caregivers who received a home management plan of care document while hospitalized for asthma,33.0,9.0,al_cac-3
314,10038,Stringfellow Memorial Hospital,301 east 18th st,empty,empty,Anniston,al,36201,Calhoun,2562358900,acute care hospitals,prxprietary,yes,heart attack,ami-1,heart attack patients given aspirin at arrival,98.0,81.0,al_ami-1
315,100x8,Stringfellow Memorial Hospital,301 east 18th st,empty,empty,Anniston,al,36201,Calhoun,2562358900,acute care hospitals,proprietary,yes,heart attack,ami-2,heart attack patients given aspirin at discharge,96.0,73.0,al_ami-2
316,10038,Stringfellow Memorial Hospital,301 east 18th st,empty,empty,Anniston,al,36201,Calhoun,2562358900,acute care hospitals,proprietary,yes,heart attack,ami-3,heart attack patients given ace inhibitor or arb for left ventricular systolic dysfunction (lvsd),93.0,14.0,al_ami-3
317,10038,Stringfellow Memorial Hospital,301xeastx18thxst,empty,empty,Anniston,al,36201,Calhoun,2562358900,acute care hospitals,proprietary,yes,heart attack,ami-4,heart attack patients given smoking cessation advice/counseling,100.0,29.0,al_ami-4
318,10038,Stringfellow Memorial Hospital,301 east 18th st,empty,empty,Anniston,al,36201,Calhoun,2562358900,acute care hospitals,proprietary,yes,heart attack,ami-5,heart attack patients given beta blocker at discharge,93.0,67.0,al_ami-5
319,10038,Stringfellow Memorial Hospital,301 east 18th st,empty,empty,Anniston,al,36201,Calhoun,2562358900,acute care hospitals,proprietary,xes,heart attack,ami-7a,heart attack patients given fibrinolytic medication within 30 minutes of arrival,0.0,1.0,al_ami-7a
320,10038,Stringfellow Memorial Hospital,301 east 18th st,empty,empty,Anniston,al,36201,Calhoun,2562358900,acute care hospitals,proprietary,yes,heart attack,ami-8a,heart attack patients given pci within 90 minutes of arrival,87.0,15.0,al_ami-8a
321,10038,Stringfellow Memorial Hospital,301 east 18th st,empty,empty,Anniston,al,36201,Calhoun,2562358900,acute care hospitals,proprietary,yes,heart failure,hf-1,heart failure patients given discharge instructions,87.0,142.0,al_hf-1
322,10038,Stringfellow Memorial Hospital,301 east 18th st,empty,empty,Anniston,al,36201,Calhoun,256235900,acute care hospitals,proprietary,yes,heart failure,hf-2,heart failure patients given an evaluation of left ventricular systolic (lvs) function,100.0,157.0,al_hf-2
323,10038,Stringfellow Memorial Hospital,301 east 18th st,empty,empty,Anniston,al,36201,Calhoun,2562358900,acute care hospitals,proprietary,yes,heart failure,hf-3,heart failure patients given ace inhibitor or arb for left ventricular systolic dysfunction (lvsd),90.0,49.0,al_hf-3
324,10038,Stringfellow Memorial Hospital,301 east 18th st,empty,empty,Anniston,al,36201,Calhoun,2562358900,acute care hospitals,proprietary,yes,heart failure,hf-4,heart failure patients given smoking cessation advice/counseling,100.0,41.0,al_hf-4
325,10038,Stringfellow Memorial Hospital,301 east 18th st,empty,empty,Anniston,al,36201,Caxhoun,2562358900,acute care hospitals,proprietary,yes,pneumonia,pn-2,pneumonia patients assessed and given pneumococcal vaccination,97.0,110.0,al_pn-2
326,10038,Stringfellow Memorial Hospital,301 east 18th st,empty,empty,Anniston,al,03601,Calhoun,2562358900,acute care hospitals,proprietary,yes,pneumonia,pn-3b,pneumonia patients whose initial emergency room blood culture was performed prior to the administration of the first hospital dose of antibiotics,100.0,102.0,al_pn-3b
327,10038,Stringfellow Memorial Hospital,301 east 18th st,empty,empty,Anniston,al,36201,Calhoun,2562358900,acute care hospitals,proprietary,yes,pneumonia,pn-4,pneumonia patients given smoking cessation advice/counseling,100.0,83.0,al_pn-4
328,10038,Stringfellow Memorial Hospital,301 east 18th st,empty,empty,Anniston,al,36201,Calhoun,2562358900,acute care hospitals,proprietary,yes,pneumonia,pn-5c,pneumonia patients given initial antibiotic(s) within 6 hours after arrival,97.0,145.0,al_pn-5c
329,10038,Stringfellow Memorial Hospital,301 east 18th st,empty,empty,Anniston,al,36201,Calhoun,2562358900,acute care hospitals,proprietary,yes,pneumonia,pn-6,pneumonia patients given the most appropriate initial antibiotic(s),92.0,99.0,al_pn-6
330,10038,Stringfellow Memorial Hospital,301 east 18th st,empty,empty,Anniston,al,36201,Calhoun,2562358900,acute care hospitals,proprietary,yes,pneumonia,pn-7,pneumonia patients assessed and given influenza vaccination,91.0,87.0,al_pn-7
331,10038,Stringfellow Memorial Hospital,301 east 18th st,empty,empty,Anniston,al,36201,Calhoun,2562358900,acute care hospitals,proprietary,yes,surgical infection prevention,scip-card-2,surgery patients who were taking heart drugs called beta blockers before coming to the hospital who were kept on the beta blockers during the period just before and after their surgery,83.0,23.0,al_scip-card-2
332,10055,Flowers Hospital,4370 west main street,empty,empty,Dothan,al,36305,Houston,3347935000,acute care hospitals,proprietary,yes,heart failure,hf-2,heart failure patients given an evaluation of left ventricular systolic (lvs) function,100.0,342.0,al_hf-2
333,10055,Flowers Hospital,4370 west main street,empty,empty,Dothan,al,03305,Houston,3347935000,acute care hospitals,proxrietary,yes,heart failure,hf-3,heart failure patients given ace inhibitor or arb for left ventricular systolic dysfunction (lvsd),100.0,94.0,al_hf-3
334,10055,Flowers Hospital,4370 west main street,empty,empty,Dothan,al,36305,Houston,3347935000,acute care hospitals,proprietary,yes,heart failure,hf-4,heart failure patients given smoking cessation advice/counseling,100.0,62.0,al_hf-4
335,10055,Flowers Hospital,4370xwestxmainxstreet,empty,empty,Dothan,al,36305,Houston,3347935000,acute care hospitals,proprietary,yes,pneumonia,pn-2,pneumonia patients assessed and given pneumococcal vaccination,100.0,166.0,al_pnx2
336,10055,Flowers Hospital,4370 west main street,empty,empty,Dothan,al,36305,Houston,3347935000,acute care hospitals,proprietary,yes,pneumonia,pn-3b,pneumonia patients whose initial emergency room blood culture was performed prior to the administration of the first hospital dose of antibiotics,100.0,152.0,al_pn-3b
337,10055,Flowers Hospital,4370 west main street,empty,empty,Dothan,al,36305,Houston,3347935000,acute care hospitals,proprietary,yes,pneumonia,pn-4,pneumonia patients given smoking cessation advice/counseling,0.0,77.0,al_pn-4
338,10055,Floxers Hospital,4370 west main street,empty,empty,Dothan,al,36305,Houston,3347935000,acute care hospitals,proprietary,yes,pneumonia,pn-5c,pneumonia patients given initial antibiotic(s) within 6 hours after arrival,99.0,146.0,al_pn-5c
339,10055,Flowers Hospital,4370 west main street,empty,empty,Dothan,al,36305,Houston,3347935000,acute care hospitals,proprietary,yes,pneumonia,pn-6,pneumonia patients given the most appropriate initial antibiotic(s),99.0,112.0,al_pn-6
340,10055,Flowers Hospital,4370 west main street,empty,empty,Dothan,al,36305,Houston,3347935000,acute care hospitals,proprietary,yes,pneumonia,pn-7,pneumonia patients assessed and given influenza vaccination,99.0,128.0,al_pn-7
341,10055,Flowers Hospital,4370 west main street,empty,empty,Dothan,al,00605,Houston,3347935000,acute care hospitals,proprietary,yes,surgical infection prevention,scip-card-2,surgery patients who were taking heart drugs called beta blockers before coming to the hospital who were kept on the beta blockers during the period just before and after their surgery,100.0,147.0,al_scip-card-2
342,10055,Flowers Hospital,4370 west main street,empty,empty,Dothan,al,36305,Houston,3347935000,acute care hospitals,proprietary,yes,surgical infection prevention,scip-inf-1,surgery patients who were given an antibiotic at the right time (within one hour before surgery) to help prevent infection,100.0,950.0,al_scip-inf-1
343,10055,Flowers Hospital,4370 west main street,empty,empty,Dothan,al,36305,Houston,4795000,acute care hospitals,proprietary,yes,surgical infection prevention,scip-inf-2,surgery patients who were given the  right kind  of antibiotic to help prevent infection,100.0,957.0,al_scip-inf-2
344,10055,Flowers Hospital,4370 west main street,empty,empty,Dothan,al,36305,Houston,3347935000,acute care hospitals,proprietary,yes,surgical infection prevention,scip-inf-3,surgery patients whose preventive antibiotics were stopped at the right time (within 24 hours after surgery),99.0,882.0,al_scip-inf-3
345,10055,Flowers Hospital,4370 west main street,empty,empty,Dothan,al,36305,Houston,3347935000,acute care hospitals,proprietary,yes,surgical infection prevention,scip-inf-4,all heart surgery patients whose blood sugar (blood glucose) is kept under good control in the days right after surgery,98.0,165.0,al_scip-inf-4
346,10055,Flowers Hospital,4370 west main street,empty,empty,Dothan,al,36305,Houston,3347935000,acute care hospitals,proprietary,yes,surgical infection prevention,scip-inf-6,surgery patients needing hair removed from the surgical area before surgery who had hair removed using a safer method (electric clippers or hair removal cream c not a razor),100.0,1000.0,al_scip-inf-6
347,10055,Flowers Hospital,4370 west main street,empty,empty,Dothan,al,36305,Housxon,3347935000,acute care hospitals,proprietary,yes,surgical infection prevention,scip-vte-1,surgery pxtients whose doctors ordered trextments to prevent blood clots xfter certxin types of surgeries,100.0,497.0,al_scip-vte-1
348,10055,Flowers Hospital,4370 west main street,empty,empty,Dothan,al,36305,Houston,3347935000,acute care hospitals,proprietary,yes,surgical infection prevention,scip-vte-2,patients who got treatment  at the right time (within 24 hours before or after their surgery) to help prevent blood clots after certain types of surgery,100.0,497.0,al_scipxvtex2
349,10056,St Vincents Hospital,810 st vincents drive,empty,empty,Birmingham,al,35205,Jefferson,2059397000,acute care hospitals,voluntary non-profit - other,yes,heart attack,ami-1,heart attack patients given aspirin at arrival,97.0,239.0,al_ami-1
350,10056,St Vincents Hospital,810 st vincents drive,empty,empty,Birmingham,al,35205,Jefferson,2059397000,acute care hospitals,voluntary non-profit - other,yes,heart attack,amix2,heart attack patients given aspirin at discharge,98.0,260.0,al_ami-2
351,10056,St Vincents Hospital,810 st vxncents drxve,empty,empty,Birmingham,al,35205,Jefferson,2059397000,acute care hospitals,voluntary non-profit - other,yes,heart attack,ami-3,heart attack patients given ace inhibitor or arb for left ventricular systolic dysfunction (lvsd),85.0,41.0,al_ami-3
352,10056,St Vincents Hospital,810 st vincents drive,empty,empty,Birmingham,al,35205,Jefferson,2059397000,acute care hospitals,voluntary non-profit - other,yes,heart attack,ami-4,heart attack patients given smoking cessation advice/counseling,100.0,63.0,al_ami-4
353,10056,St Vincents Hospital,810 st vincents drive,empty,empty,Birmingham,al,35205,Jefferson,2059397000,acute care hospitals,voluntary non-profit - other,yes,heart attack,ami-5,heart attack patients given beta blocker at discharge,96.0,242.0,al_ami-5
354,10085,Decatur General Hospital,1201 7th street se,empty,empty,Decatur,al,35609,Morgan,2563412000,acute care hospitals,government - hospital district or authority,yes,surgical infection prevention,scip-vte-2,patients who got treatment  at the right time (within 24 hours before or after their surgery) to help prevent blood clots after certain types of surgery,87.0,205.0,al_scip-vte-2
355,10086,Northwest Medical Center,1530 u s highway 43,empty,empty,Winfield,al,35594,Marion,2054877736,acute care hospitals,proprietary,yes,heart attack,ami-1,heart attack patients given aspirin at arrival,100.0,1.0,al_ami-1
356,10086,Northwest Medical Center,1530 u s highway 43,empty,empty,Winfield,al,35594,Marion,2054877736,acute care hospitals,proprietary,yes,heart attack,ami-2,heart attack patients given aspirin at discharge,100.0,7.0,al_ami-2
357,10086,Northwest Medical Center,1530 u s highway 43,empty,empty,Winfield,al,35594,Marion,2054877736,acute care hospitals,prxprietary,yes,heart attack,ami-3,heart attack patients given ace inhibitor or arb for left ventricular systolic dysfunction (lvsd),100.0,2.0,al_ami-3
358,10086,Northwest Medical Center,1530 u s highway 43,empty,empty,Winfield,al,35594,Marion,2054877736,acute care hospitals,proprietary,yes,heart attack,ami-4,heart attack patients given smoking cessation advice/counseling,100.0,1.0,al_ami-4
359,10086,Northwest Medical Center,1530 u s highway 43,empty,empty,Winfield,al,35594,Marion,2054877736,acute care hospitals,proprietary,yes,heart attack,ami-5,heart attack patients given beta blocker at discharge,100.0,8.0,al_ami-5
360,10086,Northwest Medical Center,1530 u s highway 43,empty,empty,Winfield,al,35594,Marion,2054877736,acute care hospitals,proprietary,yes,heart attack,ami-7a,heart attack patients given fibrinolytic medication within 30 minutes of arrival,0.0,1.0,al_ami-7a
361,100x6,Northwest Medical Center,1530 u s highway 43,empty,empty,Winfield,al,35594,Marion,2054877736,acute care hospitals,proprietary,yes,heart attack,ami-8a,heart attack patients given pci within 90 minutes of arrival,96.0,0.0,al_ami-8a
362,10086,Northwest Medical Center,1530 u s highway 43,empty,empty,Winfield,al,35594,Marion,2054877736,acute care hospitals,proprietary,yes,heart failure,hf-1,heart failure patients given discharge instructions,90.0,48.0,al_hf-1
363,10086,Northwest Medical Center,1530 u s highway 43,empty,empty,Winfield,al,35594,Marion,2054877736,acute care hospitals,proprietary,yes,heart failure,hf-2,heart failure patients given an evaluation of left ventricular systolic (lvs) function,100.0,59.0,al_hf-2
364,10086,Northwest Medical Center,1530xuxsxhighwayx43,empty,empty,Winfield,al,35594,Marion,2054877736,acute care hospitals,proprietary,yes,heart failure,hf-3,heart failure patients given ace inhibitor or arb for left ventricular systolic dysfunction (lvsd),85.0,13.0,al_hf-3
365,10086,Northwest Medical Center,1530 u s highway 43,empty,empty,Winfield,al,35594,Marion,2054877736,acute care hospitals,proprietary,yes,heart failure,hf-4,heart failure patients given smoking cessation advice/counseling,100.0,14.0,al_hf-4
366,10086,Northwest Medical Center,1530 u s highway 43,empty,empty,Winfield,al,35594,Marion,2054877736,acute care hospitals,proprietary,yes,pneumonia,pn-2,pneumonia patients assessed and given pneumococcal vaccination,91.0,66.0,al_pn-2
367,10086,Northwest Medical Center,1530 u s highway 43,empty,empty,Winfield,al,00394,Marion,2054877736,acute care hospitals,proprietary,yes,pnxumonia,pn-3b,pneumonia patients whose initial emergency room blood culture was performed prior to the administration of the first hospital dose of antibiotics,98.0,59.0,al_pn-3b
368,10086,Northwest Medical Center,1530 u s highway 43,empty,empty,Winfielx,al,35594,Marion,2054877736,acute care hospitals,proprietary,yes,pneumonia,pn-4,pneumonia patients given smoking cessation advice/counseling,98.0,40.0,al_pn-4
369,10086,Northwest Medical Center,1530 u s highway 43,empty,empty,Winfield,al,35594,Marion,2054877736,acute care hospitals,proprietary,yes,pneumonia,pn-5c,pneumonia patients given initial antibiotic(s) within 6 hours after arrival,100.0,85.0,al_pn-5c
370,10086,Northwest Medical Center,1530 u s highway 43,empty,empty,Winfield,al,35594,Marion,2054877736,acute care hospitals,proprietary,yes,pnexmonia,pn-6,pneumonia patients given the most appropriate initial antibiotic(s),100.0,62.0,al_pn-6
371,10086,Northwest Medical Center,1530 u s highway 43,empty,empty,Winfield,al,35594,Marion,2054877736,acute care hospitals,proprietary,yes,pneumonia,pn-7,pneumonia patients assessed and given influenza vaccination,82.0,45.0,alxpn-7
372,10086,Northwest Medical Center,1530 u s highway 43,empty,empty,Winfield,al,35594,Marion,2054877736,acute care hospitals,proprietary,yes,surgical infection prevention,scip-card-2,surgery patients who were taking heart drugs called beta blockers before coming to the hospital who were kept on the beta blockers during the period just before and after their surgery,89.0,19.0,al_scip-card-2
373,10086,Northwest Medical Center,1530 u s highway 43,empty,empty,Winfield,al,35594,Marion,2054877736,acute care hospitals,proprietary,yes,surgical infection prevention,scip-inf-1,surgery patients who were given an antibiotic at the right time (within one hour before surgery) to help prevent infection,98.0,102.0,al_scip-inf-1
374,10086,Northwest Medical Center,1530 u s highway 43,empty,empty,Winfield,al,35594,Marion,2054877736,acute care hospitals,proprietary,yes,surgical infection prevention,scip-inf-2,surgery patients who were given the  right kind  of antibiotic to help prevent infection,99.0,103.0,al_sxip-inf-2
375,10086,Northwest Medical Center,1530 u s highway 43,empty,empty,Winfield,al,35594,Marion,2054877736,acute care hospitals,proprietary,yes,surgical infection prevention,scip-inf-3,surgery patients whose preventive antibiotics were stopped at the right time (within 24 hours after surgery),94.0,98.0,al_scip-inf-3
376,10086,Northwest Medical Center,1530 u s highway 43,empty,empty,Winfield,al,00394,Marion,2054877736,acute care hospitals,proprietary,yes,surgical infection prevention,scip-inf-4,all heart surgery patients whose blood sugar (blood glucose) is kept under good control in the days right after surgery,96.0,0.0,al_scip-inf-4
377,10086,Northwest Medical Center,1530 u s highway 43,empty,empty,Winfield,al,35594,Marion,2054877736,acute care hospitals,proprietary,yes,surgical infection prevention,scip-inf-6,surgery patients needing hair removed from the surgical area before surgery who had hair removed using a safer method (electric clippers or hair removal cream c not a razor),100.0,146.0,al_scip-inf-6
378,10086,Northwest Medical Center,1530 u s highway 43,empty,empty,Winfield,al,35594,Marion,2054877736,acute care hospitals,proprietary,yes,surgical infection prevention,scip-vte-1,surgery patients whose doctors ordered treatments to prevent blood clots after certain types of surgeries,95.0,58.0,al_scip-vte-1
379,10086,Northwest Medical Center,1530 u s highway 43,empty,empty,Winfield,al,35594,Marion,2054877736,acute care hospitals,proprietary,yes,surgical infection prevention,scip-vte-2,patients who got treatment  at the right time (within 24 hours before or after their surgery) to help prevent blood clots after certain types of surgery,5.0,58.0,al_scip-vte-2
380,10087,Univ Of South Alabama Medical Center,2451 fillingim street,empty,empty,Mobile,al,36617,Mobile,2514717110,acute care hospitals,government - state,yes,heart attack,ami-1,heart attack patients given aspirin at arrival,99.0,86.0,al_ami-1
381,10087,Univ Of South Alabama Medical Center,2451 fillingim street,empty,empty,Mobile,al,36617,Mobile,2514717110,acute care hospitals,government - state,yes,heart attack,ami-2,heaxt attack patients given aspixin at dischaxge,97.0,91.0,al_ami-2
382,10087,Univ Of South Alabama Medical Center,2451 fillingim street,empty,empty,Mobile,al,36617,Mobile,254770,acute care hospitals,government - state,yes,heart attack,ami-3,heart attack patients given ace inhibitor or arb for left ventricular systolic dysfunction (lvsd),100.0,22.0,al_ami-3
383,10087,Univ Of South Alabama Medical Center,2451 fillingim street,empty,empty,Mobile,al,36617,Mobile,2514717110,acute care hospitals,government - state,yes,heart attack,ami-4,heart attack patients given smoking cessation advice/counseling,100.0,58.0,al_ami-4
384,10087,Univ Of South Alabama Medical Center,2451 fillingim street,empty,empty,Mobile,al,36617,Mobile,2514717110,acute care hospitals,government - state,yes,heart attack,ami-5,heart attack patients given beta blocker at discharge,96.0,96.0,al_ami-5
385,10087,Univ Ox South Alabama Medical Center,2451 fillingim street,empty,empty,Mobile,al,36617,Mobile,254770,acute care hospitals,government - state,yes,heart attack,ami-7a,heart attack patients given fibrinolytic medication within 30 minutes of arrival,96.0,0.0,al_ami-7a
386,10087,Xniv Of Soxth Alabama Medical Center,2451 fillingim street,empty,empty,Mobile,al,36617,Mobile,2514717110,acute care hospitals,government - state,yes,heart attack,ami-8a,heart attack patients given pci within 90 minutes of arrival,50.0,16.0,al_ami-8a
387,10087,Univ Of South Alabama Medical Center,2451 fillingim street,empty,empty,Mobile,al,36617,Mobile,254770,acute care hospitals,government - state,yes,hxart failurx,hf-1,heart failure patients given discharge instructions,83.0,146.0,al_hf-1
388,10087,Univ Of South Alabama Medical Center,2451 fillingim street,empty,empty,Mobile,al,36617,Mobile,2514717110,acute care hospitals,government - state,yes,heart failure,hf-2,heart failure patients given an evaluation of left ventricular systolic (lvs) function,98.0,150.0,al_hx-2
389,10087,Univ Of South Alabama Medical Center,2451 fillingim street,empty,empty,Mobile,al,36617,Mobile,2514717110,acute care hospitals,government - state,yes,heart failure,hf-3,heart failure patients given ace inhibitor or arb for left ventricular systolic dysfunction (lvsd),96.0,84.0,al_hf-3
390,10087,Univ Of South Alabama Medical Center,2451 fillingim street,empty,empty,Mobile,al,36617,Mobile,2514717110,acute care hospitals,government - state,yes,heart failure,hf-4,heart xailure patients given smoking cessation advice/counseling,100.0,45.0,al_hf-4
391,10087,Univ Of South Alabama Medical Center,2451 fillingim street,empty,empty,Mobile,al,36617,Mobile,2514717110,acute care hospitals,government - state,yes,pneumonia,pn-2,pneumonia patients assessed and given pneumococcal vaccination,71.0,7.0,al_pn-2
392,10087,Univ Of South Alabama Medical Center,2451 fillingim street,empty,empty,Mobile,al,36617,Mobile,2514717110,acute care hospitals,government - state,yes,pneumonia,pn-xb,pneumonia patients whose initial emergency room blood culture was performed prior to the administration of the first hospital dose of antibiotics,89.0,35.0,al_pn-3b
393,10108,Prattville Baptist Hospital,124 s memorial dr,empty,empty,Prattville,al,36067,Autauga,3343614267,acute care hospitals,voluntary non-profit - private,yes,heart attack,ami-2,heart attack patients given aspirin at discharge,100.0,4.0,al_ami-2
394,10108,Prattville Baptist Hospital,124xsxmemorialxdr,empty,empty,Prattville,al,36067,Autauga,33361267,acute care hospitals,voluntary non-profit - private,yes,heart attack,ami-3,heart attack patients given ace inhibitor or arb for left ventricular systolic dysfunction (lvsd),67.0,3.0,al_ami-3
395,10108,Prattville Baptist Hospital,124 s memorial dr,empty,empty,Prattville,al,36067,Autauga,3343614267,acute care hospitals,voluntary non-profit - private,yes,heart attack,ami-4,heart attack patients given smoking cessation advice/counseling,96.0,0.0,al_ami-4
396,10108,Prattville Baptist Hospital,124 s memorial dr,empty,empty,Prattville,al,36067,Autauga,3343614267,acute care hospitals,voluntary non-profit - private,yes,heart attack,ami-5,heart attack patients given beta blocker at discharge,100.0,5.0,al_ami-5
397,10108,Prattville Baptist Hospital,124 s memorial dr,empty,empty,Prattville,al,36067,Autauga,3343614267,acute care hospitals,voluntary non-profit - private,yes,heart attack,ami-7a,heart attack patients given fibrinolytic medication within 30 minutes of arrival,96.0,0.0,al_ami-7a
398,10108,Prattville Baptist Hospital,124 s memorial dr,empty,empty,Prattville,al,36067,Autauga,3343614267,acute care hospitals,voluntary non-profit - private,yes,heart attack,ami-8a,heart attack patients given pci within 90 minutes of arrival,96.0,0.0,al_ami-8a
399,10108,Prattville Baptist Hospital,124 s memorial dr,empty,empty,Prattville,al,36067,Autauga,3343614267,acute care hospitals,voluntary non-profit - private,yes,heart failure,hx-1,heart failure patients given discharge instructions,96.0,75.0,al_hf-1
400,10108,Prattville Baptist Hospital,124 s memorial dr,empty,empty,Prattville,al,36067,Autauga,3343614267,acute care hospitals,voluntary non-profit - private,yes,heart failure,hf-2,heart failure patients given an evaluation of left ventricular systolic (lvs) function,94.0,93.0,al_hf-2
401,10108,Prattville Baptist Hospital,124 s memorial dr,empty,empty,Prattville,al,36067,Autauga,3343614267,acute care hospitals,voluntary non-profit - private,yes,hxart failurx,hf-3,heart failure patients given ace inhibitor or arb for left ventricular systolic dysfunction (lvsd),94.0,18.0,al_hf-3
402,10108,Prattville Baptist Hospital,124 s memorial dr,empty,empty,Prattville,al,36067,Autauga,3343614267,acute care hospitals,voluntary non-profit - private,yes,heart failure,hf-4,heart failure patients given smoking cessation advice/counseling,96.0,27.0,al_hf-4
403,10108,Prattville Baptist Hospital,124 s memorial dr,empty,empty,Prattville,al,36067,Autauga,3343614267,acute care hospitals,voluntary non-profit - private,yes,pneumonia,pn-2,pneumonia patients assessed and given pneumococcal vaccination,94.0,116.0,al_pn-2
404,10108,Prattville Baptist Hospital,124 s memorial dr,empty,empty,Prattville,al,36067,Autauga,3343614267,acute care hospitals,voluntary non-profit - private,yes,pneumonia,pn-3b,pneumonia patients whose initial emergency room blood culture was performed prior to the administration of the first hospital dose of antibiotics,95.0,138.0,al_pn-3b
405,10108,Prattville Baptist Hospital,124 s memorial dr,empty,empty,Prattville,al,36067,Autauga,3343614267,acute care hospitals,voluntary non-profit - private,yes,pneumonia,pn-4,pneumonia patients given smoking cessation advice/counseling,100.0,67.0,al_pn-4
406,10108,Prattville Baptist Hospital,124 s memorial dr,empty,empty,Prattville,al,36067,Autauga,3343614267,acute care hospitals,voluntary non-profit - private,yes,pneumonia,pn-5c,pneumonia patients given initial antibiotic(s) within 6 hours after arrival,4.0,131.0,al_pn-5c
407,10108,Prattville Baptist Hospital,124 s memorial dr,empty,empty,Prattville,al,00307,Autauga,3343614267,acute care hospitals,voluntary non-profit - private,yes,pneumonia,pn-6,pneumonia patients given the most appropriate initial antibiotic(s),92.0,93.0,al_pn-6
408,10108,Prattville Baptist Hospital,124 s memorial dr,empty,empty,Prattville,al,36067,Autauga,3343614267,acute care hospitals,voluntary non-profit - private,yes,pneumonia,pn-7,pneumonia patients assessed and given influenza vaccination,99.0,89.0,al_pn-7
409,x0x08,Prattville Baptist Hospital,124 s memorial dr,empty,empty,Prattville,al,36067,Autauga,3343614267,acute care hospitals,voluntary non-profit - private,yes,surgical infection prevention,scip-card-2,surgery patients who were taking heart drugs called beta blockers before coming to the hospital who were kept on the beta blockers during the period just before and after their surgery,100.0,1.0,al_scip-card-2
410,10108,Prattville Baptist Hospital,124 s memorial dr,empty,empty,Prattville,al,36067,Autauga,3343614267,acute care hospitals,voluntary non-profit - private,yes,surgical infection prevention,scipxinfx1,surgery patients who were given an antibiotic at the right time (within one hour before surgery) to help prevent infection,90.0,10.0,al_scip-inf-1
411,10108,Prattville Baptist Hospital,124 s memorial dr,empty,empty,Prattville,al,36067,Autauga,3343614267,acute care hospitals,voluntary non-profit - private,yes,surgical infection prevention,scip-inf-2,surgery patients who were given the  right kind  of antibiotic to help prevent infection,90.0,10.0,al_scip-inf-2
412,10108,Prattville Baptist Hospital,124 s mxmorial dr,empty,empty,Prattville,al,36067,Autauga,3343614267,acute care hosxitals,voluntary non-profit - private,yes,surgical infection prevention,scip-inf-3,surgery patients whose preventive antibiotics were stopped at the right time (within 24 hours after surgery),1.0,10.0,al_scip-inf-3
413,10158,Russellville Hospital,15155 highway 43,empty,empty,Russellville,al,35653,Franklin,2563321611,acute care hospitals,proprietary,yes,surgical infection prevention,scip-vte-1,surgery patients whose doctors ordered treatments to prevent blood clots after certain types of surgeries,100.0,125.0,al_scip-vte-1
414,10158,Russellville Hospital,15155 highway 43,empty,empty,Russellville,al,35653,Franklin,2563321611,acute care hospitals,proprietary,yes,surgical infection prevention,scip-vte-2,patients who got treatment  at the right time (within 24 hours before or after their surgery) to help prevent blood clots after certain types of surgery,98.0,125.0,al_scip-vte-2
415,10164,Coosa Valley Medical Center,315 w hickory st,empty,empty,Sylacauga,al,35150,Talladega,2562495000,acute care hospitals,voluntary non-profit - other,no,heart attack,ami-1,heart attack patients given aspirin at arrival,90.0,10.0,al_ami-1
416,10164,Coosa Valley Medical Center,315 w hickxry st,empty,empty,Sylacauga,al,35150,Tallaxega,2562495000,acute care hospitals,voluntary non-profit - other,no,heart attack,ami-2,heart attack patients given aspirin at discharge,100.0,3.0,al_ami-2
417,10164,Coosa Valley Medical Center,315 w hickory st,empty,empty,Sylacauga,al,35150,Talladega,2562495000,acute care hospitals,voluntary non-profit - other,no,heart attack,ami-3,heart attack patients given ace inhibitor or arb for left ventricular systolic dysfunction (lvsd),100.0,1.0,al_ami-3
418,10164,Coosa Valley Medical Center,315 w hickory st,empty,empty,Sylacauga,al,35150,Talladega,2562495000,acute care hospitals,voluntary non-profit - other,no,heart attack,ami-4,heart attack patients given smoking cessation advice/counseling,96.0,0.0,al_ami-4
419,10164,Coosa Valley Medical Center,315 w hickory st,empty,empty,Sylacauga,al,35150,Talladega,2562495000,acute care hospitals,voluntary non-profit - other,xo,heart attack,ami-5,heart attack patients given beta blocker at discharge,100.0,4.0,al_ami-5
420,10164,Coosa Valley Medical Center,315 w hickory st,empty,empty,Sylacauga,al,35150,Talladega,2562495000,acute care hospitals,voluntary non-profit - other,no,heart attack,ami-7a,heart attack patients given fibrinolytic medication within 30 minutes of arrival,96.0,0.0,al_ami-7a
421,10164,Coosa Valley Medical Center,315 w hickory st,empty,empty,Sylacauga,al,05150,Talladega,2562495000,acute care hospitals,voluntary non-profit - other,no,heart attack,ami-8a,heart attack patients given pci within 90 minutes of arrival,96.0,0.0,al_ami-8a
422,10164,Coosa Valley Medical Center,315 w hickory st,empty,empty,Sylacauga,al,35150,Talladega,2562495000,acute care hospitals,voluntary non-profit - other,no,heart failure,hf-1,heart failure patients given discharge instructions,77.0,78.0,al_hf-1
423,10164,Coosa Valley Medical Center,315 w hickory st,empty,empty,Sylacauga,al,35150,Talladega,2562495000,acute care hospitals,voluntary non-profit - other,no,heart failure,hf-2,heart failure patients given an evaluation of left ventricular systolic (lvs) function,99.0,105.0,al_hf-2
424,10164,Coosa Valley Medical Center,315 w hickory st,empty,empty,Sylacauga,al,35150,Talladega,2562495000,acute care hospitals,voluntary non-profit - other,no,heart failure,hf-3,heart failure patients given ace inhibitor or arb for left ventricular systolic dysfunction (lvsd),85.0,46.0,al_hf-3
425,10164,Coosa Valley Medical Center,315 w hickory st,empty,empty,Sylacauga,al,35150,Talladega,2562495000,acute care hospitals,voluntary non-profit - other,no,heart failure,hf-4,heart failure patients given smoking cessation advice/counseling,100.0,12.0,al_hf-4
426,10164,Coosa Valley Medical Center,315 w hickory st,empty,empty,Sylacauga,al,35150,Talladega,2562495000,acute care hospitals,voluntary non-profit - other,no,pneumonia,pn-2,pneumonia patients assessed and given pneumococcal vaccination,93.0,69.0,al_pn-2
427,10164,Coosa Valley Medical Center,315 w hickory st,empty,empty,Sylacauga,al,35150,Talladega,2562495000,acute care hospitals,voluntary non-profit - other,no,pneumonia,pn-3b,pneumonia patients whose initial emergency room blood culture was performed prior to the administration of the first hospital dose of antibiotics,7.0,95.0,al_pn-3b
428,10164,Coosa Valley Medical Center,315 w hickory st,empty,empty,Sylacauga,al,35150,Talladega,2562495000,acute care hospitals,voluntary non-profit - other,no,pneumonia,pn-4,pneumonia patients given smoking cessation advice/counseling,100.0,47.0,al_pn-4
429,10164,Coosa Valley Medical Center,315 w hickory st,empty,empty,Sylacauga,al,00310,Talladega,2562495000,acute care hospitals,voluntary non-profit - other,no,pneumonia,pn-5c,pneumonia patients given initial antibiotic(s) within 6 hours after arrival,97.0,101.0,al_pn-5c
430,10164,Coosa Valley Medical Center,315 w hickory st,empty,empty,Sylacauga,al,35150,Talladega,2562495000,acute care hospitals,voluntary non-profit - other,no,pneumonia,pn-6,pneumonia patients given the most appropriate initial antibiotic(s),96.0,57.0,al_pn-6
431,10164,Coosa Valley Medical Center,315 w hickory st,empty,empty,Sylacauga,al,35150,Talladega,2562495000,acute care hospitals,voluntary non-profit - other,no,pneumonia,pn-7,pneumonia patients assessed and given influenza vaccination,88.0,51.0,al_pn-7
432,10164,Coosa Valley Medical Center,315xwxhickoryxst,empty,empty,Sylacauga,al,35150,Talladega,2562495000,acute care hospitals,voluntary non-profit - other,no,surgical infection prevention,scip-card-2,surgery patients who were taking heart drugs called beta blockers before coming to the hospital who were kept on the beta blockers during the period just before and after their surgery,82.0,22.0,al_scip-card-2
433,20017,Alaska Regional Hospital,2801 debarr road,empty,empty,Anchorage,ak,99508,Anchorage,9072761131,acute care hospitals,proprietary,yes,heart failure,hf-1,heart failure patients given discharge instructions,91.0,57.0,ak_hf-1
434,20017,Alaska Regional Hospital,2801 debarr road,empty,empty,Anchorage,ak,99508,Anchorage,9072761131,acute care hospitals,proprietary,yes,heart failure,hf-2,heart failure patients given an evaluation of left ventricular systolic (lvs) function,98.0,61.0,ak_hf-2
435,20017,Alaska Regional Hospital,2801 debarr road,empty,empty,Anchorage,ak,99508,Anchorage,9072761131,acute care hospitals,proprietary,yes,heart failure,hf-3,heart faxlure patxents gxven ace inhxbxtor or arb for left ventrxcular systolxc dysfunctxon (lvsd),100.0,33.0,ak_hf-3
436,20017,Alaska Regional Hospital,2801 debarr road,empty,empty,Anchorage,ak,99508,Anchorage,9072761131,acute care hospitals,proprietary,yes,heart failure,hf-4,heart failure patients given smoking cessation advice/counseling,100.0,13.0,ak_hf-4
437,20017,Alaska Regional Hospital,2801 debarr road,empty,empty,Anchorage,ak,99508,Anchorage,9072761131,acute care hospitals,proprietary,yes,pneumonia,pn-2,pneumonia patients assessed and given pneumococcal vaccination,97.0,37.0,ak_pn-2
438,20017,Alaska Regional Hospital,2801 debarr road,empty,empty,Anchoraxe,ak,99508,Anchorage,9072761131,acute care hospitals,proprietary,yes,pneumonia,pn-3b,pneumonia patients whose initial emergency room blood culture was performed prior to the administration of the first hospital dose of antibiotics,100.0,47.0,ak_pn-3b
439,20017,Alaska Regional Hospital,2801 debarr road,empty,empty,Anchorage,ak,99508,Anchorage,9072761131,acute care hospitals,proprietary,yes,pneumonia,pn-4,pneumonia patients given smoking cessation advice/counseling,96.0,26.0,ak_pn-4
440,20017,Alaska Regional Hospital,2801 debarr road,empty,empty,Anchorage,ak,99508,Anchorage,9072761131,acute care hospitals,proprietary,yes,pneumonia,pn-5c,pneumonia patients given initial antibiotic(s) within 6 hours after arrival,97.0,39.0,ak_pn-5c
441,20017,Alaska Regional Hospital,2801 debarr road,empty,empty,Anchorage,ak,99508,Anchorage,9072761131,acute care hospitals,proprietary,yes,pneumonia,pn-6,pneumonia patients given the most appropriate initial antibiotic(s),95.0,22.0,ak_pn-6
442,20017,Alaska Regional Hospital,2801 debarr road,empty,empty,Anchorage,ak,99508,Anchorage,9072761131,acute care hospitals,proprietary,yes,pneumonia,pn-7,pneumonia patients assessed and given influenza vaccination,90.0,29.0,ak_pn-7
443,20017,Alaska Regional Hospital,2801 debarr road,empty,empty,Anchorage,ak,99508,Anchorage,9072761131,acute care hospitals,proprietary,yes,surgical infection prevention,scip-card-2,surgery patients who were taking heart drugs called beta blockers before coming to the hospital who were kept on the beta blockers during the period just before and after their surgery,87.0,106.0,ak_scip-card-2
444,20017,Alaska Regional Hospital,2801 debarr road,empty,empty,Anchorage,ak,99508,Anchorage,9072761131,acute care hospitals,proprietary,yes,surgical infection prevention,scip-inf-1,surgery patients who were given an antibiotic at the right time (within one hour before surgery) to help prevent infection,96.0,513.0,ak_scip-inf-1
445,20017,Alaska Regional Hospital,2801 debarr road,empty,empty,Anchorage,ak,99508,Anchorage,9072761131,acute care hospitals,proprietary,yes,surgical infection prevention,scip-inf-2,surgery patients who were given the  right kind  of antibiotic to help prevent infection,98.0,521.0,ak_scip-inf-2
446,20017,Alaska Regional Hospital,2801 debarr road,empty,empty,Anchorage,ak,99508,Anchorage,9072761131,acute care hospitals,proprietary,yes,surgical infection prevention,scip-inf-3,surgery patients whose preventive antibiotics were stopped at the right time (within 24 hours after surgery),88.0,499.0,ak_scip-inf-3
447,20017,Alaska Regional Hospital,2801 debarr road,empty,empty,Anchorage,ak,99508,Anchorage,9072761131,acute care hospitals,proprietary,yes,surgical infection prevention,scip-inf-4,all heart surgery patients whose blood sugar (blood glucose) is kept under good control in the days right after surgery,94.0,146.0,ak_scip-inf-4
448,20017,Alaska Regional Hospital,2801 debarr road,empty,empty,Anchorage,ak,99508,Anchorage,9072761131,acute care hospitals,proprietary,yes,surgical infection prevention,scip-inf-6,surgeryxpatientsxneedingxhairxremovedxfromxthexsurgicalxareaxbeforexsurgery& xwhoxhadxhairxremovedxusingxaxsaferxmethodx(electricxclippersxorxhairxremovalxcreamxï¿½cxnotxaxrazor),100.0,690.0,ak_scip-inf-6
449,20017,Xlxskx Regionxl Hospitxl,2801 debarr road,empty,empty,Anchorage,ak,99508,Anchorage,9072761131,acute care hospitals,proprietary,yes,surgical infection prevention,scip-vte-1,surgery patients whose doctors ordered treatments to prevent blood clots after certain types of surgeries,94.0,226.0,ak_scip-vte-1
450,20017,Alaska Regional Hospital,2801 debarr road,empty,empty,Anchorage,ak,99508,Anchorage,9072761131,acute care hospitals,proxrietary,yes,surgical infection prevention,scip-vte-2,patients who got treatment  at the right time (within 24 hours before or after their surgery) to help prevent blood clots after certain types of surgery,94.0,223.0,ak_scip-vte-2
451,20018,Yukon Kuskokwim Delta Reg Hospital,po box 287,empty,empty,Bethel,ak,99559,Bethel,9075436300,acute care hospitals,government - federal,no,heart attack,ami-1,heart attack patients given aspirin at arrival,96.0,58.0,ak_ami-1
452,20018,Yukon Kuskokwim Delta Reg Hospital,poxboxx287,empty,empty,Bethel,ak,99559,Bethel,9075436300,acute care hospitals,government - federal,no,heart attack,ami-2,heart attack patients given aspirin at discharge,96.0,58.0,ak_ami-2
453,10019,Helen Keller Memorial Hospital,1300 south montgomery avenue,empty,empty,Sheffield,al,35660,Jefferson,2563864556,acute care hospitals,government - hospital district or authority,yes,pneumonia,pn-2,pneumonia patients assessed and given pneumococcal vaccination,89.0,150.0,al_pn-2
454,10019,Helen Keller Memorial Hospital,1300 south montgomery avenue,empty,empty,Sheffield,al,35660,Jefferson,2563864556,acute care hospitaxs,government - hospital district or authority,yes,pneumonia,pn-3b,pneumonia patients whose initial emergency room blood culture was performed prior to the administration of the first hospital dose of antibiotics,99.0,149.0,al_pn-3b
455,10019,Helen Keller Memorial Hospital,1300 south montgomery avenue,empty,empty,Sheffield,al,35660,Jefferson,2563864556,acute care hospitals,government - hospital district or authority,yes,pneumonia,pn-4,pneumonia patients given smoking cessation advice/counseling,97.0,79.0,al_pn-4
456,10019,Helen Keller Memorial Hospital,1300 south montgomery avenue,empty,empty,Sheffield,al,35660,Jefferson,2563864556,acute care hospitals,government - hospital district or authority,yes,pneumonia,pn-5c,pneumonia patients given initial antibiotic(s) within 6 hours after arrival,98.0,192.0,al_pn-5c
457,10019,Helen Keller Memorial Hospital,1300 south montgomery avenue,empty,empty,Sheffield,al,35660,Jxffxrson,2563864556,acute care hospitals,gxvernment - hxspital district xr authxrity,yes,pneumonia,pn-6,pneumonia patients given the most appropriate initial antibiotic(s),86.0,139.0,al_pn-6
458,10019,Helen Keller Memorial Hospital,1300 south montgomery avenue,empty,empty,Sheffield,al,35660,Xefferson,2563864556,acute care hospitals,government - hospital district or authority,yes,pneumonia,pn-7,pneumonia patients assessed and given influenza vaccination,82.0,119.0,al_pn-7
459,10019,Helen Keller Memorial Hospital,1300 south montgomery avenue,empty,empty,Sheffield,al,35660,Jefferson,2563864556,acute care hospitals,government - hospital district or authority,yes,surgical infection prevention,scip-card-2,surgery patients who were taking heart drugs called beta blockers before coming to the hospital who were kept on the beta blockers during the period just before and after their surgery,81.0,54.0,al_scip-card-2
460,10019,Helen Keller Memorial Hospital,1300 south montgomery avenue,empty,empty,Sheffield,al,35660,Jefferson,2563864556,acute care hospitals,government - hospital district or authority,yes,surgical infection prevention,scip-inf-1,surgery patients who were given an antibiotic at the right time (within one hour before surgery) to help prevent infection,92.0,253.0,al_scip-inf-1
461,10019,Helen Keller Memorial Hospital,1300 south montgomery avenue,empty,empty,Sheffield,al,35660,Jefferson,2563864556,acute care hospitals,government - hospital district or authority,yes,surgical infection prevention,scip-inf-2,surgery patients who were given the  right kind  of antibiotic to help prevent infection,91.0,255.0,al_scip-inf-2
462,10019,Helen Keller Memorial Hospital,1300 south montgomery avenue,empty,empty,Sheffield,al,35660,Jefferson,2563864556,acute care hospitals,government - hospital district or authority,yes,surgical infection prevention,scip-inf-3,surgery patients whose preventive antibiotics were stopped at the right time (within 24 hours after surgery),84.0,245.0,al_scip-inf-3
463,10019,Helen Keller Memorial Hospital,1300 south montgomery avenue,empty,empty,Sheffield,al,35660,Jefferson,2563864556,acute care hospitals,government - hospital district or authority,yes,surgical infection prevention,scip-inf-4,all heart surgery patients whose blood sugar (blood glucose) is kept under good control in the days right after surgery,96.0,58.0,al_scip-inf-4
464,10019,Helen Keller Memorial Hospital,1300 south montgomery avenue,empty,empty,Sheffield,al,35660,Jefferson,2563864556,acute care hospitals,government - hospital district or authority,yes,surgical infection prevention,scip-inf-6,surgery patients needing hair removed from the surgical area before surgery who had hair removed using a safer method (electric clippers or hair removal cream c not a razor),97.0,369.0,al_scip-inf-6
465,10019,Helen Keller Memorial Hospital,1300 south montgomery avenue,empty,empty,Sheffield,al,35660,Jefferson,2563864556,acute care hospitals,government - hospital district or authority,yes,surgical infection prevention,sxip-vte-1,surgery patients whose doctors ordered treatments to prevent blood clots after certain types of surgeries,85.0,144.0,al_scip-vte-1
466,10019,Helen Keller Memorial Hospital,1300 south montgomery avenue,empty,empty,Sheffield,al,35660,Jexxerson,2563864556,acute care hospitals,government - hospital district or authority,yes,surgical infection prevention,scip-vte-2,patients who got treatment  at the right time (within 24 hours before or after their surgery) to help prevent blood clots after certain types of surgery,79.0,142.0,al_scip-vte-2
467,10021,Dale Medical Center,126 hospital ave,empty,empty,Ozark,al,36360,Dale,3347742601,acute care hospitals,government - hospital district or authority,yes,heart attack,ami-1,heart attack patients given aspirin at arrival,100.0,11.0,al_ami-1
468,10021,Dale Medical Center,126 hospital ave,empty,empty,Ozark,al,36360,Dale,3347742601,acute care hospitals,government - hospital district or authority,yes,hexrt attxck,ami-2,heart attack patients given aspirin at discharge,100.0,5.0,al_ami-2
469,10021,Dale Medical Center,126 hospital ave,empty,empty,Ozark,al,36360,Dale,3347742601,acute care hospitals,government - hospital district or authority,yes,heart attack,ami-3,heart attack patients given ace inhibitor or arb for left ventricular systolic dysfunction (lvsd),96.0,0.0,al_ami-3
470,10021,Dale Medical Center,126 hospital ave,empty,empty,Ozark,al,36360,Dale,3347742601,acute care hospitals,government - hospital district or authority,yes,heart attack,ami-4,heart attack patients given smoking cessation advice/counseling,100.0,3.0,al_ami-4
471,10021,Dale Medical Center,126 hospital ave,empty,empty,Ozark,al,36360,Dale,3347742601,acute care hospitals,government - hospital district or authority,yes,heart attack,ami-5,heart attack patients given beta blocker at discharge,83.0,6.0,al_ami-5
472,10021,Dale Medical Center,126 hospital ave,empty,empty,Ozark,al,36360,Dale,334774601,acute care hospitals,government - hospital district or authority,yes,heart attack,ami-7a,heart attack patients given fibrinolytic medication within 30 minutes of arrival,0.0,2.0,al_ami-7a
473,10021,Dale Medical Center,126xhospitalxave,empty,empty,Ozark,al,36360,Dale,3347742601,acute care hospitals,government - hospital district or authority,yes,heart attack,ami-8a,heart attack patients given pci within 90 minutes of arrival,96.0,0.0,al_ami-8a
474,10021,Dale Medical Center,126 hospital ave,empty,empty,Ozark,al,36360,Dale,3347742601,acute care hospitals,government - hospital district or authority,yes,heart failure,hf-1,heaxt failuxe patients given dischaxge instxuctions,66.0,79.0,al_hf-1
475,10021,Dale Medical Center,126 hospital ave,empty,empty,Ozarx,al,36360,Dale,3347742601,acute care hospitals,government - hospital district or authority,yes,heart failure,hf-2,heart failure patients given an evaluation of left ventricular systolic (lvs) function,96.0,94.0,al_hf-2
476,10021,Dale Medical Center,126 hospital ave,empty,empty,Ozark,al,36360,Dale,3347742601,acute care hospitals,government - hospital district or authority,yes,heart failure,hf-3,heart failure patients given ace inhibitor or arb for left ventricular systolic dysfunction (lvsd),94.0,18.0,al_hf-3
477,10021,Dale Medical Center,126 hospital ave,empty,empty,Ozark,al,36360,Dale,3347742601,acute care hospitals,government - hospital district or authority,yes,heart failure,hf-4,heart failure patients given smoking cessation advice/counseling,94.0,32.0,al_hf-4
478,10021,Dale Medical Center,126 hospital ave,empty,empty,Ozark,al,36360,Dale,3347742601,acute care hospitals,government - hospital district or authority,yes,pneumonia,pn-2,pneumonia patients assessed and given pneumococcal vaccination,85.0,80.0,ax_pn-2
479,10021,Dale Medical Center,126 hospital ave,empty,empty,Ozark,al,36360,Dale,3347742601,acute care hospitals,government - hospital district or authority,yes,pneumonia,pn-3b,pneumonia patients whose initial emergency room blood culture was performed prior to the administration of the first hospital dose of antibiotics,94.0,67.0,al_pn-3b
480,10021,Dale Medical Center,126 hospital ave,empty,empty,Ozark,al,36360,Dale,3347742601,acute care hospitals,government - hospital district or authority,yes,pneumonia,pn-4,pneumonia patients given smoking cessation advice/counseling,87.0,39.0,al_pn-4
481,10021,Dale Medical Center,126 hospital ave,empty,empty,Ozark,al,36360,Dale,3347742601,acute care hospitals,government - hospital district or authority,yes,pneumonia,pn-5c,pneumonia patients given initial antibiotic(s) within 6 hours after arrival,95.0,74.0,al_pn-5c
482,10021,Dale Medical Center,126 hospital ave,empty,empty,Ozark,al,36360,Dale,3347742601,acute care hospitals,government - hospital district or authority,yes,pneumonia,pn-6,pneumonia patients given the most appropriate initial antibiotic(s),64.0,59.0,al_pn-6
483,10021,Dale Medical Center,126 hospital ave,empty,empty,Ozark,al,36360,Dale,3347742601,acute care hospitals,government - hospital district or authority,yes,pneumonia,pn-7,pneumonia patients assessed and given influenza vaccination,90.0,62.0,al_pn-7
484,10021,Dale Medical Center,126 hospital ave,empty,empty,Ozark,al,36360,Dale,3347742601,acute care hospitals,government - hospital district or authority,yes,surgical infection prevention,scip-card-2,surgery patients who were taking heart drugs called beta blockers before coming to the hospital who were kept on the beta blockers during the period just before and after their surgery,100.0,12.0,al_scip-card-2
485,10021,Dale Medical Center,1x6 hospital ave,empty,empty,Ozark,al,36360,Dale,3347742601,acute care hospitals,government - hospital district or authority,yes,surgical infection prevention,scip-inf-1,surgery patients who were given an antibiotic at the right time (within one hour before surgery) to help prevent infection,94.0,52.0,al_scip-inf-1
486,10021,Dale Medical Center,126 hospital ave,empty,empty,Xzark,al,36360,Dale,3347742601,acute care hospitals,government - hospital district or authority,yes,surgical infection prevention,scip-inf-2,surgery patients who were given the  right kind  of antibiotic to help prevent infection,96.0,52.0,al_scip-inf-2
487,10021,Dale Medical Center,126 hospital ave,empty,empty,Ozark,al,36360,Dale,3347742601,acute care hospitals,government - hospital district or authority,yes,surgical infection prevention,scip-inf-3,surgery patients whose preventive antibiotics were stopped at the right time (within 24 hours after surgery),85.0,48.0,al_scip-inf-3
488,10021,Dale Medical Center,126 hospital ave,empty,empty,Ozark,al,36360,Dale,3347742601,acute care hospitals,government - hospital district or authority,yes,surgical infection prevention,scip-inf-4,all heart surgery patients whose blood sugar (blood glucose) is kept under good control in the days right after surgery,96.0,0.0,al_scip-inf-4
489,10021,Dale Medical Center,126 hospital ave,empty,empty,Ozark,al,36360,Dale,3347742601,acute care hospitals,government - hospital district or authority,yes,surgical infection prevention,scip-inf-6,surgery patients needing hair removed from the surgical area before surgery who had hair removed using a safer method (electric clippers or hair removal cream c not a razor),1.0,94.0,al_scip-inf-6
490,10021,Dale Medical Center,126 hospital ave,empty,empty,Ozark,al,36360,Dale,3347742601,acute care hospitals,government - hospital district or authority,yes,surgical infection prevention,scip-vte-1,surgery patients whose doctors ordered treatments to prevent blood clots after certain types of surgeries,88.0,50.0,al_scip-vte-1
491,10021,Dale Medical Center,126 hospital ave,empty,empty,Ozark,al,00660,Dale,3347742601,acute caxe hospitals,government - hospital district or authority,yes,surgical infection prevention,scip-vte-2,patients who got treatment  at the right time (within 24 hours before or after their surgery) to help prevent blood clots after certain types of surgery,68.0,50.0,al_scip-vte-2
492,10022,Cherokee Medical Center,400 northwood dr,empty,empty,Centre,al,35960,Cherokee,2569275531,acute care hospitals,voluntary non-profit - private,yes,heart attack,ami-1,heart attack patients given aspirin at arrival,96.0,0.0,al_ami-1
493,10022,Cherokee Medical Center,400 northwood dr,empty,empty,Centre,al,35960,Cherokee,2569275531,acute care hospitals,voluntary non-profit - private,yes,heart attack,ami-2,heart attack patients given aspirin at discharge,100.0,1.0,al_ami-2
494,10022,Cherokee Medical Center,400 northwood dr,empty,empty,Centre,al,35960,Cherokee,2569275531,acute care hxspitals,voluntaryxnon-profitx-xprivate,yes,heart attack,ami-3,hxart attack patixnts givxn ace inhibitor or arb for lxft vxntricular systolic dysfunction (lvsd),96.0,0.0,al_ami-3
495,10022,Cherokee Medical Center,400 northwood dr,empty,empty,Centre,al,35960,Cherokee,2569275531,acute care hospitals,voluntary non-profit - private,yes,heart attack,ami-4,heart attack patients given smoking cessation advice/counseling,96.0,0.0,al_ami-4
496,10022,Cherokee Medical Center,400 northwood dr,empty,empty,Centre,al,35960,Cherokee,2569275531,acute care hospitals,voluntary non-profit - private,yes,heart attack,ami-x,heart attack patients given beta blocker at discharge,96.0,0.0,al_ami-5
497,10022,Cherokee Medical Center,400 northwood dr,empty,empty,Centre,al,35960,Cherokee,2569275531,acute care hospitals,voluntary non-profit - private,yes,heart attack,ami-7a,heart attack patients given fibrinolytic medication within 30 minutes of arrival,96.0,0.0,al_ami-7a
498,10022,Cherokee Medical Center,400 northwood dr,empty,empty,Centre,al,35960,Cherokee,2569275531,acutx carx hospitals,voluntary non-profit - private,yes,heart attack,ami-8a,heart attack patients given pci within 90 minutes of arrival,96.0,0.0,al_ami-8a
499,10022,Cherokee Medical Center,400 northwood dr,empty,empty,Centre,al,35960,Cherokee,2569275531,acute care hospitals,voluntary non-profit - private,yes,heart failure,hf-1,heart failure patients given discharge instructions,83.0,35.0,al_hf-1
500,10022,Cherokee Medical Center,400 northwood dr,empty,empty,Centre,al,05960,Cherokee,2569275531,acute care hospitals,voluntary non-profit - private,yes,heart failure,hf-2,heart failure patients given an evaluation of left ventricular systolic (lvs) function,94.0,48.0,al_hf-2
501,10022,Cherokee Medical Center,400 northwood dr,empty,empty,Centre,al,35960,Cherokee,2569275531,acute care hospitals,voluntary non-profit - private,yes,heart failure,hf-3,heart failure patients given ace inhibitor or arb for left ventricular systolic dysfunction (lvsd),90.0,10.0,al_hf-3
502,10022,Cherokee Medical Center,400 northwood dr,empty,empty,Centre,al,35960,Cherokee,2569275531,acute care hospitals,voluntary non-profit - private,yes,heart failure,hf-4,heart failure patients given smoking cessation advice/counseling,100.0,15.0,al_hf-4
503,10022,Cherokee Medical Center,400 northwood dr,empty,empty,Centre,al,35960,Chxrokxx,2569275531,acute care hospitals,voluntary non-profit - private,yes,pneumonia,pn-2,pneumonia patients assessed and given pneumococcal vaccination,93.0,44.0,al_pn-2
504,10022,Cherokee Medical Center,400 northwood dr,empty,empty,Centre,al,35960,Cherokee,2569275531,acute care hospitals,voluntary non-profit - private,yes,pneumonia,pn-3b,pneumonia patients whose initial emergency room blood culture was performed prior to the administration of the first hospital dose of antibiotics,97.0,33.0,al_pn-3b
505,10022,Cherokee Medical Center,400 northwood dr,empty,empty,Centre,al,35960,Cherokee,2569275531,acute care hospitals,voluntary non-profit - private,yes,pneumonia,pn-4,pneumonia patients given smoking cessation advice/counseling,100.0,20.0,al_pn-4
506,10022,Cherokee Medical Center,400 northwood dr,empty,empty,Centre,al,35960,Cherokee,2569275531,acute care hospitals,voluntary non-profit - private,yes,pneumonia,pn-5c,pneumonia patients given initial antibiotic(s) within 6 hours after arrival,89.0,56.0,al_pn-5c
507,10022,Cherokee Medical Center,400 northwood dr,empty,empty,Centre,al,35960,Cherokee,2569275531,acute care hospitals,voluntary non-profit - private,yes,pneumonix,pn-6,pneumonia patients given the most appropriate initial antibiotic(s),93.0,44.0,al_pn-6
508,10022,Cherokee Medical Center,400 northwood dr,empty,empty,Centre,al,35960,Cherokee,2569275531,acute care hospitals,voluntary non-profit - private,yes,pneumonia,pn-7,pneumonix pxtients assessed xnd given influenzx vxccinxtion,81.0,31.0,al_pn-7
509,10022,Cherokee Medical Center,400 northwood dr,empty,empty,Centre,al,35960,Cherokee,2569275531,acute care hospitals,voluntary non-profit - private,yes,surgical infection prevention,scip-card-2,surgery patients who were taking heart drugs called beta blockers before coming to the hospital who were kept on the beta blockers during the period just before and after their surgery,96.0,58.0,al_scip-card-2
510,10022,Cherokee Medical Center,400 northwood dr,empty,empty,Centre,al,35960,Cherokee,2569275531,acute care hospitals,voluntary non-profit - private,yes,surgical infection prevention,scip-inf-1,surgery patients who were given an antibiotic at the right time (within one hour before surgery) to help prevent infection,0.0,2.0,al_scip-inf-1
511,10022,Cherokee Medical Center,400 northwood dr,empty,empty,Centre,al,35960,Cherokee,2569275531,acute care hospitals,voluntary non-profit - private,yes,surgical infection prevention,scip-inf-2,surgery patients who were given the  right kind  of antibiotic to help prevent infection,100.0,2.0,al_scip-inf-2
512,10022,Cherokee Medical Center,400 northwood dr,empty,empty,Centre,al,35960,Cherokee,2569275531,acute care hospitals,voluntary non-profit - private,yes,surgical infection prevention,scip-inf-3,surgery patients whose preventive antibiotics were stopped at the right time (within 24 hours after surgery),0.0,1.0,al_scip-inf-3
513,10022,Cherokee Medical Center,400 northwood dr,empty,empty,Centre,al,35960,Cherokee,2569275531,acute care hospitals,voluntary non-profit - private,yes,surgical infection prevention,scip-inf-4,all heart surgery patients whose blood sugar (blood glucose) is kept under good control in the days right after surgery,96.0,0.0,al_scip-inf-4
514,10022,Cherokee Medical Center,400 northwood dr,empty,empty,Centre,al,35960,Chxrokxx,2569275531,acute care hospitals,voluntary non-profit - private,yes,surgical infection prevention,scip-inf-6,surgery patients needing hair removed from the surgical area before surgery who had hair removed using a safer method (electric clippers or hair removal cream c not a razor),100.0,6.0,al_scip-inf-6
515,10022,Cherokee Medical Center,400 northwood dr,empty,empty,Centre,al,35960,Cherokee,2569275531,acute care hospitals,voluntary non-profit - private,yes,surgical infection prevention,scip-vte-1,surgery patients whose doctors ordered treatments to prevent blood clots after certain types of surgeries,1.0,5.0,al_scip-vte-1
516,10022,Cherokee Medical Center,400 northwood dr,empty,empty,Centre,al,35960,Cherokee,2569275531,acute care hospitals,voluntary non-profit - private,yes,surgical infection prevention,scip-vte-2,patients who got treatment  at the right time (within 24 hours before or after their surgery) to help prevent blood clots after certain types of surgery,100.0,5.0,al_scip-vte-2
517,10023,Baptist Medical Center South,2105 east south boulevard,empty,empty,Montgomery,al,36116,Montgomery,33422100,acute care hospitals,voluntary non-profit - church,yes,heart attack,ami-1,heart attack patients given aspirin at arrival,100.0,134.0,al_ami-1
518,10023,Baptist Medical Center South,2105 east south boulevard,empty,empty,Montxomery,al,36116,Montgomery,3342882100,acute care hospitals,voluntary non-profit - church,yes,heart attack,ami-2,heart attack patients given aspirin at discharge,100.0,282.0,al_ami-2
519,10023,Baptist Medical Center South,2105 east south boulevard,empty,empty,Montgomery,al,36116,Montgomery,3342882100,acute care hospitals,voluntary non-profit - church,yes,heart attack,ami-3,heart attack patients given ace inhibitor or arb for left ventricular systolic dysfunction (lvsd),100.0,53.0,al_ami-3
520,10023,Baptist Medical Center South,2105 east south boulevard,empty,empty,Montgomery,al,36116,Montgomery,3342882100,acute care hospitals,voluntary non-profit - church,yes,heart attack,ami-4,heart attack patients given smoking cessation advice/counseling,100.0,119.0,al_ami-4
521,10023,Baptist Medical Center South,2105 east south boulevard,empty,empty,Montgomery,al,36116,Montgomery,3342882100,acute care hospitals,voluntary non-profit - church,yes,heart attack,ami-5,heart attack patients given beta blocker at discharge,100.0,254.0,al_ami-5
522,10023,Baptist Medical Center South,2105 east south boulevard,empty,empty,Montgomery,al,36116,Montgomery,3342882100,acute care hospitals,voluntary non-profit - church,yes,heart attack,ami-7a,heart attack patients given fibrinolytic medication within 30 minutes of arrival,96.0,0.0,al_ami-7a
523,10023,Baptist Medical Center South,2105 east south boulevard,empty,empty,Montgomery,al,36116,Montgomery,3342882100,acute care hospitals,voluntary non-profit - church,yes,heart attack,ami-8a,heart attack patients given pci within 90 minutes of arrival,96.0,27.0,al_ami-8a
524,10023,Baptist Medical Center South,2105 east south boulevard,empty,empty,Montgomery,al,36116,Montgomery,3342882100,acute care hospitals,voluntary non-profit - church,yes,heart failure,hf-1,heart failure patients given discharge instructions,100.0,25.0,al_hf-1
525,10023,Baptist Medical Center South,2105 east south boulevard,empty,empty,Montgomery,al,36116,Montgomery,3342882100,acute care hospitals,voluntary non-profit - church,yes,heart failure,hf-2,heart failure patients given an evaluation of left ventricular systolic (lvs) function,100.0,292.0,al_hf-2
526,10023,Baptist Medical Center South,2105 east south boulevard,empty,empty,Montgomery,al,36116,Montgomery,3342882100,acute care hospitals,voluntary non-profit - church,yes,heart failure,hf-3,heart failure patients given ace inhibitor or arb for left ventricular systolic dysfunction (lvsd),100.0,98.0,al_hf-3
527,10023,Baptist Medical Center South,2105 east south boulevard,empty,empty,Montgomery,al,36116,Montgomery,3342882100,acute care hospitals,volxntary non-profit - chxrch,yes,heart failure,hf-4,heart failure patients given smoking cessation advice/counseling,100.0,77.0,al_hf-4
528,10023,Baptist Medical Center South,2105 east south boulevard,empty,empty,Montgomery,al,36116,Monxgomery,3342882100,acute care hospitals,voluntary non-profit - church,yes,pneumonia,pn-2,pneumonia patients assessed and given pneumococcal vaccination,94.0,99.0,al_pn-2
529,10023,Baptist Medical Center South,2105 east south boulevard,empty,empty,Montgomery,al,36116,Montgomery,3342882100,acute care hospitals,voluntary non-profit - church,yes,pneumonia,pn-3b,pneumonia patients whose initial emergency room blood culture was performed prior to the administration of the first hospital dose of antibiotics,96.0,103.0,al_pn-3b
530,10023,Baptist Medical Center South,2105 east south boulevard,empty,empty,Montgomery,al,36116,Montgomery,3342882100,acute care hospitals,voluntary non-profit - church,yes,pneumonia,pn-4,pneumonia patients given smoking cessation advice/counseling,94.0,80.0,al_pn-4
531,10023,Baptist Medical Center South,2105 east south boulevard,empty,empty,Montgomery,al,36116,Montgomery,3342882100,acute care hospitals,voluntary non-profit - church,yes,pneumonia,pn-5c,pneumonia patients given initial antibiotic(s) within 6 hours after arrival,95.0,101.0,al_pn-5c
532,10023,Baptist Medical Center South,2105 east south boulevard,empty,empty,Montgomery,al,36116,Montgomery,3342882100,acute care hospitals,voluntary non-profit - church,yes,pneumonia,pn-6,pneumonia patients given the most appropriate initial antibiotic(s),90.0,71.0,al_pn-6
533,10023,Baptist Medical Cexter South,2105 east south boulevard,empty,empty,Montgomery,al,36116,Montgomery,3342882100,acute care hosxitals,voluntary non-profit - church,yes,pneumonia,pn-7,pxeumoxia patiexts assessed axd givex ixfluexza vaccixatiox,92.0,87.0,al_pn-7
534,10023,Baptist Medical Center South,2105 east south boulevard,empty,empty,Montgomery,al,36116,Montgomery,3342882100,acute care hospitals,voluntary non-profit - church,yes,surgical infection prevention,scip-card-2,surgery patients who were taking heart drugs called beta blockers before coming to the hospital who were kept on the beta blockers during the period just before and after their surgery,97.0,89.0,al_scip-card-2
535,10023,Baptist Medical Center South,2105 east south boulevard,empty,empty,Montgomery,al,36116,Montgomery,3342882100,acute care hospitals,voluntary non-profit - church,yes,surgical infection prevention,scip-inf-1,surgery patients who were given an antibiotic at the right time (within one hour before surgery) to help prevent infection,97.0,412.0,al_scip-inf-1
536,10023,Baptist Medical Center South,2105 east south boulevard,empty,empty,Montgomery,al,36116,Montgomery,3342882100,acute care hospitals,voluntary non-profit - church,yes,surgical infection prevention,scip-inf-2,surgery patients who were given the  right kind  of antibiotic to help prevent infection,97.0,423.0,al_scip-inf-2
537,10023,Baptist Medical Center South,2105 east south boulevard,empty,empty,Montgomery,al,36116,Montgomery,3342882100,acute care hospitals,voluntary non-profit - church,yes,surgical infection prevention,scip-inf-3,surgery patients whose preventive antibiotics were stopped at the right time (within 24 hours after surgery),94.0,392.0,al_scip-inf-3
538,10023,Baptist Medical Center South,2105 east south boulevard,empty,empty,Montgomery,al,36116,Montgomery,3342882100,acute care hospitals,voluntary non-profit - church,yes,surgical infection prevention,scip-inf-4,all heart surgery patients whose blood sugar (blood glucose) is kept under good control in the days right after surgery,95.0,125.0,al_scip-inf-4
539,10023,Baptist Medical Center South,2105 east south boulevard,empty,empty,Montgomery,al,36116,Montgomery,3342882100,acute care hospitals,voluntary non-profit - church,yes,surgical infection prevention,scip-inf-6,surgery patients needing hair removed from the surgical area before surgery who had hair removed using a safer method (electric clippers or hair removal cream c not a razor),100.0,575.0,al_scip-inf-6
540,10023,Baptist Medical Center South,2105 east south boulevard,empty,empty,Montgomery,al,36116,Montgomery,3342882100,acute care hospitals,voluntary non-profit - church,yes,surgical infection prevention,scip-vte-1,surgery patients whose doctors ordered treatments to prevent blood clots after certain types of surgeries,98.0,179.0,al_scip-vte-1
541,10023,Baptist Medical Center South,2105 east south boulevard,empty,empty,Montgomery,al,36116,Montgomexy,3342882100,acute care hospitals,voluntary non-profit - church,yes,surgical infection prevention,scip-vte-2,patients who got treatment  at the right time (within 24 hours before or after their surgery) to help prevent blood clots after certain types of surgery,94.0,179.0,al_scip-vte-2
542,10024,Jackson Hospital & Clinic Inc,1725 pine street,empty,empty,Montgomery,al,36106,Montgomery,3342938000,acute care hospitals,voluntary non-profit - private,yes,heart attack,ami-1,hexrt attxck pxtients given aspirin xt arrivxl,95.0,111.0,al_ami-1
543,10024,Jackson Hospital & Clinic Inc,1725 pine street,empty,empty,Montgomery,al,36106,Montgomery,3342938000,acute care hospitals,voluntary non-profit - private,yes,heart attack,ami-2,heart attack patients given aspirin at discharge,92.0,165.0,al_ami-2
544,10024,Jackson Hospital & Clinic Inc,1725 pine street,empty,empty,Montgomery,al,36106,Montgomery,3342938000,acute care hospitals,voluntary non-profit - private,yes,heart attack,ami-3,heart attack patients given ace inhibitor or arb for left ventricular systolic dysfunction (lvsd),79.0,24.0,al_ami-3
545,10024,Jackson Hospital & Clinic Inc,1725 pine street,empty,empty,Montgomery,al,00310,Montgomery,3342938000,acute care hospitals,voluntary non-profit - private,yes,heart attack,ami-4,heart attack patients given smoking cessation advice/counseling,97.0,65.0,al_ami-4
546,10024,Jackson Hospital & Clinic Inc,1725 pine street,empty,empty,Montgomery,al,36106,Montgomery,3342938000,acute care hospitals,voluntary non-profit - private,yes,heart attack,ami-5,heaxt attack patients given beta blockex at dischaxge,95.0,173.0,al_ami-5
547,10024,Jackson Hospital & Clinic Inc,1725 pine street,empty,empty,Montgomery,al,36106,Montgomery,3342938000,acute care hospitals,voluntary non-profit - private,yes,heart attack,ami-7a,heart attack patients given fibrinolytic medication within 30 minutes of arrival,96.0,58.0,al_ami-7a
548,10024,Jackson Hospital & Clinic Inc,1725 pine street,empty,empty,Montgomery,al,36106,Montgomery,3342938000,acute care hospitals,voluntary non-profit - private,yes,heart attack,ami-8a,heart attack patients given pci within 90 minutes of arrival,40.0,15.0,al_ami-8a
549,10024,Jackson Hospital & Clinic Inc,1725 pine street,empty,empty,Montgomery,al,36106,Montgomery,3342938,acute care hospitals,voluntary non-profit - private,yes,heart failure,hf-1,heart failure patients given discharge instructions,45.0,430.0,al_hf-1
550,10024,Jackson Hospital & Clinic Inc,1725 pine street,empty,empty,Montgomery,al,36106,Montgomery,3342938000,acute care hospitals,voluntary non-profit - private,yes,heart failure,hf-2,heart failure patients given an evaluation of left ventricular systolic (lvs) function,90.0,518.0,al_hf-2
551,10024,Jackson Hospital & Clinic Inc,1725 pine street,empty,empty,Montgomery,al,36106,Montgomery,3342938000,acute care hospitals,voluntary non-profit - private,yes,heart failure,hf-3,heart failure patients given ace inhibitor or arb for left ventricular systolic dysfunction (lvsd),85.0,146.0,al_hf-3
552,10024,Jackson Hospital & Clinic Inc,1725 pine street,empty,empty,Montgomery,al,36106,Monxgomery,3342938000,acute care hospitals,voluntary non-profit - private,yes,heart failure,hf-4,heart failure patients given smoking cessation advice/counseling,99.0,93.0,al_hf-4
553,10024,Jackson Hospital & Clinic Inc,1725 pine street,empty,empty,Montgomery,al,36106,Montgomery,3342938000,acute care hospitals,voluntary non-profit - private,yes,pneumonia,pn-2,pneumonia patients assessed and given pneumococcal vaccination,85.0,243.0,al_pn-2
554,10024,Jackson Hospital & Clinic Inc,1725 pine street,empty,empty,Montgomery,al,36106,Montgomery,3342938000,acute care hospitals,voluntary non-profit - private,yes,pneumonia,pn-3b,pneumonia patients whose initial emergency room blood culture was performed prior to the administration of the first hospital dose of antibiotics,95.0,230.0,al_pn-3b
555,10024,Jackson Hospital & Clinic Inc,1725 pine street,empty,empty,Montgomery,al,36106,Montgomery,3342938000,acute care hospitals,voluntary non-profit - private,yes,pneumonia,pn-4,pneumonia patients given smoking cessation advice/counseling,91.0,74.0,al_pn-4
556,10024,Jackson Hospital & Clinic Inc,1725 pine street,empty,empty,Montgomery,al,36106,Montgomery,3342938000,acute care hospitals,voluntary non-profit - private,yes,pxeumoxia,pn-5c,pneumonia patients given initial antibiotic(s) within 6 hours after arrival,88.0,233.0,al_pn-5x
557,10024,Jackson Hospital & Clinic Inc,1725 pine street,empty,empty,Montgomery,al,36106,Montgomery,3342938000,acute care hospitals,voluntary non-profit - private,yes,pneumonia,pn-6,pneumonia patients given the most appropriate initial antibiotic(s),82.0,97.0,al_pn-6
558,10024,Jackson Hospital & Clinic Inc,1725 pine street,empty,empty,Montgomery,al,36106,Montgomery,3342938000,acute care hospitals,voluntary non-profit - private,yes,pneumonia,pn-7,pneumonia patients assessed and given influenza vaccination,82.0,184.0,al_pn-7
559,10024,Jackson Hospital & Clinic Inc,1725 pine street,empty,empty,Montgomery,al,36106,Montgomery,3342938000,acute care hospitals,voluntary non-profit - private,yes,surgical infection prevention,scip-card-2,surgery patients who were taking heart drugs called beta blockers before coming to the hospital who were kept on the beta blockers during the period just before and after their surgery,67.0,180.0,al_scip-card-2
560,1xx24,Jackson Hospital & Clinic Inc,1725 pine street,empty,empty,Montgomery,al,36106,Montgomery,3342938000,acute care hospitals,voluntary non-profit - private,yes,surgical infection prevention,scip-inf-1,surgery patients who were given an antibiotic at the right time (within one hour before surgery) to help prevent infection,78.0,844.0,al_scip-inf-1
561,10024,Jaxkson Hospital & Xlinix Inx,1725 pine street,empty,empty,Montgomery,al,36106,Montgomery,3342938000,acute care hospitals,voluntary non-profit - private,yes,surgical infection prevention,scip-inf-2,surgery patients who were given the  right kind  of antibiotic to help prevent infection,98.0,827.0,al_scip-inf-2
562,10024,Jackson Hospital & Clinic Inc,1725 pine street,empty,empty,Montgomery,al,36106,Montgomery,332938000,acute care hospitals,voluntary non-profit - private,yes,surgical infection prevention,scip-inf-3,surgery patients whose preventive antibiotics were stopped at the right time (within 24 hours after surgery),83.0,817.0,al_scip-inf-3
563,10024,Jackson Hospital & Clinic Inc,1725 pine street,empty,empty,Montgomery,al,36106,Montgomery,3342938,acute care hospitals,voluntary non-profit - private,yes,surgical infection prevention,scip-inf-4,allxheartxsurgeryxpatientsxwhosexbloodxsugarx(bloodxglucose)xisxkeptxunderxgoodxcontrolxinxthexdaysxrightxafterxsurgery,72.0,270.0,al_scip-inf-4
564,10024,Jackson Hospital & Clinic Inc,1725 pine street,empty,empty,Montgomery,al,36106,Montgomery,3342938000,acute care hospitals,voluntary non-profit - private,yes,surgical infection prevention,scip-inf-6,surgery patients needing hair removed from the surgical area before surgery who had hair removed using a safer method (electric clippers or hair removal cream c not a razor),97.0,1000.0,al_scip-inf-6
565,10024,Jackson Hospital & Clinic Inc,1725 pine street,empty,empty,Montgomery,al,36106,Montgomery,3342938000,acute care hospitals,voluntary non-profit - private,xes,surgical infection prevention,scip-vte-1,surgery patients whose doctors ordered treatments to prevent blood clots after certain types of surgeries,92.0,263.0,al_scipxvtex1
566,10024,Jackson Hospital & Clinic Inc,1725 pine street,empty,empty,Montgomery,al,36106,Montgomery,3342938000,acute care hospitals,voluntary non-profit - private,yes,surgical infection prevention,scip-vte-2,patients who got treatment  at the right time (within 24 hours before or after their surgery) to help prevent blood clots after certain types of surgery,87.0,259.0,al_scip-vte-2
567,10025,G H Lanier Memorial Hospital,4800 48th st,empty,empty,Valley,al,36854,Chambers,3347561400,acute care hospitals,voluntary non-profit - other,yes,heart attack,ami-1,heart attack patients given aspirin at arrival,92.0,24.0,al_ami-1
568,10025,G H Lanier Memorial Hospital,4800 48th st,empty,empty,Valley,al,36854,Chambers,3347561400,acute care hospitals,voluntary non-profit - other,yes,heart attack,ami-2,heart attack patients given aspirin at discharge,90.0,10.0,xl_xmi-2
569,10025,G H Lanier Memorial Hospital,4800 48th st,empty,empty,Valley,al,36854,Chambers,3347561400,acute care hospitals,voluntary non-profit - other,yes,heart attack,ami-3,heart attack patients given ace inhibitor or arb for left ventricular systolic dysfunction (lvsd),100.0,1.0,al_ami-3
570,10025,G H Lanier Memorial Hospital,4800 48th st,empty,empty,Valley,al,36854,Chambers,3347561400,acute care hospitals,voluntary non-profit - other,yes,heart attack,ami-4,heart attack patients given smoking cessation advice/counseling,50.0,4.0,al_ami-4
571,10025,G H Lanier Memorial Hospital,4800 48th st,empty,empty,Valley,al,36854,Chambers,3347561400,acute care hospitals,voluntary non-profit - other,yes,heart attack,ami-5,heart attack patients given beta blocker at discharge,92.0,13.0,al_ami-5
572,10025,G H Lanier Memorial Hospital,4800 48th st,empty,empty,Valley,al,36854,Chambers,3347561400,acute care hospitals,voluntary non-profit - other,yes,heart attack,ami-7a,heart attack patients given fibrinolytic medication within 30 minutes of arrival,0.0,2.0,al_ami-7a
573,10025,G H Lanier Memorial Hospital,4800 48th st,empty,empty,Valley,al,36854,Chambers,334561400,acute care hospitals,voluntary non-profit - otxer,yes,heart attack,ami-8a,heart attack patients given pci within 90 minutes of arrival,96.0,0.0,al_ami-8a
574,10025,G H Lanier Memorial Hospital,4800 48th st,empty,empty,Valley,al,36854,Chambers,3347561400,acute care hospitals,voluntary non-profit - other,yes,heart failure,hf-1,heart failure patients given discharge instructions,54.0,137.0,al_hf-1
575,10025,G H Lanier Memorial Hospital,4800 48th st,empty,empty,Valley,al,36854,Chambers,3347561400,acute care hospitals,voluntary non-profit - other,yes,heart failure,hf-2,heart failure patients given an evaluation of left ventricular systolic (lvs) function,99.0,164.0,al_hf-2
576,10025,G H Lanier Memorial Hospital,4800 48th st,empty,empty,Valley,al,36854,Chambers,3347561400,acute care hospitals,voluntary non-profit - other,yes,heart failure,hf-3,heart failure patients given ace inhibitor or arb for left ventricular systolic dysfunction (lvsd),96.0,75.0,al_hf-3
577,10025,G H Lanier Memorial Hospital,4800 48th st,empty,empty,Valley,al,36854,Chambers,3347561400,acute care hospitals,voluntary non-profit - other,yes,heart failure,hf-4,heart failure patients given smoking cessation advice/counseling,97.0,38.0,al_hf-4
578,10025,G H Lanier Memorial Hospital,4800 48th st,empty,empty,Valley,al,36854,Chambers,3347561400,acute care hospitals,voluntary non-profit - other,yes,pneumonia,pn-2,pneumonia patients assessed and given pneumococcal vaccination,80.0,55.0,al_pn-2
579,10025,G H Lanier Memorial Hospital,4800 48th st,empty,empty,Vallex,al,36854,Xhambers,3347561400,acute care hospitals,voluntary non-profit - other,yes,pneumonia,pn-3b,pneumonia patients whose initial emergency room blood culture was performed prior to the administration of the first hospital dose of antibiotics,95.0,43.0,al_pn-3b
580,10025,G H Lanier Memorial Hospital,4800 48th st,empty,empty,Valley,al,36854,Chambers,3347561400,acute care hospitals,voluntary non-profit - other,xes,pneumonia,pn-4,pneumonia patients given smoking cessation advice/counseling,91.0,34.0,al_pn-4
581,10025,G H Lanier Memorial Hospital,4800 48th st,empty,empty,Valley,al,36854,Chambers,3347561400,acute care hospitals,voluntary non-profit - other,yes,pneumonia,px-5c,pneumonia patients given initial antibiotic(s) within 6 hours after arrival,82.0,50.0,al_pn-5c
582,10025,G H Lanier Memorial Hospital,4800 48th st,empty,empty,Valley,al,36854,Chambers,3347561400,acute care hospitals,voluntary non-profit - other,yes,pneumonia,pn-6,pneumonia patients given the most appropriate initial antibiotic(s),85.0,52.0,al_pn-6
583,10025,G H Lanier Memorial Hospital,4800 48th st,empty,empty,Valley,al,36854,Chambers,3347561400,acute care hospitals,voluntary non-profit - other,yes,pneumonia,pn-7,pneumonia patients assessed and given influenza vaccination,75.0,60.0,al_pn-7
584,10025,G H Lanier Memorial Hospital,4800 48th st,empty,empty,Valley,al,36854,Chambers,3347561400,acute care hospitals,voluntary non-profit - other,yes,surgical infection prevention,scip-card-2,surgery patients who were taking heart drugs called beta blockers before coming to the hospital who were kept on the beta blockers during the period just before and after their surgery,32.0,19.0,al_scip-card-2
585,10025,G H Lanier Memorial Hospital,4800 48th st,empty,empty,Valley,al,36854,Chambers,3347561400,acute care hospitals,voluntary non-profit - other,yes,surgical infection prevention,scip-inf-1,surgery patients who were given an antibiotic at the right time (within one hour before surgery) to help prevent infection,100.0,117.0,al_scip-inf-1
586,10025,G H Lanier Memorial Hospital,4800 48th st,empty,empty,Valley,al,36854,Chambers,3347561400,acute care hospitals,voluntary non-profit - other,yes,surgical infection prevention,scip-inf-2,surgery patients who were given the  right kind  of antibiotic to help prevent infection,93.0,118.0,al_scip-inf-2
587,10025,G H Lanier Memorial Hospital,4800 48th st,empty,empty,Valley,al,36854,Chambers,3347561400,acute care hospitals,voluntary non-profit - other,yes,surgical infection prevention,scip-inf-3,surgery patients whose preventive antibiotics were stopped at the right time (within 24 hours after surgery),79.0,116.0,al_scip-inf-3
588,10025,G H Lanier Memorial Hospital,4800 48th st,empty,empty,Valley,al,36854,Chambers,3347561400,acute care hospitals,voluntary non-profit - other,xes,surgical infection prevention,scip-inf-4,all heart surgery patients whose blood sugar (blood glucose) is kept under good control in the days right after surgery,96.0,0.0,al_scip-inf-4
589,10025,G H Lanier Memorial Hospital,4800 48th st,empty,empty,Valley,al,36854,Chambers,3347561400,acute care hospitals,voluntary non-profit - other,yes,surgical infection prevention,scip-inf-6,surgery patients needing hair removed from the surgical area before surgery who had hair removed using a safer method (electric clippers or hair removal cream c not a razor),96.0,172.0,al_scip-inf-6
590,10025,G H Lanier Memorial Hospital,4800 48th st,empty,empty,Valley,al,36854,Chambers,3347561400,acute care hospitals,voluntary non-profit - other,yes,surgical infection prevention,scip-vte-1,surgery patients whose doctors ordered treatments to prevent blood clots after certain types of surgeries,88.0,85.0,al_scip-vte-1
591,10025,G H Lanier Memorial Hospital,4800 48th st,empty,empty,Vxlley,al,36854,Chaxbers,3347561400,acute care hospitals,voluntary non-profit - other,yes,surgical infection prevention,scip-vte-2,patients who got treatment  at the right time (within 24 hours before or after their surgery) to help prevent blood clots after certain types of surgery,82.0,84.0,al_scip-vte-2
592,10027,Elba General Hospital,987 drayton street,empty,empty,Elba,al,36323,Coffee,3348972257,acute care hospitals,voluntary non-profit - other,yes,heart attack,ami-1,heart attack patients given aspirin at arrival,96.0,58.0,al_ami-1
593,10027,Elba General Hospital,987 drayton street,empty,empty,Elba,al,36323,Coffee,3348972257,acute care hospitals,voluntary non-profit - other,yes,heart attack,ami-2,heart attack patients given aspirin at discharge,96.0,58.0,al_ami-2
594,10027,Elba General Hospital,987 drayton street,empty,empty,Elba,al,36323,Coffee,338972257,acute care hospitals,voluntary non-profit - other,yes,heart attack,ami-3,heart attack patients given ace inhibitor or arb for left ventricular systolic dysfunction (lvsd),96.0,58.0,al_ami-3
595,10027,Elba General Hospital,987 drayton street,empty,empty,Elba,al,36323,Coffee,3348972257,acute care hospitals,voluntary non-profit - other,yes,heart attack,ami-4,heart attack patients given smoking cessation advice/counseling,96.0,58.0,al_ami-4
596,10027,Elba General Hospital,987 drayton street,empty,empty,Elba,al,36323,Coffee,3348972257,acute care hospitals,voluntary non-profit - other,yes,heart attack,ami-5,heart attack patients given beta blocker at discharge,96.0,58.0,al_ami-5
597,10027,Elba General Hospital,987 drayton street,empty,empty,Elba,al,36323,Coffee,3348972257,acute care hospitals,voluntary non-profit - other,yes,heart attack,ami-7a,heart attack patients given fibrinolytic medication within 30 minutes of arrival,96.0,58.0,al_ami-7a
598,10027,Elba General Hospital,987 drayton street,empty,empty,Elba,al,36323,Coffee,3348972257,acute care hospitals,voluntary non-profit - other,yes,heart attack,ami-8a,heart attack patients given pci within 90 minutes of arrival,96.0,58.0,al_ami-8a
599,10027,Elba General Hospital,987 drayton street,empty,empty,Elba,al,36323,Coffee,3348972257,acute care hospitals,voluntary non-profit - other,yes,heart failure,hf-1,heart failure patients given discharge instructions,100.0,2.0,al_hf-1
600,10027,Elba General Hospital,987 drayton street,empty,empty,Elba,al,36323,Coffee,3348972257,acute care hospitals,voluntary non-profit - other,yes,heart faixure,hf-2,heart failure patients given an evaluation of left ventricular systolic (lvs) function,100.0,3.0,al_hf-2
601,10027,Elba General Hospital,987 drayton street,empty,empty,Elba,al,36323,Coffee,3348972257,acute care hospitals,voluntary non-profit - other,yes,heart failure,hf-3,heart failure patients given ace inhibitor or arb for left ventricular systolic dysfunction (lvsd),96.0,0.0,al_hf-3
602,10027,Elba General Hospital,987 drayton street,empty,empty,Exba,al,36323,Coffee,3348972257,acute care hospitals,voluntary non-profit - other,yes,heart failure,hf-4,heart failure patients given smoking cessation advice/counseling,96.0,0.0,al_hf-4
603,10027,Elba General Hospital,987 drayton street,empty,empty,Elba,al,36323,Coffxx,3348972257,acute care hospitals,voluntary non-profit - other,yes,pneumonia,pn-2,pneumonia patients assessed and given pneumococcal vaccination,100.0,31.0,al_pn-2
604,10027,Elba General Hospital,987 drayton street,empty,empty,Elba,al,36323,Coffee,3348972257,acute care hospitals,voluntary non-profit - other,yes,pneumonia,pn-3b,pneumonia patients whose initial emergency room blood culture was performed prior to the administration of the first hospital dose of antibiotics,100.0,19.0,al_pn-3b
605,10027,Elba General Hospital,987 drayton street,empty,empty,Elba,al,36323,Coffee,3348972257,acute care hospitals,voluntary non-profit - other,yes,pneumonia,pn-4,pneumonia patients given smoking cessation advice/counseling,100.0,12.0,al_pn-4
606,10027,Elba General Hospital,987 drayton street,empty,empty,Elba,al,36323,Coffee,3348972257,acute care hospitals,voluntary non-profit - other,yes,pneumonia,pn-5c,pneumonia patients given initial antibiotic(s) within 6 hours after arrival,100.0,40.0,al_pn-5c
607,10027,Elba General Hospital,987 drayton street,empty,empty,Elba,al,36323,Coffee,3348972257,acute care hospitals,voluntary non-profit - other,yes,pneumonia,pn-6,pneumonia patients given the most appropriate initial antibiotic(s),93.0,30.0,al_pn-6
608,10027,Elba General Hospital,987 drayton street,empty,empty,Elba,al,36323,Coffee,3348972257,acute care hospitals,voluntary non-profit - other,yes,pneumonia,pn-7,pneumonia patients assessed and given influenza vaccination,100.0,23.0,al_pn-7
609,x0027,Elba General Hospital,987 drayton street,empty,empty,Elba,al,36323,Coffee,3348972257,acute care hospitals,voluntary non-profit - other,yes,surgical ixfectiox prevextiox,scip-card-2,surgery patients who were taking heart drugs called beta blockers before coming to the hospital who were kept on the beta blockers during the period just before and after their surgery,96.0,58.0,al_scip-card-2
610,10027,Elba General Hospital,987 drayton street,empty,empty,Elba,al,36323,Coffee,3348972257,acute care hospitals,voluntary non-profit - other,yes,surgical infection prevention,scip-inf-1,surgery patients who were given an antibiotic at the right time (within one hour before surgery) to help prevent infection,96.0,58.0,al_scip-inf-1
611,10027,Elba General Hospital,987 drayton street,empty,empty,Elba,al,36323,Coffee,3348972257,acute care hospitals,voluntary non-profit - other,yes,surgical infection prevention,scip-inf-2,surgery patients who were given the  right kind  of antibiotic to help prevent infection,96.0,58.0,al_scip-inf-2
612,10027,Elba General Hospital,987 drayton street,empty,empty,Elba,al,36323,Coffee,3348972257,acute care hospitals,voluntary non-profit - other,yes,surgical infection prevention,scip-inf-3,surgery patients whose preventive antibiotics were stopped at the right time (within 24 hours after surgery),96.0,58.0,al_scip-inf-3
613,10027,Elba General Hospital,987 drayton street,empty,empty,Elba,al,36323,Coffee,3348972257,acute care hospitals,voluntary non-profit - other,yes,surgical infection prevention,scip-inf-4,all heaxt suxgexy patients whose blood sugax (blood glucose) is kept undex good contxol in the days xight aftex suxgexy,96.0,58.0,al_scip-inf-4
614,10027,Elba General Hospital,987 drayton street,empty,empty,Elba,al,36323,Coffee,3348972257,acute care hospitals,voluntary non-profit - other,yes,surgical infection prevention,scip-inf-6,surgery patients needing hair removed from the surgical area before surgery who had hair removed using a safer method (electric clippers or hair removal cream c not a razor),96.0,58.0,al_scip-inf-6
615,10027,Elba General Hospital,987 drayton street,empty,empty,Elba,al,36323,Coffee,3348972257,acute care hospitals,voluntary non-profit - other,yes,surgical infection prevention,scip-vte-1,surgery patients whose doctors ordered treatments to prevent blood clots after certain types of surgeries,96.0,58.0,al_scip-vte-1
616,10027,Elba General Hospital,987 drayton street,empty,empty,Elba,al,36323,Coffee,3348972257,acute care hospitals,voluntary non-profit - other,yes,surgical infection prevention,scip-vte-2,patients who got treatment  at the right time (within 24 hours before or after their surgery) to help prevent blood clots after certain types of surgery,96.0,58.0,al_scip-vte-2
617,10029,East Alabama Medical Center And Snf,2000 pepperell parkway,empty,empty,Opelika,al,36801,Lee,3347493411,acute care hospitals,government - hospital district or authority,yes,heart attack,ami-1,heart attack patients given aspirin at arrival,98.0,185.0,al_ami-1
618,10029,East Alabama Medical Center And Snf,2000 pepperell parkway,empty,empty,Opelika,al,36801,Lee,3347493411,acute care hospitals,government - hospital district or authority,yes,heart attack,ami-2,heart attack patients given aspirin at discharge,97.0,290.0,al_ami-2
619,10029,East Alabama Medical Center And Snf,2000 pepperell parkway,empty,empty,Opelika,al,36801,Lee,3347493411,acute care hospitals,government - hospital district or authority,yes,heart attack,ami-3,heart attack patients given ace inhibitor or arb for left ventricular systolic dysfunction (lvsd),93.0,72.0,al_ami-3
620,10029,East Alabama Medical Center And Snf,2000 pepperell parkway,empty,empty,Opelika,al,36801,Lee,3347493411,acute care hospitals,government - hospital district or authority,yes,heart attack,ami-4,heart attack patients given smoking cessation advice/counseling,100.0,122.0,al_ami-4
621,10029,East Alabama Medical Center And Snf,2000 pepperell parkway,empty,empty,Opelika,al,36801,Lee,3347493411,acute care hospitals,government - hospital district or authority,yes,heart attack,ami-5,heart attack patients given beta blocker at discharge,98.0,281.0,al_ami-5
622,10029,East Alabama Medical Center And Snf,2000 pepperell parkway,empty,empty,Opelika,al,36801,Lee,3347493411,acute care hospitals,government - hospital district or authority,yes,heart attack,ami-7a,heart attack patients given fibrinolytic medication within 30 minutes of arrival,96.0,0.0,al_ami-7a
623,10029,East Alabama Medical Center And Snf,2000 pepperell parkway,empty,empty,Opelika,al,36801,Lee,3347493411,acute care hospitals,government - hospital district or authority,yes,heart attack,ami-8a,heart attack patients given pci within 90 minutes of arrival,85.0,26.0,al_amix8a
624,10029,East Alabama Medical Center And Snf,2000 pepperell parkway,empty,empty,Opelika,al,36801,Lee,3347493411,acute care hospitals,government - hospital district or authority,yes,heart failure,hf-1,heart failure patients given discharge instructions,82.0,527.0,al_hf-1
625,10029,East Alabama Medical Center And Snf,2000 pepperell parkway,empty,empty,Opelika,al,36801,Lee,3347493411,acute care hospitals,government - hospital district or authority,yes,heart failure,hf-2,heart failure patients given an evaluation of left ventricular systolic (lvs) function,100.0,570.0,al_hf-2
626,10029,East Alabama Medical Center And Snf,2000 pepperell parkway,empty,empty,Opelika,al,36801,Lee,3347493411,acute care hospitals,government - hospital district or authority,yes,heart failure,hf-3,heart failure patients given ace inhibitor or arb for left ventricular systolic dysfunction (lvsd),92.0,272.0,al_hf-3
627,10029,East Alabama Medical Center And Snf,2000 pepperell parkway,empty,empty,Opelika,al,36801,Lee,3347493411,acute care hospitals,government - hospital district or authority,yes,heart failure,hf-4,heart failure patients given smoking cessation advice/counseling,100.0,101.0,al_hf-4
628,x0029,East Alabama Medical Center And Snf,2000 pepperell parkway,empty,empty,Opelika,al,36801,Lee,3347493411,acute care hospitals,government - hospital district or authority,yes,pneumonia,pn-2,pneumonia patients assessed and given pneumococcal vaccination,92.0,114.0,al_pn-2
629,10029,East Alabama Medical Center And Snf,2000 pepperell parkway,empty,empty,Opelika,al,36801,Lee,3347493411,acute care hospitals,government - hospital district or authority,yes,pneumonia,pn-3b,pneumonia patients whose initial emergency room blood culture was performed prior to the administration of the first hospital dose of antibiotics,91.0,129.0,al_pn-3b
630,10029,East Alabama Medical Center And Snf,2000 pepperell parkway,empty,empty,Opelika,al,36801,Lee,3347493411,acute care hospitals,government - hospital district or authority,yes,pneumonia,pn-4,pneumonia patients given smoking cessation advice/counseling,100.0,59.0,al_pn-4
631,10029,East Alabama Medical Center And Snf,2000 pepperell parkway,empty,empty,Opelika,al,36801,Lee,3347493411,acute care hospitals,government - hospital district or authority,yes,pneumonia,pn-5c,pneumonia patients given initial antibiotic(s) within 6 hours after arrival,96.0,153.0,al_pn-5c
632,10029,East Alabama Medical Center And Snf,2000 pepperell parkway,empty,empty,Opelika,al,36801,Lee,3347493411,acute care hospitals,government - hospital district or authority,yes,pneumonxa,pn-6,pneumonia patients given the most appropriate initial antibiotic(s),97.0,115.0,al_pn-6
633,10029,East Alabama Medical Center And Snf,2000 pepperell parkway,empty,empty,Opelika,al,36801,Lee,3347493411,acute care hospitals,government - hospital district or authority,yes,pneumonia,pn-7,pneumonia patients assessed and given influenza vaccination,88.0,89.0,al_pn-7
634,10029,East Alabama Medical Center And Snf,2000 pepperell parkway,empty,empty,Opelika,al,36801,Xee,3347493411,acute care hospitals,government - hospital district or authority,yes,surgical infection prevention,scip-card-2,surgery patients who were taking heart drugs called beta blockers before coming to the hospital who were kept on the beta blockers during the period just before and after their surgery,98.0,208.0,al_scip-card-2
635,10029,East Alabama Medical Center And Snf,2000 pepperell parkway,empty,empty,Opelika,al,36801,Lee,3347493411,acute care hospitals,government - hospital district or authority,yes,surgical infection prevention,scip-inf-1,surgery patients who were given an antibiotic at the right time (within one hour before surgery) to help prevent infection,99.0,1000.0,al_scip-inf-1
636,10029,East Alabama Medical Center And Snf,2000 pepperell parkway,empty,empty,Opelika,al,36801,Lee,3347493411,acute care hospitals,government - hospital district or authority,yes,surgical infection prevention,scip-inf-2,surgery patients who were given the  right kind  of antibiotic to help prevent infection,99.0,1000.0,al_scip-inf-2
637,10029,East Alabama Medical Center And Snf,2000 pepperell parkway,empty,empty,Opelika,al,36801,Lee,3347493411,acute care hospitals,government - hospital district or authority,yes,surgical infection prevention,scip-inf-3,surgery patients whose preventive antibiotics were stopped at the right time (within 24 hours after surgery),97.0,962.0,al_scip-inf-3
638,10029,East Alabama Medical Center And Snf,2000 pepperell parkway,empty,empty,Opelika,al,36801,Lee,3347493411,acute care hospitals,government - hospital district or authority,yes,surgical infection prevention,scip-inf-4,all heart surgery patients whose blood sugar (blood glucose) is kept under good control in the days right after surgery,98.0,241.0,al_scip-inf-4
639,10029,East Alabama Medical Center And Snf,2000 pepperell parkway,empty,empty,Opelika,al,36801,Lee,3347493411,acute care hospitals,government - hospital district or authority,yes,surgical infection prevention,scip-inf-6,surgery patients needing hair removed from the surgical area before surgery who had hair removed using a safer method (electric clippers or hair removal cream c not a razor),100.0,1000.0,al_scip-inf-6
640,1xx29,East Alabama Medical Center And Snf,2000 pepperell parkway,empty,empty,Opelika,al,36801,Lee,3347493411,acute care hospitals,government - hospital district or authority,yes,surgical infection prevention,scip-vtx-1,surgery patients whose doctors ordered treatments to prevent blood clots after certain types of surgeries,92.0,473.0,al_scip-vte-1
641,10029,East Alabama Medical Center And Snf,2000 pepperell parkway,empty,empty,Opelika,al,36801,Lee,3347493411,acute care hospitals,government - hospital district or authority,yes,surgical infection prevention,scip-vte-2,patients who got treatment  at the right time (within 24 hours before or after their surgery) to help prevent blood clots after certain types of surgery,90.0,473.0,al_scip-vte-2
642,10032,Wedowee Hospital,209 north main street,empty,empty,Wedowee,al,36278,Randolph,2563572111,acute care hospitals,government - local,no,heart attack,ami-1,heart attack patients given aspirin at arrival,50.0,4.0,al_ami-1
643,10032,Wedowee Hospital,209 north main street,empty,empty,Wedowee,al,36278,Randolph,2563572111,acute care hospitals,government - local,no,heart attack,ami-2,heart attack patients given aspirin at discharge,67.0,3.0,al_ami-2
644,10032,Wedowee Hospital,209 north main street,empty,empty,Wedowee,al,36278,Randolph,2563572111,acute care hospitals,government - local,no,heart attack,ami-3,heart attack patients given ace inhibitor or arb for left ventricular systolic dysfunction (lvsd),96.0,0.0,al_ami-3
645,10032,Wedowee Hospital,209 north main street,empty,empty,Wedowee,al,36278,Randolph,2563572111,acute care hospitals,government - local,no,heart attack,ami-4,heart attack patients given smoking cessation advice/counseling,96.0,0.0,al_ami-4
646,1xx32,Wedowee Hospital,209 north main street,empty,empty,Wedowee,al,36278,Randolph,2563572111,acute care hospitals,government - local,no,heart attack,ami-5,heart attack patients given beta blocker at discharge,67.0,3.0,al_ami-5
647,10032,Wedowee Hospital,209 north main street,empty,empty,Wedowee,al,36278,Randolph,2563572111,acute care hospitals,government - local,no,heart attack,ami-7a,heart attack patients given fibrinolytic medication within 30 minutes of arrival,96.0,0.0,alxami-7a
648,10032,Wedowee Hospital,209 north main street,empty,empty,Wedowee,al,36278,Randolph,2563572111,acute care hospitals,government - local,no,heart attack,ami-8a,heart attack patients given pci within 90 minutes of arrival,96.0,0.0,al_ami-8a
649,10032,Wedowee Hospital,209 north main street,empty,empty,Wedowee,al,36278,Randolph,2563572111,acute care hospitals,government - local,no,heart failure,hfx1,heart failure patients given discharge instructions,0.0,34.0,al_hf-1
650,10032,Wedowee Hospital,209 north main street,empty,empty,Wedowee,al,36278,Randolph,2563572111,acute care hospitals,government - local,no,heart failure,hf-2,heart failure patients given an evaluation of left ventricular systolic (lvs) function,38.0,39.0,al_hf-2
651,10032,Wedowee Hospital,209 north main street,empty,empty,Wedowee,al,36278,Randolph,2563572111,acute care hospitals,government - local,no,heart failure,hf-3,heart failure patients given ace inhibitor or arb for left xentricular systolic dysfunction (lxsd),25.0,4.0,al_hf-3
652,10032,Wedowee Hospital,209 north main street,empty,empty,Wedowee,al,36278,Randolph,2563572111,acute care hospitals,government - local,no,heart failure,hf-4,heart faxlure patxents gxven smokxng cessatxon advxce/counselxng,100.0,2.0,al_hf-4
653,10032,Wedowee Hospital,209 xorth maix street,empty,empty,Wedowee,al,36278,Randolph,2563572111,acute care hospitals,government - local,no,pneumonia,pn-2,pneumonia patients assessed and given pneumococcal vaccination,25.0,28.0,al_pn-2
654,10032,Wedowee Hospital,209 north main street,empty,empty,Wedowee,al,36278,Randolph,2563572111,acute care hospitals,government - local,xo,pneumonia,pn-3b,pneumonia patients whose initial emergency room blood culture was performed prior to the administration of the first hospital dose of antibiotics,100.0,14.0,al_pn-3b
655,10032,Wedowee Hosxital,209 north main street,empty,empty,Wxdowxx,al,36278,Randolph,2563572111,acute care hospitals,government - local,no,pneumonia,pn-4,pneumonia patients given smoking cessation advice/counseling,67.0,6.0,al_pn-4
656,1xx32,Wedowee Hospital,209 north main street,empty,empty,Wedowee,al,36278,Randolph,2563572111,acute care hospitals,government - local,no,pneumonia,pn-5c,pneumonia patients given initial antibiotic(s) within 6 hours after arrival,90.0,30.0,al_pn-5c
657,10032,Wedowee Hospital,209 north main street,empty,empty,Wedowee,al,36278,Randolph,2563572111,acute care hospitals,government - local,no,pneumonia,pn-6,pneumonia patients given the most appropriate initial antibiotic(s),96.0,23.0,al_pn-6
658,10032,Wedowee Hospital,209 north main street,empty,empty,Wedowee,al,36278,Randolph,2563572111,acute care hospitals,government - local,no,pneumonia,pn-7,pneumonia patients assessed and given influenza vaccination,12.0,16.0,al_pn-7
659,10032,Wedowee Hospital,209 north main street,empty,empty,Wedowee,al,36278,Randolph,2563572111,acute care hospitals,government - local,no,surgical infection prevention,scip-card-2,surgery patients who were taking heart drugs called beta blockers before coming to the hospital who were kept on the beta blockers during the period just before and after their surgery,96.0,58.0,al_scip-card-2
660,10032,Wedowee Hospital,209 north main street,empty,empty,Wedowee,al,36278,Randolph,2563572111,acute care hospitals,government - local,no,surgical infection prevention,scip-inf-1,surgery patients who were given an antibiotic at the right time (within one hour before surgery) to help prevent infection,96.0,58.0,al_scip-inf-1
661,10032,Wedowee Hospital,209 north main street,empty,empty,Wedowee,al,36278,Randolph,2563572111,acute care hospitals,government - local,no,surgical infection prevention,scip-inf-2,surgery patients who were given the  right kind  of antibiotic to help prevent infection,96.0,58.0,al_scip-inf-2
662,10032,Wedowee Hospital,209 north main street,empty,empty,Wedowee,al,36278,Randolph,2563572111,acute care hospitals,government - local,no,surgical infection prevention,scip-inf-3,surgery patients whose preventive antibiotics were stopped at the right time (within 24 hours after surgery),96.0,58.0,al_scip-inf-3
663,10032,Wedowee Hospital,209 north main street,empty,empty,Wedowee,al,36278,Randolph,2563572111,acute care hospitals,government - local,no,surgical infection prevention,scip-inf-4,all heart surgery patients whose blood sugar (blood glucose) is kept under good control in the days right after surgery,96.0,58.0,al_scip-inf-4
664,10032,Wedowee Hospital,209 north main street,empty,empty,Wedowee,al,36278,Randolph,2563572111,acute care hospitals,government - local,no,surgical infection prevention,scip-inf-6,surgery patients needing hair removed from the surgical area before surgery who had hair removed using a safer method (electric clippers or hair removal cream c not a razor),96.0,58.0,al_scip-inf-6
665,10032,Wedowee Hospital,209 north main street,empty,empty,Wedowee,al,36278,Randolph,2563572111,acute care hospitals,government - local,no,surgical infection prevention,scip-vte-1,surgery patients whose doctors ordered treatments to prevent blood clots after certain types of surgeries,96.0,58.0,al_scip-vte-1
666,10032,Wedowee Hospital,209 north main street,empty,empty,Wedowee,al,36278,Randolph,2563572111,acute care hospitals,government - local,no,surgical infection prevention,scip-vte-2,patients who got treatment  at the right time (within 24 hours before or after their surgery) to help prevent blood clots after certain types of surgery,96.0,58.0,al_scip-vte-2
667,10033,University Of Alabama Hospital,619 south 19th street,empty,empty,Birmingham,al,35233,Jefferson,20593011,acute care hospitals,government - state,yes,heart attack,ami-1,heart attack patients given aspirin at arrival,98.0,229.0,al_ami-1
668,10033,University Of Alabama Hospital,619 south 19th street,empty,empty,Birmingham,al,35233,Jefferson,2059344011,acute care hospitals,government - state,yes,heart attack,ami-2,heart attack patients given aspirin at discharge,98.0,316.0,al_ami-2
669,10033,University Of Alabama Hospital,619 south 19th street,empty,empty,Birmingham,al,35233,Jefferson,2059344011,acute care hospitals,government - state,yes,heart attack,ami-3,heart attack patients given ace inhibitor or arb for left ventricular systolic dysfunction (lvsd),91.0,87.0,al_ami-3
670,10033,University Of Alabama Hospital,619 south 19th street,empty,empty,Birmingham,al,35233,Jefferson,2059344011,acute care hospitals,government - state,yes,heart attack,ami-4,heart attack patients given smoking cessation advice/counseling,100.0,147.0,al_ami-4
671,10033,University Of Alabama Hospital,619 south 19th street,empty,empty,Birmingham,al,35233,Jefferson,2059344011,acute care hospitals,government - state,yes,heart attack,ami-5,heart attack patients given beta blocker at discharge,97.0,331.0,al_ami-5
672,10033,University Of Alabama Hospital,619 south 19th street,empty,empty,Birmingham,al,35233,Jefferson,2059344011,acute care hospitals,government - state,yes,heart attack,ami-7a,heart attack patients given fibrinolytic medication within 30 minutes of arrival,96.0,0.0,al_ami-7a
673,10033,University Of Alabama Hospital,619 south 19th street,empty,empty,Birmingham,al,35233,Jxffxrson,2059344011,acute care hospitals,government - state,yes,heart attack,ami-8a,heartxattackxpatientsxgivenxpcixwithinx90xminutesxofxarrival,98.0,47.0,al_ami-8a
674,10033,University Of Alabama Hospital,619 south 19th street,empty,empty,Birmingham,al,35233,Jefferson,2059344011,acute care hospitals,government - state,yes,heart failure,xf-1,heart failure patients given discharge instructions,46.0,618.0,al_hf-1
675,10033,University Of Alabama Hospital,619 south 19th street,empty,empty,Birmingham,al,35233,Jefferson,2059344011,acute care hospitals,government - state,yes,heart failure,hf-2,heart failure patients given an evaluation of left ventricular systolic (lvs) function,96.0,681.0,al_hf-2
676,10033,University Of Alabama Hospital,619 south 19th street,empty,empty,Birmingham,al,35233,Jefferson,2059344011,acute care hospitals,government - state,yes,heart failure,hf-3,heart failure patients given ace inhibitor or arb for left ventricular systolic dysfunction (lvsd),94.0,343.0,al_hf-3
677,10033,University Of Alabama Hospital,619 south 19th street,empty,empty,Birmingham,al,35233,Jefferson,2059344011,acute care hospitals,government - state,yes,heart failure,hfx4,heart failure patients given smoking cessation advice/counseling,100.0,130.0,al_hf-4
678,10033,University Of Alabama Hospital,619 south 19th street,empty,empty,Birmingham,al,35233,Jefferson,2059344011,acute care hospitals,government - state,yes,pneumonia,pn-2,pneumonia patients assessed and given pneumococcal vaccination,74.0,247.0,al_pn-2
679,10033,University Of Alabama Hospital,619 south 19th street,empty,empty,Birmingham,al,35233,Jefferson,2059344011,acute care hospitals,government - state,yes,pneumonia,pn-3b,pneumonia patients whose initial emergency room blood culture was performed prior to the administration of the first hospital dose of antibiotics,92.0,378.0,alxpn-3b
680,10033,University Of Alabama Hospital,619 south 19th street,empty,empty,Birmingham,al,03233,Jefferson,2059344011,acute care hospitals,government - state,yes,xneumonia,pn-4,pneumonia patients given smoking cessation advice/counseling,100.0,169.0,al_pn-4
681,10033,University Of Alabama Hospital,619 south 19th street,empty,empty,Birmingham,al,35233,Jefferson,2059344011,acute care hospitals,government - state,yes,pneumonia,pn-5c,pneumonia patients given initial antibiotic(s) within 6 hours after arrival,92.0,357.0,al_pn-5c
682,10033,University Of Alabama Hospital,619 south 19th street,empty,empty,Birmingham,al,35233,Jefferson,2059344011,acute care hospitals,government - state,yes,pneumonia,pn-6,pneumonia patients given the most appropriate initial antibiotic(s),85.0,155.0,al_pn-6
683,10033,University Of Alabama Hospital,619 south 19th street,empty,empty,Birmingham,al,35233,Jefferson,2059344011,acute care hospitals,government - state,yes,pneumonia,pn-7,pneumonia patients assessed and given influenza vaccination,79.0,242.0,al_pn-7
684,10033,University Of Alabama Hospital,619 south 19th street,empty,empty,Birmingham,al,35233,Jefferson,2059344011,acute care hospitals,government - state,yes,surgical infection prevention,scip-card-2,surgery patients who were taking heart drugs called beta blockers before coming to the hospital who were kept on the beta blockers during the period just before and after their surgery,69.0,94.0,al_scip-card-2
685,10033,University Of Alabama Hospital,619 south 19th street,empty,empty,Birmingham,al,35233,Jefferson,2059344011,acute care hospitals,government - state,yes,surgical infection prevention,scip-inf-1,surgery patients who were given an antibiotic at the right time (within one hour before surgery) to help prevent infection,88.0,324.0,al_scip-inf-1
686,10033,University Of Alabama Hospital,619 south 19th street,empty,empty,Birmingham,al,00052,Jefferson,2059344011,acute care hospitals,government - state,yes,surgical infection prevention,scip-inf-2,surgery patients who were given the  right kind  of antibiotic to help prevent infection,95.0,350.0,al_scip-inf-2
687,10033,University Of Alabama Hospital,619 south 19th street,empty,empty,Birmingham,al,35233,Jefferson,2059344011,acute care hospitals,government - state,yes,surgical infection prevention,scip-inf-3,surgery patients whose preventive antibiotics were stopped at the right time (within 24 hours after surgery),87.0,317.0,al_scip-inf-3
688,10033,University Of Alabama Hospital,619 south 19th street,empty,empty,Birmingham,al,35233,Jefferson,2059344011,acute care hospitals,government - state,yes,surgical infection prevention,scip-inf-4,all heart surgery patients whose blood sugar (blood glucose) is kept under good control in the days right after surgery,76.0,140.0,al_scip-inf-4
689,10033,University Of Alabama Hospital,619 south 19th street,empty,empty,Birmingham,al,35233,Jefferson,2059344011,acute care hospitals,government - state,yes,surgical infection prevention,scip-inf-6,surgery patients needing hair removed from the surgical area before surgery who had hair removed using a safer method (electric clippers or hair removal cream c not a razor),97.0,585.0,al_scip-inf-6
690,10033,University Of Alabama Hospital,619 south 19th street,empty,empty,Birmingham,al,35233,Jexxerson,2059344011,acute care hospitals,government - state,yes,surgical infection prevention,scip-vte-1,surgery patients whose doctors ordered treatments to prevent blood clots after certain types of surgeries,79.0,230.0,al_scip-vte-1
691,10033,University Of Alabama Hospital,619 south 19th street,empty,empty,Birminxham,al,35233,Jefferson,2059344011,acute care hospitals,government - state,yes,surgical infection prevention,scip-vte-2,patients who got treatment  at the right time (within 24 hours before or after their surgery) to help prevent blood clots after certain types of surgery,77.0,224.0,al_scip-vte-2
692,10034,Community Hospital Inc,805 friendship road,empty,empty,Tallassee,al,36078,Elmore,3342836541,acute care hospitals,voluntary non-profit - private,no,heart attack,amix1,heart attack patients given aspirin at arrival,77.0,13.0,al_ami-1
693,10034,Community Hospital Inc,805 friendship road,empty,empty,Tallassee,al,36078,Elmoxe,3342836541,acute care hospitals,voluntary non-profit - private,no,heart attack,ami-2,heart attack patients given aspirin at discharge,100.0,4.0,al_ami-2
694,10034,Community Hospital Inc,805 friendship road,empty,empty,Tallassee,al,36078,Elmore,3342836541,acute care hospitals,voluntary non-profit - private,no,heart attack,ami-3,heart attack patients given ace inhibitor or arb for left ventricular systolic dysfunction (lvsd),100.0,1.0,al_ami-3
695,10034,Community Hospital Inc,805 friendship road,empty,empty,Tallassee,al,36078,Elmore,3342836541,acute care hospitals,voluntary non-profit - private,no,heart attack,amx-4,heart attack patients given smoking cessation advice/counseling,96.0,0.0,al_ami-4
696,10034,Community Hospital Inc,805 friendship road,empty,empty,Tallassee,al,36078,Elmore,3342836541,acute cxre hospitxls,voluntary non-profit - private,no,heart attaxk,ami-5,heart attack patients given beta blocker at discharge,75.0,4.0,al_ami-5
697,10034,Community Hospital Inc,805 friendship road,empty,empty,Tallaxxee,al,36078,Elmore,3342836541,acute care hospitals,voluntary non-profit - private,no,heart attack,ami-7a,heart attack patients given fibrinolytic medication within 30 minutes of arrival,96.0,0.0,al_ami-7a
698,10034,Communitx Hospital Inc,805 friendship road,empty,empty,Tallassee,al,36078,Elmore,3342836541,acute care hospitals,voluntary non-profit - private,no,heart attack,ami-8a,heart attack patients given pci within 90 minutes of arrival,96.0,0.0,al_ami-8a
699,10034,Community Hospital Inc,805 friendship road,empty,empty,Tallassee,al,36078,Elxore,3342836541,acute care hospitals,voluntary non-profit - private,no,hexrt fxilure,hf-1,heart failure patients given discharge instructions,96.0,65.0,al_hf-1
700,10034,Community Hospital Inc,805 friendship road,empty,empty,Tallassee,al,36078,Elmore,334836541,acute care hospitals,voluntary non-profit - private,no,heart failure,hf-2,heart failure patients given an evaluation of left ventricular systolic (lvs) function,100.0,87.0,al_hf-2
701,10034,Community Hospital Inc,805 friendship road,empty,empty,Tallassee,al,36078,Elmore,3342836541,acute care hospitals,voluntary non-profit - private,no,heart failure,hf-3,heart failure patients given ace inhibitor or arb for left ventricular systolic dysfunction (lvsd),100.0,30.0,al_hf-3
702,10034,Community Hospital Inc,805 friendship road,empty,empty,Tallassee,al,36078,Elmore,3342836541,acute care hospitals,voluntary non-profit - private,no,heart failure,hf-4,heart failure patients given smoking cessation advice/counseling,100.0,9.0,al_hf-4
703,10034,Community Hospital Inc,805 friendship road,empty,empty,Tallassee,al,36078,Elmore,3342836541,acute care hospitals,voluntary non-profit - private,no,pneumonia,pn-2,pneumonia patients assessed and given pneumococcal vaccination,87.0,70.0,al_pn-2
704,10034,Community Hospital Inc,805 friendship road,empty,empty,Tallassee,al,36078,Elmore,3342836541,acute care hospitals,voluntary non-profit - private,no,pneumonia,pn-3b,pneumonia patients whose initial emergency room blood culture was performed prior to the administration of the first hospital dose of antibiotics,95.0,76.0,al_pn-3b
705,100x4,Community Hospital Inc,805 friendship road,empty,empty,Tallassee,al,36078,Elmore,3342836541,acute care hospitals,voluntary non-profit - private,no,pneumonia,pn-4,pneumonia patients given smoking cessation advice/counseling,90.0,41.0,al_pn-4
706,10034,Community Hospital Inc,805 friendship road,empty,empty,Tallassee,al,36078,Elmore,3342836541,acutexcarexhospitals,voluntary non-profit - private,no,pneumonia,pn-5c,pxeumoxia patiexts givex ixitial axtibiotic(s) withix 6 hours after arrival,97.0,71.0,al_pn-5c
707,10034,Community Hospital Inc,805 friendship road,empty,empty,Tallassee,al,36078,Elmore,3342836541,acute care hospitals,voluntary non-profit - private,no,pneumonia,pn-6,pxeumoxia patiexts givex the most appropriate ixitial axtibiotic(s),96.0,52.0,al_pn-6
708,10034,Community Hospital Inc,805 friendship road,empty,empty,Tallassee,al,36078,Elmore,3342836541,acute care hospitals,voluntary non-profit - private,no,pneumonia,pn-7,pneumonia patients assessed and given influenza vaccination,93.0,56.0,al_pn-7
709,10034,Community Hospital Inc,805 friendship road,empty,empty,Tallassee,al,36078,Elmore,3342836541,acute care hospitals,voluntary non-profit - private,no,surgical infection prevention,scip-card-2,surgery patients who were taking heart drugs called beta blockers before coming to the hospital who were kept on the beta blockers during the period just before and after their surgery,100.0,3.0,al_scip-card-2
710,10034,Community Hospital Inc,805 friendship road,empty,empty,Tallassee,al,36078,Elmore,3342836541,acute care hospitals,voluntary non-profit - private,no,surgical infection prevention,scip-inf-1,surgery patients who were given an antibiotic at the right time (within one hour before surgery) to help prevent infection,100.0,10.0,al_scip-inf-1
711,10034,Communixy Hospixal Inc,805 friendship road,empty,empty,Tallassee,al,03678,Elmore,3342836541,acute care hospitals,voluntary non-profit - private,no,surgical infection prevention,scip-inf-2,surgery patients who were given the  right kind  of antibiotic to help prevent infection,100.0,10.0,al_scip-inf-2
712,10034,Community Hospital Inc,805 friendship road,empty,empty,Tallassee,al,36078,Elmore,3342836541,acute care hospitals,voluntary non-profit - private,no,surgical infection prevention,scip-inf-3,surgery patients whose preventive antibiotics were stopped at the right time (within 24 hours after surgery),1.0,9.0,al_scip-inf-3
713,10034,Community Hospital Inc,805 friendship road,empty,empty,Tallassee,al,36078,Elmore,3342836541,acute care hospitals,voluntary non-profit - private,no,surgical infection xrevention,scip-inf-4,all heart surgery patients whose blood sugar (blood glucose) is kept under good control in the days right after surgery,96.0,0.0,al_scip-inf-4
714,10034,Community Hospital Inc,805 friendship road,empty,empty,Tallassee,al,36078,Elmore,33283651,acute care hospitals,voluntary non-profit - private,no,surgical infection prevention,scip-inf-6,surgery paxienxs needing hair removed from xhe surgical area before surgery who had hair removed using a safer mexhod (elecxric clippers or hair removal cream c nox a razor),100.0,33.0,al_scip-inf-6
715,10034,Community Hospital Inc,805 friendship road,empty,empty,Tallassee,al,36078,Elmore,3342836541,acute care hospitals,voluntary non-profit - private,no,surgical infection prevention,scip-vte-1,surgery patients whose doctors ordered treatments to prevent blood clots after certain types of surgeries,88.0,24.0,al_scip-vte-1
716,10034,Community Hospital Inc,805 friendship road,empty,empty,Tallassee,al,36078,Elmore,3342836541,acute care hospitals,voluntary non-profit - private,no,surgical infection prevention,scip-vte-2,patients who got treatment  at the right time (within 24 hours before or after their surgery) to help prevent blood clots after certain types of surgery,88.0,24.0,al_scip-vte-2
717,10035,Cullman Regional Medical Center,1912 alabama highway 157,empty,empty,Cullman,al,35058,Cullman,2567372000,acute care hospitals,government - hospital district or authority,yes,heartxattack,ami-1,heart attack patients given aspirin at arrival,100.0,51.0,al_ami-1
718,10035,Cullman Regional Medical Center,1912 alabama highway 157,empty,empty,Cullman,al,35058,Cullman,2567372000,acute care hospitals,government - hospital district or authority,yes,heart attack,ami-2,heart attack patients given aspirin at discharge,100.0,26.0,al_ami-2
719,10035,Cullman Regional Medical Center,1912 alabama highway 157,empty,empty,Cullman,al,35058,Cullman,2567372000,acute care hospitals,government - hospital district or authority,yes,heart attack,amx-3,heart attack patients given ace inhibitor or arb for left ventricular systolic dysfunction (lvsd),7.0,3.0,al_ami-3
720,10035,Cullman Regional Medical Center,1912 alabama highway 157,empty,empty,Cullman,al,35058,Cullman,2567372000,acute care hospitals,government - hospital district or authority,yes,heart attack,ami-4,heart attack patients given smoking cessation advice/counseling,100.0,3.0,al_ami-4
721,10035,Cullman Regional Medical Center,1912 alabama highway 157,empty,empty,Cullman,al,35058,Cullman,2567372000,acute care hospitals,government - hospital district or authority,yes,heart attack,ami-5,heart attack patients given beta blocker at discharge,100.0,23.0,al_ami-5
722,100x5,Cullman Regional Medical Center,1912 alabama highway 157,empty,empty,Cullman,al,35058,Cullman,2567372000,acute care hospitals,government - hospital district or authority,yes,heart attack,ami-7a,heart attack patients given fibrinolytic medication within 30 minutes of arrival,96.0,0.0,al_amx-7a
723,10035,Cullman Regional Medical Center,1912 alabama highway 157,empty,empty,Cullman,al,35058,Cxllman,2567372000,acute care hospitals,government - hospital district or authority,yes,heart attack,ami-8a,heart attack patients given pci within 90 minutes of arrival,96.0,0.0,al_ami-8a
724,10035,Cullman Regional Medical Center,1912 alabama highway 157,empty,empty,Cullman,al,35058,Cullman,2567372000,acute care hospitals,government - hospital district or authority,yes,heart failure,hf-1,heart failure patients given discharge instructions,99.0,158.0,al_hf-1
725,1xx35,Cullman Regional Medical Center,1912 alabama highway 157,empty,empty,Cullman,al,35058,Cullman,2567372000,acute care hospitals,government - hospital district or authority,yes,heart failure,hf-2,heart failure patients given an evaluation of left ventricular systolic (lvs) function,100.0,200.0,al_hf-2
726,10035,Cullman Regional Medical Center,1912 alabama highway 157,empty,empty,Cullman,al,35058,Cullman,2567372000,acute care hospitals,government - hospital district or authority,yes,heart failure,hf-3,heart failure patients given ace inhibitor or arb for left ventricular systolic dysfunction (lvsd),97.0,37.0,al_hf-3
727,10035,Cullman Regional Medical Center,1912 alabama highway 157,empty,empty,Cullman,al,35058,Cullman,2567372000,acute care hospitals,government - hospital district or authority,yes,heart failure,hf-4,heart failure patients given smoking cessation advice/counseling,100.0,42.0,al_hf-4
728,10035,Cullman Regional Medical Center,1912 alabama highway 157,empty,empty,Cullman,al,35058,Cullman,2567372000,acute care hospitals,government - hospital district or authority,yes,pneumonia,pn-2,pneumonia patients assessed and given pneumococcal vaccination,100.0,155.0,al_pn-2
729,10035,Cullman Regional Medical Center,1912 alabama highway 157,empty,empty,Cullman,al,35058,Cullman,2567372000,acute care hospitals,government - hospital district or authority,yes,pneumonia,pn-3b,pneumonia patients whose initial emergency room blood culture was performed prior to the administration of the first hospital dose of antibiotics,100.0,138.0,al_pn-3b
730,10035,Cullman Regional Medical Center,1912 alabama highway 157,empty,empty,Cullman,al,35058,Cullman,2567372000,acutexcarexhospitals,government - hospital district or authority,yes,pneumonia,px-4,pneumonia patients given smoking cessation advice/counseling,100.0,90.0,al_pn-4
731,10035,Cullmxn Regionxl Medicxl Center,1912 alabama highway 157,empty,empty,Cullman,al,35058,Cxllman,2567372000,acute care hospitals,government - hospital district or authority,yes,pneumonia,pn-5c,pneumonia patients given initial antibiotic(s) within 6 hours after arrival,99.0,160.0,al_pn-5c
732,10035,Cullman Regional Medical Center,1912 alabama highway 157,empty,empty,Cullman,al,35058,Cullman,2567372000,acute care hospitals,government - hospital district or authority,yes,pneumonia,pn-6,pneumonia patients given the most appropriate initial antibiotic(s),98.0,136.0,al_pn-6
733,10035,Cullman Regional Medical Center,1912 alabama highway 157,empty,empty,Cullman,al,35058,Cullman,2567372000,acute care hospitals,government - hospital district or authority,yes,pneumonia,pn-7,pneumonia patients assessed and given influenza vaccination,98.0,125.0,al_pn-7
734,10035,Cullman Regional Medical Center,1912 alabama highway 157,empty,empty,Cullman,al,35058,Cullman,2567372000,acute care hospitals,government - hospital district or authority,yes,suxgical infection pxevention,scip-card-2,surgery patients who were taking heart drugs called beta blockers before coming to the hospital who were kept on the beta blockers during the period just before and after their surgery,99.0,68.0,al_scip-card-2
735,10035,Cullman Regional Medical Center,1912 alabama highway 157,empty,empty,Cullman,al,35058,Cullman,2567372000,acute care hospitals,government - hospital district or authority,yes,surgical infection prevention,scip-inf-1,surgery patients who were given an antibiotic at the right time (within one hour before surgery) to help prevent infection,99.0,411.0,al_scip-inf-1
736,10035,Cullman Regional Medical Center,1912 alabama highway 157,empty,empty,Cullman,al,35058,Cullman,2567372000,acute care hospitals,government - hospital district or authority,yes,surgical infection prevention,scix-inf-2,surgery patients who were given the  right kind  of antibiotic to help prevent infection,98.0,417.0,al_scip-inf-2
737,10035,Cullman Regional Medical Center,1912xalabamaxhighwayx157,empty,empty,Cuxxman,al,35058,Cullman,2567372000,acute care hospitals,government - hospital district or authority,yes,surgical infection prevention,scip-inf-3,surgery patients whose preventive antibiotics were stopped at the right time (within 24 hours after surgery),98.0,405.0,al_scip-inf-3
738,10035,Cullman Regional Medical Center,1912 alabama highway 157,empty,empty,Cullman,al,35058,Cullman,2567372000,acute care hospitals,government - hospital district or authority,yes,surgical infection prevention,scip-inf-4,all heart surgery patients whose blood sugar (blood glucose) is kept under good control in the days right after surgery,96.0,0.0,al_scip-inf-4
739,10035,Cullman Regional Medical Center,1912 alabama highway 157,empty,empty,Cullman,al,35058,Cullman,2567372000,acute care hospitals,government - hospital district or authority,yes,surgical infection prevention,scip-inf-6,surgery patients needing hair removed from the surgical area before surgery who had hair removed using a safer method (electric clippers or hair removal cream c not a razor),100.0,598.0,al_scip-inf-6
740,10035,Cullman Regional Medical Center,1912 alabama highway 157,empty,empty,Cullman,al,35058,Cullman,2567372000,acute care hospitals,government - hospital district or authority,yes,surgical infection prevention,scip-vte-1,surgery patients whose doctors ordered treatments to prevent blood clots after certain types of surgeries,95.0,298.0,al_scip-vte-1
741,10035,Cullman Regional Medical Center,1912 alabama highway 157,empty,empty,Cullman,al,35058,Cullman,2567372000,acute care hospitals,government - hospital district or authority,yes,surgical infection prevention,scip-vte-2,patients who got treatment  at the right time (within 24 hours before or after their surgery) to help prevent blood clots after certain types of surgery,95.0,298.0,al_scip-vte-2
742,10036,Andalusia Regional Hospital,849 south three notch street,empty,empty,Andalusia,al,36420,Covington,3342228466,acute care hospitals,proprietary,no,heart attack,ami-1,heart attack patients given aspirin at arrival,100.0,8.0,al_ami-1
743,10036,Andalusia Regional Hospital,849 south three notch street,empty,empty,Andalusia,al,36420,Covington,3342228466,acute care hospitals,proprietary,no,heart attack,ami-2,heart attack patients given aspirin at discharge,60.0,5.0,al_ami-2
744,10036,Andalusia Regional Hospital,849 south three notch street,empty,empty,Andalusia,al,36420,Covington,3342228466,acute care hospitals,proprietary,no,heart attack,ami-3,heart attack patients given ace inhibitor or arb for left ventricular systolic dysfunction (lvsd),100.0,3.0,al_ami-3
745,10036,Andalusia Regional Hospital,849 south three notch street,empty,empty,Andalusia,al,36420,Covington,3342228466,acute care hospitals,prxprietary,no,heart attack,ami-4,heart attack patients given smoking cessation advice/counseling,96.0,0.0,al_ami-4
746,10036,Andalusia Regional Hospital,849 south three notch street,empty,empty,Andalusia,al,36420,Covington,3342228466,acute care hospitals,proprietary,no,heart attack,ami-5,heart attack patients given beta blocker at discharge,100.0,6.0,al_ami-5
747,10036,Andalusia Regional Hospital,849 south three notch street,empty,empty,Andalusia,al,36420,Covington,3342228466,acute care hospitals,proprietary,no,heart attack,ami-7a,heart attack patients given fibrinolytic medication within 30 minutes of arrival,96.0,0.0,al_ami-7a
748,10036,Andalusia Regional Hospital,849 south three notch street,empty,empty,Andalusia,al,36420,Covington,3342228466,acute care hospitals,proprietary,no,heart attack,ami-8a,heart attack patients given pci within 90 minutes of arrival,96.0,0.0,al_ami-8a
749,10036,Andalusia Regional Hospital,849 south three notch street,empty,empty,Andalusia,al,36420,Covington,3342228466,acute care hospitals,proprietary,no,heart failure,hf-1,heart failure patients given discharge instructions,100.0,121.0,al_hf-1
750,10036,Andalusia Regional Hospital,849 south three notch street,empty,empty,Andalusia,al,36420,Covington,3342228466,acute care hospitals,proprietary,no,heart failure,hx-2,heart failure patients given an evaluation of left ventricular systolic (lvs) function,91.0,139.0,al_hf-2
751,10036,Andalusia Regional Hospital,849 south three notch street,empty,empty,Andalusia,al,03642,Covington,3342228466,acute care hospitals,proprietary,no,heart failure,hf-3,heart failure patients given ace inhibitor or arb for left ventricular systolic dysfunction (lvsd),86.0,21.0,al_hf-3
752,10036,Andalusia Regional Hospital,849 south three notch street,empty,empty,Andalusia,al,36420,Covington,3348466,acute care hospitals,proprietary,no,heart failure,hf-4,heart failure patients given smoking cessation advice/counseling,100.0,32.0,al_hf-4
753,10036,Andalusia Regional Hospital,849 south three notch street,empty,empty,Andalusia,al,36420,Coxington,3342228466,acute care hospitals,proprietary,no,pneumonia,pn-2,pneumonia patients assessed and given pneumococcal vaccination,100.0,77.0,al_pn-2
754,10036,Andalusia Regional Hospital,849 south three notch street,empty,empty,Andalusia,al,36420,Covington,3342228466,acute care hospitals,proprietary,no,pneumonia,pn-3b,pneumonia patients whose initial emergency room blood culture was performed prior to the administration of the first hospital dose of antibiotics,89.0,55.0,al_pn-3b
755,10036,Andalusia Regional Hospital,849 south three notch street,empty,empty,Andalusia,al,36420,Covington,3342228466,acute care hospitals,proprietary,no,pneumonia,pn-4,pneumonia patients given smoking cessation advice/counseling,100.0,43.0,al_pn-4
756,1xx36,Andalusia Regional Hospital,849 south three notch street,empty,empty,Andalusia,al,36420,Covington,3342228466,acute care hospitals,proprietary,no,pneumonia,pn-5c,pneumonia patients given initial antibiotic(s) within 6 hours after arrival,97.0,93.0,al_pn-5c
757,10036,Andalusia Regional Hospital,849 south three notch street,empty,empty,Andaluxia,al,36420,Covington,3342228466,acute care hospitals,proprietary,no,pneumonia,pn-6,pneumonia patients given the most appropriate initial antibiotic(s),75.0,64.0,al_pn-6
758,10036,Andalusia Regional Hospital,849 south three notch street,empty,empty,Andalusia,al,36420,Covington,3342228466,acute care hospitals,proprietary,no,pneumonia,pn-7,pneumonia patients assessed and given influenza vaccination,92.0,52.0,al_pn-7
759,10036,Andaxusia Regionax Hospitax,849 south three notch street,empty,empty,Andalusia,al,36420,Covington,3342228466,acute care hospitals,proprietary,no,surgical infection prevention,scip-card-2,surgery patients who were taking heart drugs called beta blockers before coming to the hospital who were kept on the beta blockers during the period just before and after their surgery,89.0,19.0,al_scip-card-2
760,10036,Andalusia Regional Hospital,849 south three notch street,empty,empty,Andalusia,al,36420,Covington,3342228466,acute care hospitals,proprietary,no,surgical infection prevention,scip-inf-1,surgery patients who were given an antibiotic at the right time (within one hour before surgery) to help prevent infection,97.0,139.0,al_scip-inf-1
761,10036,Andalusia Regional Hospital,849 south three notch street,empty,empty,Andalusia,al,36420,Covington,3342228466,acute care hospitals,proprietary,no,surgical infection prevention,scip-inf-2,surgery patients who were given the  right kind  of antibiotic to help prevent infection,88.0,141.0,al_scipxinfx2
762,10036,Andalusia Regional Hospital,849 south three notch street,empty,empty,Andalusia,al,36420,Covington,3342228466,acute care hospitals,proprietary,no,surgical infection prevention,scip-inf-3,surgery patients whose preventive antibiotics were stopped at the right time (within 24 hours after surgery),99.0,136.0,al_scip-inf-3
763,10036,Andalusia Regional Hospital,849 south three notch street,empty,empty,Andalusia,al,36420,Covington,3342228466,acute care hospitals,proprietary,no,surgical infection prevention,scip-inf-4,all heart surgery patients whose blood sugar (blood glucose) is kept under good control in the days right after surgery,96.0,0.0,al_scip-inf-4
764,10036,Andalusia Regional Hospital,849 south three notch street,empty,empty,Andalusia,al,36420,Covington,33422284,acute care hospitals,proprietary,no,surgical infection prevention,scip-inf-6,surgery patients needing hair removed from the surgical area before surgery who had hair removed using a safer method (electric clippers or hair removal cream c not a razor),100.0,204.0,al_scip-inf-6
765,10036,Andalusia Regional Hospital,849 south three notch street,empty,empty,Andalusia,al,36420,Covington,3342228466,acute care hospitals,proprietary,no,surgical infection prevention,scip-vte-1,surgery patients whose doctors ordered treatments to prevent blood clots after certain types of surgeries,80.0,66.0,al_scix-vte-1
766,10036,Andaluxia Regional Hoxpital,849 south three notch street,empty,empty,Andalusia,al,36420,Covington,3342228466,acute care hospitals,proprietary,no,surgical infection prevention,scip-vte-2,patients who got treatment  at the right time (within 24 hours before or after their surgery) to help prevent blood clots after certain types of surgery,80.0,66.0,al_scip-vte-2
767,10038,Stringfellow Memorial Hospital,301 east 18th st,empty,empty,Anniston,al,36201,Calhoun,2562358900,acute care hospitals,proprietary,yes,children s asthma care,cac-1,children who received reliever medication while hospitalized for asthma,100.0,9.0,al_cac-1
768,10038,Stringfellow Memorial Hospital,301 east 1xth st,empty,empty,Anniston,al,36201,Calhoun,2562358900,acute care hospitals,proprietary,yes,surgical infection prevention,scip-inf-1,surgery patients who were given an antibiotic at the right time (within one hour before surgery) to help prevent infection,99.0,96.0,al_scip-inf-1
769,10038,Stringfellow Memorial Hospital,301 east 18th st,empty,empty,Anniston,al,36201,Calhoun,2562358900,acute care hospitals,proprietary,yes,surgical infection prevention,scip-inf-2,surgery patients who were given the  right kind  of antibiotic to help prevent infection,93.0,98.0,al_scip-inf-2
770,10038,Stringfellow Memorial Hospital,301 east 18th st,empty,empty,Anniston,al,36201,Calhoun,2562358900,acute care hospitals,proprietary,yes,surgical infection prevention,scip-inf-3,surgery patients whose preventive antibiotics were stopped at the right time (within 24 hours after surgery),3.0,95.0,al_scip-inf-3
771,10038,Stringfellow Memorial Hospital,301 east 18th st,empty,empty,Anniston,al,36201,Calhoun,2562358900,acute care hospitals,proprietary,yes,surgical infection prevention,scip-inf-4,all heart surgery patients whose blood sugar (blood glucose) is kept under good control in the days right after surgery,96.0,0.0,al_scip-inf-4
772,10038,Stringfellow Memorial Hospital,301 east 18th st,empty,empty,Anniston,al,36201,Calhoun,2562358900,acute care hospitals,proprietary,yes,surgical infection prevention,scip-inf-6,surgery patients needing hair removed from the surgical area before surgery who had hair removed using a safer method (electric clippers or hair removal cream c not a razor),100.0,195.0,al_scip-inf-6
773,10038,Stringfellow Memorial Hospital,301 east 18th st,empty,empty,Annxston,al,36201,Calhoun,2562358900,acute care hospitals,proprietary,yes,surgical infection prevention,scip-vte-1,surgery patients whose doctors ordered treatments to prevent blood clots after certain types of surgeries,90.0,117.0,al_scip-vte-1
774,10038,Stringfellow Memorial Hospital,301 east 18th st,empty,empty,Anniston,al,36201,Calhoun,2562358900,acute care hospitals,proprietary,yes,surgical infection prevention,scip-vte-2,patients who got treatment  at the right time (within 24 hours before or after their surgery) to help prevent blood clots after certain types of surgery,89.0,116.0,al_scip-vte-2
775,10039,Huntsville Hospital,101 sivley rd,empty,empty,Huntsville,al,35801,Madison,2562651000,acute care hospitals,government - hospital district or authority,yes,children s asthma care,xax-1,children who received reliever medication while hospitalized for asthma,100.0,193.0,al_cac-1
776,10039,Huntsville Hospital,101 sivley rd,empty,empty,Huntsville,al,35801,Madison,2562651000,acute care hospitals,government - hospital district or authority,yes,children s asthma care,cac-2,children who received systemic corticosteroid medication (oral and iv medication that reduces inflammation and controls symptoms) while hospitalized for asthma,98.0,193.0,al_cac-2
777,10039,Huntsville Hospital,101 sivley rd,empty,empty,Huntsville,al,35801,Madison,2562651000,acute care hospitals,government - hospital district or authority,yes,children s asthma care,cac-3,children and their caregivers who received a home management plan of care document while hospitalized for asthma,14.0,193.0,al_cac-3
778,10039,Huntsvxlle Hospxtal,101 sivley rd,empty,empty,Huntsville,al,35801,Madison,2562651000,acute care hospitals,government - hospital district or authority,yes,heart attack,ami-1,heart attack patients given aspirin at arrival,98.0,155.0,al_ami-1
779,10039,Huntsville Hospital,101 sivley rd,empty,empty,Huntsville,al,35801,Madison,2562651000,acute care hospitals,government - hospital district or authority,yes,heart attack,ami-2,heart attack patients given aspirin at discharge,100.0,323.0,al_ami-2
780,10039,Huntsville Hospital,101 sivley rd,empty,empty,Huntsville,al,35801,Madison,2562651000,acutexcarexhospitals,government - hospital district or authority,yes,heart attack,ami-3,heart attack patients given ace inhibitor or arb for left ventricular systolic dysfunction (lvsd),97.0,77.0,al_ami-3
781,1003x,Huntsville Hospital,101 sivley rd,empty,empty,Huntsville,al,35801,Madison,2562651000,acute care hospitals,government - hospital district or authority,yes,heart attaxk,ami-4,heart attack patients given smoking cessation advice/counseling,100.0,135.0,al_ami-4
782,10039,Huntsville Hospital,101 sivley rd,empty,empty,Huntsville,al,35801,Madison,2562651000,acute care hospitals,government - hospital district or authority,yes,heart attack,ami-5,heart attack patients given beta blocker at discharge,100.0,301.0,al_ami-5
783,10039,Huntsville Hospital,101 sivley rd,empty,empty,Huntsville,al,35801,Madison,2562651000,acute care hospitaxs,government - hospital district or authority,yes,heart attack,ami-7a,heart attack patients given fibrinolytic medication within 30 minutes of arrival,96.0,0.0,al_ami-7a
784,10039,Huntsville Hospital,101 sivley rd,empty,empty,Huntsville,al,35801,Madison,2562651000,acute care hospitals,government - hospital district or authority,yes,heart attack,ami-8a,heart attack patients given pci within 90 minutes of arrival,82.0,44.0,al_ami-8a
785,10039,Huntsville Hospital,101 sivley rd,empty,empty,Huntsville,al,35801,Madison,2562651000,acute care hospitals,goverxmext - hospital district or authority,yes,heart failure,hf-1,heart failure patients given discharge instructions,72.0,264.0,al_hf-1
786,10039,Huntsville Hospital,101 sivley rd,empty,empty,Huntsville,al,35801,Madisxn,2562651000,acute care hospitals,government - hospital district or authority,yes,heart failure,hf-2,heaxt failuxe patients given an evaluation of left ventxiculax systolic (lvs) function,95.0,303.0,al_hf-2
787,10039,Huntsville Hospital,101 sivley rd,empty,empty,Huntsville,al,35801,Madison,2562651000,acute care hospitals,government - hospital district or authority,yes,heart failure,hf-3,heart failure patients given ace inhibitor or arb for left ventricular systolic dysfunction (lvsd),98.0,102.0,al_hf-3
788,10039,Huntsville Hospital,101 sivley rd,empty,empty,Huntsville,al,35801,Madison,2562651000,acute care hospitals,government - hospital district or authority,yes,heart failure,hf-4,heart failure patients given smoking cessation advice/counseling,100.0,51.0,al_hf-x
789,10039,Huntsville Hospital,101 sivley rd,empty,empty,Huntsville,al,35801,Madison,2562651000,acute care hospitals,government - hospital district or authority,yes,pneumonia,pn-x,pneumonia patients assessed and given pneumococcal vaccination,96.0,509.0,al_pn-2
790,1xx39,Huntsville Hospital,101 sivley rd,empty,empty,Huntsville,al,35801,Madison,2562651000,acute care hospitals,government - hospital district or authority,yes,pneumonia,pn-3b,pneumonia patients whose initial emergency room blood culture was performed prior to the administration of the first hospital dose of antibiotics,99.0,496.0,al_pn-3b
791,10039,Huntsville Hospital,101 sivley rd,empty,empty,Huntsville,al,35801,Madison,2562651000,acute care hospitals,government - hospital district or authority,yes,pneumonia,pn-4,pneumonia patients given smoking cessation advice/counseling,97.0,294.0,al_pn-4
792,10039,Huntsville Hospital,101 sivley rd,empty,empty,Huntsville,al,35801,Madison,2562651000,acute care hospitals,government - hospital district or authority,yes,pneumonia,pn-5c,pneumonia patients given initial antibiotic(s) within 6 hours after arrival,93.0,511.0,al_pn-5c
793,10039,Huntsville Hospital,101 sivley rd,empty,empty,Huntsville,al,35801,Madison,2562651000,acute care hospitals,government - hospital district or authority,yes,pneumonia,pn-6,pneumonia patients given the most appropriate initial antibiotic(s),89.0,313.0,al_pn-6
794,100x9,Huntsville Hospital,101 sivley rd,empty,empty,Huntsville,al,35801,Madison,2562651000,acute care hospitals,government - hospital district or authority,yes,pneumonia,pn-7,pneumonia patients assessed and given influenza vaccination,89.0,409.0,al_pn-7
795,10039,Huntsville Hospital,101 sivley rd,empty,empty,Huntsville,al,35801,Madison,2562651000,acute care hospitals,government - hospital district or authority,yes,surgical infection prevention,scip-card-2,surgery patients who were taking heart drugs called beta blockers before coming to the hospital who were kept on the beta blockers during the period just before and after their surgery,90.0,123.0,al_scip-card-2
796,10039,Huntsville Hospital,101 sivley rd,empty,empty,Huntsville,al,35801,Madison,2562651000,acute care hospitals,government - hospital district or authority,yes,surgical infection prevention,scip-inf-1,surgery patients who were given an antibiotic at the right time (within one hour before surgery) to help prevent infection,95.0,601.0,al_scip-inf-1
797,10039,Huntsville Hospital,101 sivley rd,empty,empty,Huntsville,al,35801,Madison,2562651000,acute care hospitals,government - hospital district or authority,yes,surgical infection prevention,scip-inf-2,surgery patients who were given the  right kind  of antibiotic to help prevent infection,99.0,603.0,xl_scip-inf-2
798,10039,Huntsville Hospital,101 sivley rd,empty,empty,Huntsville,al,35801,Madison,2562651000,acute care hospitals,government - hospital district or authority,yes,surgical infection prevention,scip-inf-3,surgery patients whose preventive antibiotics were stopped at the right time (within 24 hours after surgery),93.0,561.0,al_scip-inf-3
799,10039,Huntsville Hospital,101 sivley rd,empty,empty,Huntsville,al,35801,Madisox,2562651000,acute care hospitals,government - hospital district or authority,yes,surgical infection prevention,scip-inf-4,all heart surgery patients whose blood sugar (blood glucose) is kept under good control in the days right after surgery,95.0,149.0,al_scip-inf-4
800,10039,Huntsville Hospital,101 sivley rd,empty,empty,Huntsville,al,35801,Madison,2562651000,acute care hospitals,government - hospital district or authority,yes,surgical infection prevention,scip-inf-6,surgery patients needing hair removed from the surgical area before surgery who had hair removed using a safer method (electric clippers or hair removal cream c not a razor),99.0,852.0,al_scip-inf-6
801,10039,Huntsville Hospital,101 sivley rd,empty,empty,Huntsville,al,35801,Madison,2562651000,acute care hospitals,government - hospital district or authority,yes,surgical infection prevention,scip-vte-1,surgery patients whose doctors ordered treatments to prevent blood clots after certain types of surgeries,93.0,269.0,al_scip-vte-1
802,10039,Huntsville Hospital,101 sivley rd,empty,empty,Huntsville,al,35801,Madison,2562651000,acute care hospitals,government - hospital district or authority,yes,surgical infection prevention,scip-vte-2,patients who got treatment  at the right time (within 24 hours before or after their surgery) to help prevent blood clots after certain types of surgery,90.0,269.0,al_scip-vte-2
803,10040,Gadsden Regional Medical Center,1007 goodyear avenue,empty,empty,Gadsden,al,35903,Etowah,2564944000,acute care hospitals,proprietary,yes,heart attack,ami-1,heart attack patxents gxven aspxrxn at arrxval,94.0,123.0,al_ami-1
804,10040,Gadsden Regional Medical Center,1007 goodyear avenue,empty,empty,Gadsden,al,35903,Etowah,2564944000,acute care hospitals,proprietary,yes,heart attack,ami-2,heart attack patients given aspirin at discharge,99.0,134.0,al_ami-2
805,10040,Gadsden Regional Medical Center,1007 goodyear avenue,empty,empty,Gadsden,al,35903,Etowah,2564944000,acute care hospitals,proprietary,yes,heart attack,ami-3,heart attack patients given ace inhibitor or arb for left ventricular systolic dysfunction (lvsd),89.0,18.0,al_ami-3
806,10040,Gadsden Regional Medical Center,1007 goodyear avenue,empty,empty,Gadsden,al,35903,Etowah,2564944000,acute care hospitals,proprietary,yes,heart attack,ami-4,heart attack patients given smoking cessation advice/counseling,100.0,79.0,al_ami-4
807,10040,Gadsden Regional Medical Center,1007 goodyear avenue,empty,empty,Gadsden,al,35903,Etowah,2564944000,acute care hospitals,proprietary,yes,heart attack,ami-5,heart attack patients given beta blocker at discharge,95.0,117.0,al_ami-5
808,10040,Gadsden Regional Medical Center,1007 goodyear avenue,empty,empty,Gadsden,al,35903,Etowah,2564944000,acute care hospitals,proprietary,yes,heart attack,ami-7a,heart attack patients given fibrinolytic medication within 30 minutes of arrival,68.0,25.0,al_ami-7a
809,10040,Gadsden Regional Medical Center,1007 goodyear avenue,empty,empty,Gadsden,al,35903,Etowah,2564944000,acute care hospitals,proprietary,yes,heart attack,ami-8a,heart attack patients given pci within 90 minutes of arrival,83.0,12.0,al_ami-8a
810,10040,Gadsden Regional Medical Center,1007 goodyear avenue,empty,empty,Gadsden,al,35903,Etowah,2564944000,acute care hospitals,proprietary,xes,heart failure,hf-1,heart failure patients given discharge instructions,47.0,211.0,al_hf-1
811,10040,Gadsden Regional Medical Center,1007 goodyear avenue,empty,empty,Gadsden,al,35903,Etowah,2564944000,acute care hospitals,proprietary,yes,heart failure,hf-2,heart failure patients given an evaluation of left ventricular systolic (lvs) function,100.0,259.0,al_hf-2
812,10040,Gadsden Regional Medical Center,1007 goodyear avenue,empty,empty,Gadsden,al,35903,Etowah,2564944000,acute care hospitals,proprietary,yes,heart failure,hf-3,heart failure patients given ace inhibitor or arb for left ventricular systolic dysfunction (lvsd),93.0,69.0,al_hf-3
813,10040,Gadsden Regional Medical Center,1007 goodyear avenue,empty,empty,Gadsden,al,35903,Etowah,2564944000,acute care hospitals,proprietary,yes,heart failure,hf-4,heart failure patients given smoking cessation advice/counseling,100.0,70.0,al_hf-4
814,10040,Gadsden Regional Medical Center,1007 goodyear avenue,empty,empty,Gadsden,al,35903,Etowah,2564944000,acute care hospitals,proprietary,yes,pneumonia,pn-2,pneumonia patients assessed and given pneumococcal vaccination,96.0,255.0,al_pn-2
815,10040,Gadsden Regional Medical Center,1007 goodyear avenue,empty,empty,Gadsden,al,35903,Etowah,2564944000,axute care hospitals,proprietary,yes,pneumonia,pn-3b,pneumonia patients whose initial emergency room blood culture was performed prior to the administration of the first hospital dose of antibiotics,96.0,187.0,al_pn-3b
816,10040,Gadsden Regional Medical Center,1007 goodyear avenue,empty,empty,Gadsden,al,00590,Etowah,2564944000,acute care hospitals,proprietary,yes,pneumonia,pn-4,pneumonia patients given smoking cessation advice/counseling,100.0,130.0,al_pn-4
817,10040,Gadsden Regional Medical Center,1007 goodyear avenue,empty,empty,Gadsden,al,35903,Etowah,2564944000,acute care hospitals,proprietary,yes,pneumonia,pn-5c,pneumonix pxtients given initixl antibiotic(s) within 6 hours after arrivxl,94.0,266.0,al_pn-5c
818,10040,Gadsden Regional Medical Center,1007 goodyear avenue,empty,empty,Gadsden,al,35903,Etowah,2564944000,acute care hospitals,proprietary,yes,pneumonia,pn-6,pneumonia patients given the most appropriate initial antibiotic(s),89.0,153.0,al_pn-6
819,10040,Gadsden Regional Medical Center,1007 goodyear avenue,empty,empty,Gadsden,al,35903,Etowah,2564944000,acute care hospitals,proprietary,yes,pneumonia,pn-7,pneumonia patients assessed and given influenza vaccination,96.0,187.0,al_pn-7
820,10040,Gadsden Regional Medical Center,1007 goodyear avenue,empty,empty,Gadsden,al,35903,Etowah,2564944000,acute care hospitals,proprietary,yes,surgical infection prevention,scip-card-2,surgery patients who were taking heart drugs called beta blockers before coming to the hospital who were kept on the beta blockers during the period just before and after their surgery,91.0,109.0,al_scip-card-2
821,10040,Gadsden Regional Medical Center,1007 goodyear avenue,empty,empty,Gadsden,al,35903,Etowah,2564944000,acute care hospitals,proprietary,yes,surgical infection prevention,scip-inf-1,surgery patients who were given an antibiotic at the right time (within one hour before surgery) to help prevent infection,98.0,557.0,al_scip-inf-1
822,10040,Gadsden Regional Medical Center,1007 goodyear avenue,empty,empty,Gxdsden,al,35903,Etowah,2564944000,acute care hospitals,proprietary,yes,surgical infection prevention,scip-inf-2,surgery patients who were given the  right kind  of antibiotic to help prevent infection,97.0,564.0,al_scip-inf-2
823,10040,Gadsden Regional Medical Center,1007 goodyear avenue,empty,empty,Gadsden,al,35903,Etowah,2564944000,acute care hospitals,proprietary,yes,surgical infection prevention,scip-inf-3,surgery patients whose preventive antibiotics were stopped at the right time (within 24 hours after surgery),90.0,520.0,al_scip-inf-3
824,10040,Gadsden Regional Medical Center,1007 goodyear avenue,empty,empty,Gadsden,al,35903,Etowah,2564944000,acute care hospitals,proprietary,yes,surgical infection prevention,scip-inf-4,all heart surgery patients whose blood sugar (blood glucose) is kept under good control in the days right after surgery,94.0,186.0,al_scip-inf-4
825,10040,Gadsden Regional Medical Center,1007 goodyear avenue,empty,empty,Gadsden,al,35903,Etowah,2564944,acute care hospitals,proprietary,yes,surgical infection prevention,scip-inf-6,surgery patients needing hair removed from the surgical area before surgery who had hair removed using a safer method (electric clippers or hair removal cream c not a razor),100.0,854.0,al_scip-inf-6
826,10040,Gadsden Regional Medical Center,1007 goodyear avenue,empty,empty,Gadsden,al,35903,Etowah,2564944000,acute care hospitals,proprietary,yes,surgical infection prevention,scip-vte-1,surgery patients whose doctors ordered treatments to prevent blood clots after certain types of surgeries,95.0,315.0,al_scip-vte-1
827,10040,Gadsden Regional Medical Center,1007 goodyear avenue,empty,empty,Gadsden,al,35903,Etowah,2564944000,acute care hospitals,proprietary,yes,surgical infection prevention,scip-vte-2,patients who got treatment  at the right time (within 24 hours before or after their surgery) to help prevent blood clots after certain types of surgery,87.0,315.0,al_scip-vte-2
828,10043,Chilton Medical Center,1010 lay dam road,empty,empty,Clanton,al,35045,Chilton,2057552500,acute care hospitals,voluntary non-profit - private,yes,heart attack,ami-1,heart attack patients given aspirin at arrival,100.0,1.0,xl_xmi-1
829,10043,Chilton Medical Center,1010 lay dam road,empty,empty,Clanton,al,35045,Chilton,2057552500,acute care hospitals,voluntary non-profit - private,yes,heart attack,ami-2,heart attack patients given aspirin at discharge,100.0,1.0,al_ami-2
830,10043,Chilton Medical Center,1010 lay dam road,empty,empty,Clanton,al,35045,Chilton,2057552500,acute care hospitals,voluntary non-profit - private,yes,heart attack,ami-3,heart attack patients given ace inhibitor or arb for left ventricular systolic dysfunction (lvsd),100.0,1.0,al_ami-3
831,10043,Chilton Medical Center,1010 lay dam road,empty,empty,Clanton,al,35045,Chilton,2057552500,acute care hospitals,voluntary non-profit - private,yes,heart attack,ami-4,heart attack patients given smoking cessation advice/counseling,96.0,0.0,al_ami-4
832,10043,Chilton Medical Center,1010 lay dam road,empty,empty,Clanton,al,35045,Chilton,2057552500,acute care hospitals,voluntary non-profit - private,yes,heart attack,ami-5,heart attack patients given beta blocker at discharge,100.0,1.0,al_ami-5
833,10043,Chilton Medical Center,1010 lay dam road,empty,empty,Clanton,al,35045,Chilton,2057552500,acute care hospitals,voluntary non-profit - private,yes,heart attack,ami-7a,heart attack patients given fibrinolytic medication within 30 minutes of arrival,96.0,0.0,al_ami-7a
834,10043,Chilton Medical Center,1010 lay dam road,empty,empty,Clanton,al,35045,Chilton,2057552500,acute care hospitals,voluntary non-profit - private,yes,heart attack,ami-8a,heart attack patients given pci within 90 minutes of arrival,96.0,0.0,al_ami-8a
835,10043,Chilton Medical Center,1010 lay dam road,empty,empty,Clanton,al,35045,Chilton,2057552500,acute care hospitals,voluntary non-profit - private,yes,heart failure,hf-1,heart failure patients given discharge instructions,84.0,19.0,al_hf-1
836,10043,Chilton Medical Center,1010 lay dam road,empty,empty,Clanton,al,35045,Chilton,2057552500,acute care hospitals,voluntary non-profit - private,yes,heart failure,hf-2,heart failure patients given an evaluation of left ventricular systolic (lvs) function,89.0,28.0,al_hf-2
837,10043,Chilton Medical Center,1010 lay dam road,empty,empty,Clanton,al,35045,Chilton,2057552500,acute care hospitals,voluntary non-profit - private,yes,heart failure,hf-3,heart failure patients given ace inhibitor or arb for left ventricular systolic dysfunction (lvsd),75.0,4.0,al_hf-3
838,10043,Chilton Medical Center,1010 lay dam road,empty,empty,Clanton,al,35045,Chilton,2057552500,acute care hospitals,voluntary non-profit - private,yes,heart failure,hf-4,heart failure patients given smoking cessation advice/counseling,100.0,4.0,al_hf-4
839,10043,Chilton Medical Center,1010 lay dam road,empty,empty,Clanton,al,35045,Chilton,2057552500,acute care hospitals,voluntary non-profit - private,yes,pneumonia,pn-2,pneumonia patients assessed and given pneumococcal vaccination,89.0,47.0,al_pn-2
840,10043,Chilton Medical Center,1010 lay dam road,empty,empty,Clanton,al,35045,Chilton,2057552500,acute care hospitals,voluntary non-profit - private,yes,pneumonia,pn-3b,pneumonia patients whose initial emergency room blood culture was performed prior to the administration of the first hospital dose of antibiotics,92.0,36.0,al_pn-3b
841,10043,Chilton Medical Center,1010 lay dam road,empty,empty,Clanton,al,35045,Chilton,2057552500,acute care hospitals,voluntary non-profit - private,yes,pneumonia,pn-4,pneumonia patients given smoking cessation advice/counseling,94.0,16.0,al_pn-4
842,10043,Chilton Medical Center,1010 lay dam road,empty,empty,Clanton,al,35045,Chilton,2057552500,acute care hospitals,voluntary non-profit - private,yes,pneumonia,pn-5c,pneumonia patients given initial antibiotic(s) within 6 hours after arrival,98.0,44.0,al_pn-5c
843,10043,Chilton Medical Center,1010 lay dam road,empty,empty,Clanton,al,35045,Chilton,2057552500,acute care hospitals,voluntary non-profit - private,yes,pneumonia,pnx6,pneumonia patients given the most appropriate initial antibiotic(s),95.0,38.0,al_pnx6
844,10043,Chilton Medical Center,1010 lay dam road,empty,empty,Clanton,al,35045,Chilton,2057552500,acute care hospitals,voluntary non-profit - private,yes,pneumonia,pn-7,pneumonia patients assessed and given influenza vaccination,81.0,37.0,al_pn-7
845,10043,Chilton Medical Center,1010 lay dam road,empty,empty,Clanton,al,35045,Chilton,2057552500,acute care hospitals,voluntary non-profit - private,yes,surgical infection prevention,scip-card-2,surgery patients who were taking heart drugs called beta blockers before coming to the hospital who were kept on the beta blockers during the period just before and after their surgery,50.0,2.0,al_scip-card-2
846,10043,Chilton Medical Center,1010 lay dam road,empty,empty,Clanton,al,35045,Chilton,2057552500,acute care hospitals,voluntary non-profit - private,yes,surgical infection prevention,scip-inf-1,surgery patients who were given an antibiotic at the right time (within one hour before surgery) to help prevent infection,100.0,4.0,al_scip-inf-1
847,10043,Chilton Medical Center,1010 lay dam road,empty,empty,Clanton,al,35045,Chilton,2057552500,acute care hospitals,voluntaxy non-pxofit - pxivate,yes,surgical infection prevention,scip-inf-2,surgery patients who were given the  right kind  of antibiotic to help prevent infection,100.0,4.0,al_scip-inf-2
848,10043,Chilton Medical Center,1010 lay dam road,empty,empty,Clanton,al,35045,Chilton,2057552500,acute care hospitals,voluntary non-profit - private,yes,surgical infection prevention,scip-inf-3,surgery patients whose preventive antibiotics were stopped at the right time (within 24 hours after surgery),100.0,4.0,al_scip-inf-3
849,10043,Chilton Medical Center,1010 lay dam road,empty,empty,Clanton,al,35045,Chilton,2057552500,acute caxe hospitals,voluntary non-profit - private,yes,surgical infection prevention,scip-inf-4,all heart surgery patients whose blood sugar (blood glucose) is kept under good control in the days right after surgery,96.0,0.0,al_scip-inf-4
850,10043,Chilton Medical Center,x0x0 lay dam road,empty,empty,Clanton,al,35045,Chilton,2057552500,acute care hospitals,voluntary non-profit - private,yes,surgical infection prevention,scip-inf-6,surgery patients needing hair removed from the surgical area before surgery who had hair removed using a safer method (electric clippers or hair removal cream c not a razor),100.0,5.0,al_scip-inf-6
851,10043,Chilton Medical Center,1010 lay dam road,empty,empty,Clanton,al,35045,Chilton,2057552500,acute care hospitals,voluntary non-profit - private,yes,surgical infection prevention,scip-vte-1,surgery patients whose doctors ordered treatments to prevent blood clots after certain types of surgeries,96.0,0.0,al_scip-vte-1
852,10043,Chilton Medical Center,1010 lay dam road,empty,empty,Clanton,al,35045,Chilton,2057552500,acute care hospitals,voluntary non-profit - private,yes,surgical infxction prxvxntion,scip-vte-2,patients who got treatment  at the right time (within 24 hours before or after their surgery) to help prevent blood clots after certain types of surgery,96.0,0.0,al_scip-vte-2
853,10044,Marion Regional Medical Center,1256 military street south,empty,empty,Hamilton,al,35570,Marion,2059216200,acute care hospitals,voluntary non-profit - private,yes,heart attack,ami-1,heart attack patients given aspirin at arrival,67.0,3.0,al_ami-1
854,10044,Marion Regional Medical Center,1256 military street south,empty,empty,Hamilton,al,35570,Marion,2059216200,acute care hospitals,voluntary non-profit - private,yes,heart attack,ami-2,heart attack patients given aspirin at discharge,67.0,3.0,al_ami-2
855,10044,Marion Regional Medical Center,1256 military street south,empty,empty,Hamilton,al,35570,Marion,2059216200,acute care hospitals,voluntary non-profit - private,yes,heart attack,ami-3,heart attack patients given ace inhibitor or arb for left ventricular systolic dysfunction (lvsd),100.0,1.0,al_ami-3
856,10044,Marion Regional Medical Center,1256 military street south,empty,empty,Hamilxon,al,35570,Marion,0591600,acute care hospitals,voluntary non-profit - private,yes,heart attack,ami-4,heart attack patients given smoking cessation advice/counseling,96.0,0.0,al_ami-4
857,10044,Marion Regional Medical Center,1256 military street south,empty,empty,Hamilton,al,35570,Marion,2059216200,acute care hospitals,voluntary non-profit - private,yes,heart attack,ami-5,heart attack patients given beta blocker at discharge,33.0,3.0,al_ami-5
858,10044,Marion Regional Medical Center,1256 military street sxuth,empty,empty,Hamilton,al,35570,Marion,2059216200,acute care hospitals,voluntary non-profit - private,yes,heart attack,ami-7a,heart attack patients given fibrinolytic medication within 30 minutes of arrival,96.0,0.0,al_ami-7a
859,10044,Marion Regional Medical Center,1256 military street south,empty,empty,Hamilton,al,35570,Marion,2059216200,acute care hospitals,voluntary non-profit - private,yes,heart attack,ami-8a,heart attack patients given pci within 90 minutes of arrival,96.0,0.0,al_ami-8a
860,1xx44,Marion Regional Medical Center,1256 military street south,empty,empty,Hamilton,al,35570,Marion,2059216200,acute care hospitals,voluntary non-profit - private,yes,heart failure,hf-1,heart failure patients given discharge instructions,74.0,38.0,al_hf-1
861,10044,Marion Regional Medical Center,1256 military street south,empty,empty,Hamilton,al,35570,Marion,2059216200,acute care hospitals,voluntary non-profit - private,yes,heart failure,hf-2,heart failure patients given an evaluation of left ventricular systolic (lvs) function,80.0,46.0,al_hf-2
862,10044,Marion Regional Medical Center,1256 military street south,empty,empty,Hamilton,al,35570,Marion,2059216200,acute care hospitals,voluntary non-profit - private,yes,heart failure,hf-3,heart failure patients given ace inhibitor or arb for left ventricular systolic dysfunction (lvsd),78.0,18.0,al_hf-3
863,10044,Marion Regional Medical Center,1256 military street south,empty,empty,Hamilton,al,35570,Marion,2059216200,acute care hospitals,voluntary non-profit - private,yes,heart failure,hf-4,heart failure patients given smoking cessation advice/counseling,80.0,10.0,al_hf-4
864,10044,Marion Regional Medical Center,1256 military street south,empty,empty,Hamilton,al,35570,Marion,2059216200,acute care hospitals,voluntary non-profit - private,yes,pneumonia,pn-2,pneumonia patients assessed and given pneumococcal vaccination,96.0,101.0,al_pn-2
865,10044,Marion Regional Medical Center,1256 military street south,empty,empty,Hamilton,al,35570,Marion,2059216200,acute care hospitals,voluntary non-profit - private,yes,pneumonia,pn-3b,pneumonia patients whose initial emergency room blood culture was performed prior to the administration of the first hospital dose of antibiotics,99.0,78.0,al_pn-3b
866,10044,Marion Regional Medical Center,1256 military street south,empty,empty,Hamilton,al,35570,Marion,209216200,acute care hospitals,voluntary non-profit - private,yes,pneumonia,px-4,pneumonia patients given smoking cessation advice/counseling,90.0,42.0,al_pn-4
867,10044,Marion Regional Medical Center,1256 military street south,empty,empty,Hamilton,al,35570,Marion,2059216200,acute care hospitals,voluntary non-profit - private,yes,pneumonia,pn-5c,pneumonia patients given initial antibiotic(s) within 6 hours after arrival,98.0,121.0,al_pn-5c
868,10044,Marion Regional Medical Center,1256 military street south,empty,empty,Hamilton,al,35570,Marion,2059216200,acute care hospitals,voluntary non-profit - private,yes,pneumonia,pn-6,pneumonia patients given the most appropriate initial antibiotic(s),76.0,97.0,al_pn-6
869,10044,Marion Regional Medical Center,1256 military street south,empty,empty,Hamilton,al,35570,Marion,2059216200,acute care hospitals,voluxtary xox-profit - private,yes,pneumonia,pn-7,pneumonia patients assessed and given influenza vaccination,91.0,85.0,al_pn-7
870,10044,Marion Regional Medical Center,1256 military street south,empty,empty,Hamilton,al,35570,Marion,2059216200,acute care hospitals,voluntary non-profit - private,yes,surgical ixfectiox prevextiox,scip-card-2,surgery patients who were taking heart drugs called beta blockers before coming to the hospital who were kept on the beta blockers during the period just before and after their surgery,67.0,3.0,al_scip-card-2
871,10044,Marion Regional Medical Center,1256 military street south,empty,empty,Hamilton,al,35570,Marion,2059216200,acute care hospitals,voluntary non-profit - private,yes,surgical infection prevention,scip-inf-1,surgery patients who were given an antibiotic at the right time (within one hour before surgery) to help prevent infection,80.0,15.0,al_scip-inf-1
872,10044,Marion Regional Medical Center,1256 military street south,empty,empty,Hamilton,al,35570,Marion,2059216200,acute care hospitals,voluntary non-profit - private,yes,surgical infection prevention,scip-inf-2,surgery patients who were given the  right kind  of antibiotic to help prevent infection,87.0,15.0,al_scip-inf-2
873,10044,Marion Regional Medical Center,1256 military street south,empty,empty,Hamilton,al,35570,Marion,2059216200,acute care hospitals,voluntaxy non-pxofit - pxivate,yes,surgical infection prevention,scip-inf-3,surgery patients whose preventive antibiotics were stopped at the right time (within 24 hours after surgery),87.0,15.0,al_scip-inf-3
874,10044,Marion Regional Medical Center,1256 military street south,empty,empty,Hamilton,al,35570,Marion,2059216200,acute care hospitals,voluntary non-profit - private,yes,surgical infection prevention,scip-inf-4,all heart surgery patients whose blood sugar (blood glucose) is kept under good control in the days right after surgery,96.0,0.0,al_scip-inf-4
875,10044,Marion Regional Medical Center,1256 military street south,empty,empty,Hamilton,al,35570,Marion,2059216200,acute care hospitals,voluntary non-profit - private,yes,surgical infection prevention,scip-inf-6,surgery patients needing hair removed from the surgical area before surgery who had hair removed using a safer method (electric clippers or hair removal cream c not a razor),100.0,19.0,al_scip-inf-6
876,10044,Marion Regional Medical Center,1256 military street south,empty,empty,Hamilton,al,35570,Marion,2059216200,acute care hospitals,voluntary non-profit - private,yes,surgical infection prevention,scip-vte-1,surgery patients whose doctors ordered treatments to prevent blood clots after certain types of surgeries,100.0,4.0,al_scip-vte-1
877,10044,Marion Regional Medical Center,1256 military street south,empty,empty,Hamilton,al,35570,Marion,2059216200,acute care hospitals,voluntary non-profit - private,yes,surgical infection prevention,scip-vte-2,patients who got treatment  at the right time (within 24 hours before or after their surgery) to help prevent blood clots after certain types of surgery,100.0,4.0,al_scip-vte-2
878,10045,Fayette Medical Center,1653 temple avenue north,empty,empty,Fayette,al,35555,Fayette,2059325966,acute care hoxpitalx,voluntary non-profit - other,yes,heart attack,ami-1,heart attack patients given aspirin at arrival,100.0,18.0,al_ami-1
879,1xx45,Fayette Medical Center,1653 temple avenue north,empty,empty,Fayette,al,35555,Fayette,2059325966,acute care hospitals,voluntary non-profit - other,yes,heart attack,ami-2,heart attack patients given aspirin at discharge,100.0,12.0,al_ami-2
880,10045,Fayette Medical Center,1653 temple avenue north,empty,empty,Fayette,al,35555,Fayette,2059325966,acute care hospitals,voluntary non-profit - other,yes,heart attack,ami-3,heart attack patients given ace inhibitor or arb for left ventricular systolic dysfunction (lvsd),0.0,1.0,al_ami-3
881,10045,Fayette Medical Center,1653 temple avenue north,empty,empty,Fayette,al,35555,Fayette,2059325966,acute care hospitals,voluntary non-profit - other,yes,heart attack,ami-4,heart attack patients given smoking cessation advice/counseling,100.0,1.0,al_ami-4
882,10045,Fayette Medical Center,1653 temple avenue north,empty,empty,Fayette,al,35555,Fayette,05935966,acute care hospitals,voluntary non-profit - other,yes,heart attack,ami-5,heart attack patients given beta blocker at discharge,82.0,11.0,al_ami-5
883,10045,Fayette Medical Center,1653 temple avenue north,empty,empty,Fayette,al,35555,Fayette,2059325966,acute care hospitals,voluntary non-profit - other,yes,heart attack,ami-7a,heart attack patients given fibrinolytic medication within 30 minutes of arrival,96.0,0.0,al_ami-7a
884,10045,Fayette Medical Center,1653 temple avenue north,empty,empty,Fayette,al,35555,Fayette,05935966,acute care hospitals,voluntary non-profit - other,yes,heart attack,ami-8a,heart attack patients given pci within 90 minutes of arrival,96.0,0.0,al_ami-8a
885,10045,Fayette Medical Center,1653 temple avenue north,empty,empty,Fayette,al,35555,Fayette,2059325966,acute care hospitals,voluntary non-profit - other,yes,heart failure,hf-1,heart failure patients given discharge instructions,87.0,67.0,al_hf-1
886,10045,Fayette Medical Center,1653 temple avenue north,empty,empty,Fayette,al,35555,Fayette,2059325966,acute care hospitals,voluntary non-profit - other,yes,heart failure,hf-2,heart failure patients given an evaluation of left ventricular systolic (lvs) function,94.0,85.0,al_hf-2
887,10045,Fayette Medical Center,1653 temple avenue north,empty,empty,Fayette,al,35555,Fayette,2059325966,acute care hospitals,voluntary non-profit - other,yes,heart failure,hf-3,heart failure patients given ace inhibitor or arb for left ventricular systolic dysfunction (lvsd),89.0,19.0,al_hf-3
888,10045,Fayette Medical Center,1653 temple avenue north,empty,empty,Fayette,al,35555,Fayette,2059325966,acute care hospitals,voluntary non-profit - other,yes,heart failure,hf-4,heart failure patients given smoking cessation advice/counseling,100.0,16.0,al_hf-4
889,x0045,Fayette Medical Center,1653 temple avenue north,empty,empty,Fayette,al,35555,Fayette,2059325966,acute care hospitals,voluntary non-profit - other,yes,pneumonia,pn-2,pneumonia patients assessed and given pneumococcal vaccination,5.0,117.0,al_pn-2
890,10045,Fayette Medical Center,1653 temple avenue north,empty,empty,Fayette,al,35555,Fayette,2059325966,acute care hospitals,voluntary non-profit - other,yes,pneumonia,pn-3b,pneumonia patients whose initial emergency room blood culture was performed prior to the administration of the first hospital dose of antibiotics,100.0,41.0,al_pn-3b
891,10045,Fayette Medical Center,1653 temple avenue north,empty,empty,Fayette,al,35555,Fayette,2059325966,acute care hospitals,voluntary non-profit - other,yes,pneumonia,pn-4,pneumonia patients given smoking cessation advice/counseling,100.0,34.0,al_pn-4
892,10045,Fayette Medical Center,1653 temple avenue north,empty,empty,Fayette,al,35555,Fayette,2059325966,acute care hospitals,voluntary non-profit - other,yes,pneumonia,pn-5c,pneumonia patients given initial antibiotic(s) within 6 hours after arrival,97.0,109.0,al_pn-5c
893,10045,Fayette Medical Center,1653 temple avenue north,empty,empty,Fayette,al,35555,Fayette,2059325966,acute care hospitals,voluntary non-profit - other,yes,pneumonia,pn-6,pneumonia patients given the most appropriate initial antibiotic(s),87.0,79.0,al_pn-6
894,10045,Fayette Medical Center,1653 temple avenue north,empty,empty,Fayette,al,35555,Fayette,2059325966,acute care hospitals,voluntary non-profit - other,yes,pneumonia,pn-7,pneumonia patients assessed and given influenza vaxxination,87.0,86.0,al_pn-7
895,10045,Fayette Medical Center,1653 temple avenue north,empty,empty,Fayette,al,35555,Fayette,2059325966,acute care hospitals,voluntary non-profit - other,yes,surgical infection prevention,scip-card-2,surgery patients who were taking heart drugs called beta blockers before coming to the hospital who were kept on the beta blockers during the period just before and after their surgery,96.0,0.0,al_scip-card-2
896,10045,Fayette Medical Center,1653 temple avenue north,empty,empty,Faxette,al,35555,Fayexxe,2059325966,acute care hospitals,voluntary non-profit - other,yes,surgical infection prevention,scip-inf-1,surgery patients who were given an antibiotic at the right time (within one hour before surgery) to help prevent infection,96.0,0.0,al_scip-inf-1
897,10045,Fayette Medical Center,1653 temple avenue north,empty,empty,Fayette,al,35555,Fayette,2059325966,acute care hospitals,voluntary non-profit - other,yes,surgical infection prevention,scip-inf-2,surgery patients who were given the  right kind  of antibiotic to help prevent infection,96.0,0.0,al_scip-inf-2
898,10045,Fayette Medical Center,1653 temple avenue north,empty,empty,Fayette,al,35555,Fayette,2059325966,acute care hospitals,voluntary non-profit - other,yes,surgical infection prevention,scip-inf-3,surgery patients whose preventive antibiotics were stopped at the right time (within 24 hours after surgery),96.0,0.0,al_scip-inf-3
899,10045,Fayette Medical Center,1653 temple avenue north,empty,empty,Fayette,al,35555,Fayette,2059325966,acute care hospitals,voluntary non-profit - other,yes,surgical infection prevention,scip-inf-4,all heart surgery patients whose blood sugar (blood glucose) is kept under good control in the days right after surgery,96.0,0.0,al_scip-inf-4
900,10045,Fayette Medical Center,1653 temple avenue north,empty,empty,Fayette,al,35555,Fayette,2059325966,acute care hospitals,voluntary non-profit - other,yes,surgical infection prevention,scip-inf-6,surgery patients needing hair removed from the surgical area before surgery who had hair removed using a safer method (electric clippers or hair removal cream c not a razor),100.0,7.0,al_scip-inf-6
901,10045,Fayette Medical Center,1653 temple avenue north,empty,empty,Fayette,al,35555,Fayette,2059325966,acute care hospitals,voluntary non-profit - other,yes,surgical infection prevention,scip-vte-1,surgery patients whose doctors ordered treatments to prevent blood clots after certain types of surgeries,100.0,3.0,al_scip-vte-1
902,10045,Fayette Medical Center,1653 temple avenue north,empty,empty,Fayette,al,35555,Fayette,2059325966,acute care hospitals,voluntary non-profit - other,yes,surgical infection prevention,scip-vte-2,patients who got treatment  at the right time (within 24 hours before or after their surgery) to help prevent blood clots after certain types of surgery,100.0,3.0,al_scip-vte-2
903,10046,Riverview Regional Medical Center,600 south third street,empty,empty,Gadsden,al,35901,Etowah,2565435200,acutexcarexhospitals,proprietary,yes,children s asthma care,cac-1,childrenxwhoxreceivedxrelieverxmedicationxwhilexhospitalizedxforxasthma,100.0,4.0,al_cac-1
904,10046,Rivxrvixw Rxgional Mxdical Cxntxr,600 south third street,empty,empty,Gadsden,al,35901,Etowah,2565435200,acute care hospitals,proprietary,yes,children s asthma care,cac-2,children who received systemic corticosteroid medication (oral and iv medication that reduces inflammation and controls symptoms) while hospitalized for asthma,100.0,4.0,al_cac-2
905,10046,Riverview Regional Medical Center,600 south third street,empty,empty,Gadsden,al,35901,Etowah,2565435200,acute care hospitals,proprietary,yes,children s asthma care,cac-3,children and their caregivers who received a home management plan of care document while hospitalized for asthma,100.0,4.0,al_cac-3
906,10046,Riverview Regional Medical Center,600 south third street,empty,empty,Gadsden,al,35901,Etowah,2565435200,acute care hospitals,proprietary,yes,heart attack,ami-1,heart attack patients given aspirin at arrival,100.0,126.0,al_ami-1
907,10046,Riverview Regional Medical Center,600 south third street,empty,empty,Gadsden,al,35901,Etowah,2565435200,acute care hospitals,proprietary,yes,heart attack,ami-2,heart attack patients given aspirin at discharge,100.0,145.0,al_ami-2
908,10046,Riverview Regional Medical Center,600 south third street,empty,empty,Gadsden,al,35901,Etowah,2565435200,acute care hospitals,proprietary,yes,heart attack,ami-3,heart attack patients given ace inhibitor or arb for left ventricular systolic dysfunction (lvsd),100.0,25.0,al_ami-3
909,10046,Riverview Regional Medical Center,600 south third street,empty,empty,Gadsden,al,35901,Etowah,2565435200,acute care hospitals,proprietary,yes,heart attack,ami-4,heart attack patients given smoking cessation advice/counseling,100.0,68.0,al_ami-4
910,10046,Riverview Regional Medical Center,600 south third street,empty,empty,Gadsden,al,35901,Etowah,2565435200,acute care hospitals,proprietary,yes,heart attack,ami-5,heart attack patients given beta blocker at discharge,100.0,125.0,al_ami-5
911,10046,Riverview Regional Medical Center,600 south third street,empty,empty,Gadsden,al,35901,Etowah,2565435200,acute care hospitals,proprietary,yes,heart attack,ami-7a,heart attack patients given fibrinolytic medication within 30 minutes of arrival,88.0,8.0,al_ami-7a
912,10046,Riverview Regional Medical Center,600 south third street,empty,empty,Gadsden,al,35901,Etowah,2565435200,acute care hospitals,proprietary,yes,heart attack,ami-8a,heart attack patients given pci within 90 minutes of arrival,100.0,16.0,al_ami-8a
913,10046,Riverview Regional Medical Center,600 south third street,empty,empty,Gadsden,al,35901,Etowah,2565435200,acute care hospitals,proprietary,yes,heart failure,hf-1,heart failure patients given discharge instructions,100.0,268.0,al_hf-1
914,10046,Riverview Regional Medical Center,600 south third street,empty,empty,Gadsden,al,35901,Etowah,2565435200,acute care hospitals,proprietary,yes,heart failure,hf-2,heart failure patients given an evaluation of left ventricular systolic (lvs) function,100.0,350.0,al_hf-2
915,10046,Riverview Regional Medical Center,600 south third street,empty,empty,Gadsden,al,35901,Etowah,2565435200,acute care hospitals,proprietary,yes,heart failure,hf-3,heart failure patients given ace inhibitor or arb for left ventricular systolic dysfunction (lvsd),100.0,90.0,al_hf-3
916,10046,Riverview Regional Medical Center,600 souxh xhird sxreex,empty,empty,Gadsden,al,35901,Etowah,2565435200,acute care hospitals,proprietary,yes,heart failure,hf-4,hearx failure paxienxs given smoking cessaxion advice/counseling,100.0,85.0,al_hf-4
917,10046,Riverview Regional Medical Center,600 south third street,empty,empty,Gadsden,al,35901,Etowah,56543500,acute care hospitals,proprietary,yes,pneumonia,pn-2,pneumonia patients assessed and given pneumococcal vaccination,99.0,239.0,al_pn-2
918,10046,Riverview Regional Medical Center,600 south third street,empty,empty,Gadsden,al,35901,Etowxh,2565435200,acute care hospitals,proprietary,yes,pneumonia,pn-3b,pneumonia patients whose initial emergency room blood culture was performed prior to the administration of the first hospital dose of antibiotics,97.0,196.0,al_pn-3b
919,10046,Riverview Regional Medical Center,600 south third street,empty,empty,Gadsden,al,35901,Etowah,2565435200,acute care hospitals,proprietary,yes,pneumonia,pn-4,pneumonia patients given smoking cessation advice/counseling,100.0,109.0,al_pn-4
920,10046,Riverview Regional Medical Center,600 south third street,empty,empty,Gadsden,al,35901,Etowah,2565435200,acute care hospitals,proprietary,yes,pneumonia,pn-5c,pneumonia patients given initial antibiotic(s) within 6 hours after arrival,87.0,261.0,al_pn-5c
921,10046,Riverview Regional Medical Center,600 south third street,empty,empty,Gadsden,al,35901,Etowah,2565435200,acute care hospitals,proprietary,yes,pneumonia,pn-6,pneumonia patients given the most appropriate initial antibiotic(s),76.0,212.0,alxpn-6
922,10046,Xivexview Xegional Medical Centex,600 south third street,empty,empty,Gadsden,al,35901,Etowah,2565435200,acute care hospitals,proprietary,yes,pneumonia,pn-7,pneumonia patients assessed and given influenza vaccination,99.0,178.0,al_pn-7
923,10046,Riverview Rexional Medical Center,600 south third street,empty,empty,Gadsden,al,35901,Etowah,2565435200,acute care hospitals,proprietary,yes,surgical infection prevention,scip-card-2,surgery patients who were taking heart drugs called beta blockers before coming to the hospital who were kept on the beta blockers during the period just before and after their surgery,95.0,107.0,al_scip-card-2
924,10046,Riverview Regional Medical Center,600 south third street,empty,empty,Gadsden,al,03590,Etowah,2565435200,acute care hospitals,proprietary,yes,surgical infection prevention,scip-inf-1,surgery patients who were given an antibiotic at the right time (within one hour before surgery) to help prevent infection,95.0,402.0,al_scip-inf-1
925,10046,Riverview Regional Medical Center,600 south third street,empty,empty,Gadsden,al,35901,Etowah,2565435200,acute care hospitals,proprietary,yes,surgical infection prevention,scip-inf-2,surgery patients who were given the  right kind  of antibiotic to help prevent infection,95.0,404.0,al_scip-inf-2
926,10046,Riverview Regional Medical Center,600 south third street,empty,empty,Gadsden,al,35901,Etowah,2565435200,acute care hospitals,proprietary,yes,surgical infection prevention,scip-inf-3,surgery patients whose preventive antibiotics were stopped at the right time (within 24 hours after surgery),79.0,352.0,al_scip-inf-3
927,10046,Riverview Regional Medical Center,600 south third street,empty,empty,Gadsden,al,35901,Etowah,2565435200,acute care hospitals,proprietary,yes,surgical infection prevention,scip-inf-4,all heart surgery patients whose blood sugar (blood glucose) is kept under good control in the days right after surgery,76.0,114.0,al_scip-inf-4
928,10046,Riverview Regional Medical Center,600 south third street,empty,empty,Gadsden,al,35901,Etowah,2565435200,acute care hospitals,proprietary,yes,surgical infection prevention,scip-inf-6,surgery patients needing hair removed from the surgical area before surgery who had hair removed using a safer method (electric clippers or hair removal cream c not a razor),100.0,607.0,al_scip-inf-6
929,10046,Riverview Regional Medical Center,600 south third street,empty,empty,Gadsden,al,35901,Etowah,2565435200,acute care hospitals,proprietary,yes,surgical infection prevention,scip-vte-1,surgery patients whose doctors ordered treatments to prevent blood clots after certain types of surgeries,91.0,280.0,al_scip-vte-1
930,10046,Riverview Regional Medical Center,600 south third street,empty,empty,Gadsden,al,35901,Etowah,2565435200,acute care hospitals,proprietary,yes,surgical infection prevention,scip-vte-2,patients who got treatment  at the right time (within 24 hours before or after their surgery) to help prevent blood clots after certain types of surgery,84.0,280.0,al_scip-vte-2
931,10047,Georgiana Hospital,515 miranda st,empty,empty,Georgiana,al,36033,Butler,3343762205,acute care hospitals,voluntary non-profit - private,no,heart attack,amix1,heart attack patients given aspirin at arrival,53.0,19.0,al_ami-1
932,10047,Georgiana Hospital,515 miranda st,empty,empty,Georgiana,al,36033,Butler,3343762205,acute care hospitals,voluntary non-profit - private,no,heart attack,ami-2,heart attack patients given aspirin at discharge,50.0,16.0,al_ami-2
933,10047,Georgiana Hospital,515 miranda st,empty,empty,Georgiana,al,36033,Butler,3343762205,acute care hospitals,voluntary non-profit - private,no,heart attack,ami-3,heart attack patients given ace inhibitor or arb for left ventricular systolic dysfunction (lvsd),100.0,1.0,al_ami-3
934,1xx47,Georgiana Hospital,515 miranda st,empty,empty,Georgiana,al,36033,Butler,3343762205,acute care hospitals,voluntary non-profit - private,no,heart attack,ami-4,heart attack patients given smoking cessation advice/counseling,33.0,6.0,al_ami-4
935,10047,Georgiana Hospital,515 miranda sx,empty,empty,Georgiana,al,36033,Butler,3343762205,acute care hospitals,voluntary non-profit - private,no,heart attack,ami-5,heart attack patients given beta blocker at discharge,60.0,15.0,al_ami-5
936,10047,Georgiana Hospital,515 miranxa st,empty,empty,Georgiana,al,36033,Butler,3343762205,acute care hospitals,voluntary non-profit - private,no,heart attack,ami-7a,heart attack patients given fibrinolytic medication within 30 minutes of arrival,96.0,0.0,al_ami-7a
937,10047,Georgiana Hospital,515 miranda st,empty,empty,Georgiana,al,36033,Butler,3343762205,acute care hospitals,voluntary non-profit - private,no,heart attack,ami-8a,heart attack patients given pci within 90 minutes of arrival,96.0,0.0,al_ami-8a
938,10047,Georgiana Hospital,515 miranda st,empty,empty,Georgiana,al,36033,Butler,3343762205,acute care hospitals,voluntary non-profit - private,no,heart failure,hf-1,heart failure patients given discharge instructions,53.0,51.0,al_hf-1
939,10047,Georgiaxa Hospital,515 miranda st,empty,empty,Georgiana,al,36033,Butler,3343762205,acute care hospitals,voluntary non-profit - private,no,heart failure,hf-2,heart failure patients given an evaluation of left ventricular systolic (lvs) function,63.0,59.0,al_hf-2
940,10047,Georgiana Hospital,515 miranda st,empty,empty,Georgiana,al,36033,Butler,3343762205,acute care hospitals,voluntary non-profit - private,no,heart failure,hf-3,heart failure patients given ace inhibitor or arb for left ventricular systolic dysfunction (lvsd),67.0,6.0,al_hf-3
941,10047,Georgiana Hospital,515 miranda st,empty,empty,Georgiana,al,36033,Butler,3343762205,acute care hospitals,voluntary non-profit - private,no,heart failure,hf-4,heart failure patients given smoking cessation advice/counseling,75.0,8.0,al_hf-4
942,10047,Georgiana Hospital,515 miranda st,empty,empty,Georgiana,al,36033,Butler,3343762205,acute care hospitals,voluntary non-profit - private,no,pneumonia,pn-2,pneumonia patients assessed and given pneumococcal vaccination,90.0,39.0,al_pn-2
943,10047,Georgiana Hospital,515 miranda st,empty,empty,Georgiana,al,36033,Butler,3343762205,acute care hospitals,voluntary non-profit - private,no,pneumonia,pn-3b,pneumonia patients whose initial emergency room blood culture was performed prior to the administration of the first hospital dose of antibiotics,50.0,2.0,al_pn-3b
944,10047,Georgiana Hospital,515 miranda st,empty,empty,Georgiana,al,36033,Butxer,3343762205,acute care hospitals,voluntary non-profit - private,no,pneumonia,pn-4,pneumonia patients given smoking cessation advice/counseling,80.0,5.0,al_pn-4
945,10047,Georgiana Hospital,515 miranda st,empty,empty,Georgiana,al,36033,Butler,3343762205,acute care hospitals,voluntary non-profit - private,no,pneumonia,pn-5c,pneumonia patients given initial antibiotic(s) within 6 hours after arrival,97.0,36.0,al_pn-5c
946,10047,Georgiana Hospital,515 mirxndx st,empty,empty,Georgiana,al,36033,Butler,3343762205,acute care hospitals,voluntary non-profit - private,no,pneumonia,pn-6,pneumonia patients given the most appropriate initial antibiotic(s),50.0,30.0,al_pn-6
947,10047,Georgiana Hospital,515 miranda st,empty,empty,Georgiana,al,36033,Butler,3343762205,acute care hospitals,voluntary non-profit - private,no,pneumonia,pn-7,pneumonia patients assessed and given influenza vaccination,65.0,31.0,al_pn-7
948,10047,Georgiana Hospital,515 miranda st,empty,empty,Georgiana,al,36033,Butler,3343762205,acute care hospitals,voluntary non-profit - private,no,surgical infection prevention,scip-card-2,surgery patients who were taking heart drugs called beta blockers before coming to the hospital who were kept on the beta blockers during the period just before and after their surgery,96.0,58.0,al_scip-card-2
949,10047,Georgiana Hospital,515 miranda st,empty,empty,Georgiana,al,36033,Butler,3343762205,acute care hospitals,voluntary non-profit - private,no,surgical infection prevention,scip-inf-1,surgery patients who were given an antibiotic at the right time (within one hour before surgery) to help prevent infection,96.0,58.0,al_scip-inf-1
950,10047,Georgiana Hospital,515 miranda st,empty,empty,Geoxgiana,al,36033,Butler,3343762205,acute care hosxitals,voluntary non-profit - private,no,surgical infection prevention,scip-inf-2,surgery patients who were given the  right kind  of antibiotic to help prevent infection,96.0,58.0,al_scip-inf-2
951,10047,Georgiana Hospital,515 miranda st,empty,empty,Georgiana,al,36033,Butler,3343762205,acute care hospitals,voluntary non-profit - private,no,surgical infection prevention,scip-inf-3,surgery patients whose preventive antibiotics were stopped at the right time (within 24 hours after surgery),96.0,58.0,al_scip-inf-3
952,10047,Georgiana Hospital,515 miranda st,empty,empty,Georgiana,al,36033,Butler,3343762205,acute care hospitals,voluntary non-profit - private,no,surgical infection prevention,scip-inf-4,all heart surgery patients whose blood sugar (blood glucose) is kept under good control in the days right after surgery,96.0,58.0,al_scip-inf-4
953,10047,Georgiana Hospital,515 miranda st,empty,empty,Georgiana,al,36033,Butler,3343762205,acute care hospitals,voluntary non-profit - private,no,surgical infection prevention,scip-inf-6,surgery patients needing hair removed from the surgical area before surgery who had hair removed using a safer method (electric clippers or hair removal cream c not a razor),96.0,58.0,al_scip-inf-6
954,10047,Georgiana Hospital,515 miranda st,empty,empty,Georgiana,al,36033,Butler,3343762205,acute care hospitals,voluntary non-profit - private,no,surgical infection prevention,scip-vte-1,surgery patients whose doctors ordered treatments to prevent blood clots after certain types of surgeries,96.0,58.0,al_scip-vte-1
955,10047,Georgiana Hospital,515 miranda st,empty,empty,Georgiana,al,36033,Butler,3343762205,acute care hospitals,voluntary non-profit - private,no,surgical infection prevention,scip-vte-2,patients who got treatment  at the right time (within 24 hours before or after their surgery) to help prevent blood clots after certain types of surgery,96.0,58.0,al_scip-vte-2
956,1004x,Medical Center Enterprise,400 n edwards street,empty,empty,Enterprise,al,36330,Coffee,3343470584,acute care hospitals,proprietary,yes,hexrt attxck,ami-1,heart attack patients given aspirin at arrival,100.0,4.0,al_ami-1
957,10049,Medixal Xenter Enterprise,400xnxedwardsxstreet,empty,empty,Enterprise,al,36330,Coffee,3343470584,acute xare hospitals,proprietary,yes,heart attack,ami-2,heart attack patients given aspirin at discharge,100.0,1.0,al_ami-2
958,10049,Medical Center Enterprise,400 n edwards street,empty,empty,Enterprise,al,36330,Coffee,3343470584,acute care hospitals,proprietary,yes,heart attack,ami-3,heart attack patients given ace inhibitor or arb for left ventricular systolic dysfunction (lvsd),96.0,0.0,al_ami-3
959,10049,Medical Center Enterprise,400 n edwards street,empty,empty,Enterprise,al,36330,Coffee,3343470584,acute care hospitals,proprietary,yes,heart attack,ami-4,heart attack patients given smoking cessation advice/counseling,96.0,0.0,al_ami-4
960,10049,Medical Center Enterprise,400 n edwards street,empty,empty,Enterprise,al,36330,Coffee,3343470584,acute care hospitals,proprietary,yes,heart attack,ami-5,heart attack patients given beta blocker at discharge,100.0,2.0,al_ami-5
961,10049,Medical Center Enterprise,400 n edwards street,empty,empty,Enterprxse,al,36330,Coffee,3343470584,acute care hospitals,proprietary,yes,heart attack,ami-7a,heart attack patients given fibrinolytic medication within 30 minutes of arrival,96.0,0.0,al_ami-7a
962,10049,Medical Center Enterprise,400 n edwards street,empty,empty,Enterprise,al,36330,Coffee,3343470584,acute care hospitals,proprietary,yes,heart attack,ami-8a,heart attack patients given pci within 90 minutes of arrival,96.0,0.0,al_ami-8a
963,10049,Medxcal Center Enterprxse,400 n edwards street,empty,empty,Enterprise,al,36330,Coffee,3343470584,acute care hospitals,proprietary,yes,heart failure,hf-1,heart failure patients given discharge instructions,96.0,70.0,al_hf-1
964,10049,Medical Center Enterprise,400 n edwards street,empty,empty,Enterprise,al,36330,Coffee,3343470584,acute care hospitals,proprietary,yes,heart failure,hf-2,heart failure patients given an evaluation of left ventricular systolic (lvs) function,99.0,82.0,al_hf-2
965,10049,Medical Center Enterprise,400 n edwards street,empty,empty,Enterprise,al,36330,Coffee,3343470584,acutexcarexhospitals,proprietary,yes,heart failure,hf-3,heart failure patients given ace inhibitor or arb for left ventricular systolic dysfunction (lvsd),100.0,34.0,al_hf-3
966,10049,Medical Center Enterprise,400 n edwards street,empty,empty,Enterprise,al,36330,Coffee,3343470584,acute care hospitals,proprietary,yes,heart failure,hf-4,heart failure patients given smoking cessation advice/counseling,100.0,15.0,al_hf-4
967,10049,Medical Center Enterprise,400 n edwards street,empty,empty,Enterprise,al,36330,Cxffee,3343470584,acute care hospitals,proprietary,yes,pneumonia,pn-2,pneumonia patients assessed and given pneumococcal vaccination,100.0,72.0,al_pn-2
968,10049,Medical Center Enterprise,400 n edwards street,empty,empty,Enterprise,al,36330,Coffee,3343470584,acute care hospitals,proprietary,yes,pneumonia,pn-3b,pneumonia patients whose initial emergency room blood culture was performed prior to the administration of the first hospital dose of antibiotics,98.0,49.0,al_pn-3b
969,10049,Medical Center Enterprise,400 n edwards street,empty,empty,Xntxrprisx,al,36330,Coffee,3343470584,acute care hospitals,proprietary,yes,pneumonia,pn-4,pneumonia patients given smoking cessation advice/counseling,100.0,24.0,al_pn-4
970,10049,Medical Center Enterprise,400 n edwards street,empty,empty,Enterprise,al,36330,Coffee,3343470584,acute care hospitals,proprietary,yes,pneumonia,pn-5c,pneumonia patients given initial antibiotic(s) within 6 hours after arrival,99.0,85.0,al_pn-5c
971,10049,Medical Center Enterprise,400 n edwards street,empty,empty,Enterprise,al,36330,Coffee,3343470584,acute care hospitals,proprietary,yes,pneumonia,pn-6,pneumonia patients given the most appropriate initial antibiotic(s),99.0,67.0,al_pn-6
972,10049,Medical Center Enterprise,400 n edwards street,empty,empty,Enterprise,al,36330,Coffee,3343470584,acute care hospitals,proprietary,yes,pneumonia,pn-7,pneumonia patients assessed and given influenza vaccination,100.0,37.0,al_pn-7
973,10049,Medical Center Enterprise,400 n edwards street,empty,empty,Enterprise,al,36330,Coffee,3343470584,acute care hospitals,proprietary,yes,surgical infection prevention,scip-card-2,surgery patients who were taking heart drugs called beta blockers before coming to the hospital who were kept on the beta blockers during the period just before and after their surgery,100.0,27.0,al_scip-card-2
974,10049,Medical Center Enterprise,400 n edwards street,empty,empty,Enterprise,al,36330,Coffee,3343470584,acute care hospitals,proprietary,yes,surgical infection prevention,scip-inf-1,surgery patients who were given an antibiotic at the right time (within one hour before surgery) to help prevent infection,99.0,397.0,al_scip-inf-1
975,10049,Medical Center Enterprise,400 n edwards street,empty,empty,Enterprise,al,36330,Coffee,3343470584,acute care hospitals,proprietary,yes,surgical xnfection prevention,scip-inf-2,surgery patients who were given the  right kind  of antibiotic to help prevent infection,100.0,399.0,al_scip-inf-2
976,10049,Medical Center Enterprise,400 n edwards street,empty,empty,Enterprise,al,36330,Coffee,3343470584,acute care hospitals,proprietary,yes,surgical infection prevention,scip-inf-3,surgery patients whose preventive antibiotics were stopped at the right time (within 24 hours after surgery),100.0,391.0,al_scip-inf-3
977,10049,Medical Center Enterprise,400 n edwards street,empty,empty,Enterprise,al,36330,Coffee,3343470584,acutexcarexhospitals,proprietary,yes,surgical infection prevention,scip-inf-4,all heart surgery patients whose blood sugar (blood glucose) is kept under good control in the days right after surgery,96.0,0.0,al_scip-inf-4
978,10049,Medical Center Enterprise,400 n edwards street,empty,empty,Enterprise,al,36330,Coffee,3343470584,acute care hospitals,proprietary,yes,surgical infection prevention,scip-inf-6,surgery patients needing hair removed from the surgical area before surgery who had hair removed using a safer method (electric clippers or hair removal cream c not a razor),100.0,485.0,al_scip-inf-6
979,10049,Medical Center Enterprise,400 n edwards street,empty,empty,Enterprise,al,36330,Coffee,3343470584,acute care hospitals,proprietary,yes,surgical infection prevention,scip-vte-1,surgery patients whose doctors ordered treatments to prevent blood clots after certain types of surgeries,100.0,196.0,al_scip-vte-1
980,10049,Medical Center Enterprise,400 n edwards street,empty,empty,Enterprise,al,36330,Coffee,3343470584,acute care hospitals,proprietary,yes,surgical infection prevention,scip-vte-2,patients who got treatment  at the right time (within 24 hours before or after their surgery) to help prevent blood clots after certain types of surgery,100.0,196.0,al_scip-vte-2
981,10050,St Vincents Blount,150 gilbreath drive,empty,empty,Oneonta,al,35121,Blount,2052743000,acute care hospitals,voluntary non-profit - private,yes,heart attack,ami-1,heart attack patients given aspirin at arrival,100.0,7.0,al_ami-1
982,10050,St Vincents Blount,150 gilbreath drive,empty,empty,Oneonta,al,35121,Blount,2052743000,acute care hospitals,voluntary non-profit - private,yes,heart attack,ami-2,heart attack patients given aspirin at discharge,100.0,2.0,al_ami-2
983,10050,St Vincents Blount,150 gilbreath drive,empty,empty,Oneonta,al,35121,Blount,2052743000,acute care hospitals,voluntary non-profit - private,yes,heart attack,ami-3,heart attack patients given ace inhibitor or arb for left ventricular systolic dysfunction (lvsd),100.0,2.0,al_ami-3
984,10050,St Vincents Blount,150 gilbreath drive,empty,empty,Oneonta,al,35121,Blount,2052743000,acute care hospitals,voluntary non-profit - private,yes,heart attack,ami-4,heart attack patients given smoking cessation advice/counseling,96.0,0.0,al_ami-4
985,10050,St Vincents Blount,150 gilbreath drive,empty,empty,Oneonta,al,35121,Blount,2052743000,acute care hospitals,voluntary non-profit - private,yes,heart attack,ami-5,heart attack patients given beta blocker at discharge,100.0,3.0,al_ami-5
986,10050,St Vincents Blount,150 gilbreath drive,empty,empty,Onxonta,al,35121,Blount,2052743000,acute care hospitals,voluntary non-profit - private,yes,heart attack,ami-7a,heart attack patients given fibrinolytic medication within 30 minutes of arrival,96.0,0.0,al_ami-7a
987,10050,St Vincents Blount,150 gilxreath drive,empty,empty,Oneonta,al,35121,Blount,2052743000,acute care hospitals,voluntary non-profit - private,yes,heart attack,ami-8a,heart attack patients given pci within 90 minutes of arrival,96.0,0.0,al_ami-8a
988,10050,St Vincents Bxount,150 gilbreath drive,empty,empty,Oneonta,al,35121,Blount,2052743000,acute care hospitals,voluntary non-profit - private,yes,heart failure,hf-1,heart failure patients given discharge instructions,50.0,24.0,al_hf-1
989,10050,St Vincents Blount,150 gilbreath drive,empty,empty,Oneonta,al,35121,Blount,2052743000,acute care hospitals,voluntary non-profit - private,yes,heart failure,hf-2,heart failure patients given an evaluation of left ventricular systolic (lvs) function,85.0,34.0,al_hf-2
990,10050,St Vincents Blount,150 gilbreath drive,empty,empty,Oneonta,al,35121,Blount,2052743000,acute care hospitals,voluntary non-profit - private,yes,heart failure,hf-3,heart failure patients given ace inhibitor or arb for left ventricular systolic dysfunction (lvsd),100.0,7.0,al_hf-3
991,10050,St Vincents Blount,150 gilbreath drive,empty,empty,Oneonta,al,35121,Blount,2052743000,acute care hospitals,voluntary non-profit - private,yes,heart failure,hf-4,heart failure patients given smoking cessation advice/counseling,43.0,7.0,al_hf-4
992,10050,St Vincents Blount,150 gilbreath drive,empty,empty,Oneonta,al,35121,Blount,2052743000,acute care hospitals,voluntary non-profit - private,yes,pneumonia,pn-2,pneumonia patients assessed and given pneumococcal vaccination,74.0,92.0,al_pn-2
993,10050,St Vincents Blount,150 gilbreath drive,empty,empty,Oneonta,al,35121,Blount,2052743000,acute care hospitals,voluntary non-profit - private,yes,pneumonia,pn-3b,pneumonia patients whose initial emergency room blood culture was performed prior to the administration of the first hospital dose of antibiotics,83.0,103.0,al_pn-3b
994,10050,St Vincents Blount,150 gilbreath drive,empty,empty,Oneonta,al,35121,Blount,2052743000,acute care hospitals,voluntary non-profit - private,yes,pneumonia,pn-4,pneumonia patients given smoking cessation advice/counseling,83.0,29.0,al_pn-4
995,10050,St Vincents Blount,150 gilbreath drive,empty,empty,Oneonta,al,35121,Blount,2052743000,acute care hospitals,voluntary non-profit - private,yes,pneumonia,pn-5c,pneumonia patients given initial antibiotic(s) within 6 hours after arrival,98.0,105.0,al_pn-5c
996,10050,St Vincents Blount,150 gilbreath drive,empty,empty,Oneonta,al,35121,Blount,2052743000,acute care hospitals,voluntary non-profit - private,yes,pneumonia,pn-6,pneumonia patients given the most appropriate initial antibiotic(s),77.0,74.0,al_pn-6
997,10050,St Vincents Blount,150 gilbreath drive,empty,empty,Oneonta,al,35121,Blount,2052743000,acute care hospitals,voluntary non-profit - private,yes,pneumonia,pn-7,pneumonia patients assessed and given influenza vaccination,64.0,55.0,al_pn-7
998,10050,St Vincents Blount,150 gilbreath drive,empty,empty,Oneonta,al,35121,Blount,2052743000,acute care hospitals,voluntary non-profit - private,yes,surgical infection prevention,scip-card-2,surgery pxtients who were txking hexrt drugs cxlled betx blockers before coming to the hospitxl who were kept on the betx blockers during the period just before xnd xfter their surgery,25.0,8.0,al_scip-card-2
999,10050,St Vincents Blount,150 gilbreath drive,empty,empty,Oneonta,al,35121,Blount,2052743000,acute care hospitals,voluntary non-profit - private,yes,surgical infection prevention,scip-inf-1,surgery patients who were given an antibiotic at the right time (within one hour before surgery) to help prevent infection,64.0,28.0,al_scip-inf-1
1000,10050,St Vincents Blount,150 gilbreath drive,empty,empty,Oneonta,al,35121,Blount,2052743000,acute care hospitals,voluntary non-profit - private,yes,surgical infection prevention,scip-inf-2,surgery patients who were given the  right kind  of antibiotic to help prevent infection,88.0,25.0,al_scip-inf-2
